Date,Gold,Silver,Platinum_Kaggle,Palladium_Kaggle,Platinum_Matthey,Palladium_Matthey,Rhodium,Iridium,Ruthenium,FTSE_100,SP_500
1990-04-02,368.0,4.9375,470.5,127.65,,,,,,2221.60009765625,338.70001220703125
1990-04-03,374.8,5.001,477.25,128.5,,,,,,2240.699951171875,343.6400146484375
1990-04-04,374.25,5.01,476.75,128.0,,,,,,2231.60009765625,341.0899963378906
1990-04-05,378.1,5.1475,481.85,127.75,,,,,,2239.5,340.7300109863281
1990-04-06,380.35,5.179,480.25,128.5,,,,,,2221.10009765625,340.0799865722656
1990-04-09,378.85,5.1435,479.0,128.5,,,,,,2227.699951171875,341.3699951171875
1990-04-10,375.3,5.115,477.65,128.25,,,,,,2217.5,342.07000732421875
1990-04-11,374.1,5.085,476.3,128.5,,,,,,2215.5,341.9200134277344
1990-04-12,375.25,5.1275,481.6,128.95,,,,,,2222.10009765625,344.3399963378906
1990-04-16,375.25,5.1275,481.6,128.95,,,,,,2222.10009765625,344.739990234375
1990-04-17,373.85,5.055,478.25,128.5,,,,,,2214.5,344.67999267578125
1990-04-18,374.7,5.0925,478.5,128.35,,,,,,2205.89990234375,340.7200012207031
1990-04-19,376.6,5.091,480.25,128.5,,,,,,2184.699951171875,338.0899963378906
1990-04-20,376.8,5.0775,483.0,128.35,,,,,,2187.10009765625,335.1199951171875
1990-04-23,375.65,5.08,483.6,127.5,,,,,,2159.199951171875,331.04998779296875
1990-04-24,377.95,5.1,486.85,127.1,,,,,,2159.89990234375,330.3599853515625
1990-04-25,374.8,5.023,469.5,122.15,,,,,,2143.10009765625,332.0299987792969
1990-04-26,371.35,4.96,472.25,123.25,,,,,,2133.60009765625,332.9200134277344
1990-04-27,371.4,4.96,473.6,122.95,,,,,,2106.60009765625,329.1099853515625
1990-04-30,371.55,4.936,468.75,117.0,,,,,,2103.39990234375,330.79998779296875
1990-05-01,368.95,4.9525,476.0,118.5,,,,,,2117.89990234375,332.25
1990-05-02,370.5,4.996,477.0,118.6,,,,,,2137.60009765625,334.4800109863281
1990-05-03,369.15,5.01,480.85,118.5,,,,,,2134.89990234375,335.57000732421875
1990-05-04,371.4,5.06,484.75,120.6,,,,,,2162.199951171875,338.3900146484375
1990-05-07,371.4,5.06,484.75,120.6,,,,,,2162.199951171875,340.5299987792969
1990-05-08,372.1,5.0325,482.0,119.0,,,,,,2182.0,342.010009765625
1990-05-09,369.7,4.9975,476.25,117.75,,,,,,2162.699951171875,342.8599853515625
1990-05-10,371.0,5.0325,483.75,118.25,,,,,,2157.0,343.82000732421875
1990-05-11,368.25,5.049,479.0,118.25,,,,,,2175.89990234375,352.0
1990-05-14,368.3,5.0515,485.75,119.0,,,,,,2214.5,354.75
1990-05-15,367.4,5.032,483.0,118.65,,,,,,2212.199951171875,354.2799987792969
1990-05-16,369.6,5.02,484.65,118.75,,,,,,2222.10009765625,354.0
1990-05-17,369.1,5.0275,487.75,118.4,,,,,,2284.39990234375,354.4700012207031
1990-05-18,369.7,5.04,492.5,118.5,,,,,,2269.10009765625,354.6400146484375
1990-05-21,373.4,5.1335,501.75,122.5,,,,,,2282.10009765625,358.0
1990-05-22,372.4,5.125,497.85,120.7,,,,,,2311.300048828125,358.42999267578125
1990-05-23,363.25,5.095,495.75,119.75,,,,,,2287.39990234375,359.2900085449219
1990-05-24,367.65,5.2185,499.25,121.25,,,,,,2277.10009765625,358.4100036621094
1990-05-25,366.35,5.225,500.0,121.25,,,,,,2265.60009765625,354.5799865722656
1990-05-29,368.35,5.236,501.25,121.75,,,,,,2295.60009765625,360.6499938964844
1990-05-30,365.7,5.13,496.5,120.0,,,,,,2346.199951171875,360.8599853515625
1990-05-31,363.7,5.07,490.25,119.3,,,,,,2345.10009765625,361.2300109863281
1990-06-01,363.1,5.074,491.0,118.5,,,,,,2371.39990234375,363.1600036621094
1990-06-04,358.75,5.05,482.0,117.75,,,,,,2379.0,367.3999938964844
1990-06-05,357.85,5.05,486.5,117.5,,,,,,2380.10009765625,366.6400146484375
1990-06-06,359.8,5.091,491.5,118.9,,,,,,2358.5,364.9599914550781
1990-06-07,353.25,4.986,483.0,117.0,,,,,,2378.39990234375,363.1499938964844
1990-06-08,353.6,5.0125,484.6,117.25,,,,,,2366.60009765625,358.7099914550781
1990-06-11,354.7,4.995,484.75,117.45,,,,,,2348.800048828125,361.6300048828125
1990-06-12,356.0,5.01,486.65,117.4,,,,,,2370.699951171875,366.25
1990-06-13,353.0,4.99,481.25,116.3,,,,,,2405.39990234375,364.8999938964844
1990-06-14,346.75,4.91,474.4,113.75,,,,,,2403.0,362.8999938964844
1990-06-15,347.05,4.8375,474.85,115.0,,,,,,2392.300048828125,362.9100036621094
1990-06-18,349.0,4.835,476.75,114.5,,,,,,2370.5,356.8800048828125
1990-06-19,348.45,4.8385,478.15,115.0,,,,,,2369.699951171875,358.4700012207031
1990-06-20,347.05,4.8225,472.6,113.1,,,,,,2371.199951171875,359.1000061035156
1990-06-21,350.0,4.8375,478.75,114.1,,,,,,2370.300048828125,360.4700012207031
1990-06-22,349.35,4.822,476.45,113.75,,,,,,2378.5,355.42999267578125
1990-06-25,351.4,4.8425,482.75,114.25,,,,,,2398.5,352.30999755859375
1990-06-26,353.1,4.804,476.4,112.0,,,,,,2399.800048828125,352.05999755859375
1990-06-27,350.3,4.811,478.9,112.75,,,,,,2373.5,355.1400146484375
1990-06-28,350.9,4.825,482.25,113.25,,,,,,2355.699951171875,357.6300048828125
1990-06-29,352.4,4.84,482.9,114.25,,,,,,2374.60009765625,358.0199890136719
1990-07-02,357.1,4.9075,487.4,116.8,,,,,,2372.0,359.5400085449219
1990-07-03,357.4,4.9575,487.0,116.0,,,,,,2371.699951171875,360.1600036621094
1990-07-04,361.25,4.935,489.5,117.5,,,,,,2355.5,360.1600036621094
1990-07-05,358.85,4.8985,483.35,115.75,,,,,,2331.39990234375,355.67999267578125
1990-07-06,360.35,4.88,486.25,118.6,,,,,,2340.0,358.4200134277344
1990-07-09,359.9,4.88,487.0,117.5,,,,,,2337.5,359.5199890136719
1990-07-10,357.55,4.8,478.5,116.25,,,,,,2327.5,356.489990234375
1990-07-11,353.7,4.8125,477.75,116.75,,,,,,2360.5,361.2300109863281
1990-07-12,353.2,4.826,467.25,116.25,,,,,,2370.5,365.44000244140625
1990-07-13,359.1,4.896,475.25,116.75,,,,,,2382.199951171875,367.30999755859375
1990-07-16,362.5,4.916,476.4,117.4,,,,,,2406.5,368.95001220703125
1990-07-17,361.3,4.85,471.5,116.5,,,,,,2415.0,367.5199890136719
1990-07-18,360.1,4.827,471.25,116.65,,,,,,2402.0,364.2200012207031
1990-07-19,361.55,4.881,476.3,117.2,,,,,,2387.300048828125,365.32000732421875
1990-07-20,360.75,4.865,475.5,118.25,,,,,,2400.10009765625,361.6099853515625
1990-07-23,361.8,4.882,480.85,118.7,,,,,,2359.699951171875,355.30999755859375
1990-07-24,368.25,4.9,481.0,118.75,,,,,,2360.89990234375,355.7900085449219
1990-07-25,367.4,4.874,481.25,117.35,,,,,,2364.699951171875,357.0899963378906
1990-07-26,370.6,4.8525,475.75,117.0,,,,,,2344.10009765625,355.9100036621094
1990-07-27,368.5,4.8365,475.5,117.25,,,,,,2330.10009765625,353.44000244140625
1990-07-30,367.8,4.83,475.75,116.6,,,,,,2316.5,355.54998779296875
1990-07-31,371.1,4.855,482.5,116.75,,,,,,2326.199951171875,356.1499938964844
1990-08-01,371.1,4.8125,484.85,116.0,,,,,,2339.0,355.5199890136719
1990-08-02,382.6,4.9325,492.25,116.5,,,,,,2304.5,351.4800109863281
1990-08-03,375.8,4.826,482.5,114.0,,,,,,2284.60009765625,344.8599853515625
1990-08-06,380.0,4.875,484.25,114.25,,,,,,2220.199951171875,334.42999267578125
1990-08-07,383.95,4.931,483.75,114.75,,,,,,2235.800048828125,334.8299865722656
1990-08-08,384.75,4.872,481.0,114.5,,,,,,2237.5,338.3500061035156
1990-08-09,385.85,4.8825,480.0,115.0,,,,,,2244.89990234375,339.94000244140625
1990-08-10,388.75,4.94,486.5,115.5,,,,,,2233.800048828125,335.5199890136719
1990-08-13,399.9,5.085,502.0,117.9,,,,,,2219.5,338.8399963378906
1990-08-14,411.0,5.2015,502.65,118.5,,,,,,2234.0,339.3900146484375
1990-08-15,401.5,5.1325,495.85,116.75,,,,,,2239.300048828125,340.05999755859375
1990-08-16,399.25,5.065,495.5,116.35,,,,,,2222.10009765625,332.3900146484375
1990-08-17,410.5,5.21,503.25,118.25,,,,,,2176.89990234375,327.8299865722656
1990-08-20,410.9,5.201,499.75,117.5,,,,,,2156.60009765625,328.510009765625
1990-08-21,407.85,5.16,503.25,117.5,,,,,,2108.10009765625,321.8599853515625
1990-08-22,410.0,5.1165,499.25,117.25,,,,,,2104.800048828125,316.54998779296875
1990-08-23,415.7,5.216,504.75,117.5,,,,,,2075.0,307.05999755859375
1990-08-24,412.0,5.134,501.25,115.35,,,,,,2086.39990234375,311.510009765625
1990-08-27,412.0,5.134,501.25,115.35,,,,,,2086.39990234375,321.44000244140625
1990-08-28,392.55,4.92,485.75,110.5,,,,,,2126.10009765625,321.3399963378906
1990-08-29,389.1,4.86,481.5,112.0,,,,,,2125.699951171875,324.19000244140625
1990-08-30,385.8,4.8375,485.0,111.5,,,,,,2153.60009765625,318.7099914550781
1990-08-31,388.1,4.83,486.75,111.75,,,,,,2162.800048828125,322.55999755859375
1990-09-03,387.5,4.85,487.75,111.6,,,,,,2166.60009765625,322.55999755859375
1990-09-04,386.75,4.8165,483.9,111.3,,,,,,2148.0,323.0899963378906
1990-09-05,384.6,4.7575,483.85,111.25,,,,,,2152.199951171875,324.3900146484375
1990-09-06,388.25,4.8,480.8,111.0,,,,,,2120.89990234375,320.4599914550781
1990-09-07,388.85,4.7825,477.0,106.75,,,,,,2122.89990234375,323.3999938964844
1990-09-10,382.5,4.77,470.75,106.0,,,,,,2147.0,321.6300048828125
1990-09-11,378.4,4.75,454.25,103.15,,,,,,2144.300048828125,321.0400085449219
1990-09-12,380.65,4.795,456.5,105.0,,,,,,2142.300048828125,322.5400085449219
1990-09-13,382.15,4.8175,456.25,105.25,,,,,,2127.10009765625,318.6499938964844
1990-09-14,384.3,4.806,457.25,105.7,,,,,,2093.800048828125,316.8299865722656
1990-09-17,387.9,4.7865,457.75,105.75,,,,,,2094.300048828125,317.7699890136719
1990-09-18,390.55,4.785,459.15,105.25,,,,,,2064.0,318.6000061035156
1990-09-19,386.45,4.8,459.0,105.65,,,,,,2065.800048828125,316.6000061035156
1990-09-20,386.0,4.795,457.0,106.0,,,,,,2016.9000244140625,311.4800109863281
1990-09-21,390.1,4.81,453.75,101.0,,,,,,2025.5,311.32000732421875
1990-09-24,390.15,4.829,452.75,101.0,,,,,,1990.300048828125,304.5899963378906
1990-09-25,406.35,4.9275,461.6,103.05,,,,,,1999.199951171875,308.260009765625
1990-09-26,401.75,4.825,446.75,99.65,,,,,,2000.0,305.05999755859375
1990-09-27,401.9,4.7775,441.5,97.75,,,,,,2009.0999755859375,300.9700012207031
1990-09-28,406.1,4.795,431.75,96.0,,,,,,1990.199951171875,306.04998779296875
1990-10-01,400.0,4.786,431.5,97.0,,,,,,2030.9000244140625,314.94000244140625
1990-10-02,389.25,4.69,442.5,99.25,,,,,,2058.5,315.2099914550781
1990-10-03,389.85,4.6915,443.1,99.2,,,,,,2087.0,311.3999938964844
1990-10-04,392.75,4.71,446.0,99.0,,,,,,2070.39990234375,312.69000244140625
1990-10-05,393.0,4.715,451.75,101.25,,,,,,2143.89990234375,311.5
1990-10-08,391.25,4.6675,444.0,100.35,,,,,,2201.60009765625,313.4800109863281
1990-10-09,394.8,4.6925,450.0,101.0,,,,,,2134.10009765625,305.1000061035156
1990-10-10,392.2,4.6275,442.25,99.75,,,,,,2121.800048828125,300.3900146484375
1990-10-11,389.6,4.385,418.75,94.75,,,,,,2102.199951171875,295.4599914550781
1990-10-12,388.3,4.2475,418.0,94.5,,,,,,2100.39990234375,300.0299987792969
1990-10-15,381.85,4.259,403.75,92.0,,,,,,2101.89990234375,303.2300109863281
1990-10-16,375.15,4.2025,393.5,87.1,,,,,,2083.60009765625,298.9200134277344
1990-10-17,365.75,4.219,396.25,88.5,,,,,,2068.0,298.760009765625
1990-10-18,370.0,4.2475,399.75,90.75,,,,,,2082.60009765625,305.739990234375
1990-10-19,371.75,4.2425,410.7,92.75,,,,,,2089.0,312.4800109863281
1990-10-22,368.5,4.231,415.0,93.0,,,,,,2102.0,314.760009765625
1990-10-23,370.75,4.23,422.0,94.5,,,,,,2127.0,312.3599853515625
1990-10-24,371.1,4.2265,424.5,94.75,,,,,,2110.5,312.6000061035156
1990-10-25,373.9,4.23,425.75,94.75,,,,,,2088.699951171875,310.1700134277344
1990-10-26,377.3,4.22,418.6,94.75,,,,,,2063.10009765625,304.7099914550781
1990-10-29,371.0,4.07,415.85,94.7,,,,,,2062.10009765625,301.8800048828125
1990-10-30,373.35,4.1365,419.75,96.0,,,,,,2033.9000244140625,304.05999755859375
1990-10-31,379.25,4.2225,440.5,96.75,,,,,,2050.300048828125,304.0
1990-11-01,380.1,4.181,434.5,95.5,,,,,,2028.0,307.0199890136719
1990-11-02,379.75,4.23,424.5,94.25,,,,,,2030.699951171875,311.8500061035156
1990-11-05,377.05,4.175,418.0,93.85,,,,,,2050.10009765625,314.5899963378906
1990-11-06,381.4,4.223,426.0,94.75,,,,,,2069.800048828125,311.6199951171875
1990-11-07,383.5,4.2265,423.0,94.45,,,,,,2069.800048828125,306.010009765625
1990-11-08,386.3,4.2625,421.5,94.0,,,,,,2059.199951171875,307.6099853515625
1990-11-09,384.85,4.244,415.0,93.1,,,,,,2040.5999755859375,313.739990234375
1990-11-12,381.9,4.2115,406.0,92.25,,,,,,2051.89990234375,319.4800109863281
1990-11-13,383.2,4.21,418.5,94.0,,,,,,2056.0,317.6700134277344
1990-11-14,383.45,4.2,416.5,93.95,,,,,,2046.0,320.3999938964844
1990-11-15,378.5,4.175,414.25,92.75,,,,,,2060.0,317.0199890136719
1990-11-16,380.3,4.14,423.0,93.6,,,,,,2068.0,317.1199951171875
1990-11-19,377.6,4.13,418.5,93.0,,,,,,2095.89990234375,319.3399963378906
1990-11-20,379.5,4.1435,418.5,93.0,,,,,,2115.199951171875,315.30999755859375
1990-11-21,377.35,4.11,414.25,92.75,,,,,,2126.300048828125,316.0299987792969
1990-11-22,380.2,4.1525,421.25,93.15,,,,,,2127.89990234375,316.0299987792969
1990-11-23,380.0,4.145,432.75,94.0,,,,,,2170.5,315.1000061035156
1990-11-26,387.05,4.19,432.25,93.6,,,,,,2151.89990234375,316.510009765625
1990-11-27,384.25,4.1225,424.0,93.5,,,,,,2159.5,318.1000061035156
1990-11-28,384.75,4.114,430.2,93.5,,,,,,2144.300048828125,317.95001220703125
1990-11-29,385.25,4.131,431.4,93.75,,,,,,2135.60009765625,316.4200134277344
1990-11-30,384.8,4.0865,425.75,92.75,,,,,,2149.39990234375,322.2200012207031
1990-12-03,381.75,4.1285,429.5,92.0,,,,,,2162.699951171875,324.1000061035156
1990-12-04,377.0,4.164,432.25,93.0,,,,,,2146.300048828125,326.3500061035156
1990-12-05,377.3,4.152,431.5,93.1,,,,,,2152.60009765625,329.9200134277344
1990-12-06,373.8,4.121,429.25,93.35,,,,,,2177.5,329.07000732421875
1990-12-07,371.1,4.1475,425.0,92.9,,,,,,2183.39990234375,327.75
1990-12-10,372.25,4.0975,421.0,92.9,,,,,,2182.5,328.8900146484375
1990-12-11,374.3,4.0825,423.0,92.85,,,,,,2165.800048828125,326.44000244140625
1990-12-12,371.9,4.0635,423.25,92.25,,,,,,2156.89990234375,330.19000244140625
1990-12-13,373.0,4.0125,417.75,87.5,,,,,,2172.199951171875,329.3399963378906
1990-12-14,373.15,3.964,418.1,87.75,,,,,,2168.39990234375,326.82000732421875
1990-12-17,376.85,3.95,416.5,87.5,,,,,,2157.89990234375,326.0199890136719
1990-12-18,376.0,3.965,413.75,88.2,,,,,,2161.800048828125,330.04998779296875
1990-12-19,376.8,3.971,416.4,88.25,,,,,,2178.699951171875,330.20001220703125
1990-12-20,384.45,4.1035,426.0,89.55,,,,,,2158.800048828125,330.1199951171875
1990-12-21,383.25,4.1485,420.5,88.5,,,,,,2164.39990234375,331.75
1990-12-24,383.25,4.1485,420.5,88.5,,,,,,2156.300048828125,329.8999938964844
1990-12-26,383.25,4.1485,420.5,88.5,,,,,,2156.300048828125,330.8500061035156
1990-12-27,383.75,4.0975,408.0,83.5,,,,,,2167.800048828125,328.2900085449219
1990-12-28,385.4,4.0945,412.0,82.55,,,,,,2160.39990234375,328.7200012207031
1990-12-31,385.4,4.0945,412.0,82.55,,,,,,2143.5,330.2200012207031
1991-01-02,392.5,4.1635,410.5,81.5,,,,,,2128.300048828125,326.45001220703125
1991-01-03,386.75,4.0965,412.0,82.0,,,,,,2117.800048828125,321.9100036621094
1991-01-04,388.1,4.21,415.75,83.75,,,,,,2126.10009765625,321.0
1991-01-07,391.0,4.2025,415.5,84.6,,,,,,2113.300048828125,315.44000244140625
1991-01-08,392.8,4.25,413.75,86.0,,,,,,2099.89990234375,314.8999938964844
1991-01-09,390.7,4.085,412.5,86.75,,,,,,2128.89990234375,311.489990234375
1991-01-10,388.5,4.1385,414.25,87.15,,,,,,2108.699951171875,314.5299987792969
1991-01-11,390.4,4.151,422.25,88.0,,,,,,2106.10009765625,315.2300109863281
1991-01-14,395.35,4.195,423.75,90.75,,,,,,2080.800048828125,312.489990234375
1991-01-15,398.0,4.205,420.5,89.5,,,,,,2070.89990234375,313.7300109863281
1991-01-16,403.7,4.224,421.5,89.5,,,,,,2054.800048828125,316.1700134277344
1991-01-17,383.5,4.0975,413.25,89.25,,,,,,2104.60009765625,327.9700012207031
1991-01-18,380.0,4.041,412.25,91.5,,,,,,2102.699951171875,332.2300109863281
1991-01-21,378.25,4.0375,410.5,90.75,,,,,,2084.0,331.05999755859375
1991-01-22,381.25,4.0285,405.35,89.5,,,,,,2081.60009765625,328.30999755859375
1991-01-23,377.9,3.9775,400.5,87.8,,,,,,2080.5,330.2099914550781
1991-01-24,377.05,3.8725,390.5,86.75,,,,,,2099.300048828125,334.7799987792969
1991-01-25,373.8,3.835,393.25,88.0,,,,,,2103.0,336.07000732421875
1991-01-28,374.5,3.806,387.35,87.25,,,,,,2118.0,336.0299987792969
1991-01-29,377.6,3.8575,393.25,87.0,,,,,,2113.800048828125,335.8399963378906
1991-01-30,369.75,3.809,388.0,82.0,,,,,,2152.60009765625,340.9100036621094
1991-01-31,369.6,3.826,391.75,83.5,,,,,,2170.300048828125,343.92999267578125
1991-02-01,367.95,3.8785,393.5,85.75,,,,,,2165.699951171875,343.04998779296875
1991-02-04,367.0,3.8625,391.25,85.35,,,,,,2172.39990234375,348.3399963378906
1991-02-05,367.15,3.822,382.7,83.5,,,,,,2202.0,351.260009765625
1991-02-06,360.9,3.81,380.65,83.2,,,,,,2194.800048828125,358.07000732421875
1991-02-07,363.5,3.8,382.75,83.5,,,,,,2243.699951171875,356.5199890136719
1991-02-08,368.3,3.8325,385.85,86.25,,,,,,2245.199951171875,359.3500061035156
1991-02-11,368.0,3.8155,383.75,87.75,,,,,,2279.0,368.5799865722656
1991-02-12,362.05,3.66,380.75,86.0,,,,,,2264.5,365.5
1991-02-13,367.05,3.72,385.75,87.0,,,,,,2267.800048828125,369.0199890136719
1991-02-14,366.85,3.769,388.35,87.25,,,,,,2294.39990234375,364.2200012207031
1991-02-15,366.25,3.8185,390.5,86.25,,,,,,2296.89990234375,369.05999755859375
1991-02-18,364.6,3.776,388.35,86.0,,,,,,2318.300048828125,369.05999755859375
1991-02-19,361.6,3.74,389.0,85.5,,,,,,2312.39990234375,369.3900146484375
1991-02-20,363.75,3.699,387.15,84.5,,,,,,2296.800048828125,365.1400146484375
1991-02-21,361.5,3.663,381.65,80.85,,,,,,2312.39990234375,364.9700012207031
1991-02-22,358.9,3.62,380.15,80.35,,,,,,2314.300048828125,365.6499938964844
1991-02-25,357.5,3.5475,379.75,79.25,,,,,,2335.5,367.260009765625
1991-02-26,359.1,3.6265,387.0,81.5,,,,,,2322.199951171875,362.80999755859375
1991-02-27,360.0,3.614,394.9,83.75,,,,,,2348.0,367.739990234375
1991-02-28,363.0,3.6785,404.0,85.6,,,,,,2380.89990234375,367.07000732421875
1991-03-01,367.45,3.755,405.85,86.35,,,,,,2386.89990234375,370.4700012207031
1991-03-04,365.5,3.755,405.0,85.5,,,,,,2382.89990234375,369.3299865722656
1991-03-05,364.3,3.82,398.0,83.55,,,,,,2420.10009765625,376.7200012207031
1991-03-06,363.6,3.831,399.0,82.75,,,,,,2459.89990234375,376.1700134277344
1991-03-07,366.25,3.9075,401.0,84.1,,,,,,2437.699951171875,375.9100036621094
1991-03-08,367.5,4.001,407.75,87.25,,,,,,2455.0,374.95001220703125
1991-03-11,369.25,4.17,415.5,88.25,,,,,,2459.10009765625,372.9599914550781
1991-03-12,363.95,3.979,404.75,85.75,,,,,,2454.800048828125,370.0299987792969
1991-03-13,365.2,4.059,410.0,86.5,,,,,,2448.199951171875,374.57000732421875
1991-03-14,365.7,4.03,405.25,87.15,,,,,,2500.60009765625,373.5
1991-03-15,363.6,4.0325,402.5,86.5,,,,,,2494.199951171875,373.5899963378906
1991-03-18,363.4,4.0525,400.0,85.0,,,,,,2490.60009765625,372.1099853515625
1991-03-19,362.0,3.944,397.35,85.65,,,,,,2459.0,366.5899963378906
1991-03-20,364.2,4.0375,403.0,88.1,,,,,,2441.199951171875,367.9200134277344
1991-03-21,362.1,3.9755,394.5,87.5,,,,,,2474.800048828125,366.5799865722656
1991-03-22,362.95,4.008,397.6,87.6,,,,,,2440.5,367.4800109863281
1991-03-25,361.75,3.9525,393.6,84.75,,,,,,2431.89990234375,369.8299865722656
1991-03-26,358.0,3.9175,389.0,85.0,,,,,,2437.10009765625,376.29998779296875
1991-03-27,357.1,3.899,385.25,85.05,,,,,,2464.60009765625,375.3500061035156
1991-03-28,354.0,3.836,392.4,91.25,,,,,,2456.5,375.2200012207031
1991-04-01,354.0,3.836,392.4,91.25,,,,,,2456.5,371.29998779296875
1991-04-02,357.9,3.935,394.0,91.5,,,,,,2488.300048828125,379.5
1991-04-03,357.85,4.065,401.25,94.45,,,,,,2519.10009765625,378.94000244140625
1991-04-04,358.1,4.0575,401.25,94.0,,,,,,2524.5,379.7699890136719
1991-04-05,358.3,4.0375,404.5,92.75,,,,,,2545.300048828125,375.3599853515625
1991-04-08,358.8,3.96,402.5,92.5,,,,,,2529.89990234375,378.6600036621094
1991-04-09,361.2,4.0,404.5,94.25,,,,,,2527.199951171875,373.55999755859375
1991-04-10,363.65,4.0235,405.0,94.5,,,,,,2518.800048828125,373.1499938964844
1991-04-11,360.75,3.9865,401.5,95.85,,,,,,2531.60009765625,377.6300048828125
1991-04-12,361.45,4.0175,403.65,98.0,,,,,,2526.10009765625,380.3999938964844
1991-04-15,360.6,3.9775,399.5,96.25,,,,,,2542.800048828125,381.19000244140625
1991-04-16,360.3,4.024,399.25,95.55,,,,,,2519.5,387.6199951171875
1991-04-17,361.0,4.07,400.5,96.75,,,,,,2545.0,390.45001220703125
1991-04-18,361.2,4.121,404.25,99.65,,,,,,2538.39990234375,388.4599914550781
1991-04-19,357.1,3.9525,394.25,96.75,,,,,,2520.10009765625,384.20001220703125
1991-04-22,356.25,3.92,387.5,96.75,,,,,,2490.800048828125,380.95001220703125
1991-04-23,356.9,3.945,389.5,100.0,,,,,,2503.800048828125,381.760009765625
1991-04-24,355.9,3.9375,392.75,101.0,,,,,,2488.60009765625,382.760009765625
1991-04-25,353.0,3.874,386.75,98.75,,,,,,2482.10009765625,379.25
1991-04-26,354.15,3.9,389.25,101.75,,,,,,2471.300048828125,379.0199890136719
1991-04-29,351.3,3.8875,385.85,98.25,,,,,,2498.199951171875,373.6600036621094
1991-04-30,353.45,3.9335,391.5,99.75,,,,,,2486.199951171875,375.3399963378906
1991-05-01,356.25,3.9725,394.75,100.25,,,,,,2508.39990234375,380.2900085449219
1991-05-02,355.35,3.9335,391.45,96.45,,,,,,2530.699951171875,380.5199890136719
1991-05-03,356.45,4.0175,394.25,96.75,,,,,,2522.699951171875,380.79998779296875
1991-05-06,356.45,4.0175,394.25,96.75,,,,,,2522.699951171875,380.0799865722656
1991-05-07,356.25,4.025,392.3,95.65,,,,,,2540.5,377.32000732421875
1991-05-08,356.4,4.025,392.75,94.25,,,,,,2523.39990234375,378.510009765625
1991-05-09,356.85,4.0625,392.5,94.5,,,,,,2541.800048828125,383.25
1991-05-10,356.3,4.0325,389.75,94.65,,,,,,2524.300048828125,375.739990234375
1991-05-13,356.75,4.036,389.55,94.75,,,,,,2486.60009765625,376.760009765625
1991-05-14,358.0,4.0025,390.25,94.8,,,,,,2463.699951171875,371.6199951171875
1991-05-15,360.25,4.117,394.0,95.5,,,,,,2459.39990234375,368.57000732421875
1991-05-16,358.35,4.1,390.25,95.0,,,,,,2471.89990234375,372.19000244140625
1991-05-17,354.95,4.0165,388.25,94.15,,,,,,2453.89990234375,372.3900146484375
1991-05-20,353.9,4.005,388.25,94.1,,,,,,2466.60009765625,372.2799987792969
1991-05-21,356.75,4.04,391.75,94.5,,,,,,2482.699951171875,375.3500061035156
1991-05-22,356.75,4.09,393.0,95.0,,,,,,2465.89990234375,376.19000244140625
1991-05-23,355.0,4.0375,389.55,93.75,,,,,,2482.800048828125,374.9599914550781
1991-05-24,355.5,4.05,390.25,93.75,,,,,,2471.10009765625,377.489990234375
1991-05-28,356.3,4.059,389.0,93.5,,,,,,2479.699951171875,381.94000244140625
1991-05-29,360.75,4.142,393.1,94.0,,,,,,2492.89990234375,382.7900085449219
1991-05-30,360.8,4.1175,365.75,98.75,,,,,,2491.199951171875,386.9599914550781
1991-05-31,361.55,4.1325,376.5,98.0,,,,,,2499.5,389.8299865722656
1991-06-03,361.5,4.156,378.15,97.2,,,,,,2515.800048828125,388.05999755859375
1991-06-04,362.0,4.1525,378.75,96.5,,,,,,2506.0,387.739990234375
1991-06-05,361.6,4.166,378.25,96.5,,,,,,2521.5,385.0899963378906
1991-06-06,363.4,4.2415,381.25,96.4,,,,,,2525.300048828125,383.6300048828125
1991-06-07,363.4,4.2415,381.25,96.4,,,,,,2506.300048828125,379.42999267578125
1991-06-10,367.6,4.571,384.25,98.75,,,,,,2511.89990234375,378.57000732421875
1991-06-11,372.75,4.481,380.25,97.4,,,,,,2542.60009765625,381.04998779296875
1991-06-12,370.7,4.514,380.0,98.15,,,,,,2520.199951171875,376.6499938964844
1991-06-13,368.4,4.465,376.0,96.5,,,,,,2514.60009765625,377.6300048828125
1991-06-14,369.0,4.51,368.0,95.75,,,,,,2522.300048828125,382.2900085449219
1991-06-17,367.3,4.3885,370.0,96.0,,,,,,2524.0,380.1300048828125
1991-06-18,368.0,4.4775,373.0,96.75,,,,,,2516.0,378.5899963378906
1991-06-19,367.3,4.4315,368.85,97.7,,,,,,2484.699951171875,375.0899963378906
1991-06-20,367.8,4.4425,372.5,99.0,,,,,,2479.89990234375,375.4200134277344
1991-06-21,367.4,4.4425,375.5,98.85,,,,,,2487.5,377.75
1991-06-24,365.2,4.341,374.2,98.0,,,,,,2458.300048828125,370.94000244140625
1991-06-25,363.25,4.36,373.25,96.3,,,,,,2461.199951171875,370.6499938964844
1991-06-26,366.0,4.4175,374.5,97.25,,,,,,2437.300048828125,371.5899963378906
1991-06-27,365.3,4.355,374.55,96.2,,,,,,2452.5,374.3999938964844
1991-06-28,366.9,4.4535,376.1,96.75,,,,,,2414.800048828125,371.1600036621094
1991-07-01,368.65,4.4525,381.5,98.0,,,,,,2443.60009765625,377.9200134277344
1991-07-02,366.65,4.424,380.0,97.25,,,,,,2460.199951171875,377.4700012207031
1991-07-03,367.75,4.4275,381.0,97.0,,,,,,2448.199951171875,373.3299865722656
1991-07-04,369.4,4.495,379.75,96.75,,,,,,2470.39990234375,373.3299865722656
1991-07-05,370.25,4.5335,387.5,96.75,,,,,,2484.699951171875,374.0799865722656
1991-07-08,371.35,4.505,382.75,96.65,,,,,,2466.800048828125,377.94000244140625
1991-07-09,369.0,4.4615,382.5,95.65,,,,,,2487.89990234375,376.1099853515625
1991-07-10,370.2,4.4765,382.65,95.75,,,,,,2508.39990234375,375.739990234375
1991-07-11,368.85,4.42,374.0,94.75,,,,,,2510.5,376.9700012207031
1991-07-12,367.9,4.38,374.35,94.65,,,,,,2497.39990234375,380.25
1991-07-15,369.1,4.39,377.75,95.25,,,,,,2497.39990234375,382.3900146484375
1991-07-16,368.5,4.3725,378.0,94.7,,,,,,2556.800048828125,381.5400085449219
1991-07-17,369.2,4.4025,380.4,94.9,,,,,,2561.0,381.17999267578125
1991-07-18,370.35,4.4475,380.75,95.0,,,,,,2547.300048828125,385.3699951171875
1991-07-19,370.3,4.395,378.65,95.45,,,,,,2541.5,384.2200012207031
1991-07-22,370.1,4.4015,379.0,95.5,,,,,,2558.5,382.8800048828125
1991-07-23,368.05,4.325,377.5,95.5,,,,,,2587.89990234375,379.4200134277344
1991-07-24,367.0,4.231,370.25,94.0,,,,,,2580.5,378.6400146484375
1991-07-25,365.1,4.1275,368.25,93.5,,,,,,2579.60009765625,380.9599914550781
1991-07-26,364.7,4.1005,363.6,90.75,,,,,,2589.300048828125,380.92999267578125
1991-07-29,366.0,4.109,365.75,91.6,,,,,,2595.0,383.1499938964844
1991-07-30,362.3,4.0475,358.1,86.25,,,,,,2595.60009765625,386.69000244140625
1991-07-31,363.6,4.0675,363.25,88.15,,,,,,2588.800048828125,387.80999755859375
1991-08-01,364.3,4.054,363.0,87.5,,,,,,2591.699951171875,387.1199951171875
1991-08-02,360.35,3.9715,354.25,85.25,,,,,,2601.699951171875,387.17999267578125
1991-08-05,355.6,3.935,348.75,84.25,,,,,,2585.39990234375,385.05999755859375
1991-08-06,357.2,3.9585,356.35,86.5,,,,,,2573.300048828125,390.6199951171875
1991-08-07,355.85,3.965,355.75,86.25,,,,,,2597.39990234375,390.55999755859375
1991-08-08,357.0,3.9725,354.8,86.25,,,,,,2600.60009765625,389.32000732421875
1991-08-09,357.85,3.9665,352.25,84.0,,,,,,2570.60009765625,387.1199951171875
1991-08-12,357.75,3.9915,354.75,84.55,,,,,,2569.39990234375,388.0199890136719
1991-08-13,357.25,3.9535,351.0,84.65,,,,,,2584.89990234375,389.6199951171875
1991-08-14,356.5,3.946,346.0,81.9,,,,,,2608.800048828125,389.8999938964844
1991-08-15,358.0,3.97,342.5,78.85,,,,,,2617.199951171875,389.3299865722656
1991-08-16,357.25,3.9615,342.0,78.25,,,,,,2621.0,385.5799865722656
1991-08-19,360.75,4.0475,354.5,83.5,,,,,,2540.5,376.4700012207031
1991-08-20,358.5,4.0025,346.75,81.0,,,,,,2554.5,379.42999267578125
1991-08-21,356.2,3.93,346.0,80.25,,,,,,2601.89990234375,390.5899963378906
1991-08-22,356.5,3.9425,341.75,82.5,,,,,,2623.0,391.3299865722656
1991-08-23,354.4,3.88,331.5,80.0,,,,,,2640.699951171875,394.1700134277344
1991-08-26,354.4,3.88,331.5,80.0,,,,,,2640.699951171875,393.8500061035156
1991-08-27,354.1,3.9535,333.75,80.9,,,,,,2619.800048828125,393.05999755859375
1991-08-28,355.3,3.95,338.75,81.65,,,,,,2624.199951171875,396.6400146484375
1991-08-29,353.5,3.941,338.75,82.25,,,,,,2638.199951171875,396.4700012207031
1991-08-30,347.0,3.815,335.0,80.75,,,,,,2645.699951171875,395.42999267578125
1991-09-02,347.6,3.831,339.1,81.25,,,,,,2679.60009765625,395.42999267578125
1991-09-03,349.15,3.8735,341.0,80.6,,,,,,2669.0,392.1499938964844
1991-09-04,348.6,3.928,345.5,81.5,,,,,,2664.60009765625,389.9700012207031
1991-09-05,347.3,3.8625,340.5,81.25,,,,,,2663.300048828125,389.1400146484375
1991-09-06,347.0,3.871,342.0,81.25,,,,,,2667.39990234375,389.1000061035156
1991-09-09,350.1,4.003,349.5,82.5,,,,,,2653.199951171875,388.57000732421875
1991-09-10,351.2,4.0635,349.5,82.25,,,,,,2630.800048828125,384.55999755859375
1991-09-11,347.5,3.97,343.9,81.1,,,,,,2626.60009765625,385.0899963378906
1991-09-12,345.45,3.9715,345.55,81.75,,,,,,2641.89990234375,387.3399963378906
1991-09-13,343.5,3.965,347.25,81.5,,,,,,2625.800048828125,383.5899963378906
1991-09-16,344.9,4.06,350.0,82.25,,,,,,2606.0,385.7799987792969
1991-09-17,346.35,4.0775,352.75,81.5,,,,,,2594.39990234375,385.5
1991-09-18,348.0,4.094,355.1,82.25,,,,,,2583.60009765625,386.94000244140625
1991-09-19,349.55,4.095,354.5,82.25,,,,,,2588.699951171875,387.55999755859375
1991-09-20,347.55,4.0725,354.0,82.0,,,,,,2600.300048828125,387.9200134277344
1991-09-23,349.05,4.1225,355.0,82.0,,,,,,2579.5,385.9200134277344
1991-09-24,351.25,4.245,358.75,83.15,,,,,,2576.60009765625,387.7099914550781
1991-09-25,352.4,4.235,354.75,83.4,,,,,,2597.800048828125,386.8800048828125
1991-09-26,352.3,4.2215,355.15,83.5,,,,,,2595.60009765625,386.489990234375
1991-09-27,348.4,4.09,348.65,82.0,,,,,,2599.0,385.8999938964844
1991-09-30,350.5,4.135,352.5,82.35,,,,,,2621.699951171875,387.8599853515625
1991-10-01,353.0,4.1465,354.25,82.75,,,,,,2645.60009765625,389.20001220703125
1991-10-02,354.4,4.216,358.0,83.5,,,,,,2644.199951171875,388.260009765625
1991-10-03,357.2,4.1735,356.25,83.85,,,,,,2625.60009765625,384.4700012207031
1991-10-04,357.0,4.1725,358.0,84.5,,,,,,2624.60009765625,381.25
1991-10-07,359.2,4.13,357.8,84.1,,,,,,2596.199951171875,379.5
1991-10-08,358.5,4.071,355.25,83.0,,,,,,2599.5,380.6700134277344
1991-10-09,357.6,4.0825,356.5,84.1,,,,,,2584.10009765625,376.79998779296875
1991-10-10,359.55,4.1175,367.0,87.2,,,,,,2570.800048828125,380.54998779296875
1991-10-11,357.25,4.05,365.15,86.75,,,,,,2555.0,381.45001220703125
1991-10-14,360.3,4.0985,370.35,87.4,,,,,,2574.5,386.4700012207031
1991-10-15,358.6,4.0765,366.9,85.4,,,,,,2576.699951171875,391.010009765625
1991-10-16,356.4,4.0525,364.5,85.0,,,,,,2579.0,392.79998779296875
1991-10-17,357.75,4.125,367.0,85.5,,,,,,2588.699951171875,391.9200134277344
1991-10-18,360.25,4.12,368.75,85.75,,,,,,2601.10009765625,392.5
1991-10-21,363.1,4.173,371.0,86.35,,,,,,2575.699951171875,390.0199890136719
1991-10-22,362.9,4.1575,366.5,85.25,,,,,,2559.5,387.8299865722656
1991-10-23,362.9,4.145,365.25,86.0,,,,,,2561.10009765625,387.94000244140625
1991-10-24,359.8,4.0865,361.75,85.6,,,,,,2528.300048828125,385.07000732421875
1991-10-25,362.0,4.1215,364.0,86.0,,,,,,2514.699951171875,384.20001220703125
1991-10-28,359.5,4.0835,360.75,85.25,,,,,,2558.5,389.5199890136719
1991-10-29,358.6,4.0525,358.25,85.25,,,,,,2553.300048828125,391.4800109863281
1991-10-30,359.8,4.1125,362.4,86.5,,,,,,2577.10009765625,392.9599914550781
1991-10-31,357.4,4.09,361.5,86.5,,,,,,2566.0,392.45001220703125
1991-11-01,357.5,4.102,362.4,86.0,,,,,,2549.5,391.32000732421875
1991-11-04,356.65,4.0785,362.25,87.0,,,,,,2527.800048828125,390.2799987792969
1991-11-05,356.45,4.105,365.5,87.25,,,,,,2540.89990234375,388.7099914550781
1991-11-06,354.4,4.0725,362.0,86.5,,,,,,2534.199951171875,389.9700012207031
1991-11-07,355.3,4.07,363.3,86.75,,,,,,2538.0,393.7200012207031
1991-11-08,353.35,4.025,357.75,85.0,,,,,,2559.0,392.8900146484375
1991-11-11,354.9,4.0375,359.75,85.5,,,,,,2554.89990234375,393.1199951171875
1991-11-12,355.1,4.035,362.0,86.0,,,,,,2575.5,396.739990234375
1991-11-13,356.45,4.049,364.0,85.5,,,,,,2546.5,397.4100036621094
1991-11-14,356.15,4.0435,358.5,84.0,,,,,,2561.60009765625,397.1499938964844
1991-11-15,355.3,4.01,358.5,84.25,,,,,,2546.60009765625,382.6199951171875
1991-11-18,360.05,4.0515,362.5,84.6,,,,,,2502.89990234375,385.239990234375
1991-11-19,359.85,4.044,365.5,84.9,,,,,,2463.10009765625,379.4200134277344
1991-11-20,362.55,4.0775,368.35,85.25,,,,,,2472.60009765625,378.5299987792969
1991-11-21,363.75,4.096,373.75,85.25,,,,,,2463.5,380.05999755859375
1991-11-22,367.2,4.1325,373.0,85.25,,,,,,2446.300048828125,376.1400146484375
1991-11-25,368.4,4.1375,372.4,84.9,,,,,,2456.199951171875,375.3399963378906
1991-11-26,367.0,4.0885,368.3,83.85,,,,,,2471.5,377.9599914550781
1991-11-27,366.5,4.0975,368.9,83.85,,,,,,2447.5,376.54998779296875
1991-11-28,365.45,4.1,369.75,84.85,,,,,,2428.60009765625,376.54998779296875
1991-11-29,366.85,4.065,369.0,83.75,,,,,,2420.199951171875,375.2200012207031
1991-12-02,368.25,4.093,369.5,84.25,,,,,,2414.89990234375,381.3999938964844
1991-12-03,366.0,4.065,363.5,83.15,,,,,,2420.199951171875,380.9599914550781
1991-12-04,365.7,4.0525,367.0,83.75,,,,,,2423.800048828125,380.07000732421875
1991-12-05,365.75,4.0475,366.7,83.6,,,,,,2407.0,377.3900146484375
1991-12-06,367.9,4.065,370.5,84.75,,,,,,2388.699951171875,379.1000061035156
1991-12-09,370.2,4.0685,374.0,85.5,,,,,,2409.60009765625,378.260009765625
1991-12-10,370.75,4.0435,370.25,85.5,,,,,,2392.0,377.8999938964844
1991-12-11,367.7,4.005,368.0,84.8,,,,,,2380.199951171875,377.70001220703125
1991-12-12,366.1,3.9475,366.6,84.25,,,,,,2423.300048828125,381.54998779296875
1991-12-13,358.9,3.855,356.25,83.25,,,,,,2451.60009765625,384.4700012207031
1991-12-16,360.05,3.871,356.4,83.45,,,,,,2440.800048828125,384.4599914550781
1991-12-17,357.1,3.854,348.65,82.0,,,,,,2432.89990234375,382.739990234375
1991-12-18,357.5,3.885,345.25,81.75,,,,,,2413.60009765625,383.4800109863281
1991-12-19,357.95,3.854,345.0,82.25,,,,,,2391.60009765625,382.5199890136719
1991-12-20,356.25,3.8225,342.25,80.25,,,,,,2358.10009765625,387.0400085449219
1991-12-23,359.2,3.89,342.25,80.15,,,,,,2345.39990234375,396.82000732421875
1991-12-24,359.2,3.89,342.25,80.15,,,,,,2384.39990234375,399.3299865722656
1991-12-26,359.2,3.89,342.25,80.15,,,,,,2384.39990234375,404.8399963378906
1991-12-27,356.1,3.9025,334.65,79.75,,,,,,2418.699951171875,406.4599914550781
1991-12-30,353.3,3.86,332.0,79.35,,,,,,2420.0,415.1400146484375
1991-12-31,353.3,3.86,332.0,79.35,,,,,,2493.10009765625,417.0899963378906
1992-01-02,351.2,3.8675,335.5,79.5,,,,,,2492.800048828125,417.260009765625
1992-01-03,352.4,3.985,337.5,80.5,,,,,,2504.10009765625,419.3399963378906
1992-01-06,351.15,3.939,330.75,78.5,,,,,,2493.199951171875,417.9599914550781
1992-01-07,349.3,3.9485,332.1,79.25,,,,,,2482.89990234375,417.3999938964844
1992-01-08,350.3,3.945,335.75,79.75,,,,,,2467.10009765625,418.1000061035156
1992-01-09,351.75,3.98,338.25,81.4,,,,,,2497.89990234375,417.6099853515625
1992-01-10,356.65,4.138,341.75,81.75,,,,,,2477.89990234375,415.1000061035156
1992-01-13,354.9,4.0715,333.75,81.25,,,,,,2490.10009765625,414.3399963378906
1992-01-14,353.4,4.0475,332.0,81.0,,,,,,2516.300048828125,420.44000244140625
1992-01-15,355.6,4.14,337.75,83.0,,,,,,2537.10009765625,420.7699890136719
1992-01-16,354.6,4.136,339.25,83.25,,,,,,2541.60009765625,418.2099914550781
1992-01-17,357.3,4.335,348.0,85.0,,,,,,2536.699951171875,418.8599853515625
1992-01-20,356.6,4.23,343.5,83.75,,,,,,2544.89990234375,416.3599853515625
1992-01-21,357.35,4.259,345.15,84.0,,,,,,2543.39990234375,412.6400146484375
1992-01-22,356.85,4.255,340.5,84.0,,,,,,2522.0,418.1300048828125
1992-01-23,356.55,4.2935,347.0,84.75,,,,,,2525.300048828125,414.9599914550781
1992-01-24,354.5,4.2,343.25,84.25,,,,,,2510.39990234375,415.4800109863281
1992-01-27,354.85,4.17,351.25,85.5,,,,,,2539.89990234375,414.989990234375
1992-01-28,356.3,4.2035,352.85,87.65,,,,,,2552.0,414.9599914550781
1992-01-29,355.4,4.161,349.0,86.75,,,,,,2546.5,410.3399963378906
1992-01-30,356.5,4.235,350.25,86.5,,,,,,2550.800048828125,411.6199951171875
1992-01-31,354.15,4.131,348.25,86.5,,,,,,2571.199951171875,408.7799987792969
1992-02-03,357.1,4.1775,357.9,87.5,,,,,,2560.199951171875,409.5299987792969
1992-02-04,356.35,4.166,361.45,86.8,,,,,,2556.800048828125,413.8500061035156
1992-02-05,354.95,4.1675,359.5,85.75,,,,,,2547.10009765625,413.8399963378906
1992-02-06,356.25,4.219,365.25,85.9,,,,,,2534.300048828125,413.82000732421875
1992-02-07,355.4,4.195,369.0,86.15,,,,,,2517.199951171875,411.0899963378906
1992-02-10,354.7,4.1865,366.0,85.75,,,,,,2538.39990234375,413.7699890136719
1992-02-11,355.25,4.179,364.0,85.15,,,,,,2537.10009765625,413.760009765625
1992-02-12,356.35,4.195,368.25,86.25,,,,,,2523.699951171875,417.1300048828125
1992-02-13,356.65,4.21,369.25,86.25,,,,,,2522.60009765625,413.69000244140625
1992-02-14,355.35,4.1925,365.25,85.8,,,,,,2513.89990234375,412.4800109863281
1992-02-17,354.2,4.1525,362.4,86.1,,,,,,2541.0,412.4800109863281
1992-02-18,353.5,4.132,360.85,85.75,,,,,,2555.89990234375,407.3800048828125
1992-02-19,352.35,4.0575,359.6,84.65,,,,,,2536.699951171875,408.260009765625
1992-02-20,353.05,4.096,363.1,86.25,,,,,,2543.39990234375,413.8999938964844
1992-02-21,353.25,4.1025,359.55,84.35,,,,,,2542.300048828125,411.42999267578125
1992-02-24,349.0,4.077,357.75,84.25,,,,,,2559.699951171875,412.2699890136719
1992-02-25,350.65,4.125,359.5,84.25,,,,,,2546.800048828125,410.45001220703125
1992-02-26,348.8,4.065,352.9,83.5,,,,,,2565.0,415.3500061035156
1992-02-27,350.85,4.1,360.75,84.25,,,,,,2562.0,413.8599853515625
1992-02-28,353.05,4.1185,359.75,83.9,,,,,,2562.10009765625,412.70001220703125
1992-03-02,350.55,4.095,358.0,83.5,,,,,,2554.300048828125,412.45001220703125
1992-03-03,351.0,4.121,363.6,84.35,,,,,,2565.39990234375,412.8500061035156
1992-03-04,350.2,4.106,360.5,83.65,,,,,,2558.39990234375,409.3299865722656
1992-03-05,349.6,4.11,365.0,84.25,,,,,,2538.300048828125,406.510009765625
1992-03-06,350.55,4.1535,363.6,84.0,,,,,,2533.10009765625,404.44000244140625
1992-03-09,349.0,4.158,361.5,84.25,,,,,,2550.699951171875,405.2099914550781
1992-03-10,348.9,4.1675,362.75,84.75,,,,,,2574.800048828125,406.8900146484375
1992-03-11,349.0,4.1525,363.2,85.25,,,,,,2522.39990234375,404.0299987792969
1992-03-12,348.65,4.1425,361.0,84.85,,,,,,2493.300048828125,403.8900146484375
1992-03-13,347.25,4.106,359.0,83.95,,,,,,2476.0,405.8399963378906
1992-03-16,346.75,4.1065,359.25,84.25,,,,,,2470.699951171875,406.3900146484375
1992-03-17,343.35,4.043,355.75,84.0,,,,,,2491.199951171875,409.5799865722656
1992-03-18,340.0,4.0715,352.25,84.4,,,,,,2464.699951171875,409.1499938964844
1992-03-19,338.5,4.016,346.25,83.75,,,,,,2467.60009765625,409.79998779296875
1992-03-20,337.6,4.1,352.35,84.25,,,,,,2456.60009765625,411.29998779296875
1992-03-23,338.0,4.1075,351.5,84.25,,,,,,2441.0,409.9100036621094
1992-03-24,337.75,4.108,349.65,84.15,,,,,,2458.699951171875,408.8800048828125
1992-03-25,340.1,4.109,353.5,84.65,,,,,,2464.89990234375,407.5199890136719
1992-03-26,340.75,4.09,351.75,85.05,,,,,,2472.199951171875,407.8599853515625
1992-03-27,340.35,4.0925,350.5,84.8,,,,,,2447.89990234375,403.5
1992-03-30,342.75,4.1535,353.75,85.15,,,,,,2452.89990234375,403.0
1992-03-31,341.5,4.12,358.0,85.6,,,,,,2440.10009765625,403.69000244140625
1992-04-01,343.75,4.1515,362.5,85.35,,,,,,2408.60009765625,404.2300109863281
1992-04-02,341.25,4.09,355.25,84.85,,,,,,2405.39990234375,400.5
1992-04-03,340.25,4.0875,355.75,84.85,,,,,,2382.699951171875,401.54998779296875
1992-04-06,340.5,4.094,354.0,84.5,,,,,,2400.89990234375,405.5899963378906
1992-04-07,338.5,4.095,351.0,84.0,,,,,,2404.199951171875,398.05999755859375
1992-04-08,337.7,4.092,349.25,84.0,,,,,,2393.199951171875,394.5
1992-04-09,338.4,4.096,345.2,83.8,,,,,,2436.39990234375,400.6400146484375
1992-04-10,341.0,4.1315,349.5,84.25,,,,,,2572.60009765625,404.2900085449219
1992-04-13,342.0,4.125,347.25,84.1,,,,,,2591.0,406.0799865722656
1992-04-14,338.8,4.085,346.25,83.75,,,,,,2600.5,412.3900146484375
1992-04-15,339.6,4.1025,348.1,84.0,,,,,,2640.199951171875,416.2799987792969
1992-04-16,336.8,4.031,344.5,82.35,,,,,,2638.60009765625,416.0400085449219
1992-04-20,336.8,4.031,344.5,82.35,,,,,,2638.60009765625,410.17999267578125
1992-04-21,338.2,3.985,341.25,82.45,,,,,,2625.800048828125,410.260009765625
1992-04-22,338.3,3.99,341.25,82.4,,,,,,2607.800048828125,409.80999755859375
1992-04-23,338.6,4.02,343.5,82.5,,,,,,2609.800048828125,411.6000061035156
1992-04-24,336.55,3.99,342.15,82.0,,,,,,2643.0,409.0199890136719
1992-04-27,336.5,3.99,344.25,82.4,,,,,,2658.199951171875,408.45001220703125
1992-04-28,336.85,3.9775,343.9,82.65,,,,,,2651.0,409.1099853515625
1992-04-29,334.75,3.935,341.35,81.65,,,,,,2664.89990234375,412.0199890136719
1992-04-30,336.25,3.9815,345.4,82.35,,,,,,2654.10009765625,414.95001220703125
1992-05-01,337.1,4.014,350.15,82.75,,,,,,2659.800048828125,412.5299987792969
1992-05-04,337.1,4.014,350.15,82.75,,,,,,2659.800048828125,416.9100036621094
1992-05-05,336.5,4.0125,353.0,83.1,,,,,,2662.199951171875,416.8399963378906
1992-05-06,336.75,4.065,353.25,83.0,,,,,,2698.699951171875,416.7900085449219
1992-05-07,336.25,4.045,351.25,82.75,,,,,,2701.89990234375,415.8500061035156
1992-05-08,334.85,4.0355,353.25,82.25,,,,,,2725.699951171875,416.04998779296875
1992-05-11,336.5,4.11,354.35,82.85,,,,,,2737.800048828125,418.489990234375
1992-05-12,334.9,4.0825,353.1,82.6,,,,,,2722.39990234375,416.2900085449219
1992-05-13,334.75,4.0825,353.75,82.75,,,,,,2720.5,416.45001220703125
1992-05-14,336.5,4.096,356.6,82.75,,,,,,2694.699951171875,413.1400146484375
1992-05-15,338.15,4.1175,358.5,82.75,,,,,,2682.60009765625,410.0899963378906
1992-05-18,339.2,4.0975,358.0,82.85,,,,,,2703.60009765625,412.80999755859375
1992-05-19,340.0,4.115,362.9,83.5,,,,,,2700.60009765625,416.3699951171875
1992-05-20,337.45,4.077,361.0,83.15,,,,,,2711.89990234375,415.3900146484375
1992-05-21,337.45,4.075,361.25,83.0,,,,,,2702.0,412.6000061035156
1992-05-22,337.2,4.07,365.75,82.75,,,,,,2715.0,414.0199890136719
1992-05-26,337.0,4.0875,365.0,82.75,,,,,,2704.60009765625,411.4100036621094
1992-05-27,338.45,4.1025,367.0,82.75,,,,,,2698.60009765625,412.1700134277344
1992-05-28,337.2,4.075,368.15,82.25,,,,,,2694.199951171875,416.739990234375
1992-05-29,337.55,4.0575,368.2,80.5,,,,,,2707.60009765625,415.3500061035156
1992-06-01,336.8,4.0275,366.5,79.25,,,,,,2697.60009765625,417.29998779296875
1992-06-02,337.75,4.0715,374.0,80.25,,,,,,2705.89990234375,413.5
1992-06-03,339.85,4.0895,376.25,80.1,,,,,,2680.89990234375,414.5899963378906
1992-06-04,338.65,4.061,372.05,79.6,,,,,,2681.89990234375,413.260009765625
1992-06-05,338.85,4.0825,372.0,80.0,,,,,,2668.5,413.4800109863281
1992-06-08,338.5,4.0535,368.5,79.85,,,,,,2645.800048828125,413.3599853515625
1992-06-09,337.7,4.0545,367.15,80.25,,,,,,2635.39990234375,410.05999755859375
1992-06-10,337.85,4.056,368.25,80.5,,,,,,2636.10009765625,407.25
1992-06-11,338.0,4.0565,370.0,80.75,,,,,,2614.10009765625,409.04998779296875
1992-06-12,340.25,4.1065,372.25,81.0,,,,,,2603.699951171875,409.760009765625
1992-06-15,342.25,4.1215,371.25,81.3,,,,,,2593.60009765625,410.2900085449219
1992-06-16,342.15,4.1035,368.75,81.25,,,,,,2616.300048828125,408.32000732421875
1992-06-17,342.1,4.1065,368.85,81.0,,,,,,2598.39990234375,402.260009765625
1992-06-18,340.9,4.0875,364.1,80.5,,,,,,2562.699951171875,400.9599914550781
1992-06-19,343.5,4.111,365.0,80.75,,,,,,2584.800048828125,403.6700134277344
1992-06-22,341.6,4.0475,363.8,80.75,,,,,,2550.300048828125,403.3999938964844
1992-06-23,344.1,4.0555,366.1,81.25,,,,,,2560.60009765625,404.0400085449219
1992-06-24,344.0,4.039,365.5,80.85,,,,,,2532.60009765625,403.8399963378906
1992-06-25,343.15,4.0345,364.75,80.7,,,,,,2557.300048828125,403.1199951171875
1992-06-26,343.35,4.022,367.0,81.25,,,,,,2534.10009765625,403.45001220703125
1992-06-29,342.55,3.9925,366.75,81.1,,,,,,2515.800048828125,408.94000244140625
1992-06-30,343.4,4.026,381.25,81.9,,,,,,2521.199951171875,408.1400146484375
1992-07-01,343.6,4.0485,384.0,82.25,,,,,,2493.89990234375,412.8800048828125
1992-07-02,344.65,4.065,387.9,83.25,,,,,,2476.10009765625,411.7699890136719
1992-07-03,345.8,4.04,386.0,83.5,,,,,,2497.10009765625,411.7699890136719
1992-07-06,346.2,4.0525,386.65,83.5,,,,,,2469.0,413.8399963378906
1992-07-07,345.8,3.9175,382.75,82.25,,,,,,2493.699951171875,409.1600036621094
1992-07-08,347.7,3.906,385.0,84.0,,,,,,2472.60009765625,410.2799987792969
1992-07-09,347.2,3.9085,383.5,84.25,,,,,,2497.89990234375,414.2300109863281
1992-07-10,348.75,3.965,385.0,85.4,,,,,,2490.800048828125,414.6199951171875
1992-07-13,348.9,3.936,386.85,86.25,,,,,,2478.300048828125,414.8699951171875
1992-07-14,350.4,3.95,391.75,88.65,,,,,,2484.0,417.67999267578125
1992-07-15,350.95,3.9505,386.5,88.25,,,,,,2486.39990234375,417.1000061035156
1992-07-16,353.15,3.9375,383.25,88.0,,,,,,2483.39990234375,417.5400085449219
1992-07-17,352.65,3.921,383.5,88.35,,,,,,2431.89990234375,415.6199951171875
1992-07-20,358.8,3.995,390.75,89.5,,,,,,2403.699951171875,413.75
1992-07-21,357.4,3.9525,380.9,88.75,,,,,,2415.60009765625,413.760009765625
1992-07-22,357.1,3.9625,377.25,87.5,,,,,,2387.89990234375,410.92999267578125
1992-07-23,359.3,4.0125,383.4,90.75,,,,,,2399.5,412.0799865722656
1992-07-24,357.9,3.98,380.35,89.25,,,,,,2377.199951171875,411.6000061035156
1992-07-27,358.0,3.9725,377.5,89.4,,,,,,2348.0,411.5400085449219
1992-07-28,359.25,3.9725,375.0,89.25,,,,,,2373.39990234375,417.5199890136719
1992-07-29,358.2,3.94,372.5,88.35,,,,,,2423.199951171875,422.2300109863281
1992-07-30,356.75,3.915,376.25,89.5,,,,,,2411.60009765625,423.9200134277344
1992-07-31,357.95,3.9525,385.25,91.4,,,,,,2399.60009765625,424.2099914550781
1992-08-03,357.3,3.9415,379.5,88.25,,,,,,2420.199951171875,425.0899963378906
1992-08-04,352.75,3.876,376.25,86.5,,,,,,2407.5,424.3599853515625
1992-08-05,352.9,3.88,375.85,86.75,,,,,,2392.800048828125,422.19000244140625
1992-08-06,349.25,3.9015,374.0,86.2,,,,,,2377.60009765625,420.5899963378906
1992-08-07,349.85,3.9275,377.25,87.75,,,,,,2350.10009765625,418.8800048828125
1992-08-10,350.75,3.976,375.0,88.0,,,,,,2325.699951171875,419.4200134277344
1992-08-11,348.5,3.9425,369.25,87.5,,,,,,2309.60009765625,418.8999938964844
1992-08-12,346.5,3.8935,367.75,87.0,,,,,,2303.10009765625,417.7799987792969
1992-08-13,339.25,3.809,351.75,84.75,,,,,,2318.0,417.7300109863281
1992-08-14,336.0,3.8135,346.25,82.5,,,,,,2356.800048828125,419.9100036621094
1992-08-17,337.5,3.82,347.75,82.35,,,,,,2376.10009765625,420.739990234375
1992-08-18,336.55,3.79,343.25,82.5,,,,,,2354.699951171875,421.3399963378906
1992-08-19,338.6,3.804,347.5,83.6,,,,,,2363.5,418.19000244140625
1992-08-20,336.7,3.729,346.85,83.5,,,,,,2359.39990234375,418.260009765625
1992-08-21,337.35,3.735,352.25,84.5,,,,,,2365.699951171875,414.8500061035156
1992-08-24,341.85,3.7615,351.25,85.0,,,,,,2311.10009765625,410.7200012207031
1992-08-25,340.85,3.7065,348.75,85.0,,,,,,2281.0,411.6099853515625
1992-08-26,340.35,3.6475,351.4,85.5,,,,,,2285.0,413.510009765625
1992-08-27,338.75,3.695,355.25,86.0,,,,,,2311.60009765625,413.5299987792969
1992-08-28,340.5,3.719,356.75,86.5,,,,,,2312.60009765625,414.8399963378906
1992-08-31,340.5,3.719,356.75,86.5,,,,,,2312.60009765625,414.0299987792969
1992-09-01,342.65,3.752,360.25,87.3,,,,,,2298.39990234375,416.07000732421875
1992-09-02,340.4,3.72,355.75,87.2,,,,,,2313.0,417.9800109863281
1992-09-03,339.05,3.7165,354.75,89.1,,,,,,2381.89990234375,417.9800109863281
1992-09-04,341.3,3.7415,357.2,89.0,,,,,,2362.199951171875,417.0799865722656
1992-09-07,343.25,3.7275,360.0,90.0,,,,,,2372.199951171875,417.0799865722656
1992-09-08,341.9,3.725,359.0,91.15,,,,,,2337.699951171875,414.44000244140625
1992-09-09,343.1,3.7475,364.15,91.5,,,,,,2327.5,416.3599853515625
1992-09-10,341.75,3.73,361.1,90.75,,,,,,2340.60009765625,419.95001220703125
1992-09-11,341.05,3.6875,356.25,88.5,,,,,,2370.89990234375,419.5799865722656
1992-09-14,342.75,3.7475,361.15,90.5,,,,,,2422.10009765625,425.2699890136719
1992-09-15,346.2,3.785,361.0,90.4,,,,,,2370.0,419.7699890136719
1992-09-16,346.2,3.838,365.75,92.25,,,,,,2378.300048828125,419.9200134277344
1992-09-17,350.75,3.8275,366.0,92.0,,,,,,2483.89990234375,419.92999267578125
1992-09-18,348.65,3.8075,361.75,90.75,,,,,,2567.0,422.92999267578125
1992-09-21,348.25,3.823,362.5,90.75,,,,,,2560.10009765625,422.1400146484375
1992-09-22,347.5,3.791,364.0,91.15,,,,,,2586.0,417.1400146484375
1992-09-23,348.9,3.835,363.2,91.0,,,,,,2580.5,417.44000244140625
1992-09-24,348.9,3.82,366.25,92.25,,,,,,2621.199951171875,418.4700012207031
1992-09-25,348.35,3.8215,369.25,92.5,,,,,,2601.0,414.3500061035156
1992-09-28,349.0,3.809,366.1,92.75,,,,,,2560.0,416.6199951171875
1992-09-29,347.7,3.725,364.35,93.25,,,,,,2565.5,416.79998779296875
1992-09-30,349.0,3.766,367.4,95.75,,,,,,2553.0,417.79998779296875
1992-10-01,347.6,3.7525,366.0,97.25,,,,,,2572.300048828125,416.2900085449219
1992-10-02,348.0,3.7325,364.75,96.6,,,,,,2549.699951171875,410.4700012207031
1992-10-05,348.75,3.7465,365.5,95.0,,,,,,2446.300048828125,407.57000732421875
1992-10-06,350.5,3.7585,363.5,95.4,,,,,,2488.39990234375,407.17999267578125
1992-10-07,349.5,3.7515,356.75,95.75,,,,,,2517.10009765625,404.25
1992-10-08,350.0,3.7335,356.8,95.65,,,,,,2538.800048828125,407.75
1992-10-09,349.8,3.7455,356.0,94.75,,,,,,2541.199951171875,402.6600036621094
1992-10-12,348.1,3.744,357.2,96.0,,,,,,2557.199951171875,407.44000244140625
1992-10-13,343.45,3.7175,355.6,95.25,,,,,,2584.699951171875,409.29998779296875
1992-10-14,343.3,3.705,355.25,92.8,,,,,,2574.699951171875,409.3699951171875
1992-10-15,341.75,3.725,357.25,93.85,,,,,,2546.60009765625,409.6000061035156
1992-10-16,341.75,3.71,357.35,94.25,,,,,,2563.89990234375,411.7300109863281
1992-10-19,342.25,3.7225,358.65,94.75,,,,,,2562.199951171875,414.9800109863281
1992-10-20,342.55,3.74,361.0,94.75,,,,,,2617.0,415.4800109863281
1992-10-21,343.5,3.8135,358.25,94.25,,,,,,2645.699951171875,415.6700134277344
1992-10-22,342.8,3.8,356.65,93.8,,,,,,2658.10009765625,414.8999938964844
1992-10-23,343.6,3.799,356.85,94.4,,,,,,2669.699951171875,414.1000061035156
1992-10-26,341.3,3.7525,355.5,94.15,,,,,,2661.60009765625,418.1600036621094
1992-10-27,339.1,3.75,355.25,93.5,,,,,,2669.800048828125,418.489990234375
1992-10-28,338.2,3.765,355.4,93.65,,,,,,2650.39990234375,420.1300048828125
1992-10-29,339.5,3.7665,353.85,93.5,,,,,,2642.300048828125,420.8599853515625
1992-10-30,338.8,3.764,354.15,93.85,,,,,,2658.300048828125,418.67999267578125
1992-11-02,339.3,3.7565,355.5,94.25,,,,,,2687.800048828125,422.75
1992-11-03,338.75,3.793,357.0,94.5,,,,,,2705.60009765625,419.9200134277344
1992-11-04,336.9,3.795,357.0,94.75,,,,,,2691.699951171875,417.1099853515625
1992-11-05,337.45,3.8725,363.0,95.75,,,,,,2711.10009765625,418.3399963378906
1992-11-06,336.7,3.9075,366.5,95.85,,,,,,2702.699951171875,417.5799865722656
1992-11-09,335.0,3.8585,362.0,94.85,,,,,,2695.39990234375,418.5899963378906
1992-11-10,330.2,3.713,350.75,92.25,,,,,,2714.60009765625,418.6199951171875
1992-11-11,331.95,3.6875,347.25,92.5,,,,,,2696.800048828125,422.20001220703125
1992-11-12,333.2,3.6875,351.0,94.0,,,,,,2726.39990234375,422.8699951171875
1992-11-13,334.25,3.7985,353.65,94.25,,,,,,2697.5,422.42999267578125
1992-11-16,336.0,3.762,353.75,94.9,,,,,,2679.60009765625,420.67999267578125
1992-11-17,333.85,3.7565,352.25,94.75,,,,,,2679.199951171875,419.2699890136719
1992-11-18,335.4,3.7675,353.0,94.75,,,,,,2704.0,422.8500061035156
1992-11-19,333.6,3.749,353.65,95.1,,,,,,2706.199951171875,423.6099853515625
1992-11-20,335.55,3.7725,356.25,94.8,,,,,,2732.39990234375,426.6499938964844
1992-11-23,334.25,3.752,358.5,95.1,,,,,,2722.89990234375,425.1199951171875
1992-11-24,333.95,3.7575,357.25,94.5,,,,,,2727.10009765625,427.5899963378906
1992-11-25,334.75,3.76,355.75,93.6,,,,,,2709.60009765625,429.19000244140625
1992-11-26,334.65,3.7625,356.25,94.15,,,,,,2709.60009765625,429.19000244140625
1992-11-27,334.0,3.75,357.75,94.0,,,,,,2760.10009765625,430.1600036621094
1992-11-30,333.7,3.7325,360.25,95.15,,,,,,2778.800048828125,431.3500061035156
1992-12-01,334.6,3.76,362.65,95.5,,,,,,2792.0,430.7799987792969
1992-12-02,335.1,3.7575,363.75,97.5,,,,,,2764.10009765625,429.8900146484375
1992-12-03,335.9,3.759,363.5,100.85,,,,,,2771.0,429.9100036621094
1992-12-04,335.9,3.7625,365.0,103.0,,,,,,2759.39990234375,432.05999755859375
1992-12-07,335.5,3.7585,365.5,105.75,,,,,,2754.5,435.30999755859375
1992-12-08,335.25,3.7585,369.2,109.25,,,,,,2769.800048828125,436.989990234375
1992-12-09,333.4,3.714,363.4,106.75,,,,,,2750.699951171875,435.6499938964844
1992-12-10,333.9,3.705,362.5,106.75,,,,,,2726.5,434.6400146484375
1992-12-11,334.2,3.724,363.75,110.5,,,,,,2716.199951171875,433.7300109863281
1992-12-14,335.3,3.7275,364.65,113.5,,,,,,2721.800048828125,432.8399963378906
1992-12-15,334.7,3.7165,363.15,111.25,,,,,,2717.89990234375,432.57000732421875
1992-12-16,334.9,3.714,363.75,109.85,,,,,,2732.800048828125,431.5199890136719
1992-12-17,337.75,3.75,365.5,111.5,,,,,,2740.300048828125,435.42999267578125
1992-12-18,337.15,3.775,363.5,111.15,,,,,,2789.699951171875,441.2799987792969
1992-12-21,336.35,3.75,357.25,106.4,,,,,,2807.699951171875,440.70001220703125
1992-12-22,334.35,3.7335,358.5,107.0,,,,,,2842.0,440.30999755859375
1992-12-23,332.55,3.6975,359.6,106.25,,,,,,2827.39990234375,439.0299987792969
1992-12-24,332.55,3.6975,359.6,106.25,,,,,,2827.5,439.7699890136719
1992-12-28,332.55,3.6975,359.6,106.25,,,,,,2827.5,439.1499938964844
1992-12-29,332.9,3.675,358.35,106.25,,,,,,2847.800048828125,437.9800109863281
1992-12-30,332.3,3.663,354.8,106.25,,,,,,2832.5,438.82000732421875
1992-12-31,332.3,3.663,354.8,106.25,,,,,,2846.5,435.7099914550781
1993-01-04,329.4,3.66,352.5,106.25,,,,,,2861.5,435.3800048828125
1993-01-05,328.8,3.654,356.4,109.0,,,,,,2833.60009765625,434.3399963378906
1993-01-06,328.85,3.7,359.0,111.25,,,,,,2826.0,434.5199890136719
1993-01-07,329.7,3.699,359.9,113.05,,,,,,2816.5,430.7300109863281
1993-01-08,329.1,3.66,357.0,111.25,,,,,,2799.199951171875,429.04998779296875
1993-01-11,328.4,3.6655,358.25,111.0,,,,,,2773.39990234375,430.95001220703125
1993-01-12,328.5,3.678,358.0,111.7,,,,,,2757.89990234375,431.0400085449219
1993-01-13,327.85,3.6685,356.25,110.0,,,,,,2745.300048828125,433.0299987792969
1993-01-14,328.2,3.6915,358.75,110.0,,,,,,2759.199951171875,435.94000244140625
1993-01-15,327.45,3.6665,356.4,105.85,,,,,,2765.10009765625,437.1499938964844
1993-01-18,327.9,3.673,357.0,108.65,,,,,,2763.10009765625,436.8399963378906
1993-01-19,329.05,3.6865,358.65,109.75,,,,,,2737.60009765625,435.1300048828125
1993-01-20,328.65,3.685,357.75,108.5,,,,,,2748.699951171875,433.3699951171875
1993-01-21,329.85,3.716,364.9,111.35,,,,,,2773.300048828125,435.489990234375
1993-01-22,329.4,3.7125,360.5,108.25,,,,,,2781.199951171875,436.1099853515625
1993-01-25,328.6,3.695,361.25,108.5,,,,,,2771.89990234375,440.010009765625
1993-01-26,329.1,3.7015,364.25,111.0,,,,,,2835.699951171875,439.95001220703125
1993-01-27,330.6,3.675,363.1,110.25,,,,,,2832.5,438.1099853515625
1993-01-28,329.7,3.69,362.25,110.25,,,,,,2816.89990234375,438.6600036621094
1993-01-29,330.75,3.7075,364.5,112.35,,,,,,2807.199951171875,438.7799987792969
1993-02-01,329.5,3.66,361.6,110.1,,,,,,2851.60009765625,442.5199890136719
1993-02-02,329.35,3.6685,358.35,110.5,,,,,,2834.39990234375,442.54998779296875
1993-02-03,329.6,3.674,361.0,112.6,,,,,,2873.800048828125,447.20001220703125
1993-02-04,328.15,3.67,358.5,112.15,,,,,,2865.89990234375,449.55999755859375
1993-02-05,327.8,3.67,360.75,114.9,,,,,,2862.89990234375,448.92999267578125
1993-02-08,327.6,3.6575,360.25,113.4,,,,,,2870.0,447.8500061035156
1993-02-09,327.75,3.6825,362.9,115.45,,,,,,2831.300048828125,445.3299865722656
1993-02-10,328.7,3.7125,368.0,117.5,,,,,,2816.39990234375,446.2300109863281
1993-02-11,331.65,3.7675,370.5,119.0,,,,,,2834.300048828125,447.6600036621094
1993-02-12,330.0,3.742,367.75,116.0,,,,,,2843.0,444.5799865722656
1993-02-15,328.35,3.688,365.75,114.25,,,,,,2845.89990234375,444.5799865722656
1993-02-16,329.2,3.687,366.75,114.75,,,,,,2812.199951171875,433.9100036621094
1993-02-17,331.5,3.705,367.75,115.0,,,,,,2814.0,433.29998779296875
1993-02-18,329.0,3.656,361.5,112.0,,,,,,2837.699951171875,431.8999938964844
1993-02-19,331.1,3.64,359.25,109.0,,,,,,2840.0,434.2200012207031
1993-02-22,328.9,3.5815,348.5,101.1,,,,,,2838.300048828125,435.239990234375
1993-02-23,329.2,3.58,345.1,102.65,,,,,,2818.0,434.79998779296875
1993-02-24,330.35,3.6015,345.65,101.25,,,,,,2817.0,440.8699951171875
1993-02-25,329.75,3.5895,344.4,100.25,,,,,,2828.699951171875,442.3399963378906
1993-02-26,328.75,3.5665,345.0,100.15,,,,,,2868.0,443.3800048828125
1993-03-01,328.4,3.5825,346.9,103.25,,,,,,2882.60009765625,442.010009765625
1993-03-02,328.9,3.585,343.65,105.6,,,,,,2882.300048828125,447.8999938964844
1993-03-03,329.55,3.584,342.75,105.0,,,,,,2918.60009765625,449.260009765625
1993-03-04,328.5,3.5725,340.75,104.5,,,,,,2904.800048828125,447.3399963378906
1993-03-05,329.7,3.587,344.3,104.75,,,,,,2922.10009765625,446.1099853515625
1993-03-08,328.7,3.575,341.85,104.35,,,,,,2957.300048828125,454.7099914550781
1993-03-09,327.2,3.56,344.75,103.75,,,,,,2949.89990234375,454.3999938964844
1993-03-10,326.5,3.57,345.5,103.75,,,,,,2956.699951171875,456.3299865722656
1993-03-11,326.65,3.6,350.5,107.0,,,,,,2953.39990234375,453.7200012207031
1993-03-12,326.5,3.64,351.25,106.65,,,,,,2915.89990234375,449.8299865722656
1993-03-15,327.9,3.625,352.25,106.65,,,,,,2922.39990234375,451.42999267578125
1993-03-16,329.0,3.65,349.85,105.25,,,,,,2919.300048828125,451.3699951171875
1993-03-17,328.65,3.6585,348.25,104.65,,,,,,2889.89990234375,448.30999755859375
1993-03-18,329.5,3.6415,348.75,105.5,,,,,,2879.699951171875,451.8900146484375
1993-03-19,331.3,3.6775,350.25,105.75,,,,,,2900.10009765625,450.17999267578125
1993-03-22,332.2,3.6825,356.0,106.75,,,,,,2863.89990234375,448.8800048828125
1993-03-23,331.9,3.665,354.0,105.75,,,,,,2861.10009765625,448.760009765625
1993-03-24,331.3,3.654,357.25,108.65,,,,,,2860.60009765625,448.07000732421875
1993-03-25,332.65,3.6825,357.3,109.75,,,,,,2852.800048828125,450.8800048828125
1993-03-26,332.7,3.7175,355.6,108.75,,,,,,2852.89990234375,447.7799987792969
1993-03-29,331.6,3.704,355.35,109.5,,,,,,2846.5,450.7699890136719
1993-03-30,333.2,3.7775,360.25,111.65,,,,,,2861.0,451.9700012207031
1993-03-31,336.9,3.89,363.25,112.5,,,,,,2878.699951171875,451.6700134277344
1993-04-01,337.0,3.8575,362.0,111.4,,,,,,2878.39990234375,450.29998779296875
1993-04-02,339.4,3.9715,365.5,115.0,,,,,,2869.89990234375,441.3900146484375
1993-04-05,339.35,3.8575,363.75,114.75,,,,,,2838.800048828125,442.2900085449219
1993-04-06,338.45,3.875,362.25,114.5,,,,,,2832.199951171875,441.1600036621094
1993-04-07,337.15,3.7915,359.25,110.65,,,,,,2822.10009765625,442.7300109863281
1993-04-08,337.85,3.8775,358.75,111.5,,,,,,2821.800048828125,441.8399963378906
1993-04-12,337.85,3.8775,358.75,111.5,,,,,,2821.800048828125,448.3699951171875
1993-04-13,336.95,3.8725,361.5,112.0,,,,,,2846.800048828125,449.2200012207031
1993-04-14,337.55,3.9015,363.0,111.75,,,,,,2842.10009765625,448.6600036621094
1993-04-15,339.2,3.9325,367.85,114.25,,,,,,2839.699951171875,448.3999938964844
1993-04-16,337.0,3.87,369.5,112.75,,,,,,2824.39990234375,448.94000244140625
1993-04-19,340.4,3.975,371.85,114.35,,,,,,2830.0,447.4599914550781
1993-04-20,341.55,3.9525,371.1,114.5,,,,,,2856.10009765625,445.1000061035156
1993-04-21,339.15,3.9115,367.0,115.0,,,,,,2869.60009765625,443.6300048828125
1993-04-22,337.7,3.8775,365.5,115.5,,,,,,2881.10009765625,439.4599914550781
1993-04-23,340.95,3.9325,371.5,117.75,,,,,,2843.800048828125,437.0299987792969
1993-04-26,348.55,4.0185,378.0,117.25,,,,,,2822.300048828125,433.5400085449219
1993-04-27,352.8,4.1025,375.25,115.75,,,,,,2832.699951171875,438.010009765625
1993-04-28,349.7,4.045,374.2,115.85,,,,,,2797.300048828125,438.0199890136719
1993-04-29,354.8,4.36,384.5,118.5,,,,,,2786.800048828125,438.8900146484375
1993-04-30,353.45,4.2985,386.5,119.35,,,,,,2813.10009765625,440.19000244140625
1993-05-03,353.45,4.2985,386.5,119.35,,,,,,2813.10009765625,442.4599914550781
1993-05-04,353.4,4.274,377.0,115.75,,,,,,2812.60009765625,444.04998779296875
1993-05-05,352.75,4.252,375.9,116.0,,,,,,2796.5,444.5199890136719
1993-05-06,356.1,4.303,380.9,118.75,,,,,,2786.300048828125,443.260009765625
1993-05-07,357.5,4.3625,385.0,121.0,,,,,,2793.699951171875,442.30999755859375
1993-05-10,356.25,4.2775,380.4,119.85,,,,,,2829.800048828125,442.79998779296875
1993-05-11,355.35,4.244,378.75,119.25,,,,,,2836.10009765625,444.3599853515625
1993-05-12,356.0,4.2325,379.9,120.25,,,,,,2860.800048828125,444.79998779296875
1993-05-13,367.0,4.52,386.75,122.6,,,,,,2849.300048828125,439.2300109863281
1993-05-14,366.6,4.435,382.5,118.95,,,,,,2847.0,439.55999755859375
1993-05-17,367.85,4.4615,386.5,119.85,,,,,,2858.10009765625,440.3699951171875
1993-05-18,366.6,4.403,382.25,120.1,,,,,,2847.300048828125,440.32000732421875
1993-05-19,378.75,4.744,391.25,122.0,,,,,,2819.699951171875,447.57000732421875
1993-05-20,376.05,4.513,384.0,118.5,,,,,,2816.800048828125,450.5899963378906
1993-05-21,374.05,4.5225,384.75,117.5,,,,,,2812.199951171875,445.8399963378906
1993-05-24,380.0,4.7225,389.65,119.5,,,,,,2825.60009765625,448.0
1993-05-25,374.35,4.5215,385.0,118.0,,,,,,2837.699951171875,448.8500061035156
1993-05-26,377.25,4.555,388.0,119.6,,,,,,2846.89990234375,453.44000244140625
1993-05-27,377.0,4.591,390.25,120.5,,,,,,2855.300048828125,452.4100036621094
1993-05-28,381.0,4.7135,396.75,122.5,,,,,,2840.699951171875,450.19000244140625
1993-06-01,378.25,4.615,396.0,123.5,,,,,,2849.199951171875,453.8299865722656
1993-06-02,368.25,4.365,382.0,121.85,,,,,,2863.0,453.8500061035156
1993-06-03,370.4,4.385,387.75,122.5,,,,,,2852.800048828125,452.489990234375
1993-06-04,377.5,4.5,390.75,123.75,,,,,,2829.89990234375,450.05999755859375
1993-06-07,375.45,4.355,386.0,123.5,,,,,,2844.800048828125,447.69000244140625
1993-06-08,373.75,4.3925,385.0,125.75,,,,,,2844.39990234375,444.7099914550781
1993-06-09,370.65,4.3675,383.6,124.5,,,,,,2866.89990234375,445.7799987792969
1993-06-10,369.6,4.305,386.85,126.3,,,,,,2860.0,445.3800048828125
1993-06-11,370.2,4.31,386.75,127.0,,,,,,2861.800048828125,447.260009765625
1993-06-14,366.3,4.22,382.5,125.25,,,,,,2885.5,447.7099914550781
1993-06-15,365.0,4.225,376.35,126.0,,,,,,2870.0,446.2699890136719
1993-06-16,370.0,4.318,379.5,127.75,,,,,,2883.0,447.42999267578125
1993-06-17,369.4,4.326,379.75,128.5,,,,,,2875.699951171875,448.5400085449219
1993-06-18,370.65,4.3425,379.0,127.9,,,,,,2879.39990234375,443.67999267578125
1993-06-21,369.55,4.29,378.35,128.0,,,,,,2903.39990234375,446.2200012207031
1993-06-22,369.1,4.2965,374.65,127.25,,,,,,2907.60009765625,445.92999267578125
1993-06-23,367.0,4.266,372.15,125.9,,,,,,2900.699951171875,443.19000244140625
1993-06-24,374.1,4.43,380.0,128.15,,,,,,2894.699951171875,446.6199951171875
1993-06-25,374.6,4.4025,383.25,129.25,,,,,,2887.5,447.6000061035156
1993-06-28,378.1,4.505,386.4,132.15,,,,,,2897.0,451.8500061035156
1993-06-29,375.25,4.455,384.1,135.75,,,,,,2886.0,450.69000244140625
1993-06-30,379.0,4.575,385.65,138.0,,,,,,2900.0,450.5299987792969
1993-07-01,377.85,4.5475,385.25,140.0,,,,,,2888.800048828125,449.0199890136719
1993-07-02,390.0,4.835,395.0,146.0,,,,,,2857.699951171875,445.8399963378906
1993-07-05,387.25,4.885,392.75,137.25,,,,,,2838.5,445.8399963378906
1993-07-06,388.0,5.07,404.25,140.25,,,,,,2848.10009765625,441.42999267578125
1993-07-07,397.25,5.1675,406.25,140.0,,,,,,2848.300048828125,442.8299865722656
1993-07-08,398.4,5.115,408.0,139.0,,,,,,2845.89990234375,448.6400146484375
1993-07-09,389.4,4.99,403.0,135.75,,,,,,2843.199951171875,448.1099853515625
1993-07-12,394.4,5.065,405.5,138.75,,,,,,2830.89990234375,448.9800109863281
1993-07-13,390.4,4.9775,402.25,136.75,,,,,,2837.10009765625,448.0899963378906
1993-07-14,395.7,5.095,407.25,138.5,,,,,,2832.300048828125,450.0799865722656
1993-07-15,391.8,4.925,404.2,139.75,,,,,,2831.699951171875,449.2200012207031
1993-07-16,393.65,5.045,403.9,139.75,,,,,,2833.0,445.75
1993-07-19,392.8,5.0685,408.0,139.15,,,,,,2842.89990234375,446.0299987792969
1993-07-20,391.5,5.045,405.5,139.6,,,,,,2823.89990234375,447.30999755859375
1993-07-21,391.6,5.05,404.25,138.5,,,,,,2814.10009765625,447.17999267578125
1993-07-22,389.0,4.9375,396.25,137.5,,,,,,2820.10009765625,444.510009765625
1993-07-23,392.6,5.0275,404.15,138.9,,,,,,2827.699951171875,447.1000061035156
1993-07-26,389.75,4.9665,404.0,139.25,,,,,,2844.199951171875,449.0899963378906
1993-07-27,393.6,5.105,406.0,139.75,,,,,,2879.39990234375,448.239990234375
1993-07-28,391.8,5.065,406.6,140.4,,,,,,2884.199951171875,447.19000244140625
1993-07-29,394.3,5.145,409.25,141.5,,,,,,2917.60009765625,450.239990234375
1993-07-30,403.7,5.3,413.6,142.0,,,,,,2926.5,448.1300048828125
1993-08-02,406.7,5.42,416.5,143.15,,,,,,2941.699951171875,450.1499938964844
1993-08-03,404.95,5.3765,417.4,143.75,,,,,,2945.0,449.2699890136719
1993-08-04,400.65,5.29,419.0,144.25,,,,,,2941.300048828125,448.5400085449219
1993-08-05,396.45,5.17,401.75,142.75,,,,,,2943.39990234375,448.1300048828125
1993-08-06,381.9,4.82,387.75,138.75,,,,,,2969.800048828125,448.67999267578125
1993-08-09,382.5,4.675,393.25,139.75,,,,,,2986.39990234375,450.7200012207031
1993-08-10,382.2,4.796,393.0,140.5,,,,,,2971.60009765625,449.45001220703125
1993-08-11,381.35,4.785,392.25,140.25,,,,,,3006.10009765625,450.4599914550781
1993-08-12,375.35,4.686,389.6,140.25,,,,,,3009.10009765625,448.9599914550781
1993-08-13,370.45,4.5925,385.0,137.75,,,,,,3010.10009765625,450.1400146484375
1993-08-16,373.5,4.772,387.75,139.25,,,,,,3008.300048828125,452.3800048828125
1993-08-17,372.5,4.735,387.25,138.25,,,,,,3025.0,453.1300048828125
1993-08-18,372.85,4.6925,388.0,138.25,,,,,,3073.60009765625,456.0400085449219
1993-08-19,373.65,4.725,393.5,138.5,,,,,,3065.5,456.42999267578125
1993-08-20,370.35,4.6575,385.6,136.75,,,,,,3057.60009765625,456.1600036621094
1993-08-23,373.6,4.7825,387.85,136.0,,,,,,3042.0,455.2300109863281
1993-08-24,372.75,4.764,387.5,134.25,,,,,,3049.300048828125,459.7699890136719
1993-08-25,371.75,4.7475,386.5,128.75,,,,,,3079.199951171875,460.1300048828125
1993-08-26,371.6,4.725,383.75,122.5,,,,,,3079.199951171875,461.0400085449219
1993-08-27,370.05,4.6875,377.5,120.0,,,,,,3100.60009765625,460.5400085449219
1993-08-30,370.05,4.6875,377.5,120.0,,,,,,3100.60009765625,461.8999938964844
1993-08-31,370.6,4.8425,384.0,125.75,,,,,,3100.0,463.55999755859375
1993-09-01,371.8,4.8325,380.5,123.5,,,,,,3085.10009765625,463.1499938964844
1993-09-02,369.2,4.72,379.75,122.2,,,,,,3072.60009765625,461.29998779296875
1993-09-03,363.7,4.555,371.0,122.0,,,,,,3057.300048828125,461.3399963378906
1993-09-06,364.2,4.525,373.0,122.5,,,,,,3059.0,461.3399963378906
1993-09-07,362.95,4.5025,366.75,119.75,,,,,,3038.60009765625,458.5199890136719
1993-09-08,352.25,4.255,357.25,117.0,,,,,,3035.39990234375,456.6499938964844
1993-09-09,351.35,4.2425,357.65,117.85,,,,,,3031.199951171875,457.5
1993-09-10,356.0,4.2775,358.25,120.25,,,,,,3037.0,461.7200012207031
1993-09-13,348.25,4.064,352.75,117.25,,,,,,3024.800048828125,462.05999755859375
1993-09-14,342.05,3.9235,351.75,115.75,,,,,,3028.0,459.8999938964844
1993-09-15,345.25,4.0375,353.75,117.5,,,,,,2989.39990234375,461.6000061035156
1993-09-16,350.4,4.057,360.9,119.75,,,,,,3003.89990234375,459.42999267578125
1993-09-17,352.3,4.0975,360.25,121.0,,,,,,3005.5,458.8299865722656
1993-09-20,353.5,4.111,361.5,120.5,,,,,,3004.5,455.04998779296875
1993-09-21,354.3,4.1075,360.25,124.5,,,,,,3001.60009765625,452.95001220703125
1993-09-22,355.0,4.0735,361.0,123.0,,,,,,3007.5,456.20001220703125
1993-09-23,353.75,4.039,362.0,124.25,,,,,,3001.300048828125,457.739990234375
1993-09-24,357.4,4.142,362.75,125.25,,,,,,3005.199951171875,457.6300048828125
1993-09-27,357.25,4.1075,362.6,125.0,,,,,,3026.300048828125,461.79998779296875
1993-09-28,354.25,4.045,360.5,124.0,,,,,,3036.89990234375,461.5299987792969
1993-09-29,354.55,4.0625,360.75,124.75,,,,,,3030.10009765625,460.1099853515625
1993-09-30,352.65,4.03,359.25,125.25,,,,,,3037.5,458.92999267578125
1993-10-01,353.9,4.0575,361.1,125.15,,,,,,3037.5,461.2799987792969
1993-10-04,355.5,4.0875,356.75,125.6,,,,,,3067.699951171875,461.3399963378906
1993-10-05,353.95,4.05,356.0,123.9,,,,,,3085.199951171875,461.20001220703125
1993-10-06,353.5,4.1525,359.6,124.5,,,,,,3100.800048828125,460.739990234375
1993-10-07,356.9,4.33,363.35,126.85,,,,,,3092.39990234375,459.17999267578125
1993-10-08,357.85,4.365,361.75,126.9,,,,,,3108.60009765625,460.30999755859375
1993-10-11,360.55,4.3775,363.4,129.5,,,,,,3102.199951171875,460.8800048828125
1993-10-12,359.6,4.2865,363.0,130.75,,,,,,3094.699951171875,461.1199951171875
1993-10-13,366.6,4.4475,370.1,133.0,,,,,,3080.89990234375,461.489990234375
1993-10-14,365.9,4.4335,371.5,134.0,,,,,,3086.300048828125,466.8299865722656
1993-10-15,365.35,4.3325,366.75,132.75,,,,,,3120.800048828125,469.5
1993-10-18,365.0,4.355,366.95,130.5,,,,,,3137.60009765625,468.45001220703125
1993-10-19,368.85,4.4535,373.25,132.75,,,,,,3129.60009765625,466.2099914550781
1993-10-20,371.6,4.4925,375.1,133.65,,,,,,3156.300048828125,466.07000732421875
1993-10-21,371.55,4.5115,375.85,131.6,,,,,,3188.300048828125,465.3599853515625
1993-10-22,370.65,4.436,371.75,130.0,,,,,,3199.0,463.2699890136719
1993-10-25,371.5,4.4325,376.35,131.1,,,,,,3184.800048828125,464.20001220703125
1993-10-26,368.5,4.3925,371.0,130.0,,,,,,3165.300048828125,464.29998779296875
1993-10-27,368.65,4.3875,374.25,130.6,,,,,,3154.300048828125,464.6099853515625
1993-10-28,369.1,4.42,373.75,129.5,,,,,,3163.0,467.7300109863281
1993-10-29,369.1,4.4025,374.5,130.0,,,,,,3171.0,467.8299865722656
1993-11-01,367.95,4.285,369.35,127.75,,,,,,3164.39990234375,469.1000061035156
1993-11-02,362.5,4.2115,366.75,128.5,,,,,,3164.10009765625,468.44000244140625
1993-11-03,363.0,4.2125,368.65,127.4,,,,,,3162.300048828125,463.0199890136719
1993-11-04,369.1,4.3815,375.0,130.4,,,,,,3149.0,457.489990234375
1993-11-05,374.4,4.4775,380.25,130.5,,,,,,3085.60009765625,459.57000732421875
1993-11-08,377.9,4.5175,377.25,128.75,,,,,,3077.60009765625,460.2099914550781
1993-11-09,376.35,4.5425,378.1,128.9,,,,,,3096.0,460.3299865722656
1993-11-10,375.5,4.5325,375.75,128.65,,,,,,3098.5,463.7200012207031
1993-11-11,377.15,4.5675,377.75,129.0,,,,,,3099.699951171875,462.6400146484375
1993-11-12,376.75,4.58,377.75,129.25,,,,,,3099.10009765625,465.3900146484375
1993-11-15,373.9,4.5175,374.05,129.5,,,,,,3093.300048828125,463.75
1993-11-16,375.25,4.5775,376.75,130.35,,,,,,3097.5,466.739990234375
1993-11-17,373.7,4.55,374.25,129.25,,,,,,3120.0,464.80999755859375
1993-11-18,374.25,4.6115,379.0,129.5,,,,,,3125.5,463.6199951171875
1993-11-19,375.75,4.6925,376.75,129.0,,,,,,3108.0,462.6000061035156
1993-11-22,378.15,4.7325,377.75,128.0,,,,,,3070.60009765625,459.1300048828125
1993-11-23,378.05,4.6825,375.8,126.25,,,,,,3069.300048828125,461.0299987792969
1993-11-24,376.1,4.645,372.75,125.1,,,,,,3067.199951171875,462.3599853515625
1993-11-25,377.1,4.642,373.25,126.0,,,,,,3093.10009765625,462.3599853515625
1993-11-26,376.3,4.6715,374.75,125.5,,,,,,3111.39990234375,463.05999755859375
1993-11-29,376.7,4.632,368.75,122.75,,,,,,3135.800048828125,461.8999938964844
1993-11-30,370.8,4.467,366.65,123.5,,,,,,3166.89990234375,461.7900085449219
1993-12-01,370.1,4.4285,366.75,121.4,,,,,,3233.199951171875,461.8900146484375
1993-12-02,374.5,4.66,374.0,123.25,,,,,,3223.89990234375,463.1099853515625
1993-12-03,372.75,4.6075,371.05,123.0,,,,,,3234.199951171875,464.8900146484375
1993-12-06,376.15,4.84,374.25,124.25,,,,,,3237.300048828125,466.42999267578125
1993-12-07,374.35,4.835,376.9,124.9,,,,,,3237.300048828125,466.760009765625
1993-12-08,377.15,4.96,380.2,127.75,,,,,,3277.39990234375,466.2900085449219
1993-12-09,382.5,4.9775,380.75,126.75,,,,,,3271.60009765625,464.17999267578125
1993-12-10,382.3,4.987,379.5,126.25,,,,,,3261.300048828125,463.92999267578125
1993-12-13,387.55,5.1,384.5,127.25,,,,,,3254.60009765625,465.70001220703125
1993-12-14,387.6,5.1375,387.0,126.25,,,,,,3248.39990234375,463.05999755859375
1993-12-15,385.9,5.095,384.6,124.65,,,,,,3278.800048828125,461.8399963378906
1993-12-16,386.5,5.095,389.4,125.4,,,,,,3311.199951171875,463.3399963378906
1993-12-17,385.8,5.0175,386.75,125.25,,,,,,3337.10009765625,466.3800048828125
1993-12-20,389.75,5.1225,389.5,125.5,,,,,,3364.89990234375,465.8500061035156
1993-12-21,388.65,5.1075,388.75,124.0,,,,,,3342.39990234375,465.29998779296875
1993-12-22,386.4,4.9975,384.15,123.25,,,,,,3355.699951171875,467.32000732421875
1993-12-23,385.75,5.035,385.25,124.1,,,,,,3396.5,467.3800048828125
1993-12-24,385.75,5.035,385.25,124.1,,,,,,3412.300048828125,467.3800048828125
1993-12-27,385.75,5.035,385.25,124.1,,,,,,3412.300048828125,470.5400085449219
1993-12-28,385.75,5.035,385.25,124.1,,,,,,3412.300048828125,470.94000244140625
1993-12-29,385.65,5.09,387.25,122.6,,,,,,3462.0,470.5799865722656
1993-12-30,391.5,5.1075,393.5,123.4,,,,,,3428.800048828125,468.6400146484375
1993-12-31,391.5,5.1075,393.5,123.4,,,,,,3418.39990234375,466.45001220703125
1994-01-03,391.5,5.1075,393.5,123.4,,,,,,3418.39990234375,465.44000244140625
1994-01-04,395.0,5.2765,398.0,125.0,,,,,,3408.5,466.8900146484375
1994-01-05,394.0,5.2325,397.25,126.75,,,,,,3379.199951171875,467.54998779296875
1994-01-06,390.6,5.02,389.5,124.75,,,,,,3403.0,467.1199951171875
1994-01-07,390.7,5.11,389.75,124.75,,,,,,3446.0,469.8999938964844
1994-01-10,382.2,4.9115,383.25,123.65,,,,,,3440.60009765625,475.2699890136719
1994-01-11,384.35,5.0425,385.25,123.25,,,,,,3413.800048828125,474.1300048828125
1994-01-12,386.8,5.105,386.25,123.75,,,,,,3372.0,474.1700134277344
1994-01-13,384.75,5.056,385.75,123.5,,,,,,3360.0,472.4700012207031
1994-01-14,389.5,5.2075,389.5,123.75,,,,,,3400.60009765625,474.9100036621094
1994-01-17,392.6,5.3435,392.65,124.9,,,,,,3407.800048828125,473.29998779296875
1994-01-18,392.5,5.3275,394.0,124.9,,,,,,3437.0,474.25
1994-01-19,392.7,5.3225,393.25,124.9,,,,,,3475.10009765625,474.29998779296875
1994-01-20,392.4,5.32,391.5,124.25,,,,,,3470.0,474.9800109863281
1994-01-21,387.85,5.185,382.5,123.6,,,,,,3484.199951171875,474.7200012207031
1994-01-24,381.5,5.04,378.5,123.5,,,,,,3481.39990234375,471.9700012207031
1994-01-25,382.9,5.1325,381.0,123.75,,,,,,3444.0,470.9200134277344
1994-01-26,381.0,5.075,380.0,124.0,,,,,,3436.10009765625,473.20001220703125
1994-01-27,384.5,5.115,386.75,124.75,,,,,,3427.300048828125,477.04998779296875
1994-01-28,378.15,4.974,380.8,123.75,,,,,,3447.39990234375,478.70001220703125
1994-01-31,378.2,5.0575,384.85,124.5,,,,,,3491.800048828125,481.6099853515625
1994-02-01,382.1,5.12,387.0,125.1,,,,,,3481.5,479.6199951171875
1994-02-02,384.95,5.28,391.5,126.75,,,,,,3520.300048828125,482.0
1994-02-03,384.0,5.2825,392.25,126.85,,,,,,3491.5,480.7099914550781
1994-02-04,387.65,5.455,397.0,128.1,,,,,,3475.39990234375,469.80999755859375
1994-02-07,383.95,5.3075,391.75,128.5,,,,,,3419.10009765625,471.760009765625
1994-02-08,380.45,5.225,389.35,130.5,,,,,,3440.199951171875,471.04998779296875
1994-02-09,380.25,5.245,389.5,130.5,,,,,,3429.10009765625,472.7699890136719
1994-02-10,382.2,5.295,392.0,132.5,,,,,,3407.0,468.92999267578125
1994-02-11,381.1,5.2125,390.0,132.75,,,,,,3378.89990234375,470.17999267578125
1994-02-14,381.9,5.26,393.75,133.25,,,,,,3363.5,470.2300109863281
1994-02-15,384.5,5.325,400.5,135.25,,,,,,3393.199951171875,472.5199890136719
1994-02-16,383.6,5.25,400.75,136.0,,,,,,3417.699951171875,472.7900085449219
1994-02-17,384.75,5.2975,404.5,135.0,,,,,,3425.300048828125,470.3399963378906
1994-02-18,382.05,5.23,399.0,133.9,,,,,,3382.60009765625,467.69000244140625
1994-02-21,379.75,5.18,398.25,133.25,,,,,,3350.300048828125,467.69000244140625
1994-02-22,378.1,5.16,395.85,132.75,,,,,,3333.699951171875,471.4599914550781
1994-02-23,377.5,5.1825,392.0,131.75,,,,,,3341.89990234375,470.69000244140625
1994-02-24,376.0,5.2125,389.5,132.25,,,,,,3267.5,464.260009765625
1994-02-25,377.6,5.1825,391.6,135.75,,,,,,3281.199951171875,466.07000732421875
1994-02-28,380.75,5.243,394.65,135.75,,,,,,3328.10009765625,467.1400146484375
1994-03-01,381.1,5.3275,392.75,135.25,,,,,,3270.60009765625,464.44000244140625
1994-03-02,376.45,5.235,386.5,135.1,,,,,,3248.10009765625,464.80999755859375
1994-03-03,377.7,5.2625,392.0,129.25,,,,,,3246.5,463.010009765625
1994-03-04,375.65,5.186,391.5,128.75,,,,,,3278.0,464.739990234375
1994-03-07,377.0,5.2325,391.85,130.75,,,,,,3305.89990234375,466.9100036621094
1994-03-08,375.45,5.18,391.6,130.75,,,,,,3264.39990234375,465.8800048828125
1994-03-09,376.25,5.215,391.75,131.25,,,,,,3246.699951171875,467.05999755859375
1994-03-10,379.05,5.2975,395.75,131.95,,,,,,3233.89990234375,463.8999938964844
1994-03-11,387.1,5.445,403.75,133.75,,,,,,3191.89990234375,466.44000244140625
1994-03-14,386.3,5.3675,403.0,133.0,,,,,,3233.39990234375,467.3900146484375
1994-03-15,386.25,5.45,403.65,133.25,,,,,,3267.39990234375,467.010009765625
1994-03-16,385.3,5.4225,401.25,133.25,,,,,,3242.89990234375,469.4200134277344
1994-03-17,383.0,5.36,398.85,132.75,,,,,,3255.699951171875,470.8999938964844
1994-03-18,385.9,5.435,400.4,133.25,,,,,,3218.10009765625,471.05999755859375
1994-03-21,386.8,5.4075,399.5,133.25,,,,,,3198.0,468.5400085449219
1994-03-22,386.95,5.448,402.15,134.35,,,,,,3201.5,468.79998779296875
1994-03-23,388.4,5.59,400.75,134.0,,,,,,3155.300048828125,468.5400085449219
1994-03-24,390.3,5.7475,404.75,134.85,,,,,,3121.699951171875,464.3500061035156
1994-03-25,391.8,5.73,408.75,134.75,,,,,,3129.0,460.5799865722656
1994-03-28,390.9,5.7,412.0,134.4,,,,,,3129.5,460.0
1994-03-29,387.9,5.62,406.5,133.75,,,,,,3123.39990234375,452.4800109863281
1994-03-30,386.75,5.61,409.5,133.75,,,,,,3092.39990234375,445.54998779296875
1994-03-31,389.7,5.735,418.0,133.5,,,,,,3086.39990234375,445.7699890136719
1994-04-04,389.7,5.735,418.0,133.5,,,,,,3086.39990234375,438.9200134277344
1994-04-05,387.4,5.645,408.0,134.75,,,,,,3116.199951171875,448.2900085449219
1994-04-06,385.1,5.525,404.75,134.0,,,,,,3131.5,448.04998779296875
1994-04-07,384.95,5.4975,406.5,132.75,,,,,,3129.0,450.8800048828125
1994-04-08,384.85,5.4635,405.0,133.25,,,,,,3120.800048828125,447.1000061035156
1994-04-11,384.9,5.455,404.0,133.25,,,,,,3149.39990234375,449.8699951171875
1994-04-12,378.4,5.282,395.5,132.75,,,,,,3159.10009765625,447.57000732421875
1994-04-13,379.2,5.336,398.5,132.0,,,,,,3145.800048828125,446.260009765625
1994-04-14,378.55,5.34,400.5,132.75,,,,,,3131.699951171875,446.3800048828125
1994-04-15,376.2,5.295,394.25,132.0,,,,,,3168.300048828125,446.17999267578125
1994-04-18,377.35,5.246,395.25,132.25,,,,,,3138.199951171875,442.4599914550781
1994-04-19,375.95,5.2375,386.25,131.25,,,,,,3128.0,442.5400085449219
1994-04-20,372.4,5.2435,385.5,132.75,,,,,,3098.300048828125,441.9599914550781
1994-04-21,373.75,5.265,389.25,134.0,,,,,,3101.199951171875,448.7300109863281
1994-04-22,372.85,5.2,388.6,133.0,,,,,,3133.699951171875,447.6300048828125
1994-04-25,370.25,5.094,390.0,134.25,,,,,,3106.10009765625,452.7099914550781
1994-04-26,374.15,5.121,394.6,135.25,,,,,,3125.300048828125,451.8699951171875
1994-04-27,374.35,5.165,392.5,135.25,,,,,,3150.0,451.8699951171875
1994-04-28,373.2,5.165,389.0,134.75,,,,,,3129.89990234375,449.1000061035156
1994-04-29,376.45,5.28,393.75,136.75,,,,,,3125.300048828125,450.9100036621094
1994-05-02,376.45,5.28,393.75,136.75,,,,,,3125.300048828125,453.0199890136719
1994-05-03,375.7,5.2875,400.5,139.9,,,,,,3100.0,453.0299987792969
1994-05-04,374.5,5.2125,394.5,139.4,,,,,,3070.5,451.7200012207031
1994-05-05,374.5,5.1175,390.5,136.75,,,,,,3106.0,451.3800048828125
1994-05-06,372.8,5.0675,389.5,136.0,,,,,,3106.0,447.82000732421875
1994-05-09,381.4,5.395,397.15,137.5,,,,,,3097.800048828125,442.32000732421875
1994-05-10,381.65,5.3915,395.5,135.75,,,,,,3136.300048828125,446.010009765625
1994-05-11,378.5,5.265,393.5,134.5,,,,,,3130.5,441.489990234375
1994-05-12,382.15,5.4025,396.75,135.5,,,,,,3137.800048828125,443.75
1994-05-13,381.45,5.4225,399.4,135.75,,,,,,3119.199951171875,444.1400146484375
1994-05-16,380.65,5.3925,398.15,135.1,,,,,,3115.60009765625,444.489990234375
1994-05-17,382.55,5.53,400.0,135.25,,,,,,3123.5,449.3699951171875
1994-05-18,379.65,5.4435,396.25,134.75,,,,,,3116.5,453.69000244140625
1994-05-19,383.0,5.57,399.0,135.1,,,,,,3122.800048828125,456.4800109863281
1994-05-20,381.55,5.5325,399.5,135.5,,,,,,3127.300048828125,454.9200134277344
1994-05-23,386.75,5.715,406.1,136.65,,,,,,3108.39990234375,453.20001220703125
1994-05-24,388.1,5.73,407.5,137.5,,,,,,3089.10009765625,454.80999755859375
1994-05-25,386.4,5.5675,405.1,136.65,,,,,,3020.699951171875,456.3399963378906
1994-05-26,385.9,5.5115,400.0,134.0,,,,,,3019.699951171875,457.05999755859375
1994-05-27,383.4,5.45,397.25,134.25,,,,,,2966.39990234375,457.3299865722656
1994-05-31,386.25,5.495,399.0,134.5,,,,,,2970.5,456.5
1994-06-01,387.25,5.5425,401.9,135.75,,,,,,2931.89990234375,457.6300048828125
1994-06-02,383.6,5.3475,396.25,134.25,,,,,,2980.800048828125,457.6499938964844
1994-06-03,382.75,5.3375,398.0,134.35,,,,,,2997.800048828125,460.1300048828125
1994-06-06,380.25,5.2725,395.25,133.85,,,,,,3009.39990234375,458.8800048828125
1994-06-07,380.5,5.28,396.55,134.15,,,,,,3004.800048828125,458.2099914550781
1994-06-08,381.9,5.329,398.0,135.25,,,,,,3038.199951171875,457.05999755859375
1994-06-09,382.2,5.355,398.25,135.5,,,,,,3028.89990234375,457.8599853515625
1994-06-10,383.3,5.387,399.6,136.25,,,,,,3055.89990234375,458.6700134277344
1994-06-13,382.5,5.325,399.0,137.0,,,,,,3016.300048828125,459.1000061035156
1994-06-14,383.5,5.4175,402.0,137.75,,,,,,3039.60009765625,462.3699951171875
1994-06-15,383.5,5.355,401.75,137.5,,,,,,3045.800048828125,460.6099853515625
1994-06-16,387.1,5.53,405.25,138.75,,,,,,3030.10009765625,461.92999267578125
1994-06-17,385.75,5.47,405.75,138.4,,,,,,3022.89990234375,458.45001220703125
1994-06-20,391.0,5.605,408.25,138.75,,,,,,2971.10009765625,455.4800109863281
1994-06-21,389.95,5.4825,406.0,138.4,,,,,,2940.199951171875,451.3399963378906
1994-06-22,393.1,5.544,408.5,138.5,,,,,,2960.39990234375,453.0899963378906
1994-06-23,389.5,5.365,405.1,138.25,,,,,,2942.39990234375,449.6300048828125
1994-06-24,390.7,5.4065,404.0,138.25,,,,,,2876.60009765625,442.79998779296875
1994-06-27,390.25,5.39,400.75,138.5,,,,,,2899.89990234375,447.30999755859375
1994-06-28,385.9,5.265,397.75,138.5,,,,,,2909.0,446.07000732421875
1994-06-29,385.8,5.27,399.5,139.15,,,,,,2946.300048828125,447.6300048828125
1994-06-30,385.4,5.251,400.25,141.25,,,,,,2919.199951171875,444.2699890136719
1994-07-01,386.8,5.355,406.65,142.85,,,,,,2936.39990234375,446.20001220703125
1994-07-04,387.3,5.386,410.0,143.75,,,,,,2970.39990234375,446.20001220703125
1994-07-05,387.8,5.4075,412.25,143.75,,,,,,2965.0,446.3699951171875
1994-07-06,385.75,5.3175,407.35,143.65,,,,,,2946.699951171875,446.1300048828125
1994-07-07,383.9,5.24,402.25,143.0,,,,,,2964.39990234375,448.3800048828125
1994-07-08,383.4,5.2375,401.0,143.75,,,,,,2962.39990234375,449.54998779296875
1994-07-11,384.4,5.2475,402.5,145.35,,,,,,2983.800048828125,448.05999755859375
1994-07-12,385.75,5.315,403.5,144.65,,,,,,2963.89990234375,447.95001220703125
1994-07-13,384.85,5.215,408.25,145.75,,,,,,3005.300048828125,448.7300109863281
1994-07-14,384.0,5.1625,408.25,145.9,,,,,,3050.39990234375,453.4100036621094
1994-07-15,384.85,5.2225,410.25,146.25,,,,,,3074.800048828125,454.1600036621094
1994-07-18,386.4,5.255,416.75,147.3,,,,,,3082.0,455.2200012207031
1994-07-19,384.25,5.2115,414.5,145.75,,,,,,3091.300048828125,453.8599853515625
1994-07-20,386.4,5.3215,416.5,145.75,,,,,,3077.199951171875,451.6000061035156
1994-07-21,385.4,5.26,411.75,145.65,,,,,,3095.10009765625,452.6099853515625
1994-07-22,384.1,5.2525,411.5,145.4,,,,,,3114.699951171875,453.1099853515625
1994-07-25,384.85,5.26,416.75,147.5,,,,,,3106.10009765625,454.25
1994-07-26,385.85,5.32,421.75,151.0,,,,,,3117.199951171875,453.3599853515625
1994-07-27,387.0,5.3225,427.5,152.2,,,,,,3082.300048828125,452.57000732421875
1994-07-28,387.35,5.3325,422.0,150.0,,,,,,3095.89990234375,454.239990234375
1994-07-29,384.05,5.2925,419.5,150.0,,,,,,3082.60009765625,458.260009765625
1994-08-01,384.0,5.33,424.25,152.25,,,,,,3097.39990234375,461.010009765625
1994-08-02,383.75,5.285,419.75,153.5,,,,,,3157.5,460.55999755859375
1994-08-03,378.6,5.2125,414.9,153.75,,,,,,3160.39990234375,461.45001220703125
1994-08-04,377.5,5.155,404.25,150.0,,,,,,3150.5,458.3999938964844
1994-08-05,378.6,5.175,409.85,149.25,,,,,,3167.5,457.0899963378906
1994-08-08,377.7,5.113,407.6,149.75,,,,,,3171.89990234375,457.8900146484375
1994-08-09,377.4,5.1125,407.75,151.25,,,,,,3168.60009765625,457.9200134277344
1994-08-10,378.3,5.159,412.0,152.0,,,,,,3167.0,460.29998779296875
1994-08-11,376.7,5.115,411.0,151.85,,,,,,3138.199951171875,458.8800048828125
1994-08-12,377.7,5.1925,413.0,153.0,,,,,,3142.300048828125,461.94000244140625
1994-08-15,376.45,5.05,409.75,152.0,,,,,,3142.199951171875,461.2300109863281
1994-08-16,376.6,5.0725,410.4,152.25,,,,,,3147.300048828125,465.010009765625
1994-08-17,377.8,5.1275,411.75,152.6,,,,,,3190.300048828125,465.1700134277344
1994-08-18,377.85,5.1075,411.25,153.0,,,,,,3182.60009765625,463.1700134277344
1994-08-19,381.05,5.1725,413.0,154.0,,,,,,3191.39990234375,463.67999267578125
1994-08-22,381.6,5.2265,414.5,154.35,,,,,,3171.300048828125,462.32000732421875
1994-08-23,381.25,5.213,411.0,152.75,,,,,,3175.10009765625,464.510009765625
1994-08-24,382.6,5.2135,410.75,152.25,,,,,,3205.199951171875,469.0299987792969
1994-08-25,383.4,5.2525,411.65,151.5,,,,,,3234.199951171875,468.0799865722656
1994-08-26,383.3,5.255,413.75,151.75,,,,,,3265.10009765625,473.79998779296875
1994-08-29,383.3,5.255,413.75,151.75,,,,,,3265.10009765625,474.5899963378906
1994-08-30,386.15,5.382,411.75,151.75,,,,,,3249.60009765625,476.07000732421875
1994-08-31,386.25,5.3575,413.15,151.9,,,,,,3251.300048828125,475.489990234375
1994-09-01,386.0,5.4015,413.0,152.5,,,,,,3216.5,473.1700134277344
1994-09-02,387.1,5.4375,416.0,153.25,,,,,,3222.699951171875,470.989990234375
1994-09-05,386.9,5.4075,416.9,154.25,,,,,,3241.5,470.989990234375
1994-09-06,387.8,5.438,420.25,154.0,,,,,,3205.39990234375,471.8599853515625
1994-09-07,388.4,5.51,421.5,154.25,,,,,,3203.89990234375,470.989990234375
1994-09-08,391.0,5.51,419.25,153.25,,,,,,3180.0,473.1400146484375
1994-09-09,389.5,5.45,418.3,152.25,,,,,,3139.300048828125,468.17999267578125
1994-09-12,391.5,5.51,419.5,151.75,,,,,,3128.800048828125,466.2099914550781
1994-09-13,390.45,5.456,415.25,148.5,,,,,,3121.39990234375,467.510009765625
1994-09-14,390.4,5.4625,417.5,149.55,,,,,,3079.800048828125,468.79998779296875
1994-09-15,387.8,5.395,409.65,148.75,,,,,,3112.699951171875,474.80999755859375
1994-09-16,388.25,5.385,409.25,149.75,,,,,,3065.10009765625,471.19000244140625
1994-09-19,390.15,5.43,413.0,152.25,,,,,,3079.10009765625,470.8500061035156
1994-09-20,392.25,5.48,417.75,153.75,,,,,,3037.300048828125,463.3599853515625
1994-09-21,394.8,5.6715,419.65,156.25,,,,,,3014.800048828125,461.4599914550781
1994-09-22,393.95,5.6025,418.25,155.5,,,,,,3021.199951171875,461.2699890136719
1994-09-23,396.5,5.71,421.0,156.25,,,,,,3028.199951171875,459.6700134277344
1994-09-26,395.4,5.6565,419.75,155.5,,,,,,2999.800048828125,460.82000732421875
1994-09-27,394.15,5.665,418.0,155.0,,,,,,3008.5,462.04998779296875
1994-09-28,397.5,5.7,420.5,154.0,,,,,,3038.699951171875,464.8399963378906
1994-09-29,394.5,5.6225,417.75,151.85,,,,,,2992.5,462.239990234375
1994-09-30,395.35,5.62,418.7,152.0,,,,,,3026.300048828125,462.7099914550781
1994-10-03,393.45,5.525,415.5,151.5,,,,,,2983.5,461.739990234375
1994-10-04,394.1,5.605,417.5,152.25,,,,,,3001.800048828125,454.5899963378906
1994-10-05,392.15,5.5965,420.0,152.75,,,,,,2956.300048828125,453.5199890136719
1994-10-06,391.9,5.596,421.25,153.6,,,,,,2984.39990234375,452.3599853515625
1994-10-07,392.85,5.655,420.1,153.5,,,,,,2998.699951171875,455.1000061035156
1994-10-10,391.95,5.6135,417.1,153.25,,,,,,3032.300048828125,459.0400085449219
1994-10-11,389.45,5.5575,414.5,150.25,,,,,,3073.0,465.7900085449219
1994-10-12,388.2,5.5075,417.1,152.4,,,,,,3100.5,465.4700012207031
1994-10-13,388.85,5.5075,416.1,151.5,,,,,,3141.89990234375,467.7900085449219
1994-10-14,387.1,5.37,413.75,152.75,,,,,,3106.699951171875,469.1000061035156
1994-10-17,388.95,5.3925,416.25,153.5,,,,,,3120.199951171875,468.9599914550781
1994-10-18,390.0,5.4135,418.25,154.75,,,,,,3085.300048828125,467.6600036621094
1994-10-19,389.0,5.355,418.7,154.75,,,,,,3060.800048828125,470.2799987792969
1994-10-20,390.55,5.41,424.1,156.25,,,,,,3063.199951171875,466.8500061035156
1994-10-21,391.65,5.4,425.5,156.35,,,,,,3032.800048828125,464.8900146484375
1994-10-24,389.2,5.315,421.25,155.5,,,,,,3029.10009765625,460.8299865722656
1994-10-25,389.6,5.33,421.75,156.35,,,,,,3000.89990234375,461.5299987792969
1994-10-26,388.8,5.3075,422.0,157.0,,,,,,2999.89990234375,462.6199951171875
1994-10-27,389.9,5.3875,423.25,159.25,,,,,,3029.60009765625,465.8500061035156
1994-10-28,388.4,5.3675,423.25,159.75,,,,,,3083.800048828125,473.7699890136719
1994-10-31,387.4,5.345,420.1,158.9,,,,,,3097.39990234375,472.3500061035156
1994-11-01,383.45,5.2225,414.6,158.85,,,,,,3096.300048828125,468.4200134277344
1994-11-02,383.85,5.2775,417.25,160.0,,,,,,3081.300048828125,466.510009765625
1994-11-03,383.9,5.32,418.25,161.25,,,,,,3104.39990234375,467.9100036621094
1994-11-04,383.9,5.265,415.75,160.0,,,,,,3097.60009765625,462.2799987792969
1994-11-07,383.2,5.2275,413.0,158.0,,,,,,3065.800048828125,463.07000732421875
1994-11-08,383.1,5.2065,410.75,157.0,,,,,,3063.800048828125,465.6499938964844
1994-11-09,384.35,5.2,408.75,157.25,,,,,,3099.60009765625,465.3999938964844
1994-11-10,384.3,5.135,407.75,155.75,,,,,,3103.5,464.3699951171875
1994-11-11,385.25,5.1775,411.75,156.25,,,,,,3075.89990234375,462.3500061035156
1994-11-14,384.9,5.1575,412.05,156.4,,,,,,3095.300048828125,466.0400085449219
1994-11-15,386.45,5.2135,416.85,158.0,,,,,,3135.39990234375,465.0299987792969
1994-11-16,385.5,5.19,414.75,156.5,,,,,,3146.5,465.6199951171875
1994-11-17,386.4,5.235,416.0,156.4,,,,,,3127.5,463.57000732421875
1994-11-18,385.25,5.2275,414.25,156.25,,,,,,3131.0,461.4700012207031
1994-11-21,383.6,5.149,409.75,153.75,,,,,,3121.0,458.29998779296875
1994-11-22,383.7,5.15,410.35,154.6,,,,,,3078.699951171875,450.0899963378906
1994-11-23,384.5,5.17,412.5,155.0,,,,,,3027.5,449.92999267578125
1994-11-24,384.4,5.15,410.5,153.75,,,,,,3036.60009765625,449.92999267578125
1994-11-25,384.55,5.1725,410.5,154.1,,,,,,3033.5,452.2900085449219
1994-11-28,384.7,5.1715,409.5,154.0,,,,,,3047.10009765625,454.1600036621094
1994-11-29,383.7,5.14,410.0,153.9,,,,,,3061.10009765625,455.1700134277344
1994-11-30,383.35,5.075,409.5,154.6,,,,,,3081.39990234375,453.69000244140625
1994-12-01,381.2,4.9175,402.0,152.0,,,,,,3039.60009765625,448.9200134277344
1994-12-02,378.95,4.932,405.25,156.0,,,,,,3017.300048828125,453.29998779296875
1994-12-05,377.3,4.74,400.25,152.0,,,,,,3033.5,453.32000732421875
1994-12-06,376.55,4.6475,401.5,153.25,,,,,,3016.10009765625,453.1099853515625
1994-12-07,377.0,4.6875,403.5,153.3,,,,,,3012.5,451.2300109863281
1994-12-08,376.45,4.64,403.5,153.0,,,,,,3013.800048828125,445.45001220703125
1994-12-09,376.1,4.67,403.75,152.0,,,,,,2977.300048828125,446.9599914550781
1994-12-12,376.85,4.7275,407.75,153.5,,,,,,2943.39990234375,449.4700012207031
1994-12-13,378.7,4.8125,411.25,153.25,,,,,,2946.39990234375,450.1499938964844
1994-12-14,378.35,4.765,409.65,152.25,,,,,,2980.60009765625,454.9700012207031
1994-12-15,380.1,4.765,409.25,152.0,,,,,,2973.39990234375,455.3399963378906
1994-12-16,379.7,4.8225,413.35,152.75,,,,,,3013.60009765625,458.79998779296875
1994-12-19,379.0,4.77,413.4,152.75,,,,,,3034.39990234375,457.9100036621094
1994-12-20,380.6,4.8135,416.75,153.85,,,,,,3058.10009765625,457.1000061035156
1994-12-21,382.5,4.83,417.5,153.75,,,,,,3070.39990234375,459.6099853515625
1994-12-22,381.5,4.7875,416.5,154.0,,,,,,3091.699951171875,459.67999267578125
1994-12-23,381.5,4.7875,416.5,154.0,,,,,,3083.39990234375,459.8299865722656
1994-12-27,381.5,4.7875,416.5,154.0,,,,,,3083.39990234375,462.4700012207031
1994-12-28,381.8,4.81,417.25,156.1,,,,,,3095.800048828125,460.8599853515625
1994-12-29,383.15,4.9025,418.75,157.25,,,,,,3065.60009765625,461.1700134277344
1994-12-30,383.15,4.9025,418.75,157.25,,,,,,3065.5,459.2699890136719
1995-01-03,381.4,4.8415,416.15,156.75,,,,,,3065.699951171875,459.1099853515625
1995-01-04,378.25,4.715,403.75,155.25,,,,,,3051.60009765625,460.7099914550781
1995-01-05,375.0,4.6225,403.25,154.5,,,,,,3032.300048828125,460.3399963378906
1995-01-06,375.9,4.7025,409.35,154.75,,,,,,3065.0,460.67999267578125
1995-01-09,372.45,4.645,405.0,153.75,,,,,,3055.800048828125,460.8299865722656
1995-01-10,374.1,4.6825,408.5,154.9,,,,,,3060.39990234375,461.67999267578125
1995-01-11,375.0,4.6775,411.0,155.75,,,,,,3049.39990234375,461.6600036621094
1995-01-12,377.6,4.7375,415.5,156.25,,,,,,3033.199951171875,461.6400146484375
1995-01-13,379.8,4.84,415.0,155.5,,,,,,3048.300048828125,465.9700012207031
1995-01-16,377.45,4.7685,412.75,153.25,,,,,,3076.699951171875,469.3800048828125
1995-01-17,377.9,4.8,414.75,154.75,,,,,,3054.39990234375,470.04998779296875
1995-01-18,382.0,4.9,421.0,157.0,,,,,,3054.89990234375,469.7099914550781
1995-01-19,383.1,4.9225,417.0,156.25,,,,,,3028.60009765625,466.95001220703125
1995-01-20,383.0,4.845,417.5,156.25,,,,,,2995.0,464.7799987792969
1995-01-23,385.1,4.915,420.0,157.75,,,,,,2954.199951171875,465.82000732421875
1995-01-24,381.5,4.815,416.0,157.5,,,,,,2969.0,465.8599853515625
1995-01-25,381.7,4.8125,418.5,157.75,,,,,,2982.199951171875,467.44000244140625
1995-01-26,380.5,4.78,419.0,158.5,,,,,,3007.300048828125,468.32000732421875
1995-01-27,380.0,4.764,417.5,157.9,,,,,,3022.199951171875,470.3900146484375
1995-01-30,375.9,4.675,413.1,156.75,,,,,,2995.89990234375,468.510009765625
1995-01-31,375.85,4.6975,415.35,157.0,,,,,,2991.60009765625,470.4200134277344
1995-02-01,376.25,4.6775,417.5,157.5,,,,,,3017.300048828125,470.3999938964844
1995-02-02,375.25,4.675,414.0,157.25,,,,,,3034.699951171875,472.7900085449219
1995-02-03,376.35,4.735,414.0,157.0,,,,,,3059.699951171875,478.6499938964844
1995-02-06,375.25,4.695,413.5,157.5,,,,,,3062.0,481.1400146484375
1995-02-07,375.2,4.7,409.25,156.75,,,,,,3072.699951171875,480.80999755859375
1995-02-08,374.8,4.667,409.0,156.0,,,,,,3072.5,481.19000244140625
1995-02-09,375.85,4.73,414.25,157.25,,,,,,3099.0,480.19000244140625
1995-02-10,376.4,4.7605,414.0,156.85,,,,,,3109.89990234375,481.4599914550781
1995-02-13,375.6,4.7365,413.0,157.0,,,,,,3081.10009765625,481.6499938964844
1995-02-14,376.0,4.7445,413.75,157.0,,,,,,3071.300048828125,482.54998779296875
1995-02-15,376.9,4.7625,414.0,157.5,,,,,,3074.89990234375,484.5400085449219
1995-02-16,376.1,4.735,413.1,156.75,,,,,,3051.10009765625,485.2200012207031
1995-02-17,376.55,4.7275,415.25,157.25,,,,,,3044.199951171875,481.9700012207031
1995-02-20,379.3,4.7825,417.5,157.25,,,,,,3018.60009765625,481.9700012207031
1995-02-21,379.0,4.7775,417.0,157.0,,,,,,3023.39990234375,482.7200012207031
1995-02-22,379.0,4.755,415.75,157.25,,,,,,3019.5,485.07000732421875
1995-02-23,379.0,4.8235,417.0,157.0,,,,,,3049.300048828125,486.9100036621094
1995-02-24,379.6,4.81,417.0,156.5,,,,,,3037.699951171875,488.1099853515625
1995-02-27,376.8,4.65,410.25,155.0,,,,,,3025.300048828125,483.80999755859375
1995-02-28,375.7,4.49,410.25,154.25,,,,,,3009.300048828125,487.3900146484375
1995-03-01,376.3,4.4725,408.5,153.5,,,,,,3041.199951171875,485.6499938964844
1995-03-02,374.45,4.416,403.6,152.5,,,,,,3038.199951171875,485.1300048828125
1995-03-03,376.35,4.4335,405.5,152.85,,,,,,3025.10009765625,485.4200134277344
1995-03-06,376.6,4.419,407.0,152.9,,,,,,3001.89990234375,485.6300048828125
1995-03-07,379.0,4.534,415.0,154.5,,,,,,2977.0,482.1199951171875
1995-03-08,383.1,4.676,417.25,157.5,,,,,,2992.10009765625,483.1400146484375
1995-03-09,381.0,4.631,417.5,155.0,,,,,,2986.89990234375,483.1600036621094
1995-03-10,383.5,4.6075,418.85,156.75,,,,,,3021.10009765625,489.57000732421875
1995-03-13,382.75,4.6225,421.75,159.5,,,,,,3011.800048828125,490.04998779296875
1995-03-14,385.2,4.7175,422.0,159.75,,,,,,3050.60009765625,492.8900146484375
1995-03-15,386.6,4.73,424.75,161.6,,,,,,3047.0,491.8800048828125
1995-03-16,385.15,4.7,421.5,161.85,,,,,,3094.10009765625,495.4100036621094
1995-03-17,382.75,4.6725,418.75,163.75,,,,,,3089.300048828125,495.5199890136719
1995-03-20,382.45,4.68,418.25,167.25,,,,,,3124.199951171875,496.1400146484375
1995-03-21,382.6,4.6875,418.65,166.0,,,,,,3135.0,495.07000732421875
1995-03-22,381.4,4.5825,412.6,165.65,,,,,,3139.699951171875,495.6700134277344
1995-03-23,383.1,4.6925,416.9,168.5,,,,,,3136.39990234375,495.95001220703125
1995-03-24,383.25,4.696,416.5,174.15,,,,,,3153.39990234375,500.9700012207031
1995-03-27,382.3,4.63,415.0,170.25,,,,,,3149.800048828125,503.20001220703125
1995-03-28,382.35,4.656,415.6,167.25,,,,,,3128.300048828125,503.8999938964844
1995-03-29,383.0,4.731,421.6,176.0,,,,,,3142.300048828125,503.1199951171875
1995-03-30,382.1,4.7625,417.25,173.0,,,,,,3176.199951171875,502.2200012207031
1995-03-31,386.55,5.16,434.35,174.5,,,,,,3137.89990234375,500.7099914550781
1995-04-03,392.25,5.3015,442.0,172.75,,,,,,3143.10009765625,501.8500061035156
1995-04-04,391.95,5.21,445.75,174.75,,,,,,3188.10009765625,505.239990234375
1995-04-05,392.5,5.3625,459.0,178.25,,,,,,3190.199951171875,505.57000732421875
1995-04-06,393.75,5.365,451.75,173.0,,,,,,3200.89990234375,506.0799865722656
1995-04-07,392.0,5.407,455.0,173.75,,,,,,3210.89990234375,506.4200134277344
1995-04-10,390.9,5.33,450.0,172.0,,,,,,3204.199951171875,507.010009765625
1995-04-11,389.1,5.21,450.0,171.0,,,,,,3190.89990234375,505.5299987792969
1995-04-12,389.8,5.337,450.25,172.0,,,,,,3209.800048828125,507.1700134277344
1995-04-13,389.9,5.25,446.75,169.5,,,,,,3208.800048828125,509.2300109863281
1995-04-17,389.9,5.25,446.75,169.5,,,,,,3208.800048828125,506.1300048828125
1995-04-18,394.1,5.655,454.9,173.5,,,,,,3194.5,505.3699951171875
1995-04-19,396.95,5.915,458.75,170.25,,,,,,3170.10009765625,504.9200134277344
1995-04-20,393.35,5.65,452.75,171.25,,,,,,3174.699951171875,505.2900085449219
1995-04-21,390.35,5.6425,443.25,164.25,,,,,,3199.89990234375,508.489990234375
1995-04-24,391.05,5.7025,443.5,165.5,,,,,,3209.300048828125,512.8900146484375
1995-04-25,390.2,5.6275,438.25,162.5,,,,,,3214.89990234375,512.0999755859375
1995-04-26,389.85,5.685,441.5,162.0,,,,,,3226.199951171875,512.6599731445312
1995-04-27,386.6,5.575,440.5,159.25,,,,,,3217.60009765625,513.5499877929688
1995-04-28,389.5,5.8285,449.25,163.0,,,,,,3216.699951171875,514.7100219726562
1995-05-01,386.5,5.6975,442.0,162.5,,,,,,3220.39990234375,514.260009765625
1995-05-02,388.35,5.8675,446.25,162.9,,,,,,3248.199951171875,514.8599853515625
1995-05-03,388.8,5.8825,452.5,163.25,,,,,,3262.60009765625,520.47998046875
1995-05-04,390.3,5.975,459.5,164.0,,,,,,3264.300048828125,520.5399780273438
1995-05-05,391.35,6.0375,456.0,163.75,,,,,,3251.699951171875,520.1199951171875
1995-05-08,391.35,6.0375,456.0,163.75,,,,,,3251.699951171875,523.9600219726562
1995-05-09,389.9,5.92,444.25,160.25,,,,,,3261.199951171875,523.5599975585938
1995-05-10,383.4,5.475,432.75,158.0,,,,,,3290.10009765625,524.3599853515625
1995-05-11,383.1,5.425,432.75,159.75,,,,,,3317.89990234375,524.3699951171875
1995-05-12,384.1,5.39,433.0,158.5,,,,,,3310.300048828125,525.5499877929688
1995-05-15,383.9,5.3275,429.5,161.75,,,,,,3310.699951171875,527.739990234375
1995-05-16,384.1,5.397,430.75,161.5,,,,,,3300.800048828125,528.1900024414062
1995-05-17,383.4,5.3825,427.75,157.25,,,,,,3297.39990234375,527.0700073242188
1995-05-18,383.05,5.361,426.25,157.25,,,,,,3285.800048828125,519.5800170898438
1995-05-19,382.6,5.445,430.0,157.75,,,,,,3261.0,519.1900024414062
1995-05-22,382.35,5.3675,424.75,157.05,,,,,,3284.5,523.6500244140625
1995-05-23,381.85,5.275,428.5,157.1,,,,,,3291.800048828125,528.5900268554688
1995-05-24,382.9,5.3975,431.9,158.5,,,,,,3327.300048828125,528.6099853515625
1995-05-25,383.75,5.486,433.25,160.75,,,,,,3328.199951171875,528.5900268554688
1995-05-26,385.8,5.4875,435.5,162.0,,,,,,3311.10009765625,523.6500244140625
1995-05-30,386.1,5.46,436.5,162.75,,,,,,3309.89990234375,523.5800170898438
1995-05-31,384.25,5.295,431.5,159.65,,,,,,3319.39990234375,533.4000244140625
1995-06-01,383.2,5.2625,430.25,158.25,,,,,,3340.60009765625,533.489990234375
1995-06-02,384.6,5.3525,432.0,157.25,,,,,,3345.0,532.510009765625
1995-06-05,383.4,5.23,431.0,156.25,,,,,,3376.60009765625,535.5999755859375
1995-06-06,384.2,5.3425,432.25,156.4,,,,,,3380.0,535.5499877929688
1995-06-07,384.65,5.335,433.0,156.25,,,,,,3370.800048828125,533.1300048828125
1995-06-08,385.95,5.3725,435.75,157.0,,,,,,3380.800048828125,532.3499755859375
1995-06-09,386.4,5.345,437.4,157.0,,,,,,3337.699951171875,527.9400024414062
1995-06-12,387.6,5.4315,440.0,160.0,,,,,,3344.60009765625,530.8800048828125
1995-06-13,387.5,5.3875,439.5,159.5,,,,,,3348.0,536.0499877929688
1995-06-14,386.8,5.365,437.35,159.75,,,,,,3339.800048828125,536.469970703125
1995-06-15,388.0,5.33,439.0,160.25,,,,,,3370.39990234375,537.1199951171875
1995-06-16,391.3,5.455,443.0,160.5,,,,,,3366.10009765625,539.8300170898438
1995-06-19,390.5,5.4325,442.5,160.0,,,,,,3381.300048828125,545.219970703125
1995-06-20,390.6,5.5075,443.5,159.5,,,,,,3377.199951171875,544.97998046875
1995-06-21,390.7,5.49,443.0,158.75,,,,,,3378.300048828125,543.97998046875
1995-06-22,389.8,5.4275,441.75,157.25,,,,,,3403.800048828125,551.0700073242188
1995-06-23,389.4,5.353,441.25,156.9,,,,,,3379.39990234375,549.7100219726562
1995-06-26,389.3,5.33,438.75,157.0,,,,,,3309.199951171875,544.1300048828125
1995-06-27,389.35,5.335,443.25,160.0,,,,,,3313.199951171875,542.4299926757812
1995-06-28,389.3,5.328,442.75,160.75,,,,,,3282.699951171875,544.72998046875
1995-06-29,387.45,5.2615,439.0,158.25,,,,,,3294.0,543.8699951171875
1995-06-30,387.6,5.3275,441.9,159.0,,,,,,3314.60009765625,544.75
1995-07-03,384.35,5.0835,434.0,158.0,,,,,,3323.699951171875,547.0900268554688
1995-07-04,384.65,5.07,433.75,157.75,,,,,,3349.199951171875,547.0900268554688
1995-07-05,384.6,5.071,433.25,156.5,,,,,,3394.89990234375,547.260009765625
1995-07-06,384.45,5.0725,433.75,158.25,,,,,,3388.300048828125,553.989990234375
1995-07-07,384.8,5.1175,434.25,158.0,,,,,,3462.89990234375,556.3699951171875
1995-07-10,385.75,5.1675,435.0,159.0,,,,,,3455.0,557.1900024414062
1995-07-11,384.95,5.1225,432.75,156.75,,,,,,3464.0,554.780029296875
1995-07-12,385.85,5.1575,436.15,156.75,,,,,,3450.60009765625,560.8900146484375
1995-07-13,389.3,5.265,436.0,155.75,,,,,,3447.199951171875,561.0
1995-07-14,388.2,5.1875,434.5,154.5,,,,,,3429.199951171875,559.8900146484375
1995-07-17,388.2,5.226,436.8,154.75,,,,,,3442.60009765625,562.719970703125
1995-07-18,389.3,5.355,442.25,155.0,,,,,,3420.699951171875,558.4600219726562
1995-07-19,389.25,5.3375,442.75,154.5,,,,,,3405.300048828125,550.97998046875
1995-07-20,387.85,5.156,436.25,153.5,,,,,,3400.39990234375,553.5399780273438
1995-07-21,385.85,5.1625,429.25,151.75,,,,,,3413.10009765625,553.6199951171875
1995-07-24,386.45,5.2225,430.5,154.3,,,,,,3431.60009765625,556.6300048828125
1995-07-25,386.65,5.1735,432.5,154.0,,,,,,3432.89990234375,561.0999755859375
1995-07-26,385.8,5.152,430.9,154.5,,,,,,3454.300048828125,561.6099853515625
1995-07-27,386.1,5.1825,430.0,154.5,,,,,,3458.300048828125,565.219970703125
1995-07-28,383.2,5.08,426.5,152.5,,,,,,3468.89990234375,562.9299926757812
1995-07-31,383.35,5.098,425.15,153.0,,,,,,3463.300048828125,562.0599975585938
1995-08-01,381.75,5.03,419.0,152.0,,,,,,3449.89990234375,559.6400146484375
1995-08-02,382.65,5.15,421.75,151.75,,,,,,3499.89990234375,558.7999877929688
1995-08-03,382.75,5.14,422.6,152.0,,,,,,3475.60009765625,558.75
1995-08-04,384.35,5.2025,423.35,152.5,,,,,,3482.39990234375,558.9400024414062
1995-08-07,383.75,5.165,422.75,152.5,,,,,,3483.5,560.030029296875
1995-08-08,384.35,5.225,421.75,152.0,,,,,,3468.800048828125,560.3900146484375
1995-08-09,384.5,5.291,424.0,152.5,,,,,,3468.300048828125,559.7100219726562
1995-08-10,384.05,5.255,421.25,151.25,,,,,,3474.699951171875,557.4500122070312
1995-08-11,383.9,5.3125,420.0,148.75,,,,,,3467.5,555.1099853515625
1995-08-14,383.5,5.2275,415.5,146.25,,,,,,3441.39990234375,559.739990234375
1995-08-15,384.5,5.3825,420.75,148.5,,,,,,3444.39990234375,558.5700073242188
1995-08-16,384.1,5.36,421.25,148.25,,,,,,3465.10009765625,559.969970703125
1995-08-17,383.0,5.496,430.75,149.75,,,,,,3470.60009765625,559.0399780273438
1995-08-18,384.85,5.66,430.25,149.75,,,,,,3509.800048828125,559.2100219726562
1995-08-21,385.55,5.7985,433.85,151.0,,,,,,3535.699951171875,558.1099853515625
1995-08-22,383.55,5.705,429.75,149.95,,,,,,3530.199951171875,559.52001953125
1995-08-23,383.45,5.56,425.5,148.75,,,,,,3515.89990234375,557.1400146484375
1995-08-24,383.1,5.675,428.25,149.25,,,,,,3520.0,557.4600219726562
1995-08-25,382.6,5.58,431.75,148.5,,,,,,3524.89990234375,560.0999755859375
1995-08-28,382.6,5.58,431.75,148.5,,,,,,3524.89990234375,559.0499877929688
1995-08-29,383.25,5.585,432.5,148.0,,,,,,3502.60009765625,560.0
1995-08-30,381.9,5.455,426.85,145.25,,,,,,3504.0,560.9199829101562
1995-08-31,381.65,5.3225,427.75,145.5,,,,,,3477.800048828125,561.8800048828125
1995-09-01,381.8,5.345,429.0,146.25,,,,,,3509.39990234375,563.8400268554688
1995-09-04,379.85,5.3075,428.75,146.0,,,,,,3522.699951171875,563.8400268554688
1995-09-05,379.4,5.285,422.75,144.25,,,,,,3532.39990234375,569.1699829101562
1995-09-06,379.0,5.2125,426.0,144.5,,,,,,3557.699951171875,570.1699829101562
1995-09-07,380.55,5.3825,431.5,145.3,,,,,,3545.60009765625,570.2899780273438
1995-09-08,383.05,5.4965,433.0,145.4,,,,,,3554.5,572.6799926757812
1995-09-11,381.9,5.3975,431.5,145.5,,,,,,3549.300048828125,573.9099731445312
1995-09-12,382.9,5.5225,433.25,146.0,,,,,,3535.89990234375,576.510009765625
1995-09-13,385.4,5.5425,437.75,147.0,,,,,,3570.800048828125,578.77001953125
1995-09-14,384.7,5.4475,437.75,146.75,,,,,,3565.39990234375,583.6099853515625
1995-09-15,385.25,5.49,437.25,146.5,,,,,,3564.60009765625,583.3499755859375
1995-09-18,384.95,5.485,437.85,146.25,,,,,,3533.300048828125,582.77001953125
1995-09-19,385.65,5.5615,439.6,146.0,,,,,,3541.39990234375,584.2000122070312
1995-09-20,385.0,5.4785,436.75,145.6,,,,,,3561.5,586.77001953125
1995-09-21,382.95,5.3625,424.9,136.25,,,,,,3557.89990234375,583.0
1995-09-22,383.25,5.4615,424.0,138.75,,,,,,3514.800048828125,581.72998046875
1995-09-25,382.2,5.405,421.25,135.75,,,,,,3507.0,581.8099975585938
1995-09-26,383.25,5.4875,423.15,137.5,,,,,,3523.300048828125,581.4099731445312
1995-09-27,383.2,5.455,419.9,137.85,,,,,,3485.0,581.0399780273438
1995-09-28,383.55,5.481,422.25,140.35,,,,,,3479.0,585.8699951171875
1995-09-29,383.75,5.5275,423.5,142.25,,,,,,3508.199951171875,584.4099731445312
1995-10-02,383.1,5.425,420.75,141.5,,,,,,3520.199951171875,581.719970703125
1995-10-03,382.25,5.34,413.25,139.6,,,,,,3524.199951171875,582.3400268554688
1995-10-04,382.6,5.335,414.75,136.5,,,,,,3544.10009765625,581.469970703125
1995-10-05,383.35,5.35,412.5,134.0,,,,,,3544.39990234375,582.6300048828125
1995-10-06,382.5,5.3225,412.25,134.75,,,,,,3526.5,582.489990234375
1995-10-09,384.65,5.4425,416.25,138.5,,,,,,3510.300048828125,578.3699951171875
1995-10-10,384.7,5.435,417.5,138.5,,,,,,3460.10009765625,577.52001953125
1995-10-11,384.7,5.4175,414.75,138.25,,,,,,3474.300048828125,579.4600219726562
1995-10-12,384.6,5.4225,414.75,138.0,,,,,,3523.800048828125,583.0999755859375
1995-10-13,384.0,5.3825,413.25,136.9,,,,,,3568.0,584.5
1995-10-16,384.0,5.3835,412.5,137.25,,,,,,3557.300048828125,583.030029296875
1995-10-17,383.8,5.35,412.15,137.5,,,,,,3562.199951171875,586.780029296875
1995-10-18,383.75,5.353,414.25,137.5,,,,,,3593.0,587.4400024414062
1995-10-19,383.4,5.3485,410.75,134.25,,,,,,3578.60009765625,590.6500244140625
1995-10-20,381.85,5.3275,409.35,135.5,,,,,,3551.39990234375,587.4600219726562
1995-10-23,382.55,5.37,411.1,134.75,,,,,,3531.5,585.0599975585938
1995-10-24,382.55,5.3525,410.0,134.75,,,,,,3535.300048828125,586.5399780273438
1995-10-25,382.4,5.345,413.0,135.9,,,,,,3537.800048828125,582.469970703125
1995-10-26,382.7,5.4385,410.0,134.5,,,,,,3519.60009765625,576.719970703125
1995-10-27,382.55,5.4,409.25,136.15,,,,,,3497.89990234375,579.7000122070312
1995-10-30,382.05,5.33,406.25,135.75,,,,,,3510.0,583.25
1995-10-31,382.4,5.36,410.0,136.5,,,,,,3529.10009765625,581.5
1995-11-01,382.5,5.3325,405.5,136.25,,,,,,3518.699951171875,584.219970703125
1995-11-02,382.2,5.31,407.75,135.65,,,,,,3523.0,589.719970703125
1995-11-03,382.8,5.3575,408.25,134.75,,,,,,3500.39990234375,590.5700073242188
1995-11-06,382.5,5.288,406.25,133.5,,,,,,3514.800048828125,588.4600219726562
1995-11-07,382.3,5.2825,408.25,133.25,,,,,,3522.39990234375,586.3200073242188
1995-11-08,384.7,5.38,413.1,134.5,,,,,,3537.10009765625,591.7100219726562
1995-11-09,384.4,5.3575,413.5,134.25,,,,,,3541.60009765625,593.260009765625
1995-11-10,386.65,5.429,423.0,136.25,,,,,,3523.39990234375,592.719970703125
1995-11-13,389.6,5.4225,418.0,135.25,,,,,,3536.800048828125,592.2999877929688
1995-11-14,386.1,5.3225,414.5,134.5,,,,,,3547.89990234375,589.2899780273438
1995-11-15,385.6,5.3375,415.15,134.4,,,,,,3571.39990234375,593.9600219726562
1995-11-16,384.65,5.3275,415.0,134.6,,,,,,3610.800048828125,597.3400268554688
1995-11-17,386.6,5.36,414.5,134.0,,,,,,3609.199951171875,600.0700073242188
1995-11-20,386.55,5.3525,414.35,133.75,,,,,,3628.800048828125,596.8499755859375
1995-11-21,386.8,5.375,415.0,134.3,,,,,,3604.10009765625,600.239990234375
1995-11-22,385.3,5.3025,413.25,132.75,,,,,,3632.39990234375,598.4000244140625
1995-11-23,382.55,5.2075,412.0,133.0,,,,,,3602.5,598.4000244140625
1995-11-24,383.5,5.236,412.9,133.15,,,,,,3624.0,599.969970703125
1995-11-27,385.2,5.275,414.25,133.15,,,,,,3649.0,601.3200073242188
1995-11-28,387.3,5.275,416.25,134.25,,,,,,3648.800048828125,606.4500122070312
1995-11-29,388.95,5.221,414.0,132.9,,,,,,3655.5,607.6400146484375
1995-11-30,387.85,5.18,413.0,132.15,,,,,,3664.300048828125,605.3699951171875
1995-12-01,387.15,5.2175,409.6,130.5,,,,,,3680.39990234375,606.97998046875
1995-12-04,386.25,5.185,410.5,129.75,,,,,,3669.699951171875,613.6799926757812
1995-12-05,386.3,5.22,413.0,132.75,,,,,,3664.199951171875,617.6799926757812
1995-12-06,387.6,5.256,414.2,133.15,,,,,,3662.800048828125,620.1799926757812
1995-12-07,388.4,5.245,412.0,131.85,,,,,,3639.5,616.1699829101562
1995-12-08,389.35,5.2475,413.0,132.25,,,,,,3630.0,617.47998046875
1995-12-11,389.7,5.2525,416.6,133.75,,,,,,3652.10009765625,619.52001953125
1995-12-12,388.45,5.2275,416.0,136.0,,,,,,3654.89990234375,618.780029296875
1995-12-13,388.1,5.1575,412.75,133.4,,,,,,3662.39990234375,621.6900024414062
1995-12-14,385.7,5.105,409.85,133.25,,,,,,3671.60009765625,616.9199829101562
1995-12-15,385.85,5.1425,404.25,130.75,,,,,,3642.60009765625,616.3400268554688
1995-12-18,387.0,5.15,407.9,131.5,,,,,,3596.10009765625,606.8099975585938
1995-12-19,388.0,5.175,410.0,132.5,,,,,,3576.89990234375,611.9299926757812
1995-12-20,387.1,5.1225,405.25,128.25,,,,,,3613.699951171875,605.9400024414062
1995-12-21,388.4,5.1575,406.5,130.75,,,,,,3633.300048828125,610.489990234375
1995-12-22,388.4,5.1575,406.5,130.75,,,,,,3658.300048828125,611.9500122070312
1995-12-26,388.4,5.1575,406.5,130.75,,,,,,3658.300048828125,614.2999877929688
1995-12-27,387.35,5.1575,405.75,130.75,,,,,,3676.39990234375,614.530029296875
1995-12-28,386.85,5.1325,402.5,128.25,,,,,,3676.699951171875,614.1199951171875
1995-12-29,386.85,5.1325,402.5,128.25,,,,,,3689.300048828125,615.9299926757812
1996-01-02,387.1,5.165,400.0,128.5,,,,,,3687.89990234375,620.72998046875
1996-01-03,390.5,5.35,410.5,133.0,,,,,,3715.60009765625,621.3200073242188
1996-01-04,393.6,5.3475,409.75,131.5,,,,,,3714.10009765625,617.7000122070312
1996-01-05,396.4,5.5,417.25,131.75,,,,,,3704.5,616.7100219726562
1996-01-08,396.0,5.53,418.0,130.75,,,,,,3720.60009765625,618.4600219726562
1996-01-09,395.65,5.509,414.5,129.5,,,,,,3700.300048828125,609.4500122070312
1996-01-10,396.75,5.5375,414.35,129.5,,,,,,3671.5,598.47998046875
1996-01-11,399.4,5.5565,417.5,129.0,,,,,,3654.89990234375,602.6900024414062
1996-01-12,396.35,5.4625,416.75,128.5,,,,,,3657.300048828125,601.8099975585938
1996-01-15,395.0,5.4,412.75,129.25,,,,,,3662.699951171875,599.8200073242188
1996-01-16,397.8,5.4575,416.5,130.25,,,,,,3710.60009765625,608.4400024414062
1996-01-17,398.9,5.4925,418.0,130.0,,,,,,3704.199951171875,606.3699951171875
1996-01-18,397.5,5.465,415.5,130.0,,,,,,3748.699951171875,608.239990234375
1996-01-19,396.8,5.4125,415.65,129.5,,,,,,3748.39990234375,611.8300170898438
1996-01-22,401.8,5.504,422.5,131.0,,,,,,3754.199951171875,613.4000244140625
1996-01-23,402.65,5.59,423.0,130.5,,,,,,3735.0,612.7899780273438
1996-01-24,403.0,5.54,417.85,128.25,,,,,,3758.199951171875,619.9600219726562
1996-01-25,403.35,5.5175,421.0,129.0,,,,,,3734.199951171875,617.030029296875
1996-01-26,407.4,5.616,422.0,128.35,,,,,,3734.699951171875,621.6199951171875
1996-01-29,405.45,5.5075,414.25,126.75,,,,,,3734.60009765625,624.219970703125
1996-01-30,406.7,5.575,420.25,128.25,,,,,,3735.300048828125,630.1500244140625
1996-01-31,403.2,5.52,420.0,127.75,,,,,,3759.300048828125,636.02001953125
1996-02-01,406.6,5.595,423.25,130.0,,,,,,3752.800048828125,638.4600219726562
1996-02-02,416.25,5.8275,429.25,137.5,,,,,,3781.300048828125,635.8400268554688
1996-02-05,415.25,5.7975,431.5,141.0,,,,,,3746.60009765625,641.4299926757812
1996-02-06,412.2,5.7525,427.2,139.5,,,,,,3747.5,646.3300170898438
1996-02-07,414.75,5.8225,430.5,142.25,,,,,,3726.10009765625,649.9299926757812
1996-02-08,406.95,5.655,424.5,139.75,,,,,,3708.39990234375,656.0700073242188
1996-02-09,408.3,5.725,424.0,139.35,,,,,,3716.300048828125,656.3699951171875
1996-02-12,405.25,5.6375,418.5,138.0,,,,,,3726.60009765625,661.4500122070312
1996-02-13,403.0,5.7075,420.85,138.5,,,,,,3747.60009765625,660.510009765625
1996-02-14,403.9,5.69,420.5,140.0,,,,,,3745.0,655.5800170898438
1996-02-15,404.55,5.748,423.4,143.75,,,,,,3779.800048828125,651.3200073242188
1996-02-16,403.05,5.679,423.0,142.25,,,,,,3770.89990234375,647.97998046875
1996-02-19,405.9,5.705,423.5,141.0,,,,,,3744.300048828125,647.97998046875
1996-02-20,405.4,5.69,421.0,138.75,,,,,,3714.60009765625,640.6500244140625
1996-02-21,398.5,5.55,415.4,140.0,,,,,,3725.60009765625,648.0999755859375
1996-02-22,399.35,5.5925,415.9,142.0,,,,,,3740.0,658.8599853515625
1996-02-23,397.75,5.514,411.25,140.25,,,,,,3740.300048828125,659.0800170898438
1996-02-26,399.55,5.4925,410.25,139.9,,,,,,3704.199951171875,650.4600219726562
1996-02-27,398.75,5.485,409.35,139.25,,,,,,3715.89990234375,647.239990234375
1996-02-28,397.7,5.4625,408.0,137.5,,,,,,3738.199951171875,644.75
1996-02-29,400.35,5.5225,412.75,137.5,,,,,,3727.60009765625,640.4299926757812
1996-03-01,400.3,5.525,412.75,137.0,,,,,,3752.699951171875,644.3699951171875
1996-03-04,398.65,5.4925,410.5,132.75,,,,,,3768.60009765625,650.8099975585938
1996-03-05,392.9,5.35,405.25,132.25,,,,,,3777.10009765625,655.7899780273438
1996-03-06,393.6,5.36,406.75,133.75,,,,,,3758.89990234375,652.0
1996-03-07,394.2,5.3725,409.75,135.25,,,,,,3758.199951171875,653.6500244140625
1996-03-08,394.85,5.43,411.5,136.75,,,,,,3710.300048828125,633.5
1996-03-11,396.6,5.4875,411.5,140.5,,,,,,3674.5,640.02001953125
1996-03-12,396.0,5.4975,411.5,141.5,,,,,,3639.5,637.0900268554688
1996-03-13,397.4,5.575,413.5,141.0,,,,,,3640.300048828125,638.5499877929688
1996-03-14,396.1,5.586,411.25,139.0,,,,,,3681.800048828125,640.8699951171875
1996-03-15,395.6,5.57,411.5,138.75,,,,,,3644.800048828125,641.4299926757812
1996-03-18,395.45,5.55,410.75,138.0,,,,,,3669.60009765625,652.6500244140625
1996-03-19,395.05,5.5475,411.25,138.0,,,,,,3693.0,651.6900024414062
1996-03-20,394.7,5.5025,411.25,138.75,,,,,,3685.39990234375,649.97998046875
1996-03-21,395.3,5.565,411.75,139.0,,,,,,3698.300048828125,649.1900024414062
1996-03-22,397.3,5.6025,412.25,139.25,,,,,,3707.0,650.6199951171875
1996-03-25,398.0,5.63,412.15,140.5,,,,,,3681.89990234375,650.0399780273438
1996-03-26,399.45,5.64,414.0,140.75,,,,,,3660.89990234375,652.969970703125
1996-03-27,400.0,5.6875,415.0,141.0,,,,,,3672.39990234375,648.9099731445312
1996-03-28,398.6,5.639,412.25,139.0,,,,,,3672.60009765625,648.9400024414062
1996-03-29,396.7,5.5175,408.65,139.0,,,,,,3699.699951171875,645.5
1996-04-01,395.0,5.5175,405.0,140.5,,,,,,3718.39990234375,653.72998046875
1996-04-02,394.35,5.5275,405.0,140.5,,,,,,3728.5,655.260009765625
1996-04-03,393.8,5.51,405.15,140.4,,,,,,3725.10009765625,655.8800048828125
1996-04-04,394.3,5.525,406.75,140.0,,,,,,3755.60009765625,655.8599853515625
1996-04-08,394.3,5.525,406.75,140.0,,,,,,3755.60009765625,644.239990234375
1996-04-09,397.6,5.545,408.75,139.5,,,,,,3758.60009765625,642.1900024414062
1996-04-10,394.55,5.4625,406.3,138.0,,,,,,3767.39990234375,633.5
1996-04-11,395.15,5.532,407.75,138.0,,,,,,3744.199951171875,631.1799926757812
1996-04-12,395.2,5.537,406.0,136.25,,,,,,3766.800048828125,636.7100219726562
1996-04-15,393.75,5.4975,404.8,136.4,,,,,,3790.5,642.489990234375
1996-04-16,393.5,5.47,403.4,136.0,,,,,,3825.300048828125,645.0
1996-04-17,391.4,5.3115,401.5,135.15,,,,,,3805.60009765625,641.6099853515625
1996-04-18,391.3,5.3335,400.0,135.25,,,,,,3820.699951171875,643.6099853515625
1996-04-19,389.9,5.254,400.0,135.25,,,,,,3857.10009765625,645.0700073242188
1996-04-22,390.7,5.285,404.25,133.5,,,,,,3852.699951171875,647.8900146484375
1996-04-23,391.45,5.3275,404.75,134.9,,,,,,3833.0,651.5800170898438
1996-04-24,391.1,5.3175,401.5,133.5,,,,,,3817.60009765625,650.1699829101562
1996-04-25,390.35,5.32,403.85,134.75,,,,,,3819.300048828125,652.8699951171875
1996-04-26,393.1,5.3695,405.65,135.5,,,,,,3832.800048828125,653.4600219726562
1996-04-29,390.75,5.29,402.0,130.5,,,,,,3809.199951171875,654.1599731445312
1996-04-30,390.15,5.2775,400.75,128.75,,,,,,3817.89990234375,654.1699829101562
1996-05-01,391.0,5.325,402.0,131.5,,,,,,3806.0,654.5800170898438
1996-05-02,392.8,5.385,405.25,134.0,,,,,,3776.39990234375,643.3800048828125
1996-05-03,394.0,5.41,404.75,134.85,,,,,,3751.60009765625,641.6300048828125
1996-05-06,394.0,5.41,404.75,134.85,,,,,,3751.60009765625,640.8099975585938
1996-05-07,393.75,5.4575,404.4,135.0,,,,,,3723.0,638.260009765625
1996-05-08,393.65,5.4825,406.85,135.4,,,,,,3707.300048828125,644.77001953125
1996-05-09,393.2,5.4325,404.5,133.75,,,,,,3728.300048828125,645.4400024414062
1996-05-10,392.8,5.42,404.35,133.0,,,,,,3754.39990234375,652.0900268554688
1996-05-13,391.25,5.375,402.0,132.5,,,,,,3739.199951171875,661.510009765625
1996-05-14,391.25,5.3625,403.0,133.0,,,,,,3759.699951171875,665.5999755859375
1996-05-15,391.85,5.4,403.0,133.75,,,,,,3776.199951171875,665.4199829101562
1996-05-16,392.0,5.375,401.75,132.25,,,,,,3753.60009765625,664.8499755859375
1996-05-17,392.5,5.3635,402.0,132.75,,,,,,3789.60009765625,668.9099731445312
1996-05-20,391.65,5.29,396.85,130.25,,,,,,3778.199951171875,673.1500244140625
1996-05-21,391.2,5.285,397.7,128.25,,,,,,3789.39990234375,672.760009765625
1996-05-22,391.0,5.2925,396.75,128.65,,,,,,3764.199951171875,678.4199829101562
1996-05-23,391.35,5.336,399.0,129.75,,,,,,3747.0,676.0
1996-05-24,390.65,5.311,397.4,128.25,,,,,,3752.10009765625,678.510009765625
1996-05-28,392.15,5.34,400.0,130.5,,,,,,3760.199951171875,672.22998046875
1996-05-29,391.65,5.3675,399.75,132.0,,,,,,3775.699951171875,667.9299926757812
1996-05-30,391.55,5.3375,399.85,131.75,,,,,,3746.699951171875,671.7000122070312
1996-05-31,390.55,5.335,399.25,131.5,,,,,,3747.800048828125,669.1199951171875
1996-06-03,390.8,5.3835,400.75,131.0,,,,,,3739.199951171875,667.6799926757812
1996-06-04,390.35,5.3615,399.5,130.5,,,,,,3755.199951171875,672.5599975585938
1996-06-05,387.95,5.205,392.75,127.75,,,,,,3753.39990234375,678.4400024414062
1996-06-06,385.7,5.155,391.75,127.6,,,,,,3760.300048828125,673.030029296875
1996-06-07,385.85,5.2,393.5,128.75,,,,,,3706.800048828125,673.3099975585938
1996-06-10,385.55,5.2,392.5,128.35,,,,,,3728.800048828125,672.1599731445312
1996-06-11,385.4,5.17,391.25,128.0,,,,,,3755.699951171875,670.969970703125
1996-06-12,384.5,5.1225,392.0,128.5,,,,,,3769.199951171875,669.0399780273438
1996-06-13,384.8,5.1125,392.75,128.75,,,,,,3761.699951171875,667.9199829101562
1996-06-14,383.2,4.9775,392.4,128.75,,,,,,3753.60009765625,665.8499755859375
1996-06-17,384.55,5.166,393.25,129.9,,,,,,3761.5,665.1599731445312
1996-06-18,384.9,5.18,391.25,129.25,,,,,,3756.39990234375,662.0599975585938
1996-06-19,386.0,5.211,394.0,129.0,,,,,,3753.199951171875,661.9600219726562
1996-06-20,384.3,5.1115,392.0,129.15,,,,,,3727.5,662.0999755859375
1996-06-21,384.2,5.1085,391.25,129.25,,,,,,3722.300048828125,666.8400268554688
1996-06-24,383.7,5.106,391.6,129.4,,,,,,3710.800048828125,668.8499755859375
1996-06-25,384.85,5.1775,392.0,130.65,,,,,,3679.5,668.47998046875
1996-06-26,384.0,5.1475,390.5,131.4,,,,,,3695.5,664.3900146484375
1996-06-27,383.0,5.105,388.75,134.0,,,,,,3678.800048828125,668.5499877929688
1996-06-28,381.3,5.026,389.35,132.35,,,,,,3711.0,670.6300048828125
1996-07-01,380.6,5.0475,393.25,133.75,,,,,,3725.60009765625,675.8800048828125
1996-07-02,381.75,5.0675,391.4,133.25,,,,,,3725.699951171875,673.6099853515625
1996-07-03,382.5,5.1375,392.5,133.75,,,,,,3714.10009765625,672.4000244140625
1996-07-04,380.9,5.075,389.15,132.5,,,,,,3760.60009765625,672.4000244140625
1996-07-05,381.0,5.074,389.5,131.5,,,,,,3743.199951171875,657.4400024414062
1996-07-08,382.3,5.12,390.0,130.75,,,,,,3741.5,652.5399780273438
1996-07-09,381.0,5.075,390.5,130.0,,,,,,3752.300048828125,654.75
1996-07-10,383.4,5.12,391.75,131.25,,,,,,3765.800048828125,656.0599975585938
1996-07-11,382.5,5.0975,389.9,130.25,,,,,,3749.0,645.6699829101562
1996-07-12,384.0,5.1335,390.65,130.65,,,,,,3728.300048828125,646.1900024414062
1996-07-15,383.55,5.135,392.75,131.25,,,,,,3698.300048828125,629.7999877929688
1996-07-16,384.65,5.1515,393.9,133.15,,,,,,3632.300048828125,628.3699951171875
1996-07-17,383.65,4.995,392.0,132.25,,,,,,3658.199951171875,634.0700073242188
1996-07-18,383.85,5.0,392.75,132.5,,,,,,3693.39990234375,643.5599975585938
1996-07-19,384.35,5.015,393.75,133.0,,,,,,3710.5,638.72998046875
1996-07-22,384.5,4.9725,393.65,133.25,,,,,,3681.300048828125,633.77001953125
1996-07-23,385.2,5.03,396.5,134.0,,,,,,3708.39990234375,626.8699951171875
1996-07-24,384.4,4.9825,397.75,133.65,,,,,,3668.800048828125,626.6500244140625
1996-07-25,385.05,4.9865,395.75,131.65,,,,,,3684.699951171875,631.1699829101562
1996-07-26,384.9,4.9875,398.25,130.0,,,,,,3673.300048828125,635.9000244140625
1996-07-29,385.05,5.0875,399.6,130.5,,,,,,3678.800048828125,630.9099731445312
1996-07-30,384.9,5.0685,399.1,129.5,,,,,,3668.5,635.260009765625
1996-07-31,385.5,5.1125,399.75,130.0,,,,,,3703.199951171875,639.9500122070312
1996-08-01,386.65,5.15,404.5,131.5,,,,,,3734.39990234375,650.02001953125
1996-08-02,387.15,5.125,403.8,129.75,,,,,,3770.60009765625,662.489990234375
1996-08-05,387.95,5.1025,403.5,129.0,,,,,,3788.300048828125,660.22998046875
1996-08-06,388.85,5.07,401.75,128.0,,,,,,3788.39990234375,662.3800048828125
1996-08-07,388.25,5.05,401.25,128.5,,,,,,3811.10009765625,664.1599731445312
1996-08-08,387.75,5.04,401.25,128.75,,,,,,3811.39990234375,662.5900268554688
1996-08-09,388.4,5.12,400.75,129.5,,,,,,3810.699951171875,662.0999755859375
1996-08-12,387.2,5.045,398.5,128.25,,,,,,3803.300048828125,665.77001953125
1996-08-13,387.7,5.0755,399.5,129.25,,,,,,3823.39990234375,660.2000122070312
1996-08-14,387.15,5.0875,399.25,127.4,,,,,,3830.300048828125,662.0499877929688
1996-08-15,386.3,5.041,399.5,126.75,,,,,,3837.39990234375,662.280029296875
1996-08-16,386.2,5.0825,398.0,124.25,,,,,,3872.89990234375,665.2100219726562
1996-08-19,386.25,5.0825,398.25,124.0,,,,,,3863.699951171875,666.5800170898438
1996-08-20,387.1,5.2025,399.25,125.0,,,,,,3883.199951171875,665.6900024414062
1996-08-21,387.45,5.2075,399.35,125.5,,,,,,3872.10009765625,665.0700073242188
1996-08-22,386.9,5.1875,398.5,124.25,,,,,,3891.10009765625,670.6799926757812
1996-08-23,387.5,5.2125,399.0,124.5,,,,,,3907.5,667.030029296875
1996-08-26,387.5,5.2125,399.0,124.5,,,,,,3907.5,663.8800048828125
1996-08-27,389.0,5.255,400.5,124.25,,,,,,3905.699951171875,666.4000244140625
1996-08-28,388.65,5.2115,400.0,125.25,,,,,,3918.699951171875,664.8099975585938
1996-08-29,388.05,5.18,398.5,126.0,,,,,,3885.0,657.4000244140625
1996-08-30,387.25,5.195,396.75,125.5,,,,,,3867.60009765625,651.989990234375
1996-09-02,386.9,5.1825,395.5,125.25,,,,,,3884.39990234375,651.989990234375
1996-09-03,387.2,5.1975,395.25,125.25,,,,,,3855.89990234375,654.719970703125
1996-09-04,385.95,5.1525,394.5,124.75,,,,,,3872.699951171875,655.6099853515625
1996-09-05,386.0,5.1975,394.25,125.0,,,,,,3887.199951171875,649.4400024414062
1996-09-06,385.6,5.14,392.75,124.4,,,,,,3893.0,655.6799926757812
1996-09-09,385.0,5.1175,394.25,125.0,394.0,126.0,320.0,70.0,55.0,3910.800048828125,663.760009765625
1996-09-10,382.45,5.085,393.75,124.0,393.0,125.0,320.0,70.0,55.0,3916.10009765625,663.8099975585938
1996-09-11,383.15,5.09,393.0,122.75,394.0,124.0,320.0,70.0,55.0,3905.60009765625,667.280029296875
1996-09-12,382.2,5.0825,390.0,121.75,391.0,123.0,320.0,70.0,55.0,3932.60009765625,671.1500244140625
1996-09-13,382.5,5.046,387.75,122.0,390.0,123.0,320.0,70.0,55.0,3967.89990234375,680.5399780273438
1996-09-16,382.65,5.045,387.9,121.5,389.0,123.0,320.0,70.0,53.0,3977.199951171875,683.97998046875
1996-09-17,383.3,5.0615,388.25,121.0,389.0,122.0,320.0,70.0,53.0,3972.300048828125,682.9400024414062
1996-09-18,382.9,5.046,388.5,120.5,389.0,122.0,315.0,70.0,53.0,3955.699951171875,681.469970703125
1996-09-19,383.1,5.058,390.25,121.0,391.0,122.0,315.0,70.0,53.0,3974.300048828125,683.0
1996-09-20,382.5,4.945,387.25,119.5,389.0,121.0,310.0,70.0,53.0,3964.10009765625,687.030029296875
1996-09-23,381.2,4.875,386.5,116.75,387.0,120.0,300.0,70.0,53.0,3919.699951171875,686.47998046875
1996-09-24,381.6,4.91,387.75,117.0,388.0,117.0,290.0,70.0,53.0,3910.5,685.6099853515625
1996-09-25,383.25,4.935,388.25,119.0,388.0,118.0,280.0,70.0,53.0,3935.699951171875,685.8300170898438
1996-09-26,382.05,4.8725,385.25,117.5,388.0,121.0,280.0,70.0,53.0,3933.199951171875,685.8599853515625
1996-09-27,380.3,4.8475,383.75,117.75,385.0,120.0,280.0,70.0,53.0,3946.39990234375,686.1900024414062
1996-09-30,379.3,4.881,383.0,118.75,385.0,120.0,270.0,70.0,53.0,3953.699951171875,687.3300170898438
1996-10-01,377.05,4.8475,383.0,118.75,382.0,119.0,270.0,70.0,53.0,3992.199951171875,689.0800170898438
1996-10-02,379.2,4.9125,383.75,120.5,384.0,121.0,270.0,70.0,53.0,4015.10009765625,694.010009765625
1996-10-03,379.5,4.9125,383.0,120.0,385.0,122.0,270.0,70.0,53.0,4000.0,692.780029296875
1996-10-04,380.2,4.8985,384.25,120.75,385.0,122.0,270.0,70.0,53.0,4024.800048828125,701.4600219726562
1996-10-07,379.6,4.86,383.5,119.5,384.0,122.0,265.0,70.0,53.0,4031.5,703.3400268554688
1996-10-08,381.0,4.8925,385.0,118.0,385.0,121.0,265.0,70.0,53.0,4035.60009765625,700.6400146484375
1996-10-09,380.9,4.88,384.25,117.25,385.0,120.0,265.0,70.0,53.0,4009.300048828125,696.739990234375
1996-10-10,381.6,4.975,388.0,117.75,388.0,119.0,265.0,70.0,53.0,3994.699951171875,694.6099853515625
1996-10-11,381.85,5.0325,386.5,117.75,388.0,120.0,260.0,70.0,53.0,4028.10009765625,700.6599731445312
1996-10-14,381.05,5.04,384.75,116.5,386.0,119.0,260.0,70.0,53.0,4038.699951171875,703.5399780273438
1996-10-15,381.0,5.02,384.5,116.25,386.0,118.0,260.0,70.0,51.0,4050.800048828125,702.5700073242188
1996-10-16,380.8,5.0175,384.5,116.25,385.0,118.0,260.0,70.0,51.0,4024.39990234375,704.4099731445312
1996-10-17,380.55,4.975,384.0,115.75,384.0,117.0,260.0,70.0,51.0,4042.10009765625,706.989990234375
1996-10-18,379.6,4.8875,383.75,115.75,384.0,116.0,255.0,70.0,51.0,4053.10009765625,710.8200073242188
1996-10-21,380.0,4.8975,383.5,116.25,383.0,117.0,255.0,70.0,51.0,4073.10009765625,709.8499755859375
1996-10-22,382.4,4.9525,385.25,117.75,385.0,118.0,255.0,70.0,51.0,4057.199951171875,706.5700073242188
1996-10-23,383.95,4.9825,387.25,118.75,388.0,120.0,255.0,70.0,51.0,4028.39990234375,707.27001953125
1996-10-24,383.7,4.984,386.25,117.5,388.0,120.0,255.0,70.0,51.0,3999.39990234375,702.2899780273438
1996-10-25,382.2,4.9025,384.25,117.0,385.0,118.0,255.0,70.0,51.0,4022.39990234375,700.9199829101562
1996-10-28,382.8,4.9185,383.57,116.25,385.0,118.0,250.0,70.0,51.0,4025.300048828125,697.260009765625
1996-10-29,382.35,4.895,382.25,115.5,384.0,117.0,250.0,70.0,51.0,3993.5,701.5
1996-10-30,380.3,4.826,380.25,115.75,381.0,117.0,250.0,75.0,49.0,3963.89990234375,700.9000244140625
1996-10-31,379.3,4.825,381.0,116.5,381.0,117.0,250.0,75.0,49.0,3979.10009765625,705.27001953125
1996-11-01,377.2,4.801,379.75,115.75,380.0,117.0,250.0,75.0,49.0,3948.5,703.77001953125
1996-11-04,378.65,4.814,381.0,116.25,381.0,117.0,250.0,75.0,49.0,3928.10009765625,706.72998046875
1996-11-05,379.25,4.832,381.75,117.5,382.0,118.0,250.0,78.0,45.0,3921.10009765625,714.1400146484375
1996-11-06,377.9,4.79,379.75,116.5,381.0,118.0,250.0,78.0,45.0,3935.699951171875,724.5900268554688
1996-11-07,377.9,4.7425,381.25,116.5,381.0,117.0,250.0,78.0,45.0,3900.39990234375,727.6500244140625
1996-11-08,378.35,4.8275,381.5,116.0,383.0,118.0,250.0,78.0,45.0,3910.800048828125,730.8200073242188
1996-11-11,379.75,4.835,386.0,117.0,384.0,118.0,250.0,78.0,45.0,3914.39990234375,731.8699951171875
1996-11-12,381.6,4.905,388.0,118.25,388.0,119.0,250.0,78.0,45.0,3934.300048828125,729.5599975585938
1996-11-13,382.5,4.9,386.75,118.75,388.0,119.0,250.0,78.0,45.0,3926.89990234375,731.1300048828125
1996-11-14,382.65,4.8925,386.25,120.5,387.0,121.0,250.0,78.0,45.0,3926.10009765625,735.8800048828125
1996-11-15,379.85,4.845,384.25,117.75,386.0,121.0,250.0,78.0,45.0,3958.199951171875,737.6199951171875
1996-11-18,379.7,4.9075,385.0,118.75,386.0,120.0,245.0,78.0,45.0,3962.10009765625,737.02001953125
1996-11-19,378.3,4.874,383.75,118.0,385.0,120.0,245.0,78.0,45.0,3978.10009765625,742.1599731445312
1996-11-20,378.6,4.899,384.25,118.5,384.0,120.0,245.0,80.0,42.0,3962.800048828125,743.9500122070312
1996-11-21,378.5,4.93,383.5,118.0,385.0,120.0,245.0,80.0,42.0,3953.800048828125,742.75
1996-11-22,376.9,4.86,383.0,117.5,383.0,120.0,245.0,85.0,42.0,4018.699951171875,748.72998046875
1996-11-25,375.1,4.835,381.75,117.25,383.0,119.0,240.0,85.0,42.0,4054.60009765625,757.030029296875
1996-11-26,374.5,4.761,378.5,115.5,379.0,116.0,235.0,85.0,42.0,4068.39990234375,755.9600219726562
1996-11-27,373.95,4.74,376.35,114.5,378.0,117.0,235.0,85.0,37.0,4049.199951171875,755.0
1996-11-28,372.2,4.7275,374.5,114.25,375.0,116.0,235.0,85.0,37.0,4050.199951171875,755.0
1996-11-29,371.9,4.7425,374.75,114.5,375.0,116.0,235.0,85.0,37.0,4058.0,757.02001953125
1996-12-02,370.5,4.733,373.75,114.5,374.0,116.0,235.0,85.0,37.0,4038.5,756.5599975585938
1996-12-03,369.0,4.71,372.0,115.25,373.0,116.0,235.0,85.0,37.0,4061.5,748.280029296875
1996-12-04,370.4,4.825,374.0,117.0,376.0,116.0,235.0,85.0,37.0,4045.199951171875,745.0999755859375
1996-12-05,368.3,4.754,373.0,116.0,375.0,117.0,235.0,85.0,34.0,4051.199951171875,744.3800048828125
1996-12-06,373.0,4.8875,370.25,115.5,373.0,118.0,235.0,85.0,34.0,3963.0,739.5999755859375
1996-12-09,368.5,4.765,368.25,117.0,369.0,117.0,235.0,85.0,34.0,4011.60009765625,749.760009765625
1996-12-10,368.8,4.8135,367.75,118.0,368.0,118.0,230.0,85.0,34.0,4035.699951171875,747.5399780273438
1996-12-11,369.6,4.865,369.5,120.0,369.0,120.0,230.0,85.0,34.0,3982.5,740.72998046875
1996-12-12,368.6,4.83,368.5,118.75,370.0,121.0,230.0,95.0,34.0,3990.699951171875,729.2999877929688
1996-12-13,369.05,4.8325,368.25,117.0,370.0,120.0,230.0,95.0,34.0,3972.39990234375,728.6400146484375
1996-12-16,368.6,4.81,367.75,117.75,368.0,119.0,235.0,95.0,34.0,3993.800048828125,720.97998046875
1996-12-17,368.3,4.805,367.0,117.5,368.0,119.0,235.0,95.0,34.0,3979.60009765625,726.0399780273438
1996-12-18,369.0,4.85,370.0,117.5,372.0,120.0,235.0,95.0,34.0,4018.199951171875,731.5399780273438
1996-12-19,369.6,4.8635,371.75,118.0,371.0,120.0,235.0,100.0,34.0,4051.300048828125,745.760009765625
1996-12-20,369.2,4.875,371.5,118.75,372.0,120.0,235.0,100.0,34.0,4077.60009765625,748.8699951171875
1996-12-23,368.7,4.825,373.0,118.75,373.0,120.0,235.0,100.0,34.0,4087.199951171875,746.9199829101562
1996-12-24,368.7,4.825,373.0,118.75,372.0,119.0,235.0,100.0,34.0,4092.5,751.030029296875
1996-12-26,368.7,4.825,373.0,118.75,372.0,119.0,235.0,100.0,34.0,4092.5,755.8200073242188
1996-12-27,369.55,4.8835,371.25,117.0,372.0,118.0,235.0,100.0,34.0,4091.0,756.7899780273438
1996-12-30,369.6,4.88,369.5,116.5,371.0,119.0,235.0,100.0,34.0,4115.7001953125,753.8499755859375
1996-12-31,369.6,4.88,369.5,116.5,371.0,118.0,235.0,110.0,34.0,4118.5,740.739990234375
1997-01-02,367.8,4.77,369.0,120.25,371.0,122.0,235.0,110.0,34.0,4057.39990234375,737.010009765625
1997-01-03,364.3,4.703,366.0,119.75,367.0,122.0,235.0,110.0,34.0,4089.5,748.030029296875
1997-01-06,359.25,4.665,361.75,118.0,364.0,119.0,235.0,120.0,36.0,4106.5,747.6500244140625
1997-01-07,357.65,4.6825,362.25,119.5,362.0,120.0,235.0,120.0,36.0,4078.800048828125,753.22998046875
1997-01-08,355.8,4.655,358.5,120.0,362.0,121.0,235.0,120.0,36.0,4087.5,748.4099731445312
1997-01-09,354.5,4.6625,361.25,122.25,360.0,122.0,235.0,135.0,36.0,4087.0,754.8499755859375
1997-01-10,358.55,4.75,364.5,122.5,363.0,124.0,235.0,135.0,36.0,4056.60009765625,759.5
1997-01-13,359.6,4.76,363.5,122.25,363.0,124.0,235.0,135.0,36.0,4107.2998046875,759.510009765625
1997-01-14,357.3,4.6925,362.0,121.25,361.0,123.0,235.0,135.0,36.0,4168.2001953125,768.8599853515625
1997-01-15,352.45,4.654,359.75,120.0,360.0,122.0,235.0,135.0,36.0,4158.89990234375,767.2000122070312
1997-01-16,354.0,4.6775,359.5,121.25,360.0,123.0,235.0,135.0,36.0,4197.5,769.75
1997-01-17,354.1,4.749,360.25,122.25,361.0,124.0,235.0,135.0,36.0,4207.7001953125,776.1699829101562
1997-01-20,354.2,4.745,359.0,121.5,361.0,124.0,235.0,135.0,36.0,4194.0,776.7000122070312
1997-01-21,353.4,4.73,358.75,121.75,357.0,123.0,235.0,135.0,36.0,4195.5,782.719970703125
1997-01-22,350.1,4.6975,356.75,121.25,357.0,123.0,230.0,135.0,36.0,4219.10009765625,786.22998046875
1997-01-23,349.8,4.73,355.85,120.75,356.0,123.0,230.0,145.0,36.0,4271.5,777.5599975585938
1997-01-24,352.95,4.9725,357.75,122.0,358.0,123.0,230.0,145.0,36.0,4218.7998046875,770.52001953125
1997-01-27,353.1,4.941,358.0,122.5,358.0,125.0,225.0,160.0,36.0,4212.0,765.02001953125
1997-01-28,357.25,5.03,359.25,122.75,361.0,125.0,220.0,160.0,36.0,4237.39990234375,765.02001953125
1997-01-29,350.15,4.9175,354.75,121.25,355.0,124.0,210.0,175.0,38.0,4207.5,772.5
1997-01-30,349.3,4.8775,352.75,121.5,354.0,123.0,210.0,200.0,38.0,4228.39990234375,784.1699829101562
1997-01-31,345.0,4.9575,351.25,123.65,351.0,123.0,200.0,200.0,38.0,4275.7998046875,786.1599731445312
1997-02-03,343.75,4.879,349.5,124.25,351.0,126.0,200.0,200.0,38.0,4257.7998046875,786.72998046875
1997-02-04,346.3,4.905,353.0,128.0,352.0,128.0,210.0,200.0,38.0,4260.89990234375,789.260009765625
1997-02-05,343.15,4.855,351.75,126.75,351.0,128.0,210.0,200.0,38.0,4281.5,778.280029296875
1997-02-06,343.4,4.875,351.5,129.0,352.0,129.0,210.0,200.0,38.0,4265.89990234375,780.1500244140625
1997-02-07,340.9,4.8,350.25,130.5,351.0,133.0,210.0,200.0,38.0,4307.7998046875,789.5599975585938
1997-02-10,341.0,4.9175,352.5,134.25,352.0,135.0,210.0,200.0,38.0,4307.7001953125,785.4299926757812
1997-02-11,338.85,4.935,354.25,135.25,355.0,138.0,210.0,200.0,38.0,4304.2998046875,789.5900268554688
1997-02-12,336.9,4.82,356.0,136.65,353.0,138.0,210.0,200.0,38.0,4304.2998046875,802.77001953125
1997-02-13,343.0,5.1225,368.0,138.75,369.0,144.0,210.0,200.0,38.0,4327.10009765625,811.8200073242188
1997-02-14,342.5,5.1425,366.75,136.25,367.0,139.0,210.0,200.0,38.0,4341.0,808.47998046875
1997-02-17,343.6,5.2175,363.75,133.25,365.0,134.0,210.0,200.0,38.0,4337.7998046875,808.47998046875
1997-02-18,346.0,5.2315,368.75,134.75,369.0,139.0,210.0,200.0,38.0,4332.2998046875,816.2899780273438
1997-02-19,346.1,5.2025,366.75,134.5,369.0,137.0,210.0,200.0,38.0,4357.39990234375,812.489990234375
1997-02-20,344.85,5.165,364.0,132.25,365.0,136.0,210.0,200.0,38.0,4356.10009765625,802.7999877929688
1997-02-21,350.75,5.24,369.25,136.0,370.0,137.0,210.0,200.0,38.0,4336.7998046875,801.77001953125
1997-02-24,352.45,5.215,372.5,139.0,373.0,142.0,210.0,200.0,38.0,4331.10009765625,810.280029296875
1997-02-25,353.45,5.1865,372.75,140.0,373.0,143.0,200.0,200.0,38.0,4344.7001953125,812.030029296875
1997-02-26,353.85,5.229,383.5,150.0,378.0,145.0,200.0,200.0,38.0,4329.2998046875,805.6799926757812
1997-02-27,356.6,5.2525,392.0,157.0,395.0,159.0,200.0,200.0,38.0,4339.2001953125,795.0700073242188
1997-02-28,360.6,5.2525,392.0,152.9,401.0,160.0,220.0,200.0,38.0,4308.2998046875,790.8200073242188
1997-03-03,361.8,5.3075,387.5,150.0,391.0,154.0,220.0,200.0,38.0,4307.10009765625,795.3099975585938
1997-03-04,361.75,5.2825,385.25,149.75,390.0,155.0,230.0,200.0,38.0,4357.7001953125,790.9500122070312
1997-03-05,355.75,5.214,382.0,143.75,385.0,154.0,240.0,200.0,38.0,4360.10009765625,801.989990234375
1997-03-06,352.15,5.185,382.0,146.5,380.0,148.0,250.0,200.0,38.0,4399.2998046875,798.5599975585938
1997-03-07,351.7,5.175,381.75,148.75,382.0,151.0,250.0,200.0,38.0,4420.2998046875,804.969970703125
1997-03-10,349.9,5.1375,378.25,151.0,378.0,151.0,250.0,190.0,38.0,4437.39990234375,813.6500244140625
1997-03-11,352.6,5.25,383.75,157.5,382.0,155.0,250.0,190.0,38.0,4444.2998046875,811.3400268554688
1997-03-12,353.15,5.2275,380.5,151.5,385.0,161.0,250.0,190.0,38.0,4422.5,804.260009765625
1997-03-13,351.45,5.23,382.0,152.0,382.0,155.0,250.0,190.0,38.0,4397.7001953125,789.5599975585938
1997-03-14,353.0,5.2725,382.75,152.25,382.0,154.0,250.0,190.0,38.0,4424.2998046875,793.1699829101562
1997-03-17,352.05,5.255,379.0,152.0,382.0,154.0,250.0,190.0,38.0,4373.2998046875,795.7100219726562
1997-03-18,347.4,5.21,375.75,142.5,379.0,152.0,250.0,190.0,38.0,4356.7998046875,789.6599731445312
1997-03-19,348.95,5.169,376.25,145.75,378.0,148.0,250.0,190.0,38.0,4332.2001953125,785.77001953125
1997-03-20,352.7,5.24,379.75,151.25,380.0,150.0,250.0,190.0,38.0,4258.10009765625,782.6500244140625
1997-03-21,351.7,5.186,378.0,148.5,377.0,150.0,250.0,190.0,38.0,4254.7998046875,784.0999755859375
1997-03-24,350.65,5.1285,375.25,148.0,379.0,151.0,250.0,190.0,38.0,4214.7998046875,790.8900146484375
1997-03-25,350.9,5.1675,374.75,146.0,377.0,150.0,250.0,180.0,38.0,4270.7001953125,789.0700073242188
1997-03-26,346.8,5.0925,372.5,143.5,373.0,147.0,250.0,180.0,38.0,4301.5,790.5
1997-03-27,349.5,5.13,373.5,146.5,375.0,148.0,260.0,180.0,38.0,4312.89990234375,773.8800048828125
1997-03-31,349.5,5.13,373.5,146.5,375.0,148.0,260.0,180.0,38.0,4312.89990234375,757.1199951171875
1997-04-01,349.85,5.035,368.0,145.75,371.0,148.0,260.0,180.0,38.0,4248.10009765625,759.6400146484375
1997-04-02,350.7,4.976,369.25,149.25,371.0,150.0,270.0,180.0,38.0,4236.60009765625,750.1099853515625
1997-04-03,349.1,4.8615,368.25,146.5,367.0,149.0,270.0,180.0,38.0,4214.60009765625,750.3200073242188
1997-04-04,347.35,4.7425,364.0,146.0,365.0,148.0,270.0,180.0,38.0,4236.60009765625,757.9000244140625
1997-04-07,347.85,4.7625,364.0,150.5,363.0,148.0,270.0,170.0,37.0,4271.7001953125,762.1300048828125
1997-04-08,349.1,4.8325,365.5,154.0,367.0,155.0,270.0,170.0,37.0,4269.2998046875,766.1199951171875
1997-04-09,348.0,4.77,366.75,157.0,367.0,158.0,270.0,170.0,37.0,4292.2998046875,760.5999755859375
1997-04-10,348.05,4.7725,368.25,155.5,371.0,162.0,270.0,170.0,37.0,4313.2001953125,758.3400268554688
1997-04-11,348.65,4.7925,371.5,157.5,374.0,160.0,270.0,170.0,37.0,4270.7001953125,737.6500244140625
1997-04-14,346.65,4.725,370.0,154.25,369.0,156.0,280.0,170.0,37.0,4251.7001953125,743.72998046875
1997-04-15,345.6,4.72,364.5,150.5,367.0,154.0,280.0,170.0,37.0,4286.7998046875,754.719970703125
1997-04-16,341.45,4.7275,364.5,149.0,365.0,150.0,290.0,165.0,37.0,4294.60009765625,763.530029296875
1997-04-17,341.2,4.835,370.5,151.5,370.0,153.0,290.0,165.0,37.0,4298.89990234375,761.77001953125
1997-04-18,342.0,4.725,377.0,150.5,379.0,155.0,290.0,165.0,37.0,4310.5,766.3400268554688
1997-04-21,342.15,4.75,381.0,156.5,380.0,157.0,290.0,165.0,37.0,4328.7001953125,760.3699951171875
1997-04-22,342.0,4.7625,380.25,156.5,382.0,158.0,290.0,165.0,37.0,4346.10009765625,774.6099853515625
1997-04-23,340.7,4.7225,373.0,154.0,376.0,156.0,300.0,165.0,37.0,4387.7001953125,773.6400146484375
1997-04-24,341.15,4.7125,374.5,157.0,375.0,157.0,300.0,165.0,37.0,4388.5,771.1799926757812
1997-04-25,341.35,4.7425,379.25,161.5,378.0,161.0,300.0,165.0,37.0,4369.7001953125,765.3699951171875
1997-04-28,341.25,4.724,375.0,157.75,378.0,160.0,300.0,165.0,37.0,4389.7001953125,772.9600219726562
1997-04-29,338.95,4.6425,374.5,159.25,374.0,158.0,300.0,165.0,37.0,4433.2001953125,794.0499877929688
1997-04-30,340.45,4.6625,374.25,156.0,374.0,158.0,310.0,165.0,37.0,4436.0,801.3400268554688
1997-05-01,339.55,4.675,372.0,156.5,374.0,157.0,310.0,165.0,37.0,4445.0,798.530029296875
1997-05-02,339.8,4.735,373.25,157.75,374.0,157.0,310.0,165.0,37.0,4455.60009765625,812.969970703125
1997-05-05,339.8,4.735,373.25,157.75,372.0,158.0,310.0,165.0,37.0,4455.60009765625,830.2899780273438
1997-05-06,342.8,4.752,374.0,157.75,375.0,159.0,310.0,165.0,37.0,4519.2998046875,827.760009765625
1997-05-07,340.65,4.721,373.0,155.0,373.0,158.0,310.0,165.0,37.0,4537.5,815.6199951171875
1997-05-08,342.4,4.7525,376.5,157.6,376.0,157.0,310.0,165.0,37.0,4580.39990234375,820.260009765625
1997-05-09,344.8,4.8325,383.5,164.5,386.0,166.0,310.0,165.0,37.0,4630.89990234375,824.780029296875
1997-05-12,348.2,4.86,391.0,169.25,397.0,173.0,310.0,165.0,37.0,4669.60009765625,837.6599731445312
1997-05-13,347.3,4.825,388.5,170.0,391.0,171.0,310.0,165.0,37.0,4691.0,833.1300048828125
1997-05-14,349.0,4.8735,394.0,174.5,393.0,172.0,310.0,165.0,37.0,4686.89990234375,836.0399780273438
1997-05-15,348.1,4.835,393.5,172.85,395.0,174.0,310.0,165.0,37.0,4681.2001953125,841.8800048828125
1997-05-16,347.0,4.8375,392.25,172.25,395.0,174.0,310.0,165.0,37.0,4693.89990234375,829.75
1997-05-19,343.35,4.68,387.5,170.0,390.0,172.0,310.0,165.0,37.0,4645.2001953125,833.27001953125
1997-05-20,342.5,4.7175,392.5,179.75,390.0,179.0,310.0,165.0,37.0,4607.5,841.6599731445312
1997-05-21,342.25,4.672,393.5,178.0,398.0,183.0,310.0,165.0,37.0,4642.0,839.3499755859375
1997-05-22,342.95,4.675,388.75,174.5,394.0,179.0,310.0,165.0,37.0,4651.7998046875,835.6599731445312
1997-05-23,341.65,4.6575,387.0,170.4,388.0,171.0,310.0,165.0,37.0,4661.7998046875,847.030029296875
1997-05-26,341.65,4.6575,387.0,170.4,390.0,170.0,310.0,165.0,37.0,4661.7998046875,847.030029296875
1997-05-27,343.55,4.7475,398.0,177.5,394.0,175.0,310.0,165.0,37.0,4681.60009765625,849.7100219726562
1997-05-28,344.7,4.76,399.5,185.0,405.0,187.0,310.0,165.0,37.0,4677.5,847.2100219726562
1997-05-29,345.7,4.7225,416.0,193.0,425.0,199.0,310.0,165.0,37.0,4672.2998046875,844.0800170898438
1997-05-30,345.75,4.857,407.5,182.0,413.0,192.0,310.0,165.0,37.0,4621.2998046875,848.280029296875
1997-06-02,344.0,4.7325,398.5,172.0,405.0,182.0,310.0,165.0,37.0,4562.7998046875,846.3599853515625
1997-06-03,343.8,4.745,406.0,188.5,406.0,186.0,310.0,160.0,37.0,4557.7998046875,845.47998046875
1997-06-04,342.4,4.725,419.0,208.0,430.0,220.0,325.0,160.0,37.0,4557.10009765625,840.1099853515625
1997-06-05,340.7,4.7325,442.0,210.0,450.0,240.0,340.0,160.0,37.0,4576.2001953125,843.4299926757812
1997-06-06,343.8,4.9,497.0,230.0,500.0,255.0,360.0,160.0,37.0,4645.0,858.010009765625
1997-06-09,343.85,4.8135,475.0,228.0,500.0,245.0,360.0,160.0,37.0,4686.7001953125,862.9099731445312
1997-06-10,344.0,4.759,452.0,212.0,460.0,211.0,370.0,160.0,37.0,4739.60009765625,865.27001953125
1997-06-11,343.7,4.77,458.0,218.0,462.0,223.0,370.0,160.0,37.0,4724.7998046875,869.5700073242188
1997-06-12,341.8,4.745,442.0,209.0,450.0,209.0,370.0,160.0,37.0,4757.39990234375,883.4600219726562
1997-06-13,341.2,4.71,437.0,202.0,440.0,207.0,370.0,160.0,37.0,4783.10009765625,893.27001953125
1997-06-16,340.95,4.705,435.0,203.0,435.0,206.0,370.0,160.0,37.0,4745.10009765625,893.9000244140625
1997-06-17,341.4,4.72,417.0,196.0,426.0,203.0,370.0,160.0,37.0,4682.2001953125,894.4199829101562
1997-06-18,342.05,4.7975,409.0,190.0,415.0,195.0,370.0,160.0,37.0,4657.0,889.0599975585938
1997-06-19,340.15,4.725,418.0,203.0,419.0,200.0,360.0,160.0,37.0,4653.7001953125,897.989990234375
1997-06-20,339.55,4.75,420.0,200.0,417.0,202.0,360.0,160.0,37.0,4593.89990234375,898.7000122070312
1997-06-23,336.95,4.7225,421.0,200.0,425.0,208.0,360.0,160.0,37.0,4575.7998046875,878.6199951171875
1997-06-24,338.65,4.8,414.0,194.5,419.0,200.0,360.0,160.0,37.0,4596.2998046875,896.3400268554688
1997-06-25,338.7,4.7725,416.0,196.0,416.0,195.0,360.0,160.0,37.0,4640.0,888.989990234375
1997-06-26,337.9,4.77,418.0,195.5,418.0,198.0,350.0,160.0,37.0,4657.89990234375,883.6799926757812
1997-06-27,337.3,4.75,421.5,194.0,419.0,197.0,350.0,160.0,37.0,4640.2998046875,887.2999877929688
1997-06-30,334.05,4.715,430.0,192.0,420.0,193.0,350.0,160.0,37.0,4604.60009765625,885.1400146484375
1997-07-01,333.6,4.645,436.0,196.0,440.0,197.0,350.0,160.0,37.0,4728.2998046875,891.030029296875
1997-07-02,331.45,4.645,425.0,192.0,431.0,195.0,350.0,160.0,37.0,4751.39990234375,904.030029296875
1997-07-03,332.3,4.654,424.0,191.0,426.0,196.0,350.0,160.0,37.0,4831.7001953125,916.9199829101562
1997-07-04,325.2,4.5475,423.0,191.0,420.0,193.0,350.0,160.0,37.0,4812.7998046875,916.9199829101562
1997-07-07,318.75,4.4735,409.0,180.0,421.0,193.0,350.0,160.0,37.0,4810.7001953125,912.2000122070312
1997-07-08,317.6,4.25,409.0,176.0,408.0,181.0,350.0,160.0,37.0,4758.5,918.75
1997-07-09,315.75,4.2775,397.0,168.5,404.0,177.0,350.0,160.0,37.0,4762.39990234375,907.5399780273438
1997-07-10,319.65,4.345,396.0,162.0,397.0,170.0,330.0,160.0,37.0,4767.7998046875,913.780029296875
1997-07-11,320.6,4.359,404.0,169.0,408.0,173.0,320.0,160.0,37.0,4799.5,916.6799926757812
1997-07-14,321.35,4.3425,405.0,172.0,410.0,175.0,320.0,160.0,37.0,4857.39990234375,918.3800048828125
1997-07-15,319.0,4.2775,404.0,172.0,404.0,177.0,320.0,160.0,37.0,4899.2998046875,925.760009765625
1997-07-16,319.5,4.3175,407.5,175.25,407.0,179.0,320.0,160.0,37.0,4964.2001953125,936.5900268554688
1997-07-17,318.75,4.2235,405.0,175.5,408.0,182.0,320.0,160.0,37.0,4949.0,931.6099853515625
1997-07-18,323.45,4.265,407.5,182.0,411.0,183.0,320.0,160.0,37.0,4877.2001953125,915.2999877929688
1997-07-21,328.05,4.32,413.5,191.0,413.0,192.0,310.0,160.0,37.0,4805.7001953125,912.9400024414062
1997-07-22,326.0,4.28,421.0,198.5,417.0,200.0,310.0,160.0,37.0,4846.7001953125,933.97998046875
1997-07-23,324.35,4.295,416.0,197.0,418.0,210.0,310.0,160.0,37.0,4874.5,936.5599975585938
1997-07-24,321.8,4.2825,416.5,198.0,417.0,202.0,310.0,160.0,37.0,4862.89990234375,940.2999877929688
1997-07-25,324.5,4.3125,421.0,205.0,424.0,209.0,300.0,160.0,37.0,4851.5,938.7899780273438
1997-07-28,325.4,4.345,428.0,204.0,426.0,208.0,300.0,160.0,37.0,4862.60009765625,936.4500122070312
1997-07-29,327.5,4.3625,425.0,198.0,431.0,211.0,300.0,160.0,37.0,4876.60009765625,942.2899780273438
1997-07-30,326.4,4.3635,430.0,209.0,427.0,212.0,300.0,160.0,37.0,4927.2998046875,952.2899780273438
1997-07-31,326.0,4.3825,435.0,211.0,433.0,219.0,300.0,165.0,38.0,4907.5,954.3099975585938
1997-08-01,325.3,4.474,433.0,227.5,438.0,232.0,300.0,165.0,38.0,4899.2998046875,947.1400146484375
1997-08-04,324.05,4.46,448.0,239.0,444.0,238.0,300.0,165.0,38.0,4895.7001953125,950.2999877929688
1997-08-05,323.35,4.5075,457.0,239.0,462.0,247.0,300.0,165.0,38.0,4960.60009765625,952.3699951171875
1997-08-06,318.85,4.34,436.0,232.0,434.0,235.0,300.0,170.0,38.0,5026.2001953125,960.3200073242188
1997-08-07,318.95,4.325,430.0,219.0,429.0,227.0,300.0,170.0,38.0,5086.7998046875,951.1900024414062
1997-08-08,321.6,4.3825,441.0,232.0,441.0,237.0,300.0,170.0,38.0,5031.2998046875,933.5399780273438
1997-08-11,326.2,4.3925,444.5,234.0,446.0,241.0,300.0,170.0,38.0,5031.89990234375,937.0
1997-08-12,327.6,4.4315,437.0,230.0,440.0,237.0,300.0,170.0,38.0,5075.7998046875,926.530029296875
1997-08-13,328.6,4.46,432.0,224.0,440.0,236.0,300.0,170.0,38.0,5003.60009765625,922.02001953125
1997-08-14,327.3,4.479,426.0,215.0,435.0,225.0,300.0,170.0,38.0,4991.2998046875,924.77001953125
1997-08-15,323.5,4.41,422.0,211.0,427.0,224.0,300.0,170.0,38.0,4865.7998046875,900.8099975585938
1997-08-18,326.05,4.525,423.0,206.0,428.0,218.0,300.0,170.0,38.0,4835.0,912.489990234375
1997-08-19,322.1,4.5135,411.5,198.0,419.0,210.0,300.0,170.0,38.0,4914.2001953125,926.010009765625
1997-08-20,322.0,4.51,405.5,190.0,409.0,206.0,300.0,170.0,38.0,4958.39990234375,939.3499755859375
1997-08-21,321.9,4.5175,416.0,203.0,416.0,212.0,300.0,170.0,38.0,4978.0,925.0499877929688
1997-08-22,321.8,4.4975,412.0,198.0,413.0,207.0,300.0,170.0,38.0,4901.10009765625,923.5399780273438
1997-08-25,321.8,4.4975,412.0,198.0,409.0,202.0,300.0,170.0,38.0,4901.10009765625,920.1599731445312
1997-08-26,325.4,4.659,406.0,197.0,409.0,208.0,300.0,170.0,38.0,4886.2998046875,913.02001953125
1997-08-27,325.3,4.655,406.0,186.5,406.0,202.0,300.0,170.0,38.0,4906.89990234375,913.7000122070312
1997-08-28,324.7,4.659,408.0,188.0,409.0,200.0,300.0,190.0,38.0,4845.39990234375,903.6699829101562
1997-08-29,325.4,4.725,409.0,191.0,411.0,200.0,300.0,190.0,38.0,4817.5,899.469970703125
1997-09-01,324.4,4.66,409.0,187.0,411.0,202.0,300.0,190.0,39.0,4870.2001953125,899.469970703125
1997-09-02,324.5,4.7025,410.5,187.5,411.0,197.0,300.0,190.0,39.0,4952.2001953125,927.5800170898438
1997-09-03,322.0,4.6325,406.0,186.5,409.0,196.0,300.0,190.0,39.0,4976.89990234375,927.8599853515625
1997-09-04,321.8,4.6725,418.0,189.0,420.0,199.0,300.0,205.0,39.0,4991.2998046875,930.8699951171875
1997-09-05,321.6,4.705,419.75,188.5,421.0,195.0,300.0,205.0,39.0,4994.2001953125,929.0499877929688
1997-09-08,322.05,4.715,416.5,186.5,424.0,199.0,300.0,225.0,41.0,4985.2001953125,931.2000122070312
1997-09-09,321.0,4.675,419.0,186.5,420.0,195.0,300.0,225.0,41.0,4950.5,933.6199951171875
1997-09-10,321.0,4.735,422.5,187.0,425.0,196.0,300.0,225.0,41.0,4905.2001953125,919.030029296875
1997-09-11,321.05,4.7375,427.0,191.0,426.0,197.0,300.0,225.0,41.0,4854.7998046875,912.5900268554688
1997-09-12,323.25,4.7825,428.0,193.5,428.0,200.0,300.0,225.0,41.0,4848.2001953125,923.9099731445312
1997-09-15,323.15,4.7575,427.0,193.0,429.0,201.0,300.0,225.0,41.0,4902.89990234375,919.77001953125
1997-09-16,321.8,4.7125,424.0,191.5,428.0,201.0,300.0,225.0,41.0,4976.39990234375,945.6400146484375
1997-09-17,319.95,4.587,420.0,187.0,424.0,199.0,300.0,225.0,41.0,5013.10009765625,943.0
1997-09-18,320.65,4.632,423.5,191.0,423.0,198.0,300.0,235.0,41.0,5046.2001953125,947.2899780273438
1997-09-19,321.15,4.721,428.0,195.0,426.0,200.0,300.0,235.0,41.0,5023.7998046875,950.510009765625
1997-09-22,321.1,4.7125,436.0,193.0,436.0,208.0,300.0,235.0,41.0,5075.7001953125,955.4299926757812
1997-09-23,320.7,4.685,436.0,188.5,437.0,197.0,300.0,235.0,41.0,5027.5,951.9299926757812
1997-09-24,322.0,4.7225,442.0,194.0,442.0,202.0,300.0,235.0,41.0,5077.2001953125,944.47998046875
1997-09-25,323.15,4.751,438.0,192.5,445.0,202.0,300.0,235.0,41.0,5065.5,937.9099731445312
1997-09-26,325.45,4.765,430.0,193.0,434.0,198.0,300.0,250.0,41.0,5226.2998046875,945.219970703125
1997-09-29,327.05,4.87,429.0,195.0,429.0,202.0,300.0,250.0,41.0,5220.2998046875,953.3400268554688
1997-09-30,328.75,5.1675,434.25,194.0,434.0,205.0,300.0,250.0,41.0,5244.2001953125,947.280029296875
1997-10-01,336.8,5.185,433.0,192.0,437.0,203.0,300.0,250.0,41.0,5317.10009765625,955.4099731445312
1997-10-02,331.75,5.145,431.0,192.0,432.0,200.0,300.0,250.0,41.0,5296.10009765625,960.4600219726562
1997-10-03,331.1,5.1525,426.0,192.5,431.0,202.0,300.0,250.0,41.0,5330.7998046875,965.030029296875
1997-10-06,334.15,5.28,424.0,194.0,426.0,201.0,300.0,250.0,41.0,5300.0,972.6900024414062
1997-10-07,331.5,5.181,425.0,195.0,426.0,202.0,310.0,250.0,41.0,5305.60009765625,983.1199951171875
1997-10-08,331.9,5.2505,436.0,203.0,432.0,210.0,310.0,250.0,41.0,5262.10009765625,973.8400268554688
1997-10-09,333.75,5.2375,434.0,206.0,436.0,214.0,310.0,250.0,41.0,5217.7998046875,970.6199951171875
1997-10-10,327.9,5.1425,430.0,203.0,430.0,208.0,310.0,250.0,41.0,5227.2998046875,966.97998046875
1997-10-13,328.8,5.185,436.25,205.0,436.0,214.0,310.0,260.0,41.0,5300.10009765625,968.0999755859375
1997-10-14,328.1,5.125,435.0,207.0,439.0,216.0,320.0,260.0,41.0,5298.89990234375,970.280029296875
1997-10-15,325.6,4.99,438.0,218.5,436.0,224.0,320.0,260.0,41.0,5263.7001953125,965.719970703125
1997-10-16,327.3,5.1025,431.0,222.5,435.0,228.0,340.0,270.0,41.0,5287.89990234375,955.25
1997-10-17,324.2,4.915,423.5,219.0,429.0,233.0,340.0,280.0,41.0,5271.10009765625,944.1599731445312
1997-10-20,324.25,4.939,421.5,210.0,423.0,223.0,350.0,280.0,41.0,5211.0,955.6099853515625
1997-10-21,323.0,4.955,424.5,207.0,424.0,215.0,350.0,280.0,41.0,5225.89990234375,972.280029296875
1997-10-22,322.7,4.97,422.0,202.5,419.0,213.0,350.0,290.0,41.0,5148.7998046875,968.489990234375
1997-10-23,323.3,5.075,423.0,204.5,426.0,213.0,350.0,290.0,41.0,4991.5,950.6900024414062
1997-10-24,321.9,4.9025,418.0,201.0,422.0,212.0,350.0,290.0,41.0,4970.2001953125,941.6400146484375
1997-10-27,311.8,4.828,406.0,205.0,412.0,213.0,350.0,290.0,41.0,4840.7001953125,876.989990234375
1997-10-28,313.75,4.825,396.0,203.0,402.0,213.0,350.0,290.0,41.0,4755.39990234375,921.8499755859375
1997-10-29,313.7,4.7935,407.0,213.0,407.0,219.0,340.0,290.0,40.0,4871.7998046875,919.1599731445312
1997-10-30,314.0,4.806,406.0,213.0,408.0,224.0,340.0,290.0,40.0,4801.89990234375,903.6799926757812
1997-10-31,310.4,4.815,405.75,207.0,407.0,219.0,340.0,290.0,40.0,4842.2998046875,914.6199951171875
1997-11-03,313.5,4.7825,407.0,209.0,408.0,217.0,330.0,290.0,40.0,4906.39990234375,938.989990234375
1997-11-04,313.3,4.8425,408.0,209.0,410.0,219.0,330.0,290.0,40.0,4897.39990234375,940.760009765625
1997-11-05,314.6,4.85,406.5,210.5,409.0,220.0,330.0,290.0,40.0,4908.2998046875,942.760009765625
1997-11-06,312.25,4.85,398.0,203.0,405.0,214.0,330.0,290.0,40.0,4863.7998046875,938.030029296875
1997-11-07,313.25,4.95,398.0,205.0,402.0,215.0,330.0,290.0,40.0,4764.39990234375,927.510009765625
1997-11-10,309.7,4.87,392.5,206.0,392.0,213.0,330.0,290.0,40.0,4806.7998046875,921.1300048828125
1997-11-11,310.6,4.9375,391.5,209.0,392.0,218.0,330.0,290.0,40.0,4793.7001953125,923.780029296875
1997-11-12,310.1,4.945,393.0,212.0,395.0,220.0,330.0,290.0,40.0,4720.39990234375,905.9600219726562
1997-11-13,308.35,5.0225,390.0,210.0,391.0,221.0,330.0,290.0,40.0,4711.0,916.6599731445312
1997-11-14,304.5,5.0575,384.0,206.0,391.0,220.0,330.0,290.0,40.0,4741.7998046875,928.3499755859375
1997-11-17,303.0,5.135,386.0,207.0,389.0,218.0,330.0,290.0,40.0,4867.0,946.2000122070312
1997-11-18,303.65,5.1075,388.0,208.0,387.0,216.0,330.0,290.0,40.0,4845.39990234375,938.22998046875
1997-11-19,306.4,5.1225,397.0,211.0,399.0,222.0,330.0,290.0,40.0,4830.10009765625,944.5900268554688
1997-11-20,303.05,5.23,393.0,210.5,396.0,222.0,330.0,290.0,40.0,4908.39990234375,958.97998046875
1997-11-21,303.4,5.25,392.75,210.0,394.0,220.0,330.0,290.0,40.0,4985.7998046875,963.0900268554688
1997-11-24,305.5,5.475,390.5,207.0,392.0,220.0,330.0,290.0,40.0,4898.60009765625,946.6699829101562
1997-11-25,301.7,5.331,382.0,205.0,387.0,216.0,330.0,290.0,40.0,4863.5,950.8200073242188
1997-11-26,297.0,5.235,382.0,209.0,382.0,214.0,340.0,280.0,40.0,4891.2001953125,951.6400146484375
1997-11-27,296.15,5.2675,382.0,206.5,386.0,218.0,340.0,280.0,40.0,4889.0,951.6400146484375
1997-11-28,296.9,5.2975,384.0,204.5,383.0,215.0,340.0,280.0,40.0,4831.7998046875,955.4000244140625
1997-12-01,293.35,5.235,383.5,205.0,386.0,211.0,340.0,280.0,40.0,4921.7998046875,974.77001953125
1997-12-02,293.5,5.315,388.0,209.25,389.0,215.0,340.0,280.0,40.0,4977.60009765625,971.6799926757812
1997-12-03,291.1,5.315,387.5,208.0,388.0,215.0,350.0,280.0,40.0,4970.7001953125,976.77001953125
1997-12-04,289.85,5.295,383.0,206.5,386.0,215.0,350.0,280.0,40.0,5082.2998046875,973.0999755859375
1997-12-05,287.05,5.31,383.5,207.0,384.0,214.0,360.0,280.0,40.0,5142.89990234375,983.7899780273438
1997-12-08,288.1,5.43,380.5,207.0,382.0,214.0,360.0,280.0,40.0,5187.39990234375,982.3699951171875
1997-12-09,285.5,5.3825,374.5,206.5,378.0,213.0,360.0,280.0,40.0,5177.10009765625,975.780029296875
1997-12-10,285.05,5.835,375.75,207.75,377.0,212.0,360.0,280.0,40.0,5130.7001953125,969.7899780273438
1997-12-11,286.15,6.05,362.0,205.0,366.0,209.0,360.0,270.0,39.0,5035.89990234375,954.9400024414062
1997-12-12,283.05,5.785,361.0,201.25,362.0,206.0,360.0,270.0,39.0,5045.2001953125,953.3900146484375
1997-12-15,283.2,5.96,354.0,194.0,358.0,201.0,360.0,270.0,39.0,5121.7998046875,963.3900146484375
1997-12-16,283.25,5.8375,342.5,188.0,346.0,195.0,360.0,270.0,39.0,5203.39990234375,968.0399780273438
1997-12-17,286.1,6.05,347.5,187.75,348.0,188.0,360.0,270.0,39.0,5190.7998046875,965.5399780273438
1997-12-18,287.05,6.01,355.0,190.0,353.0,194.0,360.0,270.0,39.0,5168.2998046875,955.2999877929688
1997-12-19,289.25,6.085,355.0,181.0,356.0,192.0,360.0,270.0,39.0,5020.2001953125,946.780029296875
1997-12-22,290.45,6.055,353.0,182.0,355.0,188.0,360.0,270.0,39.0,5018.2001953125,953.7000122070312
1997-12-23,292.2,6.03,353.0,185.0,355.0,185.0,360.0,270.0,39.0,5049.7998046875,939.1300048828125
1997-12-24,292.2,6.03,353.0,185.0,360.0,188.0,360.0,270.0,39.0,5013.89990234375,932.7000122070312
1997-12-26,292.2,6.03,353.0,185.0,360.0,188.0,360.0,270.0,39.0,5013.89990234375,936.4600219726562
1997-12-29,293.9,6.24,363.5,198.0,365.0,196.0,360.0,270.0,39.0,5112.39990234375,953.3499755859375
1997-12-30,290.9,6.2025,363.0,203.0,366.0,208.0,360.0,270.0,39.0,5132.39990234375,970.8400268554688
1997-12-31,290.9,6.2025,363.0,203.0,364.0,205.0,360.0,270.0,39.0,5135.5,970.4299926757812
1998-01-02,287.7,5.94,367.5,201.5,366.0,205.0,370.0,270.0,39.0,5193.5,975.0399780273438
1998-01-05,287.35,5.88,364.0,202.5,365.0,204.0,370.0,270.0,39.0,5262.5,977.0700073242188
1998-01-06,281.8,6.02,359.5,201.0,358.0,203.0,380.0,270.0,39.0,5264.39990234375,966.5800170898438
1998-01-07,282.1,6.095,358.0,203.25,358.0,202.0,380.0,270.0,39.0,5224.10009765625,964.0
1998-01-08,282.9,6.0635,363.5,208.5,366.0,208.0,420.0,270.0,39.0,5237.10009765625,956.0499877929688
1998-01-09,281.9,5.74,361.6,216.5,364.0,217.0,420.0,270.0,39.0,5138.2998046875,927.6900024414062
1998-01-12,278.5,5.5325,361.0,226.0,365.0,222.0,420.0,270.0,39.0,5068.7998046875,939.2100219726562
1998-01-13,279.05,5.59,360.5,232.0,365.0,231.0,420.0,270.0,39.0,5083.89990234375,952.1199951171875
1998-01-14,285.9,5.7,375.0,241.5,386.0,256.0,420.0,270.0,39.0,5106.89990234375,957.9400024414062
1998-01-15,281.1,5.795,384.5,237.0,389.0,243.0,430.0,270.0,39.0,5165.7998046875,950.72998046875
1998-01-16,287.35,5.8925,379.0,227.0,385.0,239.0,430.0,270.0,39.0,5263.10009765625,961.510009765625
1998-01-19,285.75,5.765,376.0,231.0,382.0,236.0,430.0,270.0,39.0,5273.60009765625,961.510009765625
1998-01-20,287.2,5.8,374.5,230.5,376.0,232.0,430.0,270.0,39.0,5278.2001953125,978.5999755859375
1998-01-21,291.9,5.795,377.0,233.25,379.0,234.0,430.0,270.0,39.0,5272.2998046875,970.8099975585938
1998-01-22,293.8,5.88,383.0,236.0,386.0,240.0,430.0,270.0,39.0,5253.10009765625,963.0399780273438
1998-01-23,291.45,5.825,379.0,230.0,385.0,238.0,430.0,270.0,39.0,5181.39990234375,957.5900268554688
1998-01-26,304.5,5.9375,385.0,234.5,390.0,241.0,420.0,290.0,39.0,5237.2001953125,956.9500122070312
1998-01-27,300.0,6.0475,385.0,229.0,385.0,236.0,420.0,290.0,39.0,5326.2998046875,969.02001953125
1998-01-28,298.25,6.0175,384.25,227.0,389.0,234.0,420.0,290.0,39.0,5372.60009765625,977.4600219726562
1998-01-29,304.25,6.1575,393.0,235.25,390.0,232.0,420.0,290.0,39.0,5422.39990234375,985.489990234375
1998-01-30,301.8,6.0475,386.5,235.0,390.0,239.0,420.0,290.0,39.0,5458.5,980.280029296875
1998-02-02,302.0,6.25,389.0,239.0,391.0,241.0,420.0,290.0,39.0,5599.0,1001.27001953125
1998-02-03,299.7,6.385,387.0,238.5,388.0,238.0,420.0,290.0,39.0,5612.7998046875,1006.0
1998-02-04,295.2,7.05,389.0,238.0,388.0,240.0,430.0,290.0,39.0,5595.7998046875,1006.9000244140625
1998-02-05,298.9,7.546,404.0,243.0,406.0,243.0,430.0,290.0,39.0,5606.39990234375,1003.5399780273438
1998-02-06,301.6,7.81,398.5,240.0,400.0,241.0,430.0,290.0,39.0,5629.7001953125,1012.4600219726562
1998-02-09,300.0,7.19,396.0,236.0,396.0,240.0,430.0,290.0,39.0,5600.89990234375,1010.739990234375
1998-02-10,300.75,7.135,389.5,234.0,391.0,235.0,430.0,290.0,39.0,5613.2998046875,1019.010009765625
1998-02-11,298.95,7.09,389.0,234.0,391.0,236.0,430.0,290.0,39.0,5607.89990234375,1020.010009765625
1998-02-12,299.0,7.0,395.5,242.0,395.0,242.0,440.0,290.0,39.0,5552.5,1024.1400146484375
1998-02-13,298.0,7.08,388.5,238.0,391.0,241.0,450.0,290.0,39.0,5582.2998046875,1020.0900268554688
1998-02-16,297.7,7.09,385.5,238.0,390.0,241.0,470.0,290.0,39.0,5619.89990234375,1020.0900268554688
1998-02-17,299.2,7.215,387.0,237.5,387.0,237.0,470.0,290.0,39.0,5709.5,1022.760009765625
1998-02-18,297.8,6.715,378.0,230.0,384.0,234.0,480.0,290.0,39.0,5723.39990234375,1032.0799560546875
1998-02-19,298.3,6.69,379.5,231.0,382.0,234.0,490.0,290.0,39.0,5718.5,1028.280029296875
1998-02-20,298.35,6.765,384.0,235.0,385.0,237.0,535.0,290.0,39.0,5751.60009765625,1034.2099609375
1998-02-23,295.2,6.475,377.0,234.0,379.0,235.0,535.0,290.0,39.0,5702.7998046875,1038.1400146484375
1998-02-24,292.35,6.39,374.0,236.0,377.0,238.0,550.0,290.0,39.0,5651.0,1030.56005859375
1998-02-25,292.3,6.34,379.0,243.0,380.0,244.0,600.0,320.0,39.0,5745.10009765625,1042.9000244140625
1998-02-26,293.0,6.0475,378.0,240.5,381.0,243.0,600.0,320.0,39.0,5764.7998046875,1048.6700439453125
1998-02-27,296.55,6.37,383.5,233.0,386.0,240.0,600.0,340.0,39.0,5767.2998046875,1049.3399658203125
1998-03-02,299.75,6.605,388.0,234.5,388.0,236.0,600.0,340.0,39.0,5820.60009765625,1047.699951171875
1998-03-03,297.65,6.4975,384.0,234.5,387.0,234.0,600.0,340.0,39.0,5807.7001953125,1052.02001953125
1998-03-04,296.0,6.39,388.0,239.5,388.0,241.0,600.0,340.0,39.0,5733.10009765625,1047.3299560546875
1998-03-05,294.7,6.32,383.0,237.0,386.0,241.0,590.0,340.0,39.0,5695.60009765625,1035.050048828125
1998-03-06,294.25,6.31,383.0,237.0,384.0,238.0,570.0,340.0,39.0,5782.89990234375,1055.68994140625
1998-03-09,294.45,6.064,383.0,241.5,382.0,239.0,570.0,360.0,39.0,5818.89990234375,1052.31005859375
1998-03-10,294.3,6.1175,387.0,247.5,388.0,250.0,560.0,360.0,39.0,5828.5,1064.25
1998-03-11,295.25,6.3125,391.0,256.25,393.0,255.0,550.0,360.0,39.0,5829.7998046875,1068.469970703125
1998-03-12,294.0,6.175,388.0,259.0,390.0,260.0,540.0,360.0,39.0,5794.7998046875,1069.9200439453125
1998-03-13,295.15,6.235,392.0,273.0,394.0,275.0,540.0,360.0,39.0,5782.2998046875,1068.6099853515625
1998-03-16,294.15,6.1175,392.0,273.0,402.0,283.0,540.0,385.0,39.0,5785.10009765625,1079.27001953125
1998-03-17,293.8,6.0725,397.0,276.0,400.0,280.0,540.0,385.0,39.0,5834.89990234375,1080.449951171875
1998-03-18,289.1,5.8,399.0,266.0,399.0,265.0,540.0,385.0,39.0,5903.60009765625,1085.52001953125
1998-03-19,291.3,5.845,411.0,270.0,414.0,278.0,550.0,410.0,39.0,5997.89990234375,1089.739990234375
1998-03-20,291.1,5.9325,413.5,275.25,412.0,269.0,610.0,450.0,39.0,5956.2998046875,1099.1600341796875
1998-03-23,292.8,6.3225,418.0,288.0,419.0,282.0,610.0,450.0,39.0,5947.0,1095.550048828125
1998-03-24,298.85,6.46,423.0,293.5,423.0,294.0,610.0,450.0,40.0,5983.7001953125,1105.6500244140625
1998-03-25,298.5,6.338,409.0,278.0,415.0,294.0,610.0,450.0,40.0,5967.89990234375,1101.9300537109375
1998-03-26,299.2,6.36,415.5,281.0,415.0,286.0,610.0,450.0,40.0,5905.60009765625,1100.800048828125
1998-03-27,302.75,6.375,412.0,272.0,415.0,283.0,610.0,490.0,40.0,5939.2998046875,1095.43994140625
1998-03-30,302.2,6.35,406.75,270.0,407.0,269.0,610.0,490.0,40.0,5911.89990234375,1093.5999755859375
1998-03-31,299.9,6.345,407.0,266.0,408.0,265.0,610.0,490.0,40.0,5932.2001953125,1101.75
1998-04-01,301.6,6.465,410.0,270.5,410.0,272.0,610.0,490.0,40.0,6017.60009765625,1108.1500244140625
1998-04-02,299.3,6.454,405.0,272.0,408.0,273.0,610.0,490.0,40.0,6052.7998046875,1120.010009765625
1998-04-03,305.95,6.73,412.0,280.0,419.0,289.0,610.0,550.0,40.0,6064.2001953125,1122.699951171875
1998-04-06,313.5,6.635,416.5,283.0,423.0,284.0,610.0,550.0,40.0,6105.7998046875,1121.3800048828125
1998-04-07,309.15,6.385,413.0,272.0,415.0,274.0,610.0,550.0,40.0,6094.0,1109.550048828125
1998-04-08,309.75,6.46,418.0,283.0,419.0,287.0,610.0,550.0,40.0,6055.2001953125,1101.6500244140625
1998-04-09,308.35,6.41,419.0,286.5,423.0,297.0,610.0,550.0,40.0,6105.5,1110.6700439453125
1998-04-13,308.35,6.41,419.0,286.5,423.0,297.0,610.0,550.0,40.0,6105.5,1109.68994140625
1998-04-14,309.5,6.41,429.0,318.0,433.0,314.0,610.0,575.0,40.0,6104.10009765625,1115.75
1998-04-15,308.35,6.24,422.0,314.0,430.0,333.0,610.0,575.0,40.0,6074.10009765625,1119.3199462890625
1998-04-16,306.3,6.0695,408.0,296.5,415.0,316.0,620.0,575.0,41.0,6002.0,1108.1700439453125
1998-04-17,308.2,6.275,413.0,314.5,420.0,320.0,640.0,575.0,41.0,5922.2001953125,1122.719970703125
1998-04-20,307.3,6.274,414.0,326.5,416.0,335.0,640.0,575.0,41.0,5954.10009765625,1123.6500244140625
1998-04-21,307.2,6.23,413.5,337.0,414.0,335.0,640.0,575.0,41.0,5955.0,1126.6700439453125
1998-04-22,311.2,6.31,421.0,380.0,418.0,350.0,640.0,575.0,41.0,5931.2001953125,1130.5400390625
1998-04-23,314.6,6.32,421.0,383.0,424.0,400.0,640.0,575.0,41.0,5898.10009765625,1119.5799560546875
1998-04-24,312.65,6.315,409.0,383.0,419.0,395.0,660.0,575.0,41.0,5863.89990234375,1107.9000244140625
1998-04-27,311.4,6.215,408.0,370.0,411.0,385.0,660.0,575.0,44.0,5722.39990234375,1086.5400390625
1998-04-28,308.6,6.135,409.5,372.0,408.0,355.0,660.0,575.0,44.0,5806.60009765625,1085.1099853515625
1998-04-29,307.55,6.105,400.0,366.0,405.0,370.0,660.0,575.0,46.0,5833.10009765625,1094.6199951171875
1998-04-30,310.7,6.215,403.0,365.0,406.0,370.0,660.0,575.0,46.0,5928.39990234375,1111.75
1998-05-01,306.1,6.17,397.0,363.0,400.0,370.0,660.0,575.0,46.0,6010.2998046875,1121.0
1998-05-04,306.1,6.17,397.0,363.0,397.0,362.0,660.0,575.0,48.0,6010.2998046875,1122.0699462890625
1998-05-05,304.2,6.235,399.0,358.0,397.0,360.0,660.0,575.0,48.0,5986.5,1115.5
1998-05-06,303.5,6.0775,398.0,355.0,400.0,364.0,660.0,575.0,53.0,5992.39990234375,1104.9200439453125
1998-05-07,299.0,5.88,394.0,323.0,396.0,340.0,660.0,575.0,59.0,5938.0,1095.1400146484375
1998-05-08,299.15,6.0075,396.0,325.5,394.0,325.0,660.0,575.0,65.0,5969.7998046875,1108.1400146484375
1998-05-11,299.0,5.79,395.5,321.0,397.0,324.0,660.0,560.0,65.0,6028.2998046875,1106.6400146484375
1998-05-12,299.9,5.7875,388.0,333.0,392.0,332.0,660.0,560.0,65.0,5956.7001953125,1115.7900390625
1998-05-13,295.6,5.46,389.0,372.0,387.0,345.0,660.0,560.0,65.0,5972.89990234375,1118.8599853515625
1998-05-14,296.9,5.56,402.0,388.0,402.0,393.0,660.0,560.0,65.0,5948.5,1117.3699951171875
1998-05-15,302.3,5.6625,403.0,392.0,404.0,395.0,660.0,560.0,65.0,5917.7998046875,1108.72998046875
1998-05-18,299.7,5.42,405.0,417.0,405.0,415.0,660.0,560.0,65.0,5826.2001953125,1105.8199462890625
1998-05-19,299.0,5.2525,393.0,395.0,395.0,405.0,660.0,560.0,65.0,5877.7998046875,1109.52001953125
1998-05-20,298.1,5.21,389.0,385.5,391.0,395.0,660.0,560.0,65.0,5907.39990234375,1119.06005859375
1998-05-21,300.05,5.34,380.5,363.0,385.0,373.0,660.0,560.0,65.0,5935.60009765625,1114.6400146484375
1998-05-22,300.7,5.31,379.0,352.0,382.0,365.0,660.0,560.0,65.0,5955.60009765625,1110.469970703125
1998-05-25,300.7,5.31,379.0,352.0,382.0,370.0,660.0,560.0,65.0,5955.60009765625,1110.469970703125
1998-05-26,298.85,5.28,378.0,352.0,381.0,368.0,660.0,560.0,65.0,5970.7001953125,1094.02001953125
1998-05-27,292.6,5.085,375.0,338.0,376.0,360.0,660.0,545.0,65.0,5870.2001953125,1092.22998046875
1998-05-28,293.4,5.175,369.0,297.0,375.0,325.0,660.0,545.0,65.0,5862.2998046875,1097.5999755859375
1998-05-29,292.4,4.9565,361.0,285.0,369.0,300.0,660.0,545.0,65.0,5870.7001953125,1090.8199462890625
1998-06-01,292.35,5.1425,362.5,282.0,369.0,300.0,660.0,545.0,65.0,5837.89990234375,1090.97998046875
1998-06-02,289.2,5.1175,366.0,273.0,364.0,275.0,660.0,545.0,65.0,5842.2998046875,1093.219970703125
1998-06-03,293.35,5.19,357.0,258.0,357.0,260.0,660.0,545.0,65.0,5898.39990234375,1082.72998046875
1998-06-04,292.05,5.175,359.5,282.0,362.0,280.0,660.0,545.0,65.0,5860.7998046875,1094.8299560546875
1998-06-05,292.2,5.23,356.5,290.0,362.0,300.0,660.0,545.0,65.0,5947.2998046875,1113.8599853515625
1998-06-08,290.3,5.255,356.75,294.0,359.0,295.0,660.0,545.0,65.0,6037.7998046875,1115.719970703125
1998-06-09,296.25,5.46,364.0,298.0,366.0,305.0,660.0,545.0,65.0,6019.7998046875,1118.4100341796875
1998-06-10,294.15,5.355,354.0,278.0,358.0,302.0,660.0,545.0,65.0,5987.39990234375,1112.280029296875
1998-06-11,292.9,5.3075,354.0,268.0,357.0,280.0,660.0,545.0,65.0,5852.5,1094.5799560546875
1998-06-12,288.1,5.165,352.5,270.0,351.0,278.0,660.0,545.0,65.0,5769.7998046875,1098.8399658203125
1998-06-15,286.1,5.0925,345.5,272.0,348.0,285.0,660.0,545.0,65.0,5715.7001953125,1077.010009765625
1998-06-16,286.4,5.135,351.0,276.0,347.0,280.0,660.0,545.0,65.0,5729.7001953125,1087.5899658203125
1998-06-17,288.4,5.28,358.0,284.0,356.0,282.0,660.0,520.0,65.0,5832.7001953125,1107.1099853515625
1998-06-18,293.05,5.3175,357.0,293.0,365.0,303.0,660.0,520.0,65.0,5812.10009765625,1106.3699951171875
1998-06-19,293.4,5.295,360.0,292.0,358.0,297.0,660.0,520.0,65.0,5748.10009765625,1100.6500244140625
1998-06-22,294.75,5.31,355.0,295.0,358.0,300.0,660.0,520.0,62.0,5712.5,1103.2099609375
1998-06-23,295.55,5.36,354.0,305.0,358.0,300.0,660.0,520.0,62.0,5772.0,1119.489990234375
1998-06-24,293.9,5.335,351.0,303.0,353.0,310.0,660.0,520.0,62.0,5804.89990234375,1132.8800048828125
1998-06-25,293.25,5.2925,351.0,296.5,351.0,302.0,660.0,520.0,62.0,5859.0,1129.280029296875
1998-06-26,294.5,5.39,351.0,295.0,353.0,302.0,660.0,520.0,62.0,5877.39990234375,1133.199951171875
1998-06-29,293.0,5.305,349.0,296.0,352.0,300.0,660.0,520.0,62.0,5884.5,1138.489990234375
1998-06-30,295.75,5.3575,357.25,297.0,353.0,300.0,660.0,520.0,62.0,5832.60009765625,1133.8399658203125
1998-07-01,297.1,5.525,364.0,293.0,362.0,300.0,660.0,520.0,62.0,5919.89990234375,1148.56005859375
1998-07-02,295.75,5.445,365.0,295.0,370.0,300.0,660.0,520.0,60.0,5960.2001953125,1146.4200439453125
1998-07-03,293.9,5.3425,366.0,287.0,366.0,300.0,660.0,520.0,60.0,5988.39990234375,1146.4200439453125
1998-07-06,293.15,5.32,364.0,289.0,365.0,295.0,660.0,520.0,60.0,5990.2998046875,1157.3299560546875
1998-07-07,293.1,5.345,378.0,296.5,371.0,298.0,660.0,520.0,60.0,6003.39990234375,1154.6600341796875
1998-07-08,294.35,5.33,374.0,297.0,378.0,300.0,660.0,520.0,60.0,6009.60009765625,1166.3800048828125
1998-07-09,292.2,5.335,382.0,298.0,381.0,300.0,660.0,520.0,60.0,5969.7001953125,1158.56005859375
1998-07-10,291.35,5.295,376.0,295.0,377.0,300.0,660.0,520.0,60.0,5929.7001953125,1164.3299560546875
1998-07-13,290.7,5.2675,375.5,293.0,374.0,298.0,650.0,520.0,60.0,5958.2001953125,1165.18994140625
1998-07-14,292.2,5.33,376.0,295.0,378.0,297.0,650.0,520.0,60.0,6100.2001953125,1177.5799560546875
1998-07-15,292.8,5.32,383.0,300.0,382.0,298.0,650.0,520.0,60.0,6151.5,1174.81005859375
1998-07-16,294.35,5.3625,393.0,325.0,393.0,330.0,650.0,520.0,60.0,6116.7998046875,1183.989990234375
1998-07-17,293.6,5.285,394.0,340.0,392.0,348.0,650.0,500.0,60.0,6174.0,1186.75
1998-07-20,294.65,5.39,394.0,347.0,397.0,348.0,650.0,500.0,60.0,6179.0,1184.0999755859375
1998-07-21,295.2,5.4225,384.0,329.0,391.0,346.0,650.0,500.0,60.0,6132.7001953125,1165.0699462890625
1998-07-22,294.4,5.65,383.0,318.0,384.0,327.0,640.0,500.0,60.0,5989.60009765625,1164.0799560546875
1998-07-23,292.9,5.6725,379.0,310.0,382.0,323.0,630.0,500.0,55.0,5976.2001953125,1139.75
1998-07-24,293.75,5.8325,383.0,309.0,381.0,315.0,630.0,500.0,55.0,5892.2998046875,1140.800048828125
1998-07-27,290.75,5.625,376.0,304.0,379.0,313.0,630.0,500.0,55.0,5836.2001953125,1147.27001953125
1998-07-28,290.35,5.64,378.5,307.0,379.0,310.0,630.0,500.0,55.0,5835.89990234375,1130.239990234375
1998-07-29,291.0,5.67,380.0,307.0,385.0,317.0,630.0,500.0,55.0,5844.10009765625,1125.2099609375
1998-07-30,289.15,5.54,378.0,301.0,377.0,307.0,630.0,500.0,55.0,5910.7001953125,1142.949951171875
1998-07-31,289.4,5.525,377.5,307.5,378.0,312.0,630.0,500.0,55.0,5837.10009765625,1120.6700439453125
1998-08-03,286.65,5.4075,371.0,303.0,375.0,312.0,630.0,500.0,52.0,5809.7001953125,1112.43994140625
1998-08-04,285.7,5.385,375.0,294.0,373.0,312.0,630.0,500.0,52.0,5736.10009765625,1072.1199951171875
1998-08-05,288.85,5.4725,376.0,293.0,375.0,300.0,630.0,500.0,52.0,5632.5,1081.4300537109375
1998-08-06,286.85,5.42,380.0,293.5,379.0,300.0,630.0,500.0,52.0,5594.10009765625,1089.6300048828125
1998-08-07,286.2,5.41,379.5,290.5,382.0,300.0,640.0,490.0,50.0,5680.39990234375,1089.449951171875
1998-08-10,286.2,5.285,377.0,291.0,379.0,298.0,640.0,490.0,50.0,5587.60009765625,1083.1400146484375
1998-08-11,284.5,5.2,375.0,288.0,378.0,298.0,640.0,490.0,50.0,5432.7998046875,1068.97998046875
1998-08-12,285.5,5.245,375.5,289.0,376.0,298.0,640.0,490.0,50.0,5462.2001953125,1084.219970703125
1998-08-13,282.7,5.105,369.0,284.0,372.0,296.0,640.0,490.0,50.0,5399.5,1074.9100341796875
1998-08-14,284.8,5.14,371.25,280.0,374.0,290.0,640.0,490.0,50.0,5455.0,1062.75
1998-08-17,283.3,5.13,365.0,280.0,369.0,285.0,640.0,490.0,50.0,5467.2001953125,1083.6700439453125
1998-08-18,284.4,5.12,367.0,279.0,366.0,290.0,640.0,490.0,50.0,5648.2001953125,1101.199951171875
1998-08-19,285.75,5.1,369.0,281.0,370.0,285.0,640.0,490.0,50.0,5694.2998046875,1098.06005859375
1998-08-20,283.7,5.1025,371.0,282.0,370.0,285.0,640.0,490.0,50.0,5667.39990234375,1091.5999755859375
1998-08-21,284.45,5.16,369.0,288.0,373.0,290.0,640.0,490.0,50.0,5477.0,1081.239990234375
1998-08-24,284.3,5.16,367.5,290.0,369.0,292.0,640.0,490.0,50.0,5553.7001953125,1088.1400146484375
1998-08-25,283.9,5.0725,366.0,290.0,369.0,294.0,640.0,490.0,50.0,5654.39990234375,1092.8499755859375
1998-08-26,282.5,4.965,360.0,283.0,363.0,292.0,640.0,490.0,50.0,5545.39990234375,1084.18994140625
1998-08-27,280.9,4.975,355.0,275.5,359.0,285.0,640.0,490.0,50.0,5368.5,1042.5899658203125
1998-08-28,273.4,4.785,350.0,272.5,351.0,276.0,640.0,490.0,50.0,5249.39990234375,1027.1400146484375
1998-08-31,273.4,4.785,350.0,272.5,358.0,279.0,640.0,490.0,50.0,5249.39990234375,957.280029296875
1998-09-01,277.7,4.73,363.0,279.0,363.0,280.0,640.0,475.0,48.0,5169.10009765625,994.260009765625
1998-09-02,280.0,4.8475,367.0,280.0,368.0,283.0,640.0,475.0,48.0,5235.89990234375,990.47998046875
1998-09-03,279.65,4.81,363.0,279.0,362.0,281.0,640.0,475.0,48.0,5118.7001953125,982.260009765625
1998-09-04,285.4,4.98,366.0,283.0,370.0,285.0,640.0,475.0,48.0,5167.0,973.8900146484375
1998-09-07,288.35,5.04,368.25,282.0,370.0,288.0,640.0,475.0,48.0,5347.0,973.8900146484375
1998-09-08,287.3,5.01,361.0,277.0,366.0,286.0,640.0,475.0,48.0,5344.2001953125,1023.4600219726562
1998-09-09,284.15,4.85,357.0,280.0,360.0,281.0,640.0,460.0,46.0,5311.2998046875,1006.2000122070312
1998-09-10,285.65,4.98,363.0,288.0,362.0,285.0,640.0,460.0,46.0,5136.60009765625,980.1900024414062
1998-09-11,293.75,5.0525,365.0,290.5,370.0,296.0,640.0,460.0,46.0,5118.60009765625,1009.0599975585938
1998-09-14,290.3,4.96,362.0,291.0,366.0,299.0,640.0,460.0,46.0,5268.60009765625,1029.719970703125
1998-09-15,290.35,4.93,369.5,288.0,364.0,292.0,640.0,460.0,46.0,5281.7001953125,1037.6800537109375
1998-09-16,289.15,4.95,365.0,290.0,367.0,294.0,640.0,460.0,46.0,5291.7001953125,1045.47998046875
1998-09-17,287.65,4.9425,358.0,288.0,358.0,293.0,640.0,460.0,46.0,5132.89990234375,1018.8699951171875
1998-09-18,290.85,4.995,357.5,288.0,359.0,294.0,640.0,460.0,46.0,5055.60009765625,1020.0900268554688
1998-09-21,292.1,5.005,357.5,280.0,358.0,295.0,640.0,460.0,46.0,4990.2998046875,1023.8900146484375
1998-09-22,288.5,4.895,353.0,275.5,355.0,286.0,640.0,460.0,46.0,5103.2998046875,1029.6300048828125
1998-09-23,288.0,4.88,353.0,278.0,354.0,282.0,640.0,460.0,46.0,5214.7001953125,1066.0899658203125
1998-09-24,290.6,5.06,356.5,284.0,357.0,285.0,640.0,460.0,46.0,5167.60009765625,1042.719970703125
1998-09-25,296.35,5.185,359.5,286.0,359.0,290.0,640.0,460.0,46.0,5061.0,1044.75
1998-09-28,293.8,5.14,352.0,286.5,355.0,292.0,640.0,440.0,46.0,5093.5,1048.68994140625
1998-09-29,296.85,5.355,349.0,279.5,352.0,294.0,640.0,440.0,46.0,5108.7001953125,1049.02001953125
1998-09-30,294.1,5.385,350.0,280.0,349.0,279.0,640.0,440.0,46.0,5064.39990234375,1017.010009765625
1998-10-01,299.0,5.36,354.0,283.0,354.0,284.0,640.0,430.0,44.0,4908.2001953125,986.3900146484375
1998-10-02,301.4,5.305,351.0,281.0,353.0,284.0,640.0,430.0,44.0,4750.39990234375,1002.5999755859375
1998-10-05,298.75,5.155,344.0,280.0,349.0,284.0,640.0,430.0,44.0,4648.7001953125,988.5599975585938
1998-10-06,296.35,5.0875,341.0,279.5,344.0,284.0,640.0,430.0,44.0,4854.0,984.5900268554688
1998-10-07,298.85,5.13,347.0,283.0,347.0,285.0,650.0,430.0,44.0,4828.89990234375,970.6799926757812
1998-10-08,302.35,5.22,356.0,282.0,354.0,286.0,650.0,430.0,44.0,4698.89990234375,959.4400024414062
1998-10-09,299.65,5.0125,351.0,282.5,354.0,286.0,650.0,430.0,44.0,4823.39990234375,984.3900146484375
1998-10-12,296.65,4.845,344.0,281.5,345.0,285.0,650.0,430.0,44.0,5037.7001953125,997.7100219726562
1998-10-13,296.8,4.865,343.0,278.0,345.0,284.0,650.0,430.0,44.0,4990.10009765625,994.7999877929688
1998-10-14,296.6,4.8025,339.0,277.0,340.0,283.0,650.0,430.0,44.0,5038.39990234375,1005.530029296875
1998-10-15,296.0,4.82,341.0,275.5,341.0,279.0,660.0,430.0,44.0,5056.2998046875,1047.489990234375
1998-10-16,300.45,4.96,343.0,277.0,348.0,282.0,660.0,430.0,44.0,5133.10009765625,1056.4200439453125
1998-10-19,298.35,4.9,337.0,275.0,342.0,282.0,660.0,430.0,44.0,5077.5,1062.3900146484375
1998-10-20,295.85,4.855,335.0,271.0,336.0,278.0,660.0,430.0,44.0,5251.89990234375,1063.9300537109375
1998-10-21,296.9,4.89,338.75,275.5,339.0,277.0,660.0,430.0,44.0,5206.7001953125,1069.9200439453125
1998-10-22,293.75,4.88,338.0,274.0,338.0,278.0,660.0,430.0,44.0,5229.89990234375,1078.47998046875
1998-10-23,292.85,4.865,337.0,275.75,339.0,280.0,660.0,430.0,44.0,5217.10009765625,1070.6700439453125
1998-10-26,291.2,4.86,338.0,277.0,339.0,281.0,660.0,430.0,44.0,5231.5,1072.3199462890625
1998-10-27,293.0,5.0,342.0,281.0,342.0,285.0,660.0,430.0,44.0,5331.2001953125,1065.3399658203125
1998-10-28,293.75,5.06,339.25,280.0,341.0,288.0,660.0,420.0,43.0,5293.89990234375,1068.0899658203125
1998-10-29,293.5,5.045,337.5,277.5,338.0,281.0,660.0,420.0,43.0,5358.5,1085.9300537109375
1998-10-30,293.1,5.055,334.25,275.0,331.0,282.0,660.0,420.0,43.0,5438.39990234375,1098.6700439453125
1998-11-02,292.75,5.035,336.0,273.0,336.0,280.0,660.0,420.0,43.0,5525.5,1111.5999755859375
1998-11-03,290.1,4.96,339.0,273.0,338.0,279.0,660.0,420.0,43.0,5503.89990234375,1110.8399658203125
1998-11-04,290.1,4.925,344.0,274.0,343.0,280.0,660.0,420.0,43.0,5622.89990234375,1118.6700439453125
1998-11-05,290.9,4.95,346.0,275.0,346.0,281.0,660.0,420.0,43.0,5479.7998046875,1133.8499755859375
1998-11-06,290.9,4.95,346.0,275.0,344.0,280.0,660.0,420.0,43.0,5491.0,1141.010009765625
1998-11-09,292.4,4.995,337.5,273.0,340.0,279.0,660.0,420.0,43.0,5433.89990234375,1130.199951171875
1998-11-10,291.75,5.0,337.5,272.0,338.0,279.0,660.0,420.0,43.0,5432.2998046875,1128.260009765625
1998-11-11,293.6,4.9875,338.5,272.0,339.0,279.0,660.0,420.0,43.0,5476.7998046875,1120.969970703125
1998-11-12,293.0,4.985,343.5,275.75,344.0,281.0,660.0,420.0,43.0,5449.0,1117.68994140625
1998-11-13,297.2,5.1275,349.5,277.0,353.0,284.0,660.0,420.0,43.0,5463.2001953125,1125.719970703125
1998-11-16,295.35,5.035,347.0,278.0,347.0,282.0,660.0,420.0,43.0,5510.5,1135.8699951171875
1998-11-17,294.6,4.95,347.5,277.5,350.0,284.0,660.0,420.0,43.0,5502.7001953125,1139.3199462890625
1998-11-18,294.4,4.955,353.0,288.0,352.0,287.0,660.0,420.0,43.0,5474.0,1144.47998046875
1998-11-19,297.85,5.01,358.5,296.0,361.0,299.0,660.0,420.0,43.0,5606.2001953125,1152.6099853515625
1998-11-20,297.85,5.01,358.5,296.0,360.0,306.0,660.0,420.0,43.0,5717.5,1163.550048828125
1998-11-23,295.6,4.915,352.5,285.0,357.0,300.0,660.0,420.0,43.0,5848.39990234375,1188.2099609375
1998-11-24,295.95,4.9175,351.0,275.5,352.0,284.0,660.0,420.0,43.0,5798.2998046875,1182.989990234375
1998-11-25,296.2,4.915,353.5,275.0,355.0,284.0,660.0,420.0,43.0,5755.2998046875,1186.8699951171875
1998-11-26,296.25,4.92,350.0,275.0,353.0,283.0,660.0,420.0,43.0,5827.89990234375,1186.8699951171875
1998-11-27,295.7,4.935,351.0,273.5,353.0,283.0,660.0,420.0,43.0,5844.2001953125,1192.3299560546875
1998-11-30,295.75,4.925,354.0,274.0,355.0,281.0,660.0,420.0,43.0,5743.89990234375,1163.6300048828125
1998-12-01,293.35,4.875,349.5,272.0,353.0,282.0,660.0,420.0,43.0,5537.5,1175.280029296875
1998-12-02,293.9,4.875,346.5,271.0,350.0,279.0,660.0,420.0,43.0,5507.2001953125,1171.25
1998-12-03,292.95,4.69,346.0,271.5,346.0,281.0,660.0,420.0,43.0,5566.10009765625,1150.1400146484375
1998-12-04,292.4,4.7825,347.0,272.0,350.0,281.0,660.0,420.0,43.0,5581.89990234375,1176.739990234375
1998-12-07,292.35,4.76,347.0,271.5,348.0,280.0,660.0,420.0,43.0,5576.7001953125,1187.699951171875
1998-12-08,294.5,4.78,346.0,271.0,347.0,278.0,660.0,420.0,43.0,5615.7001953125,1181.3800048828125
1998-12-09,293.5,4.82,351.0,286.0,351.0,288.0,660.0,420.0,43.0,5669.10009765625,1183.489990234375
1998-12-10,294.9,4.835,350.0,292.0,353.0,296.0,670.0,410.0,41.0,5660.2998046875,1165.02001953125
1998-12-11,294.3,4.835,350.0,292.0,354.0,307.0,670.0,410.0,41.0,5541.7001953125,1166.4599609375
1998-12-14,291.25,4.785,349.0,291.0,349.0,299.0,700.0,410.0,41.0,5534.5,1141.199951171875
1998-12-15,292.5,4.87,353.0,297.0,350.0,299.0,700.0,410.0,41.0,5557.10009765625,1162.8299560546875
1998-12-16,292.55,4.9425,355.5,322.0,352.0,308.0,720.0,410.0,41.0,5630.39990234375,1161.93994140625
1998-12-17,293.75,5.0175,355.0,330.0,358.0,328.0,750.0,410.0,41.0,5685.2001953125,1179.97998046875
1998-12-18,292.35,4.935,349.0,310.0,347.0,314.0,780.0,410.0,41.0,5741.89990234375,1188.030029296875
1998-12-21,289.95,4.95,347.0,306.0,348.0,318.0,780.0,410.0,41.0,5876.5,1202.8399658203125
1998-12-22,288.7,4.89,345.0,310.0,347.0,325.0,780.0,410.0,41.0,5843.2998046875,1203.5699462890625
1998-12-23,287.7,4.89,345.0,306.75,346.0,316.0,780.0,410.0,41.0,5908.7998046875,1228.5400390625
1998-12-24,287.7,4.89,345.0,306.75,347.0,314.0,780.0,410.0,41.0,5867.2001953125,1226.27001953125
1998-12-28,287.7,4.89,345.0,306.75,349.0,315.0,780.0,410.0,41.0,5867.2001953125,1225.489990234375
1998-12-29,286.7,4.915,354.0,327.0,350.0,326.0,780.0,410.0,41.0,5941.5,1241.81005859375
1998-12-30,286.8,5.03,360.25,330.0,358.0,334.0,780.0,410.0,41.0,5882.60009765625,1231.9300537109375
1998-12-31,286.8,5.03,360.25,330.0,363.0,337.0,780.0,410.0,41.0,5882.60009765625,1229.22998046875
1999-01-04,288.25,4.995,362.75,337.0,363.0,339.0,780.0,410.0,41.0,5879.39990234375,1228.0999755859375
1999-01-05,287.0,4.91,360.5,332.0,362.0,339.0,780.0,410.0,41.0,5958.2001953125,1244.780029296875
1999-01-06,287.15,5.1525,360.0,324.75,361.0,335.0,780.0,410.0,41.0,6148.7998046875,1272.3399658203125
1999-01-07,288.6,5.29,357.75,315.0,358.0,322.0,780.0,410.0,41.0,6101.2001953125,1269.72998046875
1999-01-08,290.9,5.21,358.0,316.0,362.0,323.0,780.0,410.0,41.0,6147.2001953125,1275.0899658203125
1999-01-11,291.25,5.255,359.5,316.0,361.0,322.0,790.0,410.0,41.0,6085.0,1263.8800048828125
1999-01-12,291.4,5.355,358.5,316.0,363.0,324.0,800.0,410.0,41.0,6033.60009765625,1239.510009765625
1999-01-13,288.2,5.185,353.0,311.0,356.0,319.0,810.0,410.0,41.0,5850.10009765625,1234.4000244140625
1999-01-14,285.7,5.14,353.5,312.0,355.0,317.0,825.0,410.0,41.0,5820.2001953125,1212.18994140625
1999-01-15,285.85,5.105,350.0,312.0,352.0,318.0,860.0,415.0,41.0,5941.0,1243.260009765625
1999-01-18,286.95,5.13,354.0,317.0,355.0,321.0,860.0,415.0,41.0,6123.89990234375,1243.260009765625
1999-01-19,287.3,5.125,353.0,322.5,354.0,325.0,875.0,415.0,41.0,6027.60009765625,1252.0
1999-01-20,285.9,5.13,353.5,321.5,355.0,327.0,900.0,415.0,41.0,6105.60009765625,1256.6199951171875
1999-01-21,287.1,5.1525,353.5,320.5,355.0,329.0,900.0,415.0,41.0,6022.2998046875,1235.1600341796875
1999-01-22,287.75,5.135,351.25,320.0,354.0,326.0,900.0,415.0,41.0,5861.2001953125,1225.18994140625
1999-01-25,286.3,5.095,352.0,324.0,351.0,327.0,900.0,415.0,41.0,5880.89990234375,1233.97998046875
1999-01-26,287.3,5.15,352.0,325.0,354.0,332.0,900.0,415.0,41.0,5885.7001953125,1252.31005859375
1999-01-27,285.8,5.08,349.5,330.0,352.0,332.0,900.0,415.0,41.0,5876.39990234375,1243.1700439453125
1999-01-28,282.3,5.0875,342.0,329.0,348.0,335.0,900.0,415.0,41.0,5872.5,1265.3699951171875
1999-01-29,285.65,5.2375,344.5,335.0,347.0,338.0,900.0,415.0,41.0,5896.0,1279.6400146484375
1999-02-01,287.1,5.275,346.5,342.5,348.0,345.0,890.0,415.0,41.0,6012.39990234375,1273.0
1999-02-02,289.75,5.28,349.0,338.5,350.0,349.0,890.0,415.0,41.0,6013.0,1261.989990234375
1999-02-03,287.55,5.54,354.5,346.0,354.0,346.0,890.0,415.0,41.0,5940.2998046875,1272.0699462890625
1999-02-04,287.25,5.62,352.5,357.0,353.0,358.0,890.0,415.0,41.0,5939.89990234375,1248.489990234375
1999-02-05,289.75,5.69,355.0,352.0,360.0,362.0,890.0,415.0,41.0,5855.2998046875,1239.4000244140625
1999-02-08,288.85,5.575,353.0,345.0,354.0,349.0,890.0,415.0,41.0,5834.89990234375,1243.77001953125
1999-02-09,287.65,5.53,355.0,347.0,355.0,351.0,890.0,415.0,41.0,5779.89990234375,1216.1400146484375
1999-02-10,287.1,5.525,360.0,359.0,359.0,366.0,890.0,415.0,41.0,5770.2001953125,1223.550048828125
1999-02-11,287.5,5.495,359.5,357.0,360.0,364.0,890.0,415.0,41.0,5888.5,1254.0400390625
1999-02-12,287.4,5.64,368.5,356.75,362.0,362.0,890.0,415.0,41.0,5950.7001953125,1230.1300048828125
1999-02-15,290.05,5.75,369.0,357.0,372.0,363.0,890.0,415.0,41.0,6023.2001953125,1230.1300048828125
1999-02-16,288.05,5.665,362.5,353.0,367.0,362.0,890.0,415.0,41.0,6108.60009765625,1241.8699951171875
1999-02-17,285.35,5.385,364.0,347.0,363.0,356.0,890.0,415.0,41.0,6078.39990234375,1224.030029296875
1999-02-18,285.65,5.4625,370.0,351.0,369.0,353.0,890.0,415.0,41.0,6074.89990234375,1237.280029296875
1999-02-19,287.05,5.6,377.0,351.0,378.0,363.0,890.0,415.0,41.0,6031.2001953125,1239.219970703125
1999-02-22,287.2,5.575,374.5,350.0,374.0,360.0,890.0,415.0,41.0,6069.89990234375,1272.1400146484375
1999-02-23,286.65,5.505,381.0,346.0,381.0,355.0,890.0,415.0,41.0,6155.2001953125,1271.1800537109375
1999-02-24,286.1,5.5,383.0,350.0,385.0,353.0,890.0,415.0,41.0,6307.60009765625,1253.4100341796875
1999-02-25,287.1,5.42,377.0,354.5,384.0,360.0,890.0,415.0,41.0,6206.5,1245.02001953125
1999-02-26,286.8,5.58,378.0,351.0,384.0,362.0,890.0,415.0,41.0,6175.10009765625,1238.3299560546875
1999-03-01,287.05,5.62,379.5,351.0,380.0,360.0,890.0,415.0,41.0,6060.89990234375,1236.1600341796875
1999-03-02,286.4,5.485,376.0,350.0,378.0,360.0,890.0,415.0,41.0,6061.2998046875,1225.5
1999-03-03,286.65,5.345,372.0,350.0,374.0,357.0,890.0,415.0,41.0,6048.2998046875,1227.699951171875
1999-03-04,286.7,5.2225,372.0,345.0,373.0,355.0,890.0,415.0,40.0,6101.5,1246.6400146484375
1999-03-05,287.9,5.295,374.25,346.5,375.0,355.0,890.0,415.0,40.0,6205.5,1275.469970703125
1999-03-08,288.5,5.245,376.5,347.0,377.0,354.0,890.0,415.0,40.0,6208.89990234375,1282.72998046875
1999-03-09,291.9,5.315,375.0,346.0,378.0,354.0,890.0,415.0,40.0,6237.7001953125,1279.8399658203125
1999-03-10,291.5,5.24,369.0,345.5,372.0,353.0,890.0,415.0,40.0,6241.5,1286.8399658203125
1999-03-11,293.8,5.285,369.0,349.0,371.0,353.0,890.0,415.0,40.0,6335.7001953125,1297.6800537109375
1999-03-12,293.65,5.3075,365.5,349.0,370.0,358.0,890.0,415.0,40.0,6282.2001953125,1294.5899658203125
1999-03-15,291.25,5.205,364.25,349.5,367.0,355.0,890.0,415.0,40.0,6206.7998046875,1307.260009765625
1999-03-16,286.8,5.055,364.25,349.5,367.0,357.0,890.0,415.0,40.0,6201.89990234375,1306.3800048828125
1999-03-17,283.9,5.0425,367.75,348.0,368.0,358.0,890.0,415.0,40.0,6140.60009765625,1297.8199462890625
1999-03-18,284.35,5.04,367.5,349.0,368.0,355.0,890.0,415.0,40.0,6114.2998046875,1316.550048828125
1999-03-19,283.45,5.035,370.5,352.0,369.0,355.0,890.0,415.0,40.0,6163.2001953125,1299.2900390625
1999-03-22,284.5,5.07,373.0,356.0,372.0,362.0,890.0,415.0,40.0,6152.7998046875,1297.010009765625
1999-03-23,285.1,5.13,373.75,353.5,374.0,361.0,890.0,415.0,40.0,6060.5,1262.1400146484375
1999-03-24,284.25,5.095,374.0,355.0,375.0,360.0,880.0,415.0,40.0,6016.7001953125,1268.5899658203125
1999-03-25,283.75,5.055,370.0,363.0,372.0,361.0,880.0,415.0,40.0,6085.0,1289.989990234375
1999-03-26,282.0,5.0575,368.5,366.0,373.0,377.0,880.0,415.0,40.0,6139.2001953125,1282.800048828125
1999-03-29,280.35,5.0925,369.0,368.0,370.0,373.0,880.0,415.0,40.0,6252.89990234375,1310.1700439453125
1999-03-30,280.05,5.115,361.0,362.0,364.0,367.0,880.0,415.0,40.0,6264.2001953125,1300.75
1999-03-31,279.8,5.025,361.0,362.0,363.0,365.0,880.0,415.0,40.0,6295.2998046875,1286.3699951171875
1999-04-01,280.5,5.01,359.0,349.0,362.0,355.0,880.0,415.0,40.0,6330.0,1293.719970703125
1999-04-05,280.5,5.01,359.0,349.0,362.0,355.0,880.0,415.0,40.0,6330.0,1321.1199951171875
1999-04-06,278.35,4.945,354.25,359.0,359.0,360.0,880.0,415.0,40.0,6415.2998046875,1317.8900146484375
1999-04-07,280.25,4.9575,355.5,364.5,358.0,364.0,880.0,415.0,40.0,6473.2001953125,1326.8900146484375
1999-04-08,280.4,4.9775,357.25,363.0,357.0,369.0,880.0,415.0,40.0,6437.89990234375,1343.97998046875
1999-04-09,281.6,4.915,356.7,363.0,358.0,362.0,880.0,415.0,40.0,6472.7998046875,1348.3499755859375
1999-04-12,282.7,4.98,360.5,365.0,360.0,370.0,850.0,415.0,40.0,6441.2001953125,1358.6300048828125
1999-04-13,282.5,4.89,359.5,366.25,360.0,370.0,850.0,415.0,40.0,6513.10009765625,1349.8199462890625
1999-04-14,283.85,4.94,357.5,368.0,361.0,372.0,850.0,415.0,40.0,6493.60009765625,1328.43994140625
1999-04-15,281.25,4.88,360.0,368.0,359.0,372.0,850.0,415.0,40.0,6466.10009765625,1322.8499755859375
1999-04-16,283.9,5.02,362.0,371.0,361.0,372.0,850.0,415.0,40.0,6420.60009765625,1319.0
1999-04-19,284.65,5.065,365.5,379.0,366.0,386.0,850.0,415.0,40.0,6515.2998046875,1289.47998046875
1999-04-20,284.55,5.145,364.0,384.0,367.0,391.0,860.0,415.0,40.0,6319.7998046875,1306.1700439453125
1999-04-21,283.9,5.115,359.5,379.0,362.0,385.0,860.0,415.0,40.0,6311.0,1336.1199951171875
1999-04-22,283.35,5.1525,357.0,370.5,360.0,380.0,860.0,415.0,40.0,6413.60009765625,1358.8199462890625
1999-04-23,283.7,5.1825,356.5,363.0,358.0,371.0,860.0,415.0,40.0,6428.0,1356.8499755859375
1999-04-26,283.1,5.145,354.0,352.5,357.0,361.0,860.0,415.0,40.0,6503.60009765625,1360.0400390625
1999-04-27,281.5,5.0975,356.0,352.0,357.0,357.0,860.0,415.0,40.0,6593.60009765625,1362.800048828125
1999-04-28,282.8,5.205,353.0,338.5,356.0,353.0,860.0,415.0,40.0,6598.7998046875,1350.9100341796875
1999-04-29,283.7,5.275,346.0,332.0,353.0,337.0,860.0,415.0,40.0,6497.60009765625,1342.8299560546875
1999-04-30,285.85,5.44,350.0,295.0,352.0,338.0,860.0,415.0,40.0,6552.2001953125,1335.1800537109375
1999-05-03,285.85,5.44,350.0,295.0,355.0,308.0,860.0,415.0,40.0,6552.2001953125,1354.6300048828125
1999-05-04,285.6,5.325,347.0,285.0,350.0,303.0,860.0,415.0,40.0,6533.10009765625,1332.0
1999-05-05,285.5,5.295,350.5,286.0,350.0,293.0,860.0,415.0,40.0,6401.7001953125,1347.31005859375
1999-05-06,288.1,5.43,353.5,312.0,355.0,310.0,860.0,415.0,40.0,6406.60009765625,1332.050048828125
1999-05-07,283.4,5.2725,354.5,326.0,359.0,328.0,860.0,415.0,40.0,6356.0,1345.0
1999-05-10,280.65,5.375,354.0,331.0,355.0,329.0,860.0,415.0,40.0,6348.7998046875,1340.300048828125
1999-05-11,278.3,5.3825,354.0,328.0,356.0,334.0,860.0,415.0,39.0,6378.2998046875,1355.6099853515625
1999-05-12,278.0,5.4,356.0,335.0,357.0,339.0,860.0,415.0,39.0,6343.10009765625,1364.0
1999-05-13,278.4,5.365,355.5,337.0,357.0,342.0,860.0,415.0,39.0,6456.60009765625,1367.56005859375
1999-05-14,277.2,5.47,356.25,344.0,358.0,346.0,860.0,415.0,39.0,6300.39990234375,1337.800048828125
1999-05-17,276.1,5.36,355.5,339.0,355.0,343.0,860.0,415.0,39.0,6165.7998046875,1339.489990234375
1999-05-18,274.7,5.375,355.0,342.0,355.0,343.0,860.0,415.0,39.0,6206.39990234375,1333.3199462890625
1999-05-19,272.85,5.285,354.5,335.0,354.0,343.0,860.0,415.0,39.0,6266.7001953125,1344.22998046875
1999-05-20,274.4,5.315,356.0,328.0,354.0,332.0,860.0,415.0,39.0,6368.2001953125,1338.8299560546875
1999-05-21,274.85,5.305,359.5,329.5,359.0,337.0,880.0,415.0,39.0,6353.10009765625,1330.2900390625
1999-05-24,272.2,5.145,356.0,330.0,358.0,335.0,880.0,415.0,39.0,6322.10009765625,1306.6500244140625
1999-05-25,272.65,5.085,358.0,330.0,357.0,334.0,880.0,415.0,39.0,6249.2998046875,1284.4000244140625
1999-05-26,269.5,5.05,359.5,340.0,359.0,341.0,900.0,415.0,39.0,6236.7998046875,1304.760009765625
1999-05-27,268.25,4.955,363.5,339.0,364.0,344.0,920.0,415.0,39.0,6199.5,1281.4100341796875
1999-05-28,271.05,4.935,364.0,338.0,367.0,346.0,930.0,415.0,39.0,6226.2001953125,1301.8399658203125
1999-05-31,271.05,4.935,364.0,338.0,365.0,343.0,930.0,415.0,39.0,6226.2001953125,1301.8399658203125
1999-06-01,265.5,4.88,362.5,340.8,363.0,344.0,930.0,415.0,39.0,6250.0,1294.260009765625
1999-06-02,267.05,4.98,363.0,342.5,362.0,347.0,930.0,415.0,39.0,6302.2001953125,1294.81005859375
1999-06-03,263.85,4.96,364.0,342.0,363.0,348.0,930.0,415.0,39.0,6348.60009765625,1299.5400390625
1999-06-04,266.5,4.9025,367.0,343.5,368.0,346.0,930.0,415.0,39.0,6361.5,1327.75
1999-06-07,266.35,4.98,365.0,344.0,367.0,348.0,930.0,415.0,39.0,6412.0,1334.52001953125
1999-06-08,263.85,4.98,362.75,346.0,362.0,348.0,930.0,415.0,39.0,6431.5,1317.3299560546875
1999-06-09,262.0,4.9275,366.5,350.0,363.0,352.0,930.0,415.0,39.0,6453.0,1318.6400146484375
1999-06-10,258.35,5.02,367.5,348.0,368.0,356.0,930.0,415.0,39.0,6403.39990234375,1302.8199462890625
1999-06-11,259.2,5.09,366.0,343.0,368.0,352.0,930.0,415.0,39.0,6484.7998046875,1293.6400146484375
1999-06-14,259.3,5.115,362.75,334.0,365.0,344.0,930.0,415.0,39.0,6430.2001953125,1294.0
1999-06-15,259.65,5.0725,360.0,340.5,362.0,342.0,930.0,415.0,39.0,6451.2001953125,1301.1600341796875
1999-06-16,258.9,5.01,354.0,337.5,357.0,344.0,930.0,415.0,39.0,6504.89990234375,1330.4100341796875
1999-06-17,259.0,5.0475,350.5,337.0,355.0,342.0,930.0,415.0,39.0,6493.60009765625,1339.9000244140625
1999-06-18,260.5,5.065,351.0,338.0,353.0,343.0,930.0,415.0,39.0,6527.7998046875,1342.8399658203125
1999-06-21,259.15,4.97,350.0,337.25,351.0,344.0,930.0,415.0,39.0,6581.2998046875,1349.0
1999-06-22,259.15,5.02,344.5,331.0,346.0,337.0,930.0,415.0,39.0,6552.39990234375,1335.8800048828125
1999-06-23,258.7,5.07,347.5,328.0,347.0,335.0,930.0,415.0,39.0,6496.5,1333.06005859375
1999-06-24,260.7,5.1,348.0,329.0,350.0,332.0,930.0,415.0,39.0,6416.7001953125,1315.780029296875
1999-06-25,261.15,5.125,348.0,329.0,352.0,335.0,930.0,415.0,39.0,6435.39990234375,1315.31005859375
1999-06-28,260.0,5.0725,345.75,324.0,347.0,331.0,930.0,415.0,39.0,6405.7998046875,1331.3499755859375
1999-06-29,260.8,5.15,348.5,322.0,350.0,331.0,930.0,415.0,39.0,6307.10009765625,1351.449951171875
1999-06-30,261.2,5.2175,349.0,321.0,350.0,326.0,930.0,415.0,39.0,6318.5,1372.7099609375
1999-07-01,263.0,5.31,351.0,320.0,353.0,325.0,930.0,415.0,39.0,6488.89990234375,1380.9599609375
1999-07-02,262.9,5.24,347.5,318.0,351.0,326.0,930.0,415.0,39.0,6491.89990234375,1391.219970703125
1999-07-05,262.85,5.27,346.5,315.0,349.0,322.0,930.0,415.0,39.0,6592.0,1391.219970703125
1999-07-06,261.3,5.2575,345.0,315.0,349.0,319.0,930.0,415.0,39.0,6620.60009765625,1388.1199951171875
1999-07-07,256.2,5.175,346.5,317.5,347.0,320.0,930.0,415.0,39.0,6597.39990234375,1395.8599853515625
1999-07-08,256.4,5.225,352.5,329.0,350.0,330.0,930.0,415.0,39.0,6557.2998046875,1394.4200439453125
1999-07-09,257.0,5.215,353.0,331.0,356.0,337.0,930.0,415.0,39.0,6562.60009765625,1403.280029296875
1999-07-12,256.05,5.2275,352.0,333.0,353.0,336.0,930.0,415.0,39.0,6545.5,1399.0999755859375
1999-07-13,254.25,5.1785,348.0,335.0,349.0,339.0,930.0,415.0,39.0,6445.60009765625,1393.56005859375
1999-07-14,255.6,5.12,347.0,338.0,349.0,339.0,930.0,415.0,39.0,6473.10009765625,1398.1700439453125
1999-07-15,253.75,5.05,347.5,337.0,349.0,343.0,930.0,415.0,39.0,6575.0,1409.6199951171875
1999-07-16,254.8,5.11,349.5,337.0,351.0,340.0,930.0,415.0,39.0,6563.2998046875,1418.780029296875
1999-07-19,253.15,5.05,348.5,336.0,350.0,340.0,930.0,415.0,39.0,6483.7001953125,1407.6500244140625
1999-07-20,253.0,5.05,352.0,337.0,352.0,342.0,930.0,415.0,39.0,6392.0,1377.0999755859375
1999-07-21,252.9,5.025,352.0,337.0,353.0,339.0,930.0,415.0,39.0,6329.7998046875,1379.2900390625
1999-07-22,255.35,5.115,352.0,341.0,354.0,344.0,930.0,415.0,39.0,6297.7998046875,1360.969970703125
1999-07-23,254.9,5.13,353.0,343.0,356.0,347.0,930.0,415.0,39.0,6207.39990234375,1356.93994140625
1999-07-26,253.5,5.115,352.0,341.0,355.0,347.0,930.0,415.0,39.0,6169.10009765625,1347.760009765625
1999-07-27,254.2,5.16,352.0,342.0,354.0,347.0,930.0,415.0,39.0,6262.7998046875,1362.8399658203125
1999-07-28,254.0,5.15,343.5,339.0,344.0,340.0,930.0,415.0,39.0,6297.2001953125,1365.4000244140625
1999-07-29,254.5,5.3225,345.0,341.0,346.0,344.0,930.0,415.0,39.0,6117.5,1341.030029296875
1999-07-30,256.75,5.4475,343.75,337.0,348.0,346.0,930.0,415.0,39.0,6231.89990234375,1328.719970703125
1999-08-02,255.35,5.36,344.0,331.75,347.0,340.0,930.0,415.0,39.0,6288.2998046875,1328.050048828125
1999-08-03,255.7,5.41,350.5,335.0,349.0,340.0,930.0,415.0,39.0,6250.7001953125,1322.1800537109375
1999-08-04,257.5,5.52,353.75,341.0,351.0,344.0,930.0,415.0,39.0,6235.39990234375,1305.3299560546875
1999-08-05,256.25,5.455,354.25,340.0,354.0,346.0,930.0,415.0,39.0,6101.60009765625,1313.7099609375
1999-08-06,255.3,5.385,349.0,338.0,350.0,343.0,930.0,415.0,39.0,6121.0,1300.2900390625
1999-08-09,256.45,5.3575,352.0,345.5,353.0,347.0,930.0,415.0,39.0,6126.5,1297.800048828125
1999-08-10,257.0,5.28,349.75,341.0,351.0,346.0,930.0,415.0,39.0,5978.39990234375,1281.4300537109375
1999-08-11,256.9,5.34,350.5,341.5,350.0,345.0,930.0,415.0,39.0,6014.39990234375,1301.9300537109375
1999-08-12,260.2,5.395,352.5,341.0,352.0,345.0,930.0,415.0,39.0,6153.2998046875,1298.1600341796875
1999-08-13,260.7,5.34,350.0,339.0,352.0,346.0,930.0,415.0,39.0,6245.10009765625,1327.6800537109375
1999-08-16,259.25,5.2575,344.5,337.0,348.0,342.0,930.0,415.0,39.0,6235.39990234375,1330.77001953125
1999-08-17,259.0,5.235,347.0,337.5,348.0,343.0,930.0,415.0,39.0,6166.5,1344.1600341796875
1999-08-18,261.5,5.24,353.0,340.0,352.0,345.0,930.0,415.0,39.0,6201.7998046875,1332.8399658203125
1999-08-19,258.6,5.205,352.0,342.0,353.0,347.0,930.0,415.0,39.0,6118.0,1323.5899658203125
1999-08-20,258.6,5.1875,357.5,345.0,360.0,348.0,930.0,415.0,39.0,6180.7998046875,1336.6099853515625
1999-08-23,257.5,5.245,351.0,344.0,352.0,350.0,930.0,415.0,39.0,6322.10009765625,1360.219970703125
1999-08-24,254.2,5.13,348.0,342.5,351.0,348.0,930.0,415.0,39.0,6315.10009765625,1363.5
1999-08-25,253.2,5.11,347.0,340.0,349.0,346.0,930.0,415.0,39.0,6369.5,1381.7900390625
1999-08-26,253.15,5.075,348.5,340.0,348.0,346.0,930.0,415.0,39.0,6383.89990234375,1362.010009765625
1999-08-27,254.7,5.12,348.5,338.0,350.0,344.0,920.0,415.0,39.0,6375.2001953125,1348.27001953125
1999-08-30,254.7,5.12,348.5,338.0,350.0,344.0,920.0,415.0,39.0,6375.2001953125,1324.02001953125
1999-08-31,254.6,5.0775,349.0,341.0,350.0,345.0,920.0,415.0,39.0,6246.39990234375,1320.4100341796875
1999-09-01,255.45,5.195,347.5,340.0,349.0,345.0,920.0,415.0,39.0,6276.2001953125,1331.0699462890625
1999-09-02,254.05,5.1425,349.5,345.0,349.0,347.0,920.0,415.0,39.0,6195.60009765625,1319.1099853515625
1999-09-03,255.4,5.19,351.0,349.0,353.0,354.0,920.0,415.0,39.0,6332.2001953125,1357.239990234375
1999-09-06,254.9,5.135,351.5,354.0,351.0,355.0,920.0,415.0,39.0,6375.7001953125,1357.239990234375
1999-09-07,254.9,5.16,355.0,355.0,356.0,360.0,920.0,415.0,39.0,6309.5,1350.449951171875
1999-09-08,256.0,5.165,353.0,351.21,355.0,359.0,920.0,415.0,39.0,6253.60009765625,1344.1500244140625
1999-09-09,256.8,5.1875,357.0,355.0,356.0,358.0,920.0,415.0,39.0,6260.60009765625,1347.6600341796875
1999-09-10,256.2,5.2,361.0,359.0,360.0,364.0,920.0,415.0,39.0,6191.0,1351.6600341796875
1999-09-13,256.6,5.19,366.0,366.0,365.0,364.0,920.0,415.0,39.0,6169.0,1344.1300048828125
1999-09-14,256.7,5.135,373.5,367.0,380.0,375.0,920.0,415.0,39.0,6116.0,1336.2900390625
1999-09-15,257.4,5.13,372.0,363.0,377.0,372.0,920.0,415.0,39.0,6067.7001953125,1317.969970703125
1999-09-16,255.7,5.1,377.0,368.0,377.0,372.0,920.0,415.0,39.0,6014.60009765625,1318.47998046875
1999-09-17,255.2,5.0975,374.0,364.0,376.0,370.0,920.0,415.0,39.0,6039.7998046875,1335.4200439453125
1999-09-20,255.3,5.115,375.5,362.0,376.0,367.0,920.0,415.0,39.0,6056.5,1335.530029296875
1999-09-21,255.2,5.14,380.0,363.0,377.0,365.0,920.0,415.0,39.0,5957.2998046875,1307.5799560546875
1999-09-22,262.6,5.255,382.5,368.0,383.0,371.0,920.0,415.0,39.0,5913.89990234375,1310.510009765625
1999-09-23,263.4,5.26,376.0,363.0,380.0,370.0,920.0,415.0,39.0,5969.7001953125,1280.4100341796875
1999-09-24,265.6,5.25,374.0,359.5,378.0,366.0,920.0,415.0,39.0,5937.60009765625,1277.3599853515625
1999-09-27,281.7,5.3175,383.5,365.0,384.0,364.0,920.0,415.0,39.0,6078.60009765625,1283.31005859375
1999-09-28,288.25,5.44,399.0,377.0,398.0,372.0,920.0,415.0,39.0,6007.2001953125,1282.199951171875
1999-09-29,317.25,5.71,409.0,385.0,430.0,405.0,920.0,415.0,39.0,6020.60009765625,1268.3699951171875
1999-09-30,317.25,5.71,409.0,385.0,399.0,385.0,920.0,415.0,39.0,6029.7998046875,1282.7099609375
1999-10-01,303.0,5.6725,410.0,383.0,422.0,385.0,920.0,415.0,39.0,5970.7001953125,1282.81005859375
1999-10-04,311.75,5.605,412.0,390.0,415.0,385.0,920.0,415.0,39.0,6052.89990234375,1304.5999755859375
1999-10-05,326.25,5.71,412.0,388.0,417.0,390.0,920.0,415.0,39.0,6084.5,1301.3499755859375
1999-10-06,325.0,5.4725,405.0,380.0,411.0,389.0,920.0,415.0,39.0,6097.5,1325.4000244140625
1999-10-07,318.0,5.5775,425.0,390.0,424.0,390.0,910.0,415.0,39.0,6200.5,1317.6400146484375
1999-10-08,322.75,5.555,421.0,392.0,428.0,395.0,910.0,415.0,39.0,6199.39990234375,1336.02001953125
1999-10-11,317.75,5.52,425.0,395.5,423.0,396.0,910.0,415.0,39.0,6234.7998046875,1335.2099609375
1999-10-12,323.5,5.565,432.0,393.0,436.0,402.0,910.0,415.0,39.0,6174.89990234375,1313.0400390625
1999-10-13,320.5,5.55,430.0,385.5,432.0,392.0,910.0,415.0,39.0,6113.39990234375,1285.550048828125
1999-10-14,322.65,5.65,437.0,377.0,440.0,390.0,910.0,415.0,39.0,6039.39990234375,1283.4200439453125
1999-10-15,316.0,5.38,419.0,377.0,432.0,382.0,910.0,415.0,39.0,5907.2998046875,1247.4100341796875
1999-10-18,317.65,5.345,413.0,376.0,413.0,382.0,910.0,415.0,39.0,5869.2001953125,1254.1300048828125
1999-10-19,309.0,5.23,409.0,377.0,411.0,378.0,910.0,415.0,39.0,5993.7001953125,1261.3199462890625
1999-10-20,309.75,5.24,428.0,385.0,427.0,385.0,910.0,415.0,39.0,6006.7001953125,1289.4300537109375
1999-10-21,305.5,5.1725,428.0,386.0,429.0,390.0,910.0,415.0,39.0,5939.2998046875,1283.6099853515625
1999-10-22,303.25,5.21,432.0,390.0,437.0,391.0,910.0,415.0,39.0,6058.89990234375,1301.6500244140625
1999-10-25,302.4,5.24,430.0,393.0,434.0,395.0,910.0,415.0,39.0,6009.39990234375,1293.6300048828125
1999-10-26,297.95,5.2625,425.0,393.0,431.0,397.0,910.0,415.0,39.0,6092.39990234375,1281.9100341796875
1999-10-27,290.4,5.185,414.0,389.0,416.0,395.0,910.0,415.0,39.0,6045.7001953125,1296.7099609375
1999-10-28,300.9,5.21,422.0,392.0,418.0,395.0,910.0,415.0,39.0,6149.10009765625,1342.43994140625
1999-10-29,298.85,5.29,418.0,395.0,422.0,394.0,910.0,415.0,39.0,6255.7001953125,1362.9300537109375
1999-11-01,293.85,5.195,414.0,394.0,421.0,395.0,910.0,415.0,39.0,6284.0,1354.1199951171875
1999-11-02,292.05,5.21,413.0,392.0,418.0,395.0,910.0,415.0,39.0,6252.0,1347.739990234375
1999-11-03,291.75,5.22,415.0,393.0,418.0,395.0,910.0,415.0,39.0,6280.7998046875,1354.9300537109375
1999-11-04,292.25,5.22,423.0,394.5,420.0,395.0,910.0,415.0,39.0,6331.2998046875,1362.6400146484375
1999-11-05,292.0,5.21,422.0,395.0,430.0,396.0,910.0,415.0,39.0,6356.60009765625,1370.22998046875
1999-11-08,289.0,5.055,416.0,396.0,422.0,398.0,910.0,415.0,39.0,6374.2998046875,1377.010009765625
1999-11-09,291.25,5.0775,429.0,401.0,425.0,402.0,910.0,415.0,39.0,6435.5,1365.280029296875
1999-11-10,291.85,5.11,434.0,408.0,437.0,409.0,910.0,415.0,39.0,6447.0,1373.4599609375
1999-11-11,296.25,5.125,457.0,415.0,457.0,421.0,910.0,415.0,39.0,6551.39990234375,1381.4599609375
1999-11-12,292.8,5.075,444.0,415.0,445.0,419.0,910.0,415.0,39.0,6511.60009765625,1396.06005859375
1999-11-15,292.7,5.07,452.0,415.0,450.0,422.0,910.0,415.0,39.0,6533.60009765625,1394.3900146484375
1999-11-16,292.0,5.095,453.5,411.0,456.0,420.0,910.0,415.0,39.0,6583.0,1420.0699462890625
1999-11-17,295.45,5.1675,448.0,406.0,458.0,420.0,910.0,415.0,39.0,6555.7001953125,1410.7099609375
1999-11-18,293.65,5.1,442.0,399.0,448.0,410.0,910.0,415.0,39.0,6550.7998046875,1424.93994140625
1999-11-19,293.7,5.13,424.0,394.0,442.0,405.0,910.0,415.0,39.0,6482.2998046875,1422.0
1999-11-22,294.4,5.135,430.0,400.0,429.0,402.0,910.0,415.0,39.0,6442.0,1420.93994140625
1999-11-23,296.7,5.1725,435.0,404.0,434.0,408.0,910.0,415.0,39.0,6534.2001953125,1404.6400146484375
1999-11-24,297.85,5.25,434.0,398.0,435.0,407.0,910.0,415.0,41.0,6561.7998046875,1417.0799560546875
1999-11-25,298.5,5.1975,445.0,401.0,453.0,408.0,910.0,415.0,41.0,6682.7998046875,1417.0799560546875
1999-11-26,297.2,5.1975,442.0,397.0,446.0,405.0,910.0,415.0,41.0,6684.7998046875,1416.6199951171875
1999-11-29,293.1,5.22,439.0,396.0,442.0,402.0,920.0,415.0,41.0,6692.2998046875,1407.8299560546875
1999-11-30,292.0,5.18,437.0,394.0,442.0,402.0,920.0,415.0,41.0,6597.2001953125,1388.9100341796875
1999-12-01,291.4,5.19,435.0,397.0,442.0,402.0,920.0,415.0,41.0,6646.0,1397.719970703125
1999-12-02,289.25,5.16,433.0,401.0,443.0,403.0,920.0,415.0,41.0,6653.7001953125,1409.0400390625
1999-12-03,280.85,5.085,437.0,402.0,440.0,407.0,950.0,415.0,44.0,6742.2001953125,1433.300048828125
1999-12-06,277.25,5.07,434.5,405.0,440.0,410.0,975.0,415.0,44.0,6694.0,1423.3299560546875
1999-12-07,280.0,5.135,436.5,407.5,442.0,414.0,990.0,415.0,44.0,6660.89990234375,1409.1700439453125
1999-12-08,283.3,5.14,438.0,409.0,442.0,414.0,990.0,415.0,44.0,6619.39990234375,1403.8800048828125
1999-12-09,279.6,5.09,438.0,407.0,441.0,414.0,1000.0,415.0,44.0,6680.7998046875,1408.1099853515625
1999-12-10,278.45,5.1075,442.0,413.0,441.0,418.0,1000.0,415.0,44.0,6739.5,1417.0400390625
1999-12-13,279.75,5.115,444.0,417.0,445.0,423.0,1000.0,415.0,44.0,6710.7001953125,1415.219970703125
1999-12-14,280.3,5.1025,448.0,428.0,451.0,431.0,1000.0,415.0,44.0,6702.10009765625,1403.1700439453125
1999-12-15,279.85,5.185,437.0,427.0,449.0,438.0,1000.0,415.0,44.0,6633.7998046875,1413.3299560546875
1999-12-16,280.25,5.16,440.0,434.0,440.0,437.0,1000.0,415.0,44.0,6672.0,1418.780029296875
1999-12-17,283.05,5.2,441.0,443.0,442.0,445.0,1000.0,415.0,46.0,6724.60009765625,1421.030029296875
1999-12-20,284.25,5.2,431.0,440.0,438.0,448.0,1000.0,415.0,46.0,6731.2001953125,1418.0899658203125
1999-12-21,284.6,5.175,436.0,438.0,437.0,446.0,1000.0,415.0,46.0,6707.5,1433.4300537109375
1999-12-22,287.0,5.165,440.0,437.0,442.0,442.0,1000.0,415.0,46.0,6728.60009765625,1436.1300048828125
1999-12-23,286.4,5.1975,440.0,444.0,448.0,445.0,1000.0,415.0,46.0,6776.7998046875,1458.3399658203125
1999-12-24,286.4,5.1975,440.0,444.0,443.0,447.0,1000.0,415.0,46.0,6806.5,1458.3399658203125
1999-12-27,286.4,5.1975,440.0,444.0,443.0,447.0,1000.0,415.0,46.0,6806.5,1457.0999755859375
1999-12-28,286.4,5.1975,440.0,444.0,439.0,449.0,1000.0,415.0,46.0,6806.5,1457.6600341796875
1999-12-29,290.65,5.19,445.0,454.0,445.0,453.0,1000.0,415.0,46.0,6835.89990234375,1463.4599609375
1999-12-30,290.85,5.33,443.0,444.0,450.0,459.0,1000.0,415.0,46.0,6930.2001953125,1464.469970703125
1999-12-31,290.85,5.33,443.0,444.0,450.0,459.0,1000.0,415.0,46.0,6930.2001953125,1469.25
2000-01-03,290.85,5.33,443.0,444.0,450.0,457.0,1000.0,415.0,46.0,6930.2001953125,1455.219970703125
2000-01-04,282.05,5.3025,433.0,443.0,449.0,450.0,1000.0,415.0,46.0,6665.89990234375,1399.4200439453125
2000-01-05,282.1,5.285,420.0,433.0,437.0,446.0,1000.0,415.0,46.0,6535.89990234375,1402.1099853515625
2000-01-06,280.35,5.14,414.0,433.0,425.0,442.0,1000.0,415.0,46.0,6447.2001953125,1403.449951171875
2000-01-07,282.0,5.135,418.0,438.0,417.0,439.0,1030.0,415.0,46.0,6504.7998046875,1441.469970703125
2000-01-10,281.7,5.145,418.0,449.0,419.0,447.0,1030.0,415.0,48.0,6607.7001953125,1457.5999755859375
2000-01-11,281.7,5.155,420.0,448.0,422.0,458.0,1050.0,415.0,48.0,6518.89990234375,1438.56005859375
2000-01-12,282.25,5.145,421.0,448.0,423.0,460.0,1050.0,415.0,48.0,6532.7998046875,1432.25
2000-01-13,282.2,5.09,423.0,440.0,422.0,448.0,1080.0,415.0,48.0,6531.5,1449.6800537109375
2000-01-14,284.15,5.095,429.0,439.0,424.0,444.0,1100.0,415.0,50.0,6658.2001953125,1465.1500244140625
2000-01-17,284.9,5.125,433.0,438.0,434.0,446.0,1100.0,415.0,50.0,6669.5,1465.1500244140625
2000-01-18,286.85,5.13,434.0,436.0,435.0,444.0,1150.0,415.0,52.0,6504.60009765625,1455.1400146484375
2000-01-19,288.75,5.1025,444.0,441.0,441.0,444.0,1240.0,415.0,52.0,6445.5,1455.9000244140625
2000-01-20,288.35,5.13,444.0,445.0,446.0,446.0,1350.0,415.0,52.0,6348.7001953125,1445.5699462890625
2000-01-21,287.7,5.18,442.0,454.0,446.0,454.0,1400.0,415.0,52.0,6346.2998046875,1441.3599853515625
2000-01-24,287.45,5.21,455.0,465.0,452.0,466.0,1400.0,415.0,54.0,6379.7998046875,1401.530029296875
2000-01-25,288.7,5.2675,461.0,476.0,462.0,479.0,1400.0,415.0,56.0,6274.10009765625,1410.030029296875
2000-01-26,284.9,5.2,456.0,475.0,455.0,477.0,1400.0,415.0,56.0,6375.60009765625,1404.0899658203125
2000-01-27,286.5,5.295,462.0,476.0,459.0,481.0,1400.0,415.0,58.0,6441.0,1398.56005859375
2000-01-28,286.15,5.37,494.0,486.0,494.0,493.0,1400.0,415.0,58.0,6375.60009765625,1360.1600341796875
2000-01-31,283.05,5.26,495.0,484.0,497.0,489.0,1400.0,415.0,60.0,6268.5,1394.4599609375
2000-02-01,283.65,5.2425,488.0,486.0,493.0,486.0,1460.0,415.0,60.0,6290.89990234375,1409.280029296875
2000-02-02,283.1,5.2075,497.0,497.0,496.0,498.0,1700.0,415.0,62.0,6302.7998046875,1409.1199951171875
2000-02-03,285.25,5.2,502.0,511.0,505.0,507.0,1975.0,415.0,62.0,6324.2998046875,1424.969970703125
2000-02-04,287.5,5.23,512.0,514.0,518.0,520.0,2350.0,415.0,62.0,6185.0,1424.3699951171875
2000-02-07,316.6,5.4475,522.0,540.0,528.0,533.0,2350.0,415.0,62.0,6118.60009765625,1424.239990234375
2000-02-08,303.15,5.27,515.0,567.0,518.0,560.0,2350.0,415.0,65.0,6285.7998046875,1441.719970703125
2000-02-09,306.0,5.3625,548.0,580.0,550.0,575.0,2350.0,415.0,65.0,6315.39990234375,1411.7099609375
2000-02-10,311.25,5.36,540.0,571.0,552.0,585.0,2350.0,415.0,70.0,6279.7998046875,1416.8299560546875
2000-02-11,316.5,5.36,541.0,588.0,550.0,587.0,2350.0,415.0,70.0,6193.2998046875,1387.1199951171875
2000-02-14,308.75,5.235,539.0,607.0,540.0,598.0,2350.0,415.0,70.0,6068.60009765625,1389.93994140625
2000-02-15,307.0,5.24,549.0,650.0,535.0,626.0,2425.0,415.0,70.0,6005.2001953125,1402.050048828125
2000-02-16,300.5,5.23,555.0,695.0,555.0,660.0,2425.0,415.0,80.0,6147.39990234375,1387.6700439453125
2000-02-17,306.25,5.285,573.0,735.0,580.0,725.0,2525.0,415.0,80.0,6209.2998046875,1388.260009765625
2000-02-18,302.25,5.23,512.0,670.0,540.0,720.0,2525.0,415.0,80.0,6165.0,1346.0899658203125
2000-02-21,305.75,5.24,523.0,785.0,520.0,760.0,2525.0,415.0,80.0,6081.60009765625,1346.0899658203125
2000-02-22,305.4,5.24,509.0,774.0,510.0,790.0,2525.0,415.0,80.0,6014.7001953125,1352.1700439453125
2000-02-23,305.25,5.255,493.0,755.0,512.0,840.0,2525.0,415.0,80.0,6144.10009765625,1360.68994140625
2000-02-24,299.9,5.22,475.0,700.0,480.0,725.0,2525.0,415.0,80.0,6086.7001953125,1353.4300537109375
2000-02-25,297.15,5.15,465.0,670.0,480.0,720.0,2425.0,415.0,80.0,6198.0,1333.3599853515625
2000-02-28,292.75,5.0775,476.0,720.0,477.0,715.0,2375.0,415.0,80.0,6099.60009765625,1348.050048828125
2000-02-29,294.0,5.095,490.0,722.0,485.0,750.0,2250.0,415.0,80.0,6232.60009765625,1366.4200439453125
2000-03-01,293.75,5.125,474.0,696.0,485.0,740.0,2150.0,415.0,80.0,6364.89990234375,1379.18994140625
2000-03-02,289.0,5.035,463.0,670.0,488.0,725.0,2150.0,415.0,80.0,6432.10009765625,1381.760009765625
2000-03-03,289.3,5.02,465.0,655.0,473.0,680.0,2150.0,415.0,80.0,6487.5,1409.1700439453125
2000-03-06,289.25,5.09,473.0,652.0,473.0,670.0,2100.0,415.0,80.0,6567.7998046875,1391.280029296875
2000-03-07,288.35,5.05,470.0,650.0,473.0,665.0,2050.0,415.0,80.0,6466.5,1355.6199951171875
2000-03-08,292.75,5.065,474.0,700.0,480.0,680.0,2000.0,415.0,80.0,6411.2001953125,1366.699951171875
2000-03-09,289.0,5.05,473.0,700.0,482.0,725.0,2000.0,415.0,80.0,6532.10009765625,1401.68994140625
2000-03-10,292.1,5.11,477.0,705.0,482.0,710.0,2000.0,415.0,80.0,6568.7001953125,1395.0699462890625
2000-03-13,289.65,5.0925,478.0,697.0,482.0,715.0,2000.0,415.0,80.0,6466.89990234375,1383.6199951171875
2000-03-14,290.3,5.08,483.0,695.0,484.0,715.0,2000.0,415.0,80.0,6487.10009765625,1359.1500244140625
2000-03-15,288.7,5.08,483.0,710.0,485.0,715.0,2000.0,415.0,80.0,6447.0,1392.1400146484375
2000-03-16,288.4,5.115,485.0,712.0,485.0,720.0,2000.0,415.0,80.0,6557.2998046875,1458.469970703125
2000-03-17,285.5,5.06,485.0,712.0,488.0,730.0,2000.0,415.0,80.0,6558.0,1464.469970703125
2000-03-20,284.85,5.065,487.0,703.0,492.0,730.0,2000.0,415.0,80.0,6624.5,1456.6300048828125
2000-03-21,286.15,5.035,495.0,680.0,498.0,710.0,2000.0,415.0,80.0,6617.89990234375,1493.8699951171875
2000-03-22,289.4,5.13,496.0,663.0,500.0,680.0,2000.0,415.0,80.0,6609.60009765625,1500.6400146484375
2000-03-23,286.5,5.105,485.0,645.0,496.0,680.0,2000.0,415.0,80.0,6594.60009765625,1527.3499755859375
2000-03-24,284.9,5.08,479.5,615.0,488.0,665.0,1925.0,415.0,80.0,6738.5,1527.4599609375
2000-03-27,284.35,5.09,480.0,615.0,485.0,640.0,1875.0,415.0,80.0,6687.2001953125,1523.8599853515625
2000-03-28,280.3,5.065,477.0,620.0,480.0,640.0,1850.0,415.0,80.0,6650.10009765625,1507.72998046875
2000-03-29,279.1,5.05,480.0,615.0,482.0,635.0,1800.0,415.0,80.0,6598.7998046875,1508.52001953125
2000-03-30,276.7,4.94,480.0,605.0,482.0,630.0,1775.0,415.0,80.0,6445.2001953125,1487.9200439453125
2000-03-31,275.9,4.935,482.0,573.0,485.0,615.0,1725.0,415.0,80.0,6540.2001953125,1498.5799560546875
2000-04-03,278.8,5.04,508.0,585.0,512.0,605.0,1700.0,415.0,80.0,6462.10009765625,1505.969970703125
2000-04-04,276.75,4.99,511.0,585.0,510.0,610.0,1700.0,415.0,80.0,6427.0,1494.72998046875
2000-04-05,283.1,5.11,521.0,590.0,520.0,600.0,1700.0,415.0,80.0,6379.2998046875,1487.3699951171875
2000-04-06,278.85,5.095,514.0,582.0,520.0,605.0,1700.0,415.0,80.0,6451.10009765625,1501.3399658203125
2000-04-07,279.95,5.085,495.0,572.0,513.0,600.0,1700.0,415.0,80.0,6569.89990234375,1516.3499755859375
2000-04-10,281.5,5.08,488.0,554.0,490.0,600.0,1700.0,415.0,80.0,6533.39990234375,1504.4599609375
2000-04-11,281.2,5.1175,493.0,555.0,494.0,565.0,1700.0,415.0,80.0,6379.2001953125,1500.5899658203125
2000-04-12,280.25,5.095,495.0,560.0,495.0,565.0,1700.0,415.0,80.0,6350.7998046875,1467.1700439453125
2000-04-13,281.4,5.1,500.0,560.0,498.0,570.0,1750.0,415.0,85.0,6357.0,1440.510009765625
2000-04-14,280.65,5.13,510.0,570.0,505.0,570.0,1800.0,415.0,85.0,6178.10009765625,1356.56005859375
2000-04-17,283.5,5.135,505.0,575.0,513.0,590.0,1800.0,415.0,85.0,5994.60009765625,1401.43994140625
2000-04-18,281.8,5.085,501.0,583.0,505.0,585.0,1900.0,415.0,85.0,6074.0,1441.6099853515625
2000-04-19,281.4,5.1025,492.0,575.0,505.0,590.0,1900.0,415.0,90.0,6184.89990234375,1427.469970703125
2000-04-20,280.5,5.095,487.0,565.0,500.0,580.0,1900.0,415.0,95.0,6241.2001953125,1434.5400390625
2000-04-24,280.5,5.095,487.0,565.0,500.0,580.0,1900.0,415.0,95.0,6241.2001953125,1429.8599853515625
2000-04-25,280.0,4.96,476.0,572.0,478.0,575.0,1800.0,415.0,100.0,6283.0,1477.43994140625
2000-04-26,277.7,4.97,470.0,572.0,480.0,590.0,1650.0,415.0,100.0,6256.5,1460.989990234375
2000-04-27,277.7,4.97,470.0,572.0,479.0,585.0,1600.0,415.0,100.0,6179.2998046875,1464.9200439453125
2000-04-28,275.85,4.9375,525.0,600.0,507.0,600.0,1600.0,415.0,110.0,6327.39990234375,1452.4300537109375
2000-05-01,275.85,4.9375,525.0,600.0,507.0,600.0,1600.0,415.0,110.0,6327.39990234375,1468.25
2000-05-02,275.0,5.005,527.0,600.0,535.0,625.0,1600.0,415.0,110.0,6373.39990234375,1446.2900390625
2000-05-03,277.6,5.0,502.0,575.0,530.0,610.0,1600.0,415.0,125.0,6184.7998046875,1415.0999755859375
2000-05-04,277.3,5.0,510.0,575.0,508.0,585.0,1600.0,415.0,125.0,6199.60009765625,1409.5699462890625
2000-05-05,280.5,5.075,509.0,575.0,520.0,590.0,1600.0,415.0,125.0,6238.7998046875,1432.6300048828125
2000-05-08,277.25,4.985,504.0,575.0,510.0,590.0,1600.0,415.0,130.0,6216.2998046875,1424.1700439453125
2000-05-09,276.9,4.99,509.0,578.0,505.0,585.0,1600.0,415.0,130.0,6123.7998046875,1412.1400146484375
2000-05-10,277.8,5.025,511.0,575.0,515.0,585.0,1600.0,415.0,130.0,6100.7001953125,1383.050048828125
2000-05-11,277.0,5.0,512.0,574.0,517.0,585.0,1700.0,415.0,130.0,6245.89990234375,1407.81005859375
2000-05-12,276.2,4.97,514.0,570.0,518.0,585.0,1750.0,415.0,130.0,6283.5,1420.9599609375
2000-05-15,275.65,4.99,508.0,567.0,520.0,580.0,1850.0,415.0,130.0,6247.7001953125,1452.3599853515625
2000-05-16,275.7,5.005,505.0,568.0,510.0,570.0,1850.0,415.0,130.0,6318.39990234375,1466.0400390625
2000-05-17,274.85,5.04,512.0,570.0,509.0,575.0,1950.0,415.0,130.0,6196.2001953125,1447.800048828125
2000-05-18,272.5,4.965,520.0,570.0,517.0,575.0,1950.0,415.0,130.0,6233.0,1437.2099609375
2000-05-19,273.75,4.98,538.0,573.0,536.0,575.0,2000.0,415.0,130.0,6045.39990234375,1406.949951171875
2000-05-22,274.0,4.9775,547.0,560.0,555.0,585.0,2025.0,415.0,130.0,6035.5,1400.719970703125
2000-05-23,275.15,4.995,544.0,568.0,553.0,570.0,2025.0,415.0,130.0,6086.7998046875,1373.8599853515625
2000-05-24,273.9,4.98,563.0,566.0,567.0,575.0,2025.0,415.0,130.0,6118.60009765625,1399.050048828125
2000-05-25,273.0,4.9675,555.0,563.0,560.0,575.0,2050.0,415.0,130.0,6231.10009765625,1381.52001953125
2000-05-26,270.45,4.915,545.0,564.0,547.0,568.0,2100.0,415.0,130.0,6216.89990234375,1378.02001953125
2000-05-29,270.45,4.915,545.0,564.0,551.0,570.0,2100.0,415.0,130.0,6216.89990234375,1378.02001953125
2000-05-30,274.4,4.94,548.0,566.0,550.0,572.0,2100.0,415.0,130.0,6359.60009765625,1422.449951171875
2000-05-31,272.25,4.9,551.0,568.0,551.0,575.0,2100.0,415.0,135.0,6359.39990234375,1420.5999755859375
2000-06-01,272.8,4.895,553.0,572.0,555.0,587.0,2100.0,415.0,135.0,6470.5,1448.81005859375
2000-06-02,272.95,4.91,556.0,590.0,555.0,587.0,2100.0,415.0,135.0,6626.39990234375,1477.260009765625
2000-06-05,281.7,5.03,566.5,600.0,567.0,600.0,2100.0,415.0,135.0,6546.7001953125,1467.6300048828125
2000-06-06,284.8,5.005,560.0,615.0,573.0,622.0,2100.0,415.0,135.0,6546.7998046875,1457.8399658203125
2000-06-07,286.95,5.045,554.0,630.0,572.0,626.0,2150.0,415.0,135.0,6503.7998046875,1471.3599853515625
2000-06-08,285.1,5.055,547.0,640.0,554.0,648.0,2200.0,415.0,135.0,6496.60009765625,1461.6700439453125
2000-06-09,285.15,5.035,552.0,647.0,551.0,650.0,2200.0,415.0,135.0,6443.7998046875,1456.949951171875
2000-06-12,284.1,5.01,546.0,642.0,555.0,653.0,2200.0,415.0,135.0,6430.89990234375,1446.0
2000-06-13,293.0,5.0875,551.0,663.0,563.0,653.0,2200.0,415.0,135.0,6447.10009765625,1469.43994140625
2000-06-14,286.05,4.995,540.0,656.0,558.0,671.0,2225.0,415.0,135.0,6536.2998046875,1470.5400390625
2000-06-15,289.15,5.06,542.0,669.0,543.0,668.0,2275.0,415.0,135.0,6490.7998046875,1478.72998046875
2000-06-16,290.3,5.05,542.0,682.0,548.0,685.0,2350.0,415.0,135.0,6526.0,1464.4599609375
2000-06-19,288.1,5.04,555.0,687.0,548.0,700.0,2375.0,415.0,135.0,6490.2001953125,1486.0
2000-06-20,286.4,4.99,570.0,687.0,561.0,695.0,2375.0,415.0,140.0,6526.89990234375,1475.949951171875
2000-06-21,286.6,5.02,563.0,683.0,568.0,695.0,2375.0,415.0,140.0,6477.7998046875,1479.1300048828125
2000-06-22,286.1,4.93,572.0,660.0,566.0,677.0,2375.0,415.0,140.0,6413.7998046875,1452.1800537109375
2000-06-23,285.3,4.955,560.0,658.0,577.0,658.0,2375.0,415.0,145.0,6391.5,1441.47998046875
2000-06-26,283.0,4.94,579.0,661.0,566.0,665.0,2375.0,415.0,145.0,6405.2001953125,1455.31005859375
2000-06-27,284.2,4.955,564.0,656.0,585.0,675.0,2375.0,415.0,155.0,6375.2998046875,1450.550048828125
2000-06-28,286.35,4.935,575.0,650.0,575.0,660.0,2400.0,415.0,155.0,6313.5,1454.8199462890625
2000-06-29,290.85,4.9775,572.0,660.0,585.0,670.0,2450.0,415.0,155.0,6239.0,1442.3900146484375
2000-06-30,289.15,5.0175,558.0,638.0,575.0,662.0,2450.0,415.0,155.0,6312.7001953125,1454.5999755859375
2000-07-03,288.05,4.995,553.0,625.0,563.0,650.0,2450.0,415.0,155.0,6470.39990234375,1469.5400390625
2000-07-04,287.8,4.99,548.0,626.0,555.0,633.0,2450.0,415.0,155.0,6417.0,1469.5400390625
2000-07-05,287.7,4.99,532.0,616.0,552.0,633.0,2450.0,415.0,155.0,6382.5,1446.22998046875
2000-07-06,285.4,4.97,536.0,637.0,542.0,630.0,2450.0,415.0,155.0,6419.60009765625,1456.6700439453125
2000-07-07,284.15,4.985,543.0,656.0,546.0,645.0,2450.0,415.0,155.0,6497.5,1478.9000244140625
2000-07-10,284.25,4.975,550.0,668.0,553.0,670.0,2450.0,415.0,155.0,6466.2001953125,1475.6199951171875
2000-07-11,283.6,4.975,550.0,674.0,552.0,675.0,2450.0,415.0,160.0,6475.7998046875,1480.8800048828125
2000-07-12,282.85,4.955,551.0,665.0,550.0,678.0,2450.0,415.0,160.0,6518.5,1492.9200439453125
2000-07-13,280.65,4.955,556.0,663.0,557.0,671.0,2450.0,415.0,160.0,6475.7001953125,1495.8399658203125
2000-07-14,280.65,4.96,560.0,683.0,564.0,674.0,2450.0,415.0,160.0,6475.39990234375,1509.97998046875
2000-07-17,282.4,5.005,574.0,705.0,575.0,700.0,2450.0,415.0,160.0,6525.5,1510.489990234375
2000-07-18,282.65,5.015,576.0,712.0,586.0,718.0,2450.0,415.0,160.0,6450.5,1493.739990234375
2000-07-19,281.8,4.99,571.0,705.0,576.0,720.0,2450.0,415.0,160.0,6465.5,1481.9599609375
2000-07-20,277.9,4.96,575.0,723.0,578.0,720.0,2450.0,415.0,160.0,6469.0,1495.5699462890625
2000-07-21,280.35,4.9875,578.0,775.0,598.0,775.0,2450.0,415.0,165.0,6378.39990234375,1480.18994140625
2000-07-24,280.05,4.925,575.0,770.0,585.0,780.0,2450.0,415.0,170.0,6381.2998046875,1464.2900390625
2000-07-25,278.75,4.92,566.0,766.0,583.0,780.0,2450.0,415.0,170.0,6390.7001953125,1474.469970703125
2000-07-26,280.15,4.965,566.0,765.0,570.0,775.0,2450.0,415.0,170.0,6387.10009765625,1452.4200439453125
2000-07-27,280.2,4.935,560.0,762.0,568.0,770.0,2450.0,415.0,170.0,6352.10009765625,1449.6199951171875
2000-07-28,278.45,4.95,564.0,770.0,565.0,770.0,2450.0,415.0,170.0,6335.7001953125,1419.8900146484375
2000-07-31,277.4,4.95,582.0,822.0,571.0,788.0,2475.0,415.0,170.0,6365.2998046875,1430.8299560546875
2000-08-01,277.3,4.9775,592.0,842.0,594.0,835.0,2500.0,415.0,170.0,6379.39990234375,1438.0999755859375
2000-08-02,277.15,4.96,608.0,852.0,615.0,860.0,2500.0,415.0,170.0,6391.2998046875,1438.699951171875
2000-08-03,276.65,4.9575,582.0,810.0,598.0,848.0,2550.0,415.0,170.0,6317.10009765625,1452.56005859375
2000-08-04,273.3,4.9475,572.0,808.0,577.0,808.0,2600.0,415.0,170.0,6363.5,1462.9300537109375
2000-08-07,273.5,4.92,564.0,737.0,573.0,778.0,2600.0,415.0,170.0,6387.7998046875,1479.3199462890625
2000-08-08,274.0,4.925,575.0,770.0,576.0,743.0,2550.0,415.0,170.0,6358.10009765625,1482.800048828125
2000-08-09,272.3,4.87,578.0,790.0,585.0,800.0,2550.0,415.0,170.0,6414.0,1472.8699951171875
2000-08-10,272.45,4.875,578.0,790.0,585.0,798.0,2500.0,415.0,170.0,6387.2998046875,1460.25
2000-08-11,273.15,4.9,568.0,790.0,585.0,803.0,2450.0,415.0,170.0,6384.5,1471.8399658203125
2000-08-14,275.45,4.91,566.0,738.0,573.0,788.0,2450.0,415.0,170.0,6419.89990234375,1491.56005859375
2000-08-15,274.7,4.865,574.0,762.0,570.0,753.0,2350.0,415.0,170.0,6475.5,1484.4300537109375
2000-08-16,275.5,4.845,572.0,755.0,580.0,778.0,2300.0,415.0,170.0,6532.10009765625,1479.8499755859375
2000-08-17,277.15,4.87,568.0,748.0,578.0,763.0,2300.0,415.0,170.0,6518.2001953125,1496.0699462890625
2000-08-18,277.15,4.8525,568.0,740.0,571.0,753.0,2275.0,415.0,170.0,6543.7001953125,1491.719970703125
2000-08-21,276.4,4.835,570.0,738.0,571.0,753.0,2225.0,415.0,170.0,6542.2001953125,1499.47998046875
2000-08-22,274.0,4.8275,573.0,740.0,578.0,758.0,2200.0,415.0,170.0,6584.7998046875,1498.1300048828125
2000-08-23,272.45,4.81,574.0,738.0,575.0,748.0,2200.0,415.0,170.0,6566.2001953125,1505.969970703125
2000-08-24,272.0,4.76,573.0,724.0,576.0,738.0,2200.0,415.0,170.0,6557.0,1508.31005859375
2000-08-25,273.35,4.86,572.0,720.0,579.0,733.0,2175.0,415.0,170.0,6563.7001953125,1506.449951171875
2000-08-28,273.35,4.86,572.0,720.0,588.0,718.0,2150.0,415.0,170.0,6563.7001953125,1514.0899658203125
2000-08-29,274.0,4.885,590.0,720.0,590.0,723.0,2150.0,415.0,170.0,6586.2998046875,1509.8399658203125
2000-08-30,272.6,4.8925,598.0,715.0,596.0,728.0,2150.0,415.0,170.0,6615.10009765625,1502.5899658203125
2000-08-31,274.95,4.91,588.0,716.0,595.0,728.0,2125.0,415.0,170.0,6672.7001953125,1517.6800537109375
2000-09-01,276.6,4.94,592.0,725.0,595.0,728.0,2125.0,415.0,170.0,6795.0,1520.77001953125
2000-09-04,277.0,4.955,612.0,718.0,620.0,743.0,2125.0,415.0,170.0,6798.10009765625,1520.77001953125
2000-09-05,276.2,4.9425,598.0,720.0,610.0,723.0,2125.0,415.0,170.0,6752.5,1507.0799560546875
2000-09-06,275.3,4.95,608.0,734.0,610.0,733.0,2125.0,415.0,170.0,6694.7001953125,1492.25
2000-09-07,272.95,4.91,607.0,758.0,618.0,748.0,2125.0,415.0,170.0,6689.2001953125,1502.510009765625
2000-09-08,274.1,4.89,609.5,765.0,614.0,773.0,2125.0,415.0,170.0,6600.7001953125,1494.5
2000-09-11,272.6,4.865,610.0,754.0,615.0,772.0,2125.0,415.0,170.0,6582.0,1489.260009765625
2000-09-12,272.8,4.855,610.0,755.0,611.0,767.0,2100.0,415.0,170.0,6555.5,1481.989990234375
2000-09-13,272.8,4.88,595.0,745.0,611.0,767.0,2075.0,415.0,170.0,6478.2001953125,1484.9100341796875
2000-09-14,272.8,4.865,582.0,719.0,601.0,747.0,2025.0,415.0,170.0,6555.5,1480.8699951171875
2000-09-15,272.85,4.8675,586.0,722.0,590.0,727.0,2000.0,415.0,170.0,6417.2998046875,1465.81005859375
2000-09-18,272.45,4.855,594.0,722.0,595.0,732.0,1950.0,415.0,170.0,6410.2001953125,1444.510009765625
2000-09-19,272.0,4.8475,595.0,720.0,596.0,727.0,1950.0,415.0,170.0,6403.5,1459.9000244140625
2000-09-20,271.1,4.855,593.5,720.0,595.0,727.0,1950.0,415.0,170.0,6279.89990234375,1451.3399658203125
2000-09-21,269.65,4.82,588.0,723.0,586.0,725.0,1950.0,415.0,170.0,6199.2001953125,1449.050048828125
2000-09-22,272.35,4.8825,585.0,732.0,590.0,732.0,1950.0,415.0,170.0,6205.89990234375,1448.719970703125
2000-09-25,273.55,4.8925,580.0,714.0,587.0,742.0,1950.0,415.0,170.0,6257.10009765625,1439.030029296875
2000-09-26,274.05,4.8975,576.0,715.0,582.0,722.0,1900.0,415.0,170.0,6213.2001953125,1427.2099609375
2000-09-27,274.75,4.9,565.0,715.0,572.0,722.0,1850.0,415.0,170.0,6269.2998046875,1426.5699462890625
2000-09-28,277.2,4.9375,575.0,711.0,578.0,727.0,1775.0,415.0,170.0,6264.10009765625,1458.2900390625
2000-09-29,274.1,4.8875,569.0,712.0,580.0,727.0,1700.0,415.0,170.0,6294.2001953125,1436.510009765625
2000-10-02,274.3,4.8825,573.0,714.0,577.0,722.0,1700.0,415.0,170.0,6284.5,1436.22998046875
2000-10-03,272.4,4.88,570.0,719.0,573.0,722.0,1675.0,415.0,170.0,6345.0,1426.4599609375
2000-10-04,271.3,4.885,570.0,727.0,573.0,737.0,1625.0,415.0,170.0,6334.89990234375,1434.3199462890625
2000-10-05,271.35,4.875,576.0,734.0,572.0,742.0,1625.0,415.0,170.0,6382.0,1436.280029296875
2000-10-06,270.8,4.855,580.0,742.0,583.0,747.0,1625.0,415.0,170.0,6391.2001953125,1408.989990234375
2000-10-09,270.25,4.86,582.0,732.0,585.0,752.0,1625.0,415.0,170.0,6264.7998046875,1402.030029296875
2000-10-10,269.75,4.865,582.0,735.0,585.0,742.0,1625.0,415.0,170.0,6247.7001953125,1387.02001953125
2000-10-11,273.0,4.885,585.0,737.0,585.0,742.0,1625.0,415.0,170.0,6117.60009765625,1364.5899658203125
2000-10-12,270.8,4.8525,585.0,736.0,588.0,747.0,1625.0,415.0,170.0,6131.89990234375,1329.780029296875
2000-10-13,275.85,4.8825,585.0,735.0,590.0,747.0,1650.0,415.0,170.0,6209.60009765625,1374.1700439453125
2000-10-16,272.05,4.86,581.0,733.0,586.0,744.0,1650.0,415.0,170.0,6285.7001953125,1374.6199951171875
2000-10-17,270.55,4.845,573.0,735.0,580.0,742.0,1650.0,415.0,170.0,6203.2998046875,1349.969970703125
2000-10-18,271.3,4.84,578.0,738.0,579.0,745.0,1650.0,415.0,170.0,6148.2001953125,1342.1300048828125
2000-10-19,270.5,4.83,584.0,745.0,582.0,747.0,1650.0,415.0,170.0,6218.89990234375,1388.760009765625
2000-10-20,271.5,4.815,588.0,750.0,593.0,765.0,1650.0,415.0,170.0,6276.2998046875,1396.9300537109375
2000-10-23,271.25,4.83,586.0,750.0,591.0,760.0,1650.0,415.0,170.0,6315.89990234375,1395.780029296875
2000-10-24,270.4,4.78,576.0,751.0,587.0,762.0,1650.0,415.0,170.0,6438.39990234375,1398.1300048828125
2000-10-25,269.3,4.78,578.0,750.0,579.0,759.0,1650.0,415.0,170.0,6367.7998046875,1364.9000244140625
2000-10-26,266.75,4.75,579.0,752.0,580.0,760.0,1675.0,415.0,167.0,6302.2998046875,1364.43994140625
2000-10-27,266.05,4.7175,576.0,752.0,580.0,760.0,1700.0,415.0,167.0,6366.60009765625,1379.5799560546875
2000-10-30,265.65,4.755,579.5,752.0,580.0,760.0,1750.0,415.0,167.0,6388.39990234375,1398.6600341796875
2000-10-31,263.8,4.74,584.0,758.0,581.0,759.0,1750.0,415.0,167.0,6438.39990234375,1429.4000244140625
2000-11-01,266.0,4.75,586.0,773.0,591.0,782.0,1750.0,415.0,167.0,6457.60009765625,1421.219970703125
2000-11-02,265.75,4.75,596.0,786.0,593.0,782.0,1775.0,415.0,164.0,6392.0,1428.3199462890625
2000-11-03,266.45,4.71,598.5,790.0,605.0,800.0,1875.0,415.0,164.0,6385.39990234375,1426.68994140625
2000-11-06,265.75,4.73,590.0,772.0,602.0,797.0,1925.0,415.0,164.0,6431.0,1432.18994140625
2000-11-07,264.1,4.74,595.0,778.0,593.0,782.0,2025.0,415.0,164.0,6466.89990234375,1431.8699951171875
2000-11-08,265.0,4.715,598.0,778.0,600.0,787.0,2200.0,415.0,160.0,6477.39990234375,1409.280029296875
2000-11-09,264.3,4.7225,599.0,783.0,604.0,787.0,2200.0,415.0,160.0,6442.2001953125,1400.1400146484375
2000-11-10,265.15,4.725,598.0,779.0,608.0,795.0,2200.0,415.0,160.0,6400.2001953125,1365.97998046875
2000-11-13,264.3,4.67,592.0,775.0,606.0,790.0,2150.0,415.0,160.0,6274.7998046875,1351.260009765625
2000-11-14,264.5,4.6625,591.0,779.0,595.0,782.0,2125.0,415.0,160.0,6412.89990234375,1382.949951171875
2000-11-15,265.25,4.66,592.0,782.0,597.0,788.0,2125.0,415.0,160.0,6432.2998046875,1389.81005859375
2000-11-16,265.4,4.67,586.0,776.0,594.0,791.0,2100.0,415.0,160.0,6430.39990234375,1372.3199462890625
2000-11-17,266.5,4.6525,593.0,781.0,588.0,787.0,2075.0,415.0,160.0,6440.10009765625,1367.719970703125
2000-11-20,265.75,4.645,596.0,783.0,595.0,794.0,2050.0,415.0,160.0,6345.0,1342.6199951171875
2000-11-21,267.25,4.6475,591.0,784.0,597.0,792.0,2050.0,415.0,160.0,6382.2001953125,1347.3499755859375
2000-11-22,266.45,4.62,586.0,785.0,592.0,794.0,2050.0,415.0,160.0,6221.39990234375,1322.3599853515625
2000-11-23,265.9,4.62,588.0,782.0,590.0,794.0,2025.0,415.0,160.0,6287.2998046875,1322.3599853515625
2000-11-24,266.0,4.615,586.0,783.0,591.0,792.0,2025.0,415.0,160.0,6327.60009765625,1341.77001953125
2000-11-27,266.2,4.62,589.0,792.0,590.0,792.0,2025.0,415.0,160.0,6374.7001953125,1348.969970703125
2000-11-28,269.75,4.6925,599.5,799.0,602.0,802.0,2025.0,415.0,160.0,6249.7998046875,1336.0899658203125
2000-11-29,269.0,4.695,598.5,800.0,603.0,807.0,2050.0,415.0,160.0,6164.89990234375,1341.9300537109375
2000-11-30,267.0,4.63,605.0,811.0,606.0,812.0,2050.0,415.0,160.0,6142.2001953125,1314.949951171875
2000-12-01,271.2,4.685,607.0,828.0,607.0,821.0,2050.0,415.0,160.0,6170.39990234375,1315.22998046875
2000-12-04,271.15,4.665,616.0,868.0,620.0,847.0,2050.0,415.0,160.0,6158.7001953125,1324.969970703125
2000-12-05,271.85,4.6925,613.0,870.0,623.0,887.0,2075.0,415.0,160.0,6299.0,1376.5400390625
2000-12-06,270.85,4.71,599.0,850.0,608.0,865.0,2075.0,415.0,160.0,6273.2998046875,1351.4599609375
2000-12-07,275.1,4.745,605.0,875.0,605.0,867.0,2075.0,415.0,160.0,6231.39990234375,1343.550048828125
2000-12-08,273.3,4.71,603.0,902.0,612.0,914.0,2075.0,415.0,160.0,6288.2998046875,1369.8900146484375
2000-12-11,272.5,4.66,612.0,915.0,615.0,912.0,2075.0,415.0,160.0,6370.39990234375,1380.199951171875
2000-12-12,271.0,4.66,620.0,932.0,620.0,932.0,2075.0,415.0,160.0,6390.39990234375,1371.1800537109375
2000-12-13,269.95,4.65,622.0,925.0,628.0,948.0,2075.0,415.0,160.0,6403.0,1359.989990234375
2000-12-14,269.7,4.6375,612.0,915.0,612.0,908.0,2075.0,415.0,160.0,6263.7998046875,1340.9300537109375
2000-12-15,270.3,4.61,609.0,937.0,616.0,945.0,2075.0,415.0,160.0,6175.7998046875,1312.1500244140625
2000-12-18,270.5,4.575,604.0,935.0,606.0,945.0,2075.0,415.0,160.0,6246.5,1322.739990234375
2000-12-19,269.45,4.57,602.0,917.0,607.0,943.0,2075.0,415.0,160.0,6295.0,1305.5999755859375
2000-12-20,270.2,4.61,606.0,935.0,608.0,928.0,2075.0,415.0,160.0,6176.7001953125,1264.739990234375
2000-12-21,273.0,4.605,611.5,950.0,612.0,953.0,2075.0,415.0,160.0,6115.5,1274.8599853515625
2000-12-22,273.0,4.605,611.5,950.0,613.0,960.0,2075.0,415.0,160.0,6097.5,1305.949951171875
2000-12-26,273.0,4.605,611.5,950.0,613.0,960.0,2075.0,415.0,160.0,6097.5,1315.18994140625
2000-12-27,274.7,4.63,613.0,970.0,615.0,975.0,2050.0,415.0,160.0,6218.2001953125,1328.9200439453125
2000-12-28,274.6,4.595,619.0,956.0,616.0,975.0,2025.0,415.0,160.0,6223.2001953125,1334.219970703125
2000-12-29,274.6,4.595,619.0,956.0,620.0,965.0,2025.0,415.0,160.0,6222.5,1320.280029296875
2001-01-02,272.8,4.59,608.0,965.0,614.0,962.0,2025.0,415.0,160.0,6174.7001953125,1283.27001953125
2001-01-03,269.0,4.525,618.0,987.0,613.0,977.0,2025.0,415.0,160.0,6039.89990234375,1347.56005859375
2001-01-04,268.75,4.495,632.0,991.0,630.0,1000.0,2025.0,415.0,160.0,6185.60009765625,1333.3399658203125
2001-01-05,268.0,4.52,618.0,977.0,627.0,990.0,2025.0,415.0,160.0,6198.10009765625,1298.3499755859375
2001-01-08,268.6,4.57,625.0,1030.0,625.0,990.0,2025.0,415.0,160.0,6149.60009765625,1295.8599853515625
2001-01-09,267.75,4.55,632.0,1038.0,642.0,1045.0,2025.0,415.0,160.0,6088.10009765625,1300.800048828125
2001-01-10,266.7,4.53,636.0,1063.0,638.0,1050.0,2025.0,415.0,160.0,6059.89990234375,1313.27001953125
2001-01-11,264.8,4.545,637.0,1055.0,648.0,1115.0,2100.0,415.0,160.0,6114.89990234375,1326.8199462890625
2001-01-12,263.65,4.56,633.0,1055.0,638.0,1080.0,2150.0,415.0,160.0,6165.5,1318.550048828125
2001-01-15,263.35,4.6,639.5,1050.0,645.0,1080.0,2150.0,415.0,160.0,6170.2998046875,1318.550048828125
2001-01-16,264.5,4.605,632.0,1049.0,645.0,1080.0,2150.0,415.0,160.0,6083.2998046875,1326.6500244140625
2001-01-17,263.1,4.6675,626.0,1020.0,635.0,1060.0,2200.0,415.0,160.0,6197.39990234375,1329.469970703125
2001-01-18,264.1,4.725,613.0,1032.0,610.0,1040.0,2200.0,415.0,160.0,6209.89990234375,1347.969970703125
2001-01-19,265.75,4.82,620.0,1068.0,618.0,1070.0,2200.0,415.0,160.0,6209.2998046875,1342.5400390625
2001-01-22,266.1,4.775,622.0,1080.0,628.0,1095.0,2200.0,415.0,160.0,6232.0,1342.9000244140625
2001-01-23,267.1,4.805,618.0,1065.0,626.0,1100.0,2200.0,415.0,160.0,6214.7001953125,1360.4000244140625
2001-01-24,265.7,4.765,611.0,1064.0,618.0,1090.0,2200.0,415.0,160.0,6264.39990234375,1364.300048828125
2001-01-25,263.6,4.7775,610.0,1060.0,615.0,1090.0,2200.0,415.0,160.0,6255.60009765625,1357.510009765625
2001-01-26,264.5,4.785,615.0,1090.0,620.0,1100.0,2200.0,415.0,160.0,6294.2998046875,1354.949951171875
2001-01-29,263.1,4.785,608.0,1075.0,616.0,1115.0,2225.0,415.0,158.0,6317.0,1364.1700439453125
2001-01-30,263.4,4.7975,602.0,1050.0,606.0,1080.0,2225.0,415.0,158.0,6334.5,1373.72998046875
2001-01-31,266.2,4.79,604.0,1050.0,608.0,1075.0,2225.0,415.0,158.0,6297.5,1366.010009765625
2001-02-01,266.85,4.7975,600.0,1056.0,604.0,1065.0,2225.0,415.0,158.0,6251.7998046875,1373.469970703125
2001-02-02,268.0,4.745,598.5,1060.0,600.0,1070.0,2225.0,415.0,158.0,6256.39990234375,1349.469970703125
2001-02-05,266.25,4.72,602.0,1075.0,603.0,1075.0,2225.0,415.0,158.0,6269.2001953125,1354.31005859375
2001-02-06,264.55,4.66,606.0,1075.0,608.0,1100.0,2225.0,415.0,158.0,6293.39990234375,1352.260009765625
2001-02-07,262.9,4.63,604.0,1074.0,610.0,1090.0,2250.0,415.0,158.0,6225.7001953125,1340.8900146484375
2001-02-08,263.4,4.58,600.0,1040.0,608.0,1090.0,2250.0,415.0,158.0,6206.10009765625,1332.530029296875
2001-02-09,260.5,4.57,597.0,1015.0,600.0,1060.0,2250.0,415.0,158.0,6164.2998046875,1314.760009765625
2001-02-12,260.9,4.555,593.0,975.0,599.0,1030.0,2250.0,415.0,158.0,6241.39990234375,1330.31005859375
2001-02-13,261.5,4.57,592.0,975.0,598.0,985.0,2250.0,415.0,158.0,6228.5,1318.800048828125
2001-02-14,260.9,4.55,595.0,975.0,599.0,995.0,2250.0,415.0,158.0,6176.2001953125,1315.9200439453125
2001-02-15,259.5,4.515,595.0,975.0,599.0,990.0,2275.0,415.0,158.0,6197.89990234375,1326.6099853515625
2001-02-16,256.7,4.5,600.0,980.0,599.0,995.0,2275.0,415.0,158.0,6088.2998046875,1301.530029296875
2001-02-19,258.95,4.495,602.0,974.0,604.0,995.0,2275.0,415.0,158.0,6094.0,1301.530029296875
2001-02-20,258.3,4.4975,605.0,968.0,605.0,990.0,2275.0,415.0,158.0,5980.10009765625,1278.93994140625
2001-02-21,257.3,4.42,606.0,935.0,611.0,975.0,2300.0,415.0,158.0,5972.39990234375,1255.27001953125
2001-02-22,258.0,4.425,600.0,893.0,605.0,940.0,2300.0,415.0,158.0,6003.10009765625,1252.8199462890625
2001-02-23,259.95,4.45,600.0,851.0,602.0,900.0,2300.0,415.0,158.0,5943.7001953125,1245.8599853515625
2001-02-26,262.8,4.435,604.0,853.0,605.0,865.0,2300.0,415.0,158.0,5916.7998046875,1267.6500244140625
2001-02-27,268.1,4.4625,609.0,844.0,608.0,865.0,2300.0,415.0,158.0,5941.2001953125,1257.93994140625
2001-02-28,265.0,4.43,610.0,839.0,615.0,860.0,2275.0,415.0,158.0,5917.89990234375,1239.93994140625
2001-03-01,266.7,4.51,604.0,792.0,612.0,850.0,2275.0,415.0,158.0,5908.60009765625,1241.22998046875
2001-03-02,263.35,4.42,591.0,770.0,601.0,800.0,2275.0,415.0,158.0,5858.60009765625,1234.1800537109375
2001-03-05,261.85,4.4,576.0,756.0,583.0,775.0,2250.0,415.0,158.0,5931.2998046875,1241.4100341796875
2001-03-06,262.6,4.42,583.0,770.0,585.0,780.0,2225.0,415.0,158.0,6012.0,1253.800048828125
2001-03-07,261.55,4.42,588.0,775.0,586.0,780.0,2150.0,415.0,158.0,6001.7998046875,1261.8900146484375
2001-03-08,263.6,4.46,600.0,810.0,593.0,800.0,2100.0,415.0,158.0,6003.2001953125,1264.739990234375
2001-03-09,268.75,4.505,600.0,815.0,604.0,835.0,2000.0,415.0,155.0,5917.2998046875,1233.4200439453125
2001-03-12,270.5,4.51,593.0,785.0,602.0,830.0,2000.0,415.0,155.0,5826.5,1180.1600341796875
2001-03-13,269.4,4.415,588.0,788.0,593.0,790.0,2000.0,415.0,155.0,5720.7001953125,1197.6600341796875
2001-03-14,267.45,4.45,592.0,795.0,593.0,800.0,2000.0,415.0,152.0,5626.0,1166.7099609375
2001-03-15,262.7,4.42,590.0,800.0,595.0,800.0,2000.0,415.0,152.0,5729.2001953125,1173.56005859375
2001-03-16,260.2,4.35,586.0,803.0,590.0,810.0,2025.0,415.0,152.0,5562.7998046875,1150.530029296875
2001-03-19,260.5,4.325,583.0,805.0,588.0,820.0,2050.0,415.0,152.0,5551.60009765625,1170.81005859375
2001-03-20,262.6,4.335,580.0,787.0,587.0,815.0,2050.0,415.0,152.0,5646.7998046875,1142.6199951171875
2001-03-21,261.2,4.335,583.0,779.0,584.0,790.0,2075.0,415.0,152.0,5540.7001953125,1122.1400146484375
2001-03-22,262.25,4.34,578.0,774.0,581.0,780.0,2075.0,415.0,152.0,5314.7998046875,1117.5799560546875
2001-03-23,262.3,4.345,575.0,770.0,577.0,785.0,2075.0,415.0,152.0,5402.2998046875,1139.8299560546875
2001-03-26,261.3,4.35,577.0,771.0,579.0,780.0,2075.0,415.0,152.0,5576.60009765625,1152.68994140625
2001-03-27,262.75,4.365,579.0,768.0,582.0,785.0,2075.0,415.0,152.0,5728.10009765625,1182.1700439453125
2001-03-28,261.2,4.4275,577.0,754.0,583.0,780.0,2050.0,415.0,152.0,5614.0,1153.2900390625
2001-03-29,260.2,4.36,567.0,742.0,577.0,755.0,2050.0,415.0,152.0,5588.39990234375,1147.949951171875
2001-03-30,259.05,4.33,563.0,738.0,565.0,740.0,2050.0,415.0,150.0,5633.7001953125,1160.3299560546875
2001-04-02,257.55,4.295,555.0,725.0,562.0,740.0,2025.0,415.0,150.0,5618.5,1145.8699951171875
2001-04-03,257.0,4.325,576.0,710.0,561.0,730.0,2000.0,415.0,150.0,5463.10009765625,1106.4599609375
2001-04-04,259.2,4.325,582.0,697.0,577.0,715.0,1975.0,415.0,150.0,5535.7001953125,1103.25
2001-04-05,258.2,4.345,572.0,685.0,582.0,705.0,1950.0,415.0,145.0,5621.7998046875,1151.43994140625
2001-04-06,258.1,4.35,570.0,683.0,574.0,690.0,1925.0,415.0,145.0,5601.5,1128.4300537109375
2001-04-09,260.9,4.35,580.0,682.0,575.0,695.0,1925.0,415.0,145.0,5663.2998046875,1137.5899658203125
2001-04-10,257.05,4.325,577.0,677.0,581.0,690.0,1925.0,415.0,145.0,5803.0,1168.3800048828125
2001-04-11,258.45,4.33,588.0,663.0,581.0,685.0,1925.0,415.0,145.0,5788.10009765625,1165.8900146484375
2001-04-12,259.4,4.365,596.0,650.0,593.0,670.0,1925.0,415.0,145.0,5766.60009765625,1183.5
2001-04-16,259.4,4.365,596.0,650.0,593.0,670.0,1925.0,415.0,145.0,5766.60009765625,1179.6800537109375
2001-04-17,262.15,4.405,625.0,735.0,630.0,665.0,1925.0,415.0,140.0,5761.10009765625,1191.81005859375
2001-04-18,260.1,4.325,628.0,745.0,631.0,760.0,1900.0,415.0,140.0,5890.2001953125,1238.1600341796875
2001-04-19,261.35,4.375,618.0,710.0,629.0,755.0,1900.0,415.0,140.0,5871.60009765625,1253.68994140625
2001-04-20,264.2,4.43,620.0,692.0,625.0,715.0,1850.0,415.0,140.0,5879.7998046875,1242.97998046875
2001-04-23,262.9,4.42,612.0,720.0,621.0,710.0,1850.0,415.0,140.0,5871.2998046875,1224.3599853515625
2001-04-24,263.65,4.43,608.0,710.0,615.0,725.0,1850.0,415.0,140.0,5840.2998046875,1209.469970703125
2001-04-25,263.95,4.435,606.0,710.0,612.0,715.0,1850.0,415.0,140.0,5827.5,1228.75
2001-04-26,262.2,4.38,597.0,705.0,608.0,715.0,1850.0,415.0,140.0,5868.2998046875,1234.52001953125
2001-04-27,264.45,4.4,596.0,685.0,600.0,710.0,1850.0,415.0,140.0,5951.39990234375,1253.050048828125
2001-04-30,263.45,4.365,594.0,682.0,598.0,695.0,1850.0,415.0,140.0,5967.0,1249.4599609375
2001-05-01,263.8,4.3375,598.0,675.0,605.0,695.0,1850.0,415.0,140.0,5928.0,1266.43994140625
2001-05-02,265.0,4.385,603.0,670.0,603.0,685.0,1850.0,415.0,140.0,5904.2001953125,1267.4300537109375
2001-05-03,265.3,4.385,612.0,670.0,615.0,680.0,1850.0,415.0,140.0,5765.7998046875,1248.5799560546875
2001-05-04,265.8,4.36,612.0,673.0,630.0,685.0,1850.0,415.0,140.0,5870.2998046875,1266.6099853515625
2001-05-07,265.8,4.36,612.0,673.0,614.0,685.0,1850.0,415.0,140.0,5870.2998046875,1263.510009765625
2001-05-08,265.6,4.325,603.0,670.0,608.0,680.0,1850.0,415.0,140.0,5886.39990234375,1261.199951171875
2001-05-09,265.2,4.3225,608.0,665.0,605.0,680.0,1850.0,415.0,140.0,5893.7001953125,1255.5400390625
2001-05-10,269.4,4.395,605.0,655.0,610.0,670.0,1850.0,415.0,140.0,5964.0,1255.1800537109375
2001-05-11,268.95,4.345,606.0,652.0,610.0,665.0,1850.0,415.0,140.0,5896.7998046875,1245.6700439453125
2001-05-14,267.7,4.34,605.0,630.0,608.0,665.0,1850.0,415.0,140.0,5690.5,1248.9200439453125
2001-05-15,268.05,4.34,606.0,638.0,606.0,635.0,1850.0,415.0,140.0,5842.89990234375,1249.43994140625
2001-05-16,269.1,4.335,612.0,638.0,608.0,645.0,1850.0,415.0,140.0,5884.0,1284.989990234375
2001-05-17,271.75,4.42,610.0,640.0,613.0,650.0,1850.0,415.0,140.0,5904.60009765625,1288.489990234375
2001-05-18,272.1,4.45,613.0,655.0,615.0,655.0,1850.0,415.0,140.0,5915.0,1291.9599609375
2001-05-21,288.35,4.585,616.0,655.0,625.0,660.0,1850.0,415.0,140.0,5941.60009765625,1312.8299560546875
2001-05-22,282.75,4.515,614.0,647.0,622.0,660.0,1850.0,415.0,140.0,5976.60009765625,1309.3800048828125
2001-05-23,283.85,4.52,612.0,630.0,617.0,660.0,1850.0,415.0,140.0,5897.5,1289.050048828125
2001-05-24,283.45,4.625,617.0,647.0,615.0,650.0,1850.0,415.0,140.0,5915.89990234375,1293.1700439453125
2001-05-25,280.65,4.5675,616.0,660.0,619.0,655.0,1825.0,415.0,140.0,5889.7998046875,1277.8900146484375
2001-05-28,280.65,4.5675,616.0,660.0,620.0,665.0,1825.0,415.0,140.0,5889.7998046875,1277.8900146484375
2001-05-29,276.65,4.52,622.0,663.0,620.0,670.0,1825.0,415.0,140.0,5863.89990234375,1267.9300537109375
2001-05-30,273.65,4.5125,614.0,653.0,619.0,670.0,1825.0,415.0,140.0,5796.89990234375,1248.0799560546875
2001-05-31,266.1,4.425,607.0,645.0,612.0,655.0,1800.0,415.0,140.0,5796.2001953125,1255.8199462890625
2001-06-01,265.65,4.395,594.0,637.0,598.0,655.0,1800.0,415.0,140.0,5809.60009765625,1260.6700439453125
2001-06-04,266.25,4.405,593.0,638.0,595.0,645.0,1800.0,415.0,140.0,5856.5,1267.1099853515625
2001-06-05,266.15,4.3475,585.0,629.0,594.0,645.0,1775.0,415.0,140.0,5922.60009765625,1283.5699462890625
2001-06-06,266.95,4.36,585.0,630.0,588.0,635.0,1750.0,415.0,140.0,5901.5,1270.030029296875
2001-06-07,266.25,4.335,589.0,620.0,589.0,625.0,1725.0,415.0,140.0,5948.2998046875,1276.9599609375
2001-06-08,267.25,4.345,592.0,616.0,593.0,625.0,1700.0,415.0,140.0,5950.60009765625,1264.9599609375
2001-06-11,272.75,4.36,584.0,614.0,595.0,622.0,1700.0,415.0,140.0,5860.5,1254.3900146484375
2001-06-12,267.9,4.3325,580.0,600.0,583.0,615.0,1675.0,415.0,140.0,5804.0,1255.8499755859375
2001-06-13,271.8,4.385,577.0,598.0,582.0,605.0,1675.0,415.0,140.0,5820.2001953125,1241.5999755859375
2001-06-14,272.2,4.3975,577.0,601.5,582.0,605.0,1675.0,415.0,140.0,5752.60009765625,1219.8699951171875
2001-06-15,274.35,4.45,583.0,607.0,581.0,607.0,1675.0,415.0,140.0,5723.0,1214.3599853515625
2001-06-18,271.5,4.375,578.0,608.0,585.0,615.0,1700.0,415.0,140.0,5671.60009765625,1208.4300537109375
2001-06-19,273.95,4.43,579.0,612.0,580.0,612.0,1700.0,415.0,140.0,5680.39990234375,1212.5799560546875
2001-06-20,272.4,4.4,582.0,620.0,582.0,618.0,1725.0,415.0,140.0,5699.60009765625,1223.1400146484375
2001-06-21,272.65,4.35,580.0,620.0,584.0,625.0,1725.0,415.0,140.0,5641.39990234375,1237.0400390625
2001-06-22,273.2,4.335,574.0,613.0,581.0,625.0,1725.0,415.0,140.0,5665.7001953125,1225.3499755859375
2001-06-25,273.1,4.32,574.0,611.5,577.0,618.0,1725.0,415.0,140.0,5661.89990234375,1218.5999755859375
2001-06-26,273.85,4.3,569.0,608.0,574.0,614.0,1725.0,415.0,140.0,5555.7001953125,1216.760009765625
2001-06-27,276.0,4.3525,567.0,608.0,572.0,611.0,1740.0,415.0,140.0,5607.89990234375,1211.0699462890625
2001-06-28,271.45,4.305,561.0,595.0,569.0,609.0,1740.0,415.0,140.0,5638.39990234375,1226.199951171875
2001-06-29,269.9,4.335,558.0,602.0,561.0,595.0,1740.0,415.0,140.0,5642.5,1224.3800048828125
2001-07-02,269.1,4.305,560.0,598.0,562.0,603.0,1740.0,415.0,140.0,5716.7001953125,1236.719970703125
2001-07-03,268.6,4.29,556.0,588.0,560.0,601.0,1740.0,415.0,140.0,5639.89990234375,1234.449951171875
2001-07-04,267.6,4.27,559.0,587.0,558.0,589.0,1740.0,415.0,140.0,5600.5,1234.449951171875
2001-07-05,267.55,4.26,555.0,585.0,559.0,590.0,1740.0,415.0,140.0,5549.60009765625,1219.239990234375
2001-07-06,265.2,4.225,551.0,573.0,555.0,588.0,1740.0,415.0,140.0,5479.2001953125,1190.5899658203125
2001-07-09,266.85,4.265,556.0,570.0,562.0,578.0,1740.0,415.0,140.0,5468.89990234375,1198.780029296875
2001-07-10,267.2,4.265,554.0,563.0,557.0,573.0,1740.0,415.0,137.0,5467.89990234375,1181.52001953125
2001-07-11,266.55,4.255,557.5,563.0,554.0,565.0,1740.0,415.0,137.0,5391.89990234375,1180.1800537109375
2001-07-12,267.65,4.26,558.0,563.0,564.0,566.0,1740.0,415.0,137.0,5481.60009765625,1208.1400146484375
2001-07-13,266.4,4.2525,560.0,559.0,560.0,566.0,1730.0,415.0,137.0,5537.0,1215.6800537109375
2001-07-16,268.0,4.31,554.0,543.0,552.0,556.0,1730.0,415.0,137.0,5517.10009765625,1202.449951171875
2001-07-17,266.85,4.22,546.0,527.0,550.0,545.0,1720.0,415.0,137.0,5427.7998046875,1214.43994140625
2001-07-18,268.1,4.24,520.0,512.0,532.0,525.0,1710.0,415.0,137.0,5404.60009765625,1207.7099609375
2001-07-19,271.55,4.27,515.0,512.0,516.0,513.0,1700.0,415.0,137.0,5437.39990234375,1215.02001953125
2001-07-20,270.1,4.22,504.0,483.0,512.0,514.0,1690.0,415.0,137.0,5387.10009765625,1210.8499755859375
2001-07-23,269.25,4.2575,498.0,477.0,500.0,487.0,1675.0,415.0,137.0,5405.2998046875,1191.030029296875
2001-07-24,268.9,4.26,493.0,462.0,500.0,475.0,1640.0,415.0,137.0,5320.2001953125,1171.6500244140625
2001-07-25,269.25,4.24,507.0,462.0,500.0,468.0,1630.0,415.0,137.0,5275.7001953125,1190.489990234375
2001-07-26,267.15,4.24,506.0,460.0,509.0,468.0,1630.0,415.0,137.0,5286.10009765625,1202.9300537109375
2001-07-27,265.88,4.25,503.0,455.0,507.0,468.0,1630.0,415.0,137.0,5403.10009765625,1205.8199462890625
2001-07-30,266.4,4.225,490.0,440.0,502.0,455.0,1615.0,415.0,137.0,5446.7001953125,1204.52001953125
2001-07-31,265.55,4.215,476.0,457.0,475.0,428.0,1600.0,415.0,137.0,5529.10009765625,1211.22998046875
2001-08-01,267.7,4.24,472.0,466.0,472.0,453.0,1600.0,415.0,137.0,5546.89990234375,1215.9300537109375
2001-08-02,268.3,4.2325,480.0,475.0,469.0,469.0,1600.0,415.0,137.0,5584.5,1220.75
2001-08-03,267.5,4.24,482.0,482.0,482.0,480.0,1600.0,415.0,137.0,5547.60009765625,1214.3499755859375
2001-08-06,267.9,4.22,470.0,473.0,479.0,479.0,1600.0,415.0,137.0,5526.39990234375,1200.47998046875
2001-08-07,266.7,4.14,446.0,438.0,452.0,455.0,1600.0,415.0,137.0,5536.7998046875,1204.4000244140625
2001-08-08,266.5,4.155,440.0,441.0,440.0,440.0,1600.0,415.0,137.0,5476.5,1183.530029296875
2001-08-09,269.0,4.155,434.0,448.0,435.0,447.0,1600.0,415.0,137.0,5402.89990234375,1183.4300537109375
2001-08-10,273.35,4.22,448.0,468.0,444.0,460.0,1600.0,415.0,137.0,5427.2001953125,1190.1600341796875
2001-08-13,275.1,4.175,451.0,468.0,456.0,480.0,1600.0,415.0,137.0,5431.10009765625,1191.2900390625
2001-08-14,274.1,4.16,440.0,455.0,445.0,468.0,1600.0,415.0,137.0,5507.7998046875,1186.72998046875
2001-08-15,276.35,4.23,431.0,443.0,429.0,447.0,1580.0,415.0,137.0,5461.60009765625,1178.02001953125
2001-08-16,275.1,4.17,429.0,440.0,420.0,440.0,1580.0,415.0,137.0,5389.7998046875,1181.6600341796875
2001-08-17,276.25,4.215,452.0,448.0,444.0,448.0,1540.0,415.0,137.0,5342.10009765625,1161.969970703125
2001-08-20,277.75,4.24,440.25,445.0,443.0,449.0,1540.0,415.0,137.0,5357.5,1171.4100341796875
2001-08-21,276.95,4.165,445.0,447.0,439.0,443.0,1520.0,415.0,134.0,5430.2998046875,1157.260009765625
2001-08-22,277.25,4.205,447.0,449.0,449.0,448.0,1480.0,415.0,134.0,5408.7001953125,1165.31005859375
2001-08-23,274.3,4.195,458.0,444.0,465.0,458.0,1450.0,415.0,134.0,5396.5,1162.0899658203125
2001-08-24,275.15,4.22,454.0,446.0,462.0,448.0,1410.0,415.0,134.0,5471.89990234375,1184.9300537109375
2001-08-27,275.15,4.22,454.0,446.0,460.0,450.0,1410.0,415.0,134.0,5471.89990234375,1179.2099609375
2001-08-28,271.6,4.21,463.0,464.0,459.0,450.0,1400.0,415.0,130.0,5434.7001953125,1161.510009765625
2001-08-29,272.85,4.21,463.0,470.0,467.0,475.0,1400.0,415.0,130.0,5417.60009765625,1148.56005859375
2001-08-30,273.4,4.2025,444.0,445.0,450.0,468.0,1400.0,415.0,130.0,5332.7001953125,1129.030029296875
2001-08-31,275.35,4.2,446.0,453.0,442.0,448.0,1400.0,415.0,130.0,5345.0,1133.5799560546875
2001-09-03,273.55,4.195,442.0,457.0,441.0,458.0,1400.0,415.0,130.0,5312.10009765625,1133.5799560546875
2001-09-04,272.25,4.175,443.0,455.0,445.0,458.0,1400.0,415.0,130.0,5379.60009765625,1132.93994140625
2001-09-05,271.7,4.19,444.0,457.0,445.0,460.0,1375.0,415.0,130.0,5316.10009765625,1131.739990234375
2001-09-06,272.0,4.18,440.0,455.0,445.0,465.0,1350.0,415.0,130.0,5204.2998046875,1106.4000244140625
2001-09-07,273.15,4.185,446.0,456.0,441.0,458.0,1330.0,415.0,130.0,5070.2998046875,1085.780029296875
2001-09-10,273.2,4.18,443.0,455.0,445.0,459.0,1300.0,415.0,130.0,5033.7001953125,1092.5400390625
2001-09-11,271.4,4.18,448.0,460.0,442.0,460.0,1250.0,415.0,130.0,4746.0,1092.5400390625
2001-09-12,279.5,4.22,453.0,465.0,462.0,480.0,1250.0,415.0,130.0,4882.10009765625,1092.5400390625
2001-09-13,278.5,4.215,455.0,450.0,454.0,470.0,1250.0,415.0,130.0,4943.60009765625,1092.5400390625
2001-09-14,284.5,4.27,474.0,463.0,475.0,460.0,1250.0,415.0,130.0,4755.7998046875,1092.5400390625
2001-09-17,291.0,4.29,477.0,465.0,488.0,480.0,1275.0,415.0,130.0,4898.89990234375,1038.77001953125
2001-09-18,288.65,4.365,486.0,466.0,488.0,470.0,1325.0,415.0,130.0,4848.7001953125,1032.739990234375
2001-09-19,289.35,4.465,493.0,465.0,487.0,470.0,1325.0,415.0,130.0,4721.7001953125,1016.0999755859375
2001-09-20,288.2,4.62,493.0,457.0,496.0,463.0,1325.0,415.0,130.0,4556.89990234375,984.5399780273438
2001-09-21,291.3,4.6,492.0,450.0,494.0,453.0,1300.0,415.0,125.0,4433.7001953125,965.7999877929688
2001-09-24,289.65,4.5075,474.0,432.0,492.0,445.0,1300.0,415.0,125.0,4613.89990234375,1003.4500122070312
2001-09-25,287.95,4.52,447.0,420.0,472.0,433.0,1275.0,415.0,125.0,4663.39990234375,1012.27001953125
2001-09-26,291.6,4.5525,442.0,400.0,447.0,420.0,1225.0,415.0,122.0,4696.10009765625,1007.0399780273438
2001-09-27,291.25,4.545,442.0,378.0,445.0,400.0,1175.0,415.0,122.0,4763.60009765625,1018.6099853515625
2001-09-28,291.65,4.58,421.0,325.0,436.0,380.0,1125.0,415.0,122.0,4903.39990234375,1040.93994140625
2001-10-01,291.65,4.58,421.0,325.0,433.0,360.0,1100.0,415.0,118.0,4785.60009765625,1038.550048828125
2001-10-02,291.1,4.595,415.0,320.0,415.0,322.0,1050.0,415.0,118.0,4832.2998046875,1051.3299560546875
2001-10-03,289.94,4.5875,435.0,349.0,434.0,335.0,1025.0,415.0,118.0,4881.7998046875,1072.280029296875
2001-10-04,289.15,4.61,434.0,341.0,435.0,345.0,1025.0,415.0,118.0,5016.2001953125,1069.6300048828125
2001-10-05,291.6,4.645,442.0,348.0,451.0,345.0,1025.0,415.0,118.0,5036.0,1071.3800048828125
2001-10-08,292.85,4.645,435.0,348.0,446.0,348.0,1025.0,415.0,118.0,5032.7001953125,1062.43994140625
2001-10-09,291.1,4.63,427.0,345.0,437.0,348.0,1025.0,415.0,115.0,5009.7998046875,1056.75
2001-10-10,286.5,4.4875,426.0,345.0,427.0,345.0,1025.0,415.0,115.0,5153.10009765625,1080.989990234375
2001-10-11,282.35,4.415,432.0,348.0,428.0,348.0,1025.0,415.0,115.0,5164.89990234375,1097.4300537109375
2001-10-12,282.85,4.42,438.0,350.0,445.0,356.0,1025.0,415.0,105.0,5145.5,1091.6500244140625
2001-10-15,283.75,4.42,462.0,360.0,470.0,363.0,1025.0,415.0,105.0,5067.2998046875,1089.97998046875
2001-10-16,281.25,4.355,452.0,351.5,463.0,363.0,1025.0,415.0,105.0,5082.60009765625,1097.5400390625
2001-10-17,281.65,4.375,436.0,330.0,448.0,345.0,1025.0,415.0,105.0,5203.39990234375,1077.0899658203125
2001-10-18,282.2,4.345,435.0,327.0,441.0,333.0,1000.0,415.0,105.0,5116.0,1068.6099853515625
2001-10-19,278.7,4.24,433.0,322.0,430.0,323.0,975.0,415.0,105.0,5017.7001953125,1073.47998046875
2001-10-22,277.55,4.235,428.0,317.0,432.0,325.0,900.0,415.0,105.0,5070.39990234375,1089.9000244140625
2001-10-23,274.9,4.225,426.0,320.0,429.0,322.0,825.0,415.0,105.0,5193.2998046875,1084.780029296875
2001-10-24,276.15,4.245,423.0,318.0,430.0,325.0,825.0,415.0,105.0,5167.60009765625,1085.199951171875
2001-10-25,275.35,4.19,419.0,318.0,420.0,321.0,800.0,415.0,105.0,5086.60009765625,1100.0899658203125
2001-10-26,276.95,4.205,418.0,328.0,426.0,323.0,800.0,415.0,105.0,5188.7001953125,1104.6099853515625
2001-10-29,277.7,4.215,431.0,346.5,433.0,338.0,775.0,415.0,100.0,5085.89990234375,1078.300048828125
2001-10-30,280.2,4.2875,426.0,330.0,433.0,350.0,775.0,415.0,100.0,5003.60009765625,1059.7900390625
2001-10-31,280.95,4.275,423.0,320.0,429.0,333.0,775.0,415.0,100.0,5039.7001953125,1059.780029296875
2001-11-01,279.45,4.235,420.0,319.0,421.0,318.0,775.0,415.0,100.0,5071.2001953125,1084.0999755859375
2001-11-02,280.2,4.22,420.0,331.0,426.0,322.0,750.0,415.0,100.0,5129.5,1087.199951171875
2001-11-05,278.95,4.125,420.0,325.0,425.0,333.0,750.0,415.0,100.0,5209.10009765625,1102.8399658203125
2001-11-06,279.9,4.125,422.0,327.0,422.0,332.0,725.0,415.0,100.0,5214.10009765625,1118.8599853515625
2001-11-07,280.5,4.145,416.0,327.0,422.0,330.0,700.0,415.0,100.0,5216.2998046875,1115.800048828125
2001-11-08,280.2,4.13,416.0,323.0,421.0,330.0,700.0,415.0,100.0,5278.10009765625,1118.5400390625
2001-11-09,277.3,4.105,422.0,323.0,424.0,328.0,700.0,415.0,100.0,5244.2001953125,1120.31005859375
2001-11-12,277.7,4.15,434.0,334.0,428.0,328.0,675.0,415.0,100.0,5146.2001953125,1118.3299560546875
2001-11-13,277.65,4.1125,424.0,315.0,442.0,333.0,675.0,410.0,95.0,5277.10009765625,1139.0899658203125
2001-11-14,277.55,4.18,428.0,318.0,430.0,317.0,675.0,410.0,95.0,5240.7998046875,1141.2099609375
2001-11-15,276.05,4.11,426.0,323.0,428.0,320.0,675.0,410.0,95.0,5238.2001953125,1142.239990234375
2001-11-16,275.5,4.1175,427.0,336.0,426.0,328.0,675.0,410.0,95.0,5291.0,1138.6500244140625
2001-11-19,274.2,4.11,433.0,336.0,430.0,340.0,725.0,410.0,95.0,5338.0,1151.06005859375
2001-11-20,273.75,4.08,437.5,328.0,445.0,343.0,800.0,410.0,95.0,5298.7001953125,1142.6600341796875
2001-11-21,273.15,4.065,443.0,332.5,445.0,335.0,900.0,410.0,95.0,5313.7998046875,1137.030029296875
2001-11-22,273.2,4.065,437.0,328.0,441.0,336.0,950.0,410.0,95.0,5345.89990234375,1137.030029296875
2001-11-23,272.55,4.095,434.0,330.0,439.0,333.0,950.0,410.0,95.0,5293.2001953125,1150.3399658203125
2001-11-26,273.05,4.07,437.0,333.0,440.0,333.0,950.0,410.0,95.0,5302.5,1157.4200439453125
2001-11-27,273.65,4.07,438.0,332.0,440.0,335.0,1150.0,395.0,85.0,5266.0,1149.5
2001-11-28,274.6,4.09,438.0,333.0,441.0,335.0,1200.0,395.0,85.0,5205.2001953125,1128.52001953125
2001-11-29,274.65,4.1375,436.0,335.5,440.0,335.0,1150.0,395.0,85.0,5208.5,1140.199951171875
2001-11-30,274.7,4.14,443.0,347.0,445.0,338.0,1100.0,395.0,85.0,5203.60009765625,1139.449951171875
2001-12-03,275.25,4.18,450.5,355.0,458.0,353.0,1100.0,395.0,85.0,5164.60009765625,1129.9000244140625
2001-12-04,276.55,4.2075,455.0,362.0,459.0,360.0,1100.0,395.0,85.0,5212.10009765625,1144.800048828125
2001-12-05,275.75,4.145,451.0,370.0,454.0,365.0,1100.0,395.0,85.0,5333.5,1170.3499755859375
2001-12-06,274.1,4.22,455.5,386.0,459.0,383.0,1100.0,395.0,85.0,5369.7998046875,1167.0999755859375
2001-12-07,274.75,4.27,468.0,415.0,465.0,405.0,1100.0,395.0,85.0,5264.7001953125,1158.31005859375
2001-12-10,273.35,4.235,468.0,423.0,469.0,420.0,1100.0,395.0,85.0,5185.0,1139.9300537109375
2001-12-11,272.6,4.245,458.0,403.0,465.0,428.0,1075.0,395.0,85.0,5160.7998046875,1136.760009765625
2001-12-12,273.25,4.29,464.0,383.0,465.0,403.0,1075.0,395.0,85.0,5120.0,1137.0699462890625
2001-12-13,273.95,4.27,462.0,390.0,465.0,378.0,1050.0,395.0,85.0,5074.89990234375,1119.3800048828125
2001-12-14,274.85,4.36,462.0,400.0,467.0,400.0,1025.0,395.0,85.0,5061.0,1123.0899658203125
2001-12-17,277.8,4.385,461.0,408.0,466.0,404.0,1025.0,395.0,85.0,5136.2998046875,1134.3599853515625
2001-12-18,278.85,4.44,459.25,406.0,466.0,408.0,1000.0,395.0,85.0,5151.10009765625,1142.9200439453125
2001-12-19,278.9,4.49,454.0,400.0,458.0,405.0,875.0,395.0,80.0,5120.60009765625,1149.56005859375
2001-12-20,276.25,4.385,454.0,394.0,457.0,403.0,850.0,395.0,80.0,5080.2001953125,1139.9300537109375
2001-12-21,277.8,4.52,458.0,408.0,456.0,397.0,850.0,395.0,80.0,5159.2001953125,1144.8900146484375
2001-12-24,277.8,4.52,458.0,408.0,467.0,412.0,850.0,395.0,80.0,5177.39990234375,1144.6500244140625
2001-12-26,277.8,4.52,458.0,408.0,467.0,412.0,850.0,395.0,80.0,5177.39990234375,1149.3699951171875
2001-12-27,278.05,4.54,470.0,437.0,476.0,430.0,875.0,395.0,80.0,5213.2001953125,1157.1300048828125
2001-12-28,277.6,4.5,480.0,440.0,485.0,445.0,950.0,395.0,80.0,5242.39990234375,1161.02001953125
2001-12-31,277.6,4.5,480.0,440.0,482.0,443.0,950.0,395.0,80.0,5217.39990234375,1148.0799560546875
2002-01-02,278.1,4.59,481.0,434.0,485.0,446.0,950.0,395.0,80.0,5218.2998046875,1154.6700439453125
2002-01-03,278.65,4.63,478.0,435.0,479.0,436.0,950.0,395.0,80.0,5318.7998046875,1165.27001953125
2002-01-04,278.95,4.68,472.0,425.0,479.0,435.0,950.0,395.0,80.0,5323.7998046875,1172.510009765625
2002-01-07,278.95,4.68,472.0,425.0,473.0,425.0,950.0,395.0,80.0,5293.60009765625,1164.8900146484375
2002-01-08,278.2,4.77,474.0,429.0,476.0,428.0,950.0,395.0,80.0,5250.39990234375,1160.7099609375
2002-01-09,279.35,4.75,476.0,433.0,477.0,428.0,1000.0,395.0,80.0,5228.5,1155.1400146484375
2002-01-10,287.0,4.845,477.0,435.0,479.0,438.0,1050.0,395.0,80.0,5190.7001953125,1156.550048828125
2002-01-11,286.6,4.76,479.5,434.0,482.0,435.0,1075.0,385.0,80.0,5198.60009765625,1145.5999755859375
2002-01-14,286.4,4.6675,480.0,435.0,482.0,437.0,1075.0,385.0,80.0,5113.5,1138.4100341796875
2002-01-15,283.85,4.555,470.0,413.0,476.0,423.0,1075.0,375.0,80.0,5166.0,1146.18994140625
2002-01-16,287.95,4.67,477.0,420.0,477.0,417.0,1050.0,375.0,80.0,5127.60009765625,1127.5699462890625
2002-01-17,285.15,4.565,481.0,422.0,482.0,423.0,1050.0,375.0,80.0,5138.5,1138.8800048828125
2002-01-18,283.7,4.4125,480.0,414.0,482.0,420.0,1050.0,375.0,80.0,5126.7998046875,1127.5799560546875
2002-01-21,282.65,4.355,475.0,400.0,480.0,410.0,1050.0,375.0,80.0,5138.5,1127.5799560546875
2002-01-22,283.35,4.34,475.0,398.0,478.0,403.0,1050.0,375.0,80.0,5149.2001953125,1119.31005859375
2002-01-23,281.6,4.2975,473.0,395.0,476.0,401.0,1050.0,375.0,77.0,5180.7001953125,1128.1800537109375
2002-01-24,279.05,4.2925,467.0,382.0,470.0,388.0,1035.0,375.0,77.0,5233.10009765625,1132.1500244140625
2002-01-25,279.0,4.3325,465.0,385.0,469.0,383.0,1025.0,375.0,77.0,5193.10009765625,1133.280029296875
2002-01-28,279.35,4.285,464.0,388.0,468.0,388.0,1025.0,375.0,77.0,5223.60009765625,1133.06005859375
2002-01-29,277.8,4.235,456.0,365.0,458.0,378.0,1015.0,375.0,77.0,5131.39990234375,1100.6400146484375
2002-01-30,277.8,4.235,456.0,365.0,460.0,373.0,1015.0,375.0,77.0,5089.2998046875,1113.5699462890625
2002-01-31,281.5,4.275,455.0,370.0,459.0,376.0,1000.0,375.0,77.0,5164.7998046875,1130.199951171875
2002-02-01,282.0,4.2475,453.0,367.0,451.0,373.0,1000.0,375.0,77.0,5189.7001953125,1122.199951171875
2002-02-04,285.8,4.3,454.0,368.0,454.0,373.0,980.0,375.0,77.0,5167.2998046875,1094.43994140625
2002-02-05,290.35,4.3,453.0,366.0,459.0,375.0,960.0,375.0,77.0,5093.39990234375,1090.02001953125
2002-02-06,297.45,4.475,462.0,374.0,463.0,376.0,960.0,375.0,77.0,5073.7998046875,1083.510009765625
2002-02-07,300.35,4.365,469.0,376.0,464.0,374.0,960.0,375.0,77.0,5127.0,1080.1700439453125
2002-02-08,305.1,4.38,474.0,373.0,474.0,378.0,960.0,375.0,77.0,5128.10009765625,1096.219970703125
2002-02-11,301.5,4.4,472.0,370.0,479.0,378.0,960.0,375.0,77.0,5161.7998046875,1111.93994140625
2002-02-12,298.9,4.3875,464.0,365.0,471.0,371.0,960.0,375.0,77.0,5135.7001953125,1107.5
2002-02-13,298.6,4.44,467.0,383.0,470.0,373.0,960.0,375.0,77.0,5153.89990234375,1118.510009765625
2002-02-14,298.1,4.51,480.0,388.0,478.0,403.0,960.0,375.0,77.0,5208.7998046875,1116.47998046875
2002-02-15,300.4,4.58,477.0,380.0,479.0,391.0,960.0,375.0,74.0,5182.5,1104.1800537109375
2002-02-18,298.5,4.55,470.0,375.0,474.0,383.0,960.0,375.0,74.0,5154.2998046875,1104.1800537109375
2002-02-19,297.25,4.515,470.0,376.0,472.0,378.0,960.0,375.0,74.0,5092.5,1083.3399658203125
2002-02-20,294.2,4.495,469.0,375.0,469.0,378.0,960.0,375.0,74.0,5024.2001953125,1097.97998046875
2002-02-21,291.15,4.405,470.0,370.0,470.0,375.0,960.0,375.0,74.0,5073.2998046875,1080.949951171875
2002-02-22,293.35,4.445,475.0,373.0,477.0,375.0,960.0,375.0,74.0,5050.7998046875,1089.8399658203125
2002-02-25,291.8,4.395,477.0,372.0,478.0,373.0,960.0,360.0,74.0,5100.7001953125,1109.4300537109375
2002-02-26,293.0,4.375,481.0,377.0,481.0,376.0,960.0,360.0,74.0,5139.0,1109.3800048828125
2002-02-27,299.3,4.45,493.0,378.0,490.0,381.0,960.0,360.0,74.0,5178.39990234375,1109.8900146484375
2002-02-28,296.55,4.435,493.0,377.0,497.0,383.0,960.0,360.0,74.0,5101.0,1106.72998046875
2002-03-01,295.8,4.495,488.0,370.0,490.0,375.0,960.0,360.0,74.0,5169.0,1131.780029296875
2002-03-04,299.55,4.5975,512.0,372.0,506.0,375.0,960.0,360.0,74.0,5242.0,1153.8399658203125
2002-03-05,296.6,4.57,507.0,368.0,511.0,376.0,980.0,360.0,74.0,5214.0,1146.1400146484375
2002-03-06,294.35,4.525,510.0,360.0,507.0,365.0,980.0,360.0,74.0,5245.5,1162.77001953125
2002-03-07,292.15,4.48,505.0,364.0,509.0,362.0,980.0,360.0,74.0,5282.10009765625,1157.5400390625
2002-03-08,289.3,4.485,522.0,374.0,518.0,368.0,980.0,360.0,74.0,5285.7001953125,1164.31005859375
2002-03-11,291.75,4.53,524.0,374.0,524.0,378.0,980.0,360.0,74.0,5258.89990234375,1168.260009765625
2002-03-12,292.0,4.4925,517.0,370.0,525.0,376.0,980.0,360.0,74.0,5252.5,1165.5799560546875
2002-03-13,293.75,4.5025,511.0,367.0,519.0,373.0,980.0,360.0,74.0,5272.0,1154.0899658203125
2002-03-14,292.7,4.5425,510.0,368.0,511.0,369.0,980.0,360.0,74.0,5261.39990234375,1153.0400390625
2002-03-15,291.0,4.485,511.0,370.0,511.0,373.0,980.0,360.0,74.0,5292.7001953125,1166.1600341796875
2002-03-18,291.0,4.485,517.0,372.0,514.0,370.0,995.0,360.0,74.0,5299.89990234375,1165.550048828125
2002-03-19,293.2,4.5075,518.0,379.0,518.0,375.0,995.0,360.0,74.0,5316.10009765625,1170.2900390625
2002-03-20,292.7,4.518,512.0,377.0,518.0,380.0,995.0,360.0,74.0,5266.89990234375,1151.8499755859375
2002-03-21,292.25,4.5125,511.0,378.0,516.0,379.0,995.0,360.0,74.0,5253.2998046875,1153.5899658203125
2002-03-22,293.65,4.505,510.0,378.0,514.0,380.0,995.0,360.0,74.0,5250.5,1148.699951171875
2002-03-25,297.7,4.535,515.0,389.0,518.0,380.0,995.0,360.0,74.0,5203.60009765625,1131.8699951171875
2002-03-26,297.1,4.5625,512.0,393.0,515.0,393.0,995.0,360.0,74.0,5195.5,1138.489990234375
2002-03-27,297.5,4.642,511.0,385.0,519.0,392.0,995.0,360.0,72.0,5214.7001953125,1144.5799560546875
2002-03-28,303.0,4.675,516.0,386.0,518.0,390.0,995.0,360.0,72.0,5271.7998046875,1147.3900146484375
2002-04-01,303.0,4.675,516.0,386.0,518.0,390.0,995.0,360.0,72.0,5271.7998046875,1146.5400390625
2002-04-02,302.65,4.665,533.0,389.0,537.0,394.0,995.0,360.0,72.0,5251.39990234375,1136.760009765625
2002-04-03,304.95,4.7,533.5,379.0,537.0,385.0,995.0,360.0,72.0,5247.7998046875,1125.4000244140625
2002-04-04,301.5,4.6125,525.0,366.0,527.0,375.0,995.0,360.0,72.0,5209.5,1126.3399658203125
2002-04-05,300.8,4.615,532.0,366.0,533.0,368.0,995.0,360.0,72.0,5233.60009765625,1122.72998046875
2002-04-08,298.5,4.5575,528.0,362.0,532.0,367.0,1010.0,360.0,72.0,5178.60009765625,1125.2900390625
2002-04-09,299.3,4.565,528.0,365.0,527.0,364.0,1010.0,360.0,72.0,5179.60009765625,1117.800048828125
2002-04-10,297.8,4.555,526.0,368.0,528.0,368.0,1010.0,360.0,72.0,5229.10009765625,1130.469970703125
2002-04-11,301.8,4.615,533.0,372.0,534.0,370.0,1010.0,360.0,72.0,5137.39990234375,1103.68994140625
2002-04-12,301.65,4.565,534.0,372.0,537.0,378.0,1010.0,360.0,72.0,5161.0,1111.010009765625
2002-04-15,301.8,4.58,539.0,372.0,545.0,375.0,1010.0,360.0,72.0,5201.39990234375,1102.550048828125
2002-04-16,299.35,4.46,536.0,368.0,539.0,373.0,1010.0,360.0,72.0,5259.89990234375,1128.3699951171875
2002-04-17,300.15,4.445,541.0,369.0,544.0,372.0,1010.0,360.0,72.0,5263.89990234375,1126.0699462890625
2002-04-18,302.3,4.46,559.0,376.0,563.0,372.0,1010.0,360.0,72.0,5229.39990234375,1124.469970703125
2002-04-19,303.7,4.5025,556.0,372.0,560.0,377.0,1010.0,350.0,72.0,5243.60009765625,1125.1700439453125
2002-04-22,303.35,4.54,552.0,370.0,563.0,374.0,1010.0,350.0,72.0,5221.5,1107.8299560546875
2002-04-23,303.25,4.525,549.0,368.0,557.0,372.0,1000.0,350.0,72.0,5191.0,1100.9599609375
2002-04-24,304.5,4.5825,555.0,370.0,556.0,370.0,980.0,350.0,72.0,5218.2001953125,1093.1400146484375
2002-04-25,305.1,4.59,556.0,368.0,558.0,372.0,980.0,350.0,72.0,5197.5,1091.47998046875
2002-04-26,307.65,4.62,551.0,365.0,558.0,368.0,960.0,350.0,72.0,5159.0,1076.3199462890625
2002-04-29,310.65,4.635,544.0,363.0,555.0,367.0,920.0,350.0,72.0,5153.89990234375,1065.449951171875
2002-04-30,309.35,4.6,536.0,360.0,540.0,362.0,880.0,350.0,72.0,5165.60009765625,1076.9200439453125
2002-05-01,308.3,4.54,520.0,352.0,532.0,362.0,860.0,350.0,72.0,5125.5,1086.4599609375
2002-05-02,308.1,4.52,519.5,349.0,520.0,353.0,860.0,350.0,72.0,5174.10009765625,1084.56005859375
2002-05-03,308.85,4.565,521.0,352.0,523.0,353.0,840.0,350.0,72.0,5203.10009765625,1073.4300537109375
2002-05-06,308.85,4.565,521.0,352.0,524.0,355.0,840.0,350.0,72.0,5203.10009765625,1052.6700439453125
2002-05-07,312.65,4.62,522.0,356.0,524.0,355.0,820.0,350.0,72.0,5119.89990234375,1049.489990234375
2002-05-08,310.9,4.62,531.0,357.0,527.0,360.0,800.0,350.0,72.0,5209.10009765625,1088.8499755859375
2002-05-09,308.75,4.56,524.0,353.0,532.0,360.0,800.0,350.0,72.0,5197.60009765625,1073.010009765625
2002-05-10,310.65,4.6225,522.0,352.0,525.0,353.0,800.0,350.0,72.0,5171.2001953125,1054.989990234375
2002-05-13,311.6,4.69,530.0,354.0,527.0,354.0,800.0,350.0,72.0,5204.7998046875,1074.56005859375
2002-05-14,309.95,4.615,534.0,355.0,533.0,353.0,800.0,350.0,72.0,5239.5,1097.280029296875
2002-05-15,307.5,4.6,537.0,357.0,539.0,355.0,875.0,350.0,72.0,5259.10009765625,1091.0699462890625
2002-05-16,309.05,4.635,538.0,368.0,540.0,368.0,950.0,350.0,72.0,5248.5,1098.22998046875
2002-05-17,310.65,4.64,538.0,368.0,540.0,368.0,950.0,350.0,72.0,5218.0,1106.5899658203125
2002-05-20,311.8,4.66,543.0,377.0,544.0,371.0,950.0,350.0,72.0,5208.10009765625,1091.8800048828125
2002-05-21,315.1,4.785,541.0,372.0,550.0,383.0,950.0,350.0,72.0,5197.2001953125,1079.8800048828125
2002-05-22,318.25,4.82,540.0,357.0,545.0,374.0,950.0,350.0,72.0,5151.89990234375,1086.02001953125
2002-05-23,316.25,4.775,537.0,354.0,544.0,365.0,950.0,350.0,70.0,5175.2998046875,1097.0799560546875
2002-05-24,320.9,4.855,539.0,352.0,545.0,358.0,950.0,350.0,70.0,5169.10009765625,1083.8199462890625
2002-05-27,320.8,4.77,538.0,350.0,542.0,354.0,950.0,350.0,70.0,5136.2998046875,1083.8199462890625
2002-05-28,321.4,4.82,542.0,353.0,544.0,353.0,930.0,350.0,70.0,5074.2001953125,1074.550048828125
2002-05-29,325.2,4.91,546.0,355.0,549.0,357.0,930.0,350.0,70.0,5083.0,1067.6600341796875
2002-05-30,324.65,4.905,547.0,351.0,549.0,357.0,930.0,330.0,70.0,5040.7998046875,1064.6600341796875
2002-05-31,327.25,5.045,548.0,348.0,551.0,354.0,930.0,330.0,70.0,5085.10009765625,1067.1400146484375
2002-06-03,327.25,5.045,548.0,348.0,548.0,350.0,930.0,330.0,70.0,5085.10009765625,1040.6800537109375
2002-06-04,327.25,5.045,548.0,348.0,554.0,355.0,930.0,330.0,70.0,5085.10009765625,1040.68994140625
2002-06-05,324.5,5.05,546.0,348.0,559.0,355.0,930.0,330.0,70.0,4989.2001953125,1049.9000244140625
2002-06-06,322.9,4.935,552.0,351.0,556.0,353.0,915.0,330.0,70.0,4957.60009765625,1029.1500244140625
2002-06-07,326.55,5.0075,564.0,352.0,567.0,354.0,900.0,330.0,70.0,4920.39990234375,1027.530029296875
2002-06-10,323.1,4.94,555.0,346.0,565.0,354.0,900.0,330.0,70.0,4928.2001953125,1030.739990234375
2002-06-11,329.0,4.89,554.0,343.0,556.0,347.0,885.0,330.0,70.0,4934.7998046875,1013.5999755859375
2002-06-12,319.55,4.88,556.0,340.0,562.0,344.0,870.0,330.0,70.0,4851.7001953125,1020.260009765625
2002-06-13,317.6,4.865,554.0,335.0,558.0,336.0,860.0,330.0,70.0,4771.89990234375,1009.5599975585938
2002-06-14,319.7,4.89,557.0,336.0,557.0,337.0,850.0,330.0,70.0,4630.7998046875,1007.27001953125
2002-06-17,317.95,4.82,556.0,336.0,564.0,336.0,840.0,330.0,70.0,4756.7998046875,1036.1700439453125
2002-06-18,318.05,4.845,561.0,386.0,564.0,337.0,820.0,330.0,70.0,4702.0,1037.1400146484375
2002-06-19,318.05,4.845,561.0,386.0,569.0,337.0,810.0,315.0,70.0,4652.39990234375,1019.989990234375
2002-06-20,320.85,4.86,565.0,332.0,569.0,339.0,810.0,315.0,70.0,4580.2998046875,1006.2899780273438
2002-06-21,323.5,4.88,563.0,330.0,570.0,334.0,810.0,315.0,70.0,4605.39990234375,989.1400146484375
2002-06-24,326.35,4.905,560.0,325.0,567.0,330.0,810.0,315.0,70.0,4541.89990234375,992.719970703125
2002-06-25,323.1,4.85,560.0,324.0,566.0,325.0,825.0,315.0,70.0,4631.0,976.1400146484375
2002-06-26,324.6,4.88,547.0,318.0,555.0,326.0,850.0,315.0,70.0,4531.0,973.530029296875
2002-06-27,319.45,4.82,539.0,318.0,542.0,324.0,850.0,315.0,70.0,4540.7001953125,990.6400146484375
2002-06-28,319.05,4.87,545.0,321.0,550.0,322.0,850.0,315.0,70.0,4656.39990234375,989.8200073242188
2002-07-01,312.3,4.8,532.0,316.0,534.0,319.0,850.0,315.0,70.0,4685.7998046875,968.6500244140625
2002-07-02,312.9,4.865,530.0,319.0,530.0,317.0,850.0,315.0,70.0,4546.7998046875,948.0900268554688
2002-07-03,312.85,4.915,528.0,322.0,531.0,320.0,850.0,315.0,70.0,4392.60009765625,953.989990234375
2002-07-04,310.9,4.91,523.5,320.0,524.0,321.0,850.0,315.0,70.0,4471.2001953125,953.989990234375
2002-07-05,310.75,4.91,520.0,321.0,524.0,321.0,840.0,315.0,70.0,4615.7001953125,989.030029296875
2002-07-08,313.0,4.94,524.0,323.0,524.0,323.0,840.0,315.0,70.0,4601.2998046875,976.97998046875
2002-07-09,312.45,4.965,523.0,324.0,521.0,324.0,820.0,315.0,70.0,4542.89990234375,952.8300170898438
2002-07-10,315.95,5.0425,524.0,324.0,524.0,326.0,800.0,315.0,70.0,4420.10009765625,920.469970703125
2002-07-11,314.5,5.02,526.0,323.0,530.0,326.0,770.0,315.0,70.0,4230.10009765625,927.3699951171875
2002-07-12,316.5,5.06,529.0,322.0,530.0,325.0,770.0,315.0,70.0,4224.10009765625,921.3900146484375
2002-07-15,316.35,5.045,532.0,320.0,532.0,325.0,770.0,315.0,70.0,3994.5,917.9299926757812
2002-07-16,320.35,5.0975,530.0,323.0,532.0,324.0,770.0,300.0,67.0,4021.89990234375,900.9400024414062
2002-07-17,317.75,5.0,525.0,323.0,527.0,327.0,785.0,300.0,67.0,4190.60009765625,906.0399780273438
2002-07-18,316.6,4.995,525.0,323.0,525.0,325.0,800.0,300.0,67.0,4297.2998046875,881.5599975585938
2002-07-19,319.15,5.01,529.0,324.0,530.0,326.0,800.0,300.0,67.0,4098.2998046875,847.75
2002-07-22,324.0,5.05,525.0,322.0,530.0,326.0,800.0,300.0,67.0,3895.5,819.8499755859375
2002-07-23,320.3,4.8975,521.0,318.0,524.0,321.0,800.0,300.0,67.0,3858.0,797.7000122070312
2002-07-24,313.6,4.86,520.0,324.0,522.0,322.0,800.0,300.0,67.0,3777.10009765625,843.4299926757812
2002-07-25,310.25,4.86,523.0,327.0,527.0,327.0,800.0,300.0,67.0,3965.89990234375,838.6799926757812
2002-07-26,308.6,4.825,530.0,330.0,529.0,335.0,790.0,300.0,67.0,4016.699951171875,852.8400268554688
2002-07-29,303.05,4.65,526.0,332.0,532.0,339.0,790.0,300.0,67.0,4202.7001953125,898.9600219726562
2002-07-30,304.45,4.66,528.0,321.0,530.0,334.0,780.0,300.0,67.0,4180.89990234375,902.780029296875
2002-07-31,305.5,4.66,529.0,322.0,534.0,323.0,760.0,300.0,67.0,4246.2001953125,911.6199951171875
2002-08-01,300.65,4.54,523.5,318.0,531.0,322.0,760.0,300.0,67.0,4044.5,884.6599731445312
2002-08-02,306.5,4.62,525.0,318.0,527.0,322.0,750.0,280.0,65.0,4075.60009765625,864.239990234375
2002-08-05,307.6,4.62,525.0,320.0,529.0,322.0,750.0,280.0,65.0,3996.39990234375,834.5999755859375
2002-08-06,306.75,4.605,527.0,320.0,532.0,322.0,740.0,280.0,65.0,4131.0,859.5700073242188
2002-08-07,307.8,4.64,530.0,320.0,530.0,322.0,740.0,280.0,65.0,4094.39990234375,876.77001953125
2002-08-08,312.95,4.68,535.0,322.0,537.0,320.0,740.0,280.0,65.0,4240.5,905.4600219726562
2002-08-09,309.6,4.63,543.0,322.0,542.0,321.0,750.0,280.0,65.0,4322.39990234375,908.6400146484375
2002-08-12,316.25,4.705,552.0,322.0,553.0,324.0,750.0,280.0,65.0,4221.60009765625,903.7999877929688
2002-08-13,314.7,4.6,550.0,322.0,556.0,323.0,750.0,280.0,65.0,4271.7001953125,884.2100219726562
2002-08-14,316.25,4.63,558.0,323.0,558.0,323.0,750.0,280.0,63.0,4171.10009765625,919.6199951171875
2002-08-15,312.7,4.485,556.0,320.0,561.0,323.0,750.0,280.0,63.0,4327.5,930.25
2002-08-16,314.55,4.505,553.0,319.0,556.0,322.0,750.0,280.0,63.0,4330.0,928.77001953125
2002-08-19,313.05,4.4975,553.0,320.0,557.0,320.0,750.0,260.0,63.0,4426.89990234375,950.7000122070312
2002-08-20,307.6,4.435,545.0,322.0,552.0,320.0,750.0,260.0,63.0,4368.89990234375,937.4299926757812
2002-08-21,308.35,4.44,543.0,320.0,544.0,321.0,750.0,260.0,63.0,4364.7998046875,949.3599853515625
2002-08-22,306.45,4.42,542.0,320.0,543.0,320.0,750.0,260.0,63.0,4434.7001953125,962.7000122070312
2002-08-23,305.8,4.44,541.0,321.0,543.0,320.0,750.0,260.0,63.0,4389.7998046875,940.8599853515625
2002-08-26,305.8,4.44,541.0,321.0,549.0,324.0,750.0,260.0,63.0,4389.7998046875,947.9500122070312
2002-08-27,309.4,4.44,555.0,342.0,554.0,335.0,750.0,260.0,63.0,4449.7001953125,934.8200073242188
2002-08-28,310.95,4.5,574.0,365.0,572.0,362.0,750.0,260.0,63.0,4274.0,917.8699951171875
2002-08-29,310.65,4.495,560.0,338.0,565.0,346.0,750.0,260.0,63.0,4209.2998046875,917.7999877929688
2002-08-30,312.4,4.565,564.0,330.0,572.0,344.0,750.0,260.0,63.0,4227.2998046875,916.0700073242188
2002-09-02,312.25,4.47,563.0,325.0,567.0,331.0,750.0,255.0,61.0,4180.89990234375,916.0700073242188
2002-09-03,313.5,4.485,554.0,321.0,562.0,325.0,750.0,255.0,61.0,4028.699951171875,878.02001953125
2002-09-04,312.7,4.465,542.0,323.0,545.0,323.0,750.0,255.0,61.0,4027.0,893.4000244140625
2002-09-05,316.2,4.505,543.0,325.0,538.0,323.0,750.0,255.0,61.0,4011.0,879.1500244140625
2002-09-06,317.9,4.53,545.0,331.0,546.0,325.0,750.0,255.0,61.0,4107.2001953125,893.9199829101562
2002-09-09,322.2,4.535,549.0,334.0,547.0,333.0,750.0,255.0,61.0,4062.39990234375,902.9600219726562
2002-09-10,318.35,4.54,549.0,330.0,550.0,336.0,750.0,255.0,61.0,4175.5,909.5800170898438
2002-09-11,317.15,4.53,551.5,330.0,553.0,333.0,750.0,255.0,61.0,4210.7001953125,909.4500122070312
2002-09-12,318.0,4.5475,552.0,330.0,552.0,331.0,750.0,255.0,61.0,4084.89990234375,886.9099731445312
2002-09-13,318.5,4.59,553.0,336.0,554.0,332.0,750.0,255.0,61.0,4008.0,889.8099975585938
2002-09-16,316.35,4.545,554.0,336.0,558.0,336.0,750.0,255.0,61.0,4044.300048828125,891.0999755859375
2002-09-17,315.3,4.55,550.0,335.0,554.0,336.0,750.0,255.0,61.0,4025.199951171875,873.52001953125
2002-09-18,317.6,4.58,556.0,334.0,554.0,336.0,750.0,255.0,61.0,3865.39990234375,869.4600219726562
2002-09-19,320.15,4.6475,568.0,333.0,562.0,334.0,750.0,245.0,60.0,3813.5,843.3200073242188
2002-09-20,321.55,4.62,565.5,333.0,579.0,334.0,750.0,245.0,60.0,3860.10009765625,845.3900146484375
2002-09-23,323.45,4.6375,567.0,328.0,565.0,334.0,750.0,245.0,60.0,3739.39990234375,833.7000122070312
2002-09-24,323.3,4.625,574.0,328.0,577.0,332.0,750.0,245.0,60.0,3671.10009765625,819.2899780273438
2002-09-25,325.25,4.62,563.0,324.0,572.0,329.0,750.0,245.0,60.0,3696.300048828125,839.6599731445312
2002-09-26,322.35,4.555,562.0,320.0,567.0,324.0,750.0,245.0,60.0,3850.60009765625,854.9500122070312
2002-09-27,320.15,4.51,560.0,316.0,567.0,319.0,740.0,220.0,60.0,3907.199951171875,827.3699951171875
2002-09-30,322.4,4.5325,563.0,318.0,567.0,318.0,730.0,220.0,60.0,3721.800048828125,815.280029296875
2002-10-01,322.6,4.5225,567.0,318.0,570.0,319.0,730.0,220.0,60.0,3797.39990234375,847.9099731445312
2002-10-02,320.4,4.485,567.0,321.0,570.0,321.0,730.0,220.0,60.0,3905.300048828125,827.9099731445312
2002-10-03,322.7,4.4875,558.0,319.0,570.0,326.0,730.0,220.0,60.0,3880.300048828125,818.9500122070312
2002-10-04,321.65,4.475,557.0,314.0,562.0,319.0,730.0,220.0,60.0,3813.800048828125,800.5800170898438
2002-10-07,322.35,4.485,558.0,312.0,559.0,315.0,730.0,220.0,60.0,3780.89990234375,785.280029296875
2002-10-08,320.7,4.44,563.0,315.0,559.0,314.0,730.0,220.0,60.0,3730.5,798.5499877929688
2002-10-09,318.8,4.355,581.0,320.0,580.0,318.0,730.0,220.0,60.0,3742.39990234375,776.760009765625
2002-10-10,319.5,4.345,580.0,322.0,589.0,322.0,730.0,220.0,60.0,3777.300048828125,803.9199829101562
2002-10-11,317.1,4.295,592.0,320.0,584.0,320.0,730.0,220.0,60.0,3953.39990234375,835.3200073242188
2002-10-14,318.0,4.3325,589.0,320.0,594.0,321.0,730.0,210.0,59.0,3931.60009765625,841.4400024414062
2002-10-15,317.5,4.305,585.0,319.0,595.0,319.0,730.0,210.0,59.0,4130.2998046875,881.27001953125
2002-10-16,314.0,4.315,592.0,320.0,592.0,319.0,730.0,210.0,59.0,4057.699951171875,860.02001953125
2002-10-17,312.8,4.355,590.0,319.0,604.0,320.0,730.0,210.0,59.0,4170.7001953125,879.2000122070312
2002-10-18,312.45,4.34,592.0,319.0,594.0,319.0,730.0,210.0,59.0,4130.5,884.3900146484375
2002-10-21,313.4,4.375,587.0,321.0,591.0,320.0,730.0,210.0,59.0,4133.7998046875,899.719970703125
2002-10-22,311.65,4.3775,581.0,320.0,589.0,320.0,730.0,210.0,59.0,4118.89990234375,890.1599731445312
2002-10-23,313.4,4.41,582.0,316.0,586.0,321.0,730.0,210.0,59.0,4006.89990234375,896.1400146484375
2002-10-24,311.1,4.39,582.0,308.0,584.0,318.0,730.0,200.0,59.0,4103.7001953125,882.5
2002-10-25,312.3,4.375,589.0,311.0,588.0,310.0,730.0,200.0,59.0,4051.10009765625,897.6500244140625
2002-10-28,313.3,4.42,590.0,311.0,594.0,312.0,730.0,200.0,59.0,4090.5,890.22998046875
2002-10-29,316.35,4.43,593.0,314.0,594.0,313.0,730.0,200.0,59.0,3935.89990234375,882.1500244140625
2002-10-30,316.8,4.4775,589.5,312.0,594.0,316.0,730.0,200.0,59.0,4002.699951171875,890.7100219726562
2002-10-31,316.35,4.475,579.0,311.0,588.0,314.0,730.0,200.0,59.0,4039.699951171875,885.760009765625
2002-11-01,318.75,4.545,578.0,309.0,578.0,312.0,730.0,200.0,59.0,3997.0,900.9600219726562
2002-11-04,317.2,4.45,580.0,311.0,582.0,311.0,730.0,200.0,59.0,4141.5,908.3499755859375
2002-11-05,318.9,4.5,584.0,314.0,584.0,313.0,730.0,195.0,58.0,4146.10009765625,915.3900146484375
2002-11-06,317.5,4.47,586.0,311.0,586.0,316.0,730.0,195.0,58.0,4103.7001953125,923.760009765625
2002-11-07,319.7,4.5025,586.0,308.0,587.0,312.0,730.0,195.0,58.0,4081.300048828125,902.6500244140625
2002-11-08,322.55,4.5875,588.0,300.0,589.0,309.0,730.0,195.0,58.0,4034.60009765625,894.739990234375
2002-11-11,321.1,4.53,577.0,288.0,586.0,302.0,730.0,195.0,58.0,4015.60009765625,876.1900024414062
2002-11-12,321.9,4.565,580.0,286.0,582.0,288.0,730.0,195.0,58.0,4085.10009765625,882.9500122070312
2002-11-13,323.2,4.5725,591.0,284.0,591.0,286.0,730.0,195.0,58.0,4029.39990234375,882.530029296875
2002-11-14,318.6,4.555,590.0,288.0,589.0,286.0,730.0,195.0,58.0,4053.10009765625,904.27001953125
2002-11-15,318.5,4.55,600.0,292.0,600.0,292.0,725.0,190.0,57.0,4091.60009765625,909.8300170898438
2002-11-18,319.8,4.54,599.0,282.0,606.0,292.0,725.0,190.0,57.0,4116.0,900.3599853515625
2002-11-19,319.8,4.55,595.0,275.0,604.0,282.0,725.0,190.0,57.0,4096.5,896.739990234375
2002-11-20,319.0,4.454,592.0,275.0,594.0,276.0,720.0,190.0,57.0,4094.89990234375,914.1500244140625
2002-11-21,318.4,4.535,593.0,277.0,591.0,277.0,715.0,190.0,57.0,4190.0,933.760009765625
2002-11-22,318.2,4.46,592.0,275.0,597.0,279.0,715.0,190.0,57.0,4175.2001953125,930.5499877929688
2002-11-25,319.5,4.5,588.0,262.0,598.0,271.0,715.0,190.0,57.0,4122.2001953125,932.8699951171875
2002-11-26,318.0,4.47,587.0,266.0,589.0,262.0,705.0,180.0,54.0,4071.0,913.3099975585938
2002-11-27,318.2,4.44,585.0,265.0,589.0,267.0,705.0,180.0,54.0,4144.2001953125,938.8699951171875
2002-11-28,317.3,4.43,584.0,263.0,588.0,267.0,695.0,180.0,54.0,4185.39990234375,938.8699951171875
2002-11-29,318.25,4.43,592.0,262.0,589.0,266.0,695.0,180.0,54.0,4169.39990234375,936.3099975585938
2002-12-02,317.3,4.43,592.0,262.0,595.0,263.0,695.0,170.0,50.0,4154.2998046875,934.530029296875
2002-12-03,317.7,4.4425,591.0,262.0,592.0,263.0,695.0,170.0,50.0,4075.39990234375,920.75
2002-12-04,320.7,4.57,592.0,255.0,593.0,264.0,685.0,170.0,50.0,4048.60009765625,917.5800170898438
2002-12-05,322.1,4.615,594.0,248.0,596.0,257.0,675.0,170.0,50.0,4032.39990234375,906.5499877929688
2002-12-06,325.3,4.6525,596.0,248.0,600.0,250.0,675.0,160.0,46.0,4013.5,912.22998046875
2002-12-09,325.3,4.625,600.0,248.0,602.0,251.0,665.0,160.0,46.0,3933.89990234375,892.0
2002-12-10,325.95,4.58,599.0,247.0,602.0,249.0,650.0,160.0,46.0,3925.0,904.4500122070312
2002-12-11,323.75,4.625,594.0,243.0,598.0,248.0,635.0,160.0,46.0,3974.89990234375,904.9600219726562
2002-12-12,326.15,4.65,594.0,243.0,597.0,245.0,625.0,150.0,46.0,3935.300048828125,901.5800170898438
2002-12-13,333.5,4.7425,602.0,239.0,604.0,245.0,625.0,150.0,46.0,3878.10009765625,889.47998046875
2002-12-16,332.9,4.7,604.0,233.0,608.0,241.0,605.0,150.0,46.0,3984.0,910.4000244140625
2002-12-17,341.0,4.7258,607.0,236.0,610.0,236.0,595.0,150.0,46.0,3908.699951171875,902.989990234375
2002-12-18,337.05,4.62,598.0,243.0,601.0,242.0,575.0,150.0,46.0,3835.199951171875,891.1199951171875
2002-12-19,345.75,4.72,598.0,240.0,607.0,249.0,565.0,150.0,46.0,3841.39990234375,884.25
2002-12-20,343.1,4.665,588.0,226.0,597.0,240.0,565.0,150.0,46.0,3889.89990234375,895.760009765625
2002-12-23,343.9,4.625,591.0,222.0,595.0,224.0,545.0,125.0,40.0,3936.89990234375,897.3800048828125
2002-12-24,343.9,4.625,591.0,222.0,589.0,227.0,500.0,125.0,40.0,3942.10009765625,892.469970703125
2002-12-26,343.9,4.625,591.0,222.0,589.0,227.0,500.0,125.0,40.0,3942.10009765625,889.6599731445312
2002-12-27,348.3,4.67,592.75,236.0,594.0,235.0,500.0,125.0,40.0,3829.39990234375,875.4000244140625
2002-12-30,348.5,4.72,598.0,236.0,597.0,239.0,500.0,125.0,40.0,3900.60009765625,879.3900146484375
2002-12-31,348.5,4.72,598.0,236.0,599.0,239.0,485.0,125.0,40.0,3940.39990234375,879.8200073242188
2003-01-02,342.2,4.74,608.0,237.0,599.0,239.0,485.0,125.0,40.0,4009.5,909.030029296875
2003-01-03,344.0,4.785,603.0,236.0,599.0,239.0,485.0,125.0,40.0,4005.0,908.5900268554688
2003-01-06,356.1,4.91,607.0,340.0,599.0,239.0,485.0,125.0,40.0,4001.39990234375,929.010009765625
2003-01-07,348.7,4.84,608.5,240.0,599.0,239.0,485.0,125.0,40.0,3957.39990234375,922.9299926757812
2003-01-08,346.75,4.775,607.0,250.0,599.0,239.0,485.0,125.0,40.0,3924.800048828125,909.9299926757812
2003-01-09,354.6,4.8325,620.5,258.0,599.0,239.0,485.0,125.0,40.0,3934.0,927.5700073242188
2003-01-10,353.15,4.84,620.0,267.0,599.0,239.0,485.0,125.0,40.0,3974.10009765625,927.5700073242188
2003-01-13,352.35,4.82,618.5,262.0,599.0,239.0,485.0,125.0,40.0,3948.300048828125,926.260009765625
2003-01-14,353.75,4.81,620.5,247.0,599.0,239.0,485.0,125.0,40.0,3945.60009765625,931.6599731445312
2003-01-15,351.9,4.7325,616.0,246.0,599.0,239.0,485.0,125.0,40.0,3887.800048828125,918.219970703125
2003-01-16,350.85,4.77,619.0,246.0,599.0,239.0,485.0,125.0,40.0,3881.800048828125,914.5999755859375
2003-01-17,358.2,4.8125,627.0,259.0,625.0,251.0,640.0,115.0,40.0,3820.60009765625,901.780029296875
2003-01-20,355.8,4.785,633.0,260.0,629.0,260.0,630.0,115.0,38.0,3778.60009765625,901.780029296875
2003-01-21,355.55,4.76,630.0,264.0,634.0,262.0,630.0,100.0,38.0,3736.699951171875,887.6199951171875
2003-01-22,359.25,4.825,644.0,269.0,642.0,266.0,620.0,100.0,38.0,3678.0,878.3599853515625
2003-01-23,363.3,4.85,652.0,264.0,647.0,270.0,620.0,100.0,38.0,3622.199951171875,887.3400268554688
2003-01-24,364.1,4.78,643.0,265.0,655.0,270.0,620.0,100.0,38.0,3603.699951171875,861.4000244140625
2003-01-27,370.8,4.905,644.0,264.0,648.0,268.0,620.0,100.0,38.0,3480.800048828125,847.47998046875
2003-01-28,366.45,4.8,643.0,263.0,643.0,268.0,620.0,100.0,38.0,3490.0,858.5399780273438
2003-01-29,369.85,4.85,654.0,263.0,648.0,267.0,620.0,100.0,38.0,3483.800048828125,864.3599853515625
2003-01-30,363.0,4.785,668.0,261.0,674.0,268.0,620.0,100.0,38.0,3578.699951171875,844.6099853515625
2003-01-31,370.35,4.8725,667.0,256.0,673.0,260.0,620.0,100.0,38.0,3567.39990234375,855.7000122070312
2003-02-03,369.0,4.845,698.0,265.0,685.0,259.0,620.0,100.0,38.0,3689.39990234375,860.3200073242188
2003-02-04,374.85,4.85,700.0,266.0,708.0,269.0,620.0,100.0,38.0,3590.10009765625,848.2000122070312
2003-02-05,385.0,4.9275,687.0,265.0,695.0,268.0,620.0,100.0,38.0,3678.699951171875,843.5900268554688
2003-02-06,372.5,4.775,678.0,254.0,679.0,267.0,620.0,100.0,38.0,3597.0,838.1500244140625
2003-02-07,370.55,4.71,686.0,252.0,695.0,255.0,620.0,100.0,38.0,3599.199951171875,829.6900024414062
2003-02-10,371.75,4.65,681.0,252.0,690.0,254.0,620.0,100.0,38.0,3579.10009765625,835.969970703125
2003-02-11,362.15,4.5725,677.0,248.0,682.0,252.0,620.0,100.0,38.0,3669.199951171875,829.2000122070312
2003-02-12,363.15,4.565,692.0,254.0,690.0,252.0,620.0,100.0,38.0,3616.10009765625,818.6799926757812
2003-02-13,354.25,4.5225,688.0,254.0,690.0,254.0,620.0,100.0,38.0,3610.800048828125,817.3699951171875
2003-02-14,356.25,4.53,695.0,256.0,701.0,256.0,620.0,100.0,38.0,3611.89990234375,834.8900146484375
2003-02-17,346.55,4.4925,688.0,252.0,690.0,254.0,620.0,100.0,36.0,3692.39990234375,834.8900146484375
2003-02-18,347.0,4.51,675.0,252.0,687.0,256.0,620.0,100.0,36.0,3729.5,851.1699829101562
2003-02-19,347.2,4.5775,672.0,252.0,670.0,253.0,620.0,100.0,36.0,3658.300048828125,845.1300048828125
2003-02-20,351.1,4.64,666.0,252.0,678.0,254.0,620.0,100.0,36.0,3687.300048828125,837.0999755859375
2003-02-21,354.0,4.6375,667.0,251.0,666.0,255.0,620.0,100.0,36.0,3727.10009765625,848.1699829101562
2003-02-24,352.9,4.675,672.0,251.0,670.0,253.0,620.0,100.0,36.0,3701.800048828125,832.5800170898438
2003-02-25,359.1,4.6975,681.0,251.0,681.0,253.0,610.0,100.0,36.0,3621.5,838.5700073242188
2003-02-26,352.55,4.625,676.0,249.0,677.0,253.0,610.0,100.0,36.0,3593.300048828125,827.5499877929688
2003-02-27,354.0,4.65,682.0,243.0,684.0,252.0,610.0,100.0,36.0,3569.89990234375,837.280029296875
2003-02-28,347.65,4.595,681.0,244.0,679.0,245.0,600.0,100.0,36.0,3655.60009765625,841.1500244140625
2003-03-03,348.45,4.61,682.0,238.0,685.0,244.0,600.0,100.0,36.0,3684.699951171875,834.8099975585938
2003-03-04,352.4,4.6775,688.0,238.0,692.0,240.0,600.0,100.0,36.0,3625.300048828125,821.989990234375
2003-03-05,354.5,4.6575,695.0,238.0,702.0,240.0,590.0,100.0,36.0,3563.5,829.8499755859375
2003-03-06,353.25,4.63,693.0,237.0,700.0,238.0,590.0,100.0,36.0,3555.39990234375,822.0999755859375
2003-03-07,356.6,4.6675,693.0,240.0,695.0,238.0,590.0,100.0,36.0,3491.60009765625,828.8900146484375
2003-03-10,353.1,4.675,704.0,242.0,697.0,242.0,590.0,100.0,36.0,3436.10009765625,807.47998046875
2003-03-11,353.15,4.655,700.0,242.0,707.0,244.0,580.0,100.0,36.0,3452.699951171875,800.72998046875
2003-03-12,349.0,4.665,698.0,238.0,703.0,243.0,580.0,100.0,36.0,3287.0,804.1900024414062
2003-03-13,342.9,4.585,692.0,230.0,705.0,239.0,570.0,100.0,36.0,3486.89990234375,831.9000244140625
2003-03-14,335.5,4.54,688.0,232.5,690.0,232.0,570.0,100.0,36.0,3601.800048828125,833.27001953125
2003-03-17,340.5,4.57,694.0,234.0,700.0,234.0,570.0,100.0,36.0,3722.300048828125,862.7899780273438
2003-03-18,334.9,4.47,688.0,232.0,688.0,235.0,570.0,100.0,36.0,3747.300048828125,866.4500122070312
2003-03-19,339.0,4.48,680.0,233.0,681.0,234.0,570.0,100.0,36.0,3765.39990234375,874.02001953125
2003-03-20,335.5,4.405,666.0,230.0,675.0,234.0,570.0,100.0,36.0,3765.699951171875,875.6699829101562
2003-03-21,332.55,4.4025,662.0,226.0,665.0,232.0,570.0,100.0,36.0,3861.10009765625,895.7899780273438
2003-03-24,330.15,4.3775,655.0,216.0,661.0,227.0,570.0,100.0,36.0,3743.300048828125,864.22998046875
2003-03-25,333.0,4.395,643.0,194.0,657.0,215.0,560.0,100.0,36.0,3762.0,874.739990234375
2003-03-26,329.6,4.38,646.0,194.0,646.0,206.0,560.0,100.0,36.0,3793.10009765625,869.9500122070312
2003-03-27,333.15,4.4075,636.0,196.0,650.0,196.0,550.0,100.0,36.0,3729.10009765625,868.52001953125
2003-03-28,330.3,4.385,630.0,190.0,636.0,197.0,550.0,100.0,36.0,3708.5,863.5
2003-03-31,335.35,4.46,642.0,180.0,647.0,190.0,550.0,100.0,36.0,3613.300048828125,848.1799926757812
2003-04-01,335.65,4.4375,639.0,179.5,646.0,183.0,550.0,100.0,36.0,3684.800048828125,858.47998046875
2003-04-02,330.25,4.395,637.0,178.0,638.0,179.0,550.0,100.0,36.0,3753.39990234375,880.9000244140625
2003-04-03,324.7,4.37,619.0,175.0,623.0,179.0,540.0,100.0,36.0,3771.10009765625,876.4500122070312
2003-04-04,323.2,4.39,615.0,171.0,615.0,177.0,540.0,90.0,36.0,3814.39990234375,878.8499755859375
2003-04-07,319.75,4.385,613.0,171.0,621.0,178.0,540.0,90.0,36.0,3935.800048828125,879.9299926757812
2003-04-08,322.3,4.42,615.0,171.0,613.0,172.0,540.0,90.0,36.0,3868.800048828125,878.2899780273438
2003-04-09,324.1,4.475,628.0,170.0,625.0,174.0,540.0,90.0,36.0,3861.39990234375,865.989990234375
2003-04-10,325.1,4.47,624.0,171.5,630.0,175.0,530.0,90.0,36.0,3803.300048828125,871.5800170898438
2003-04-11,325.05,4.465,622.0,168.0,627.0,174.0,520.0,90.0,36.0,3808.10009765625,868.2999877929688
2003-04-14,325.6,4.48,622.0,164.0,627.0,170.0,520.0,90.0,36.0,3849.39990234375,885.22998046875
2003-04-15,323.7,4.515,624.0,162.0,626.0,166.0,510.0,90.0,36.0,3916.89990234375,890.8099975585938
2003-04-16,323.85,4.49,622.0,148.0,625.0,163.0,510.0,90.0,36.0,3854.89990234375,879.9099731445312
2003-04-17,326.1,4.48,632.0,151.0,629.0,150.0,490.0,90.0,36.0,3889.199951171875,893.5800170898438
2003-04-21,326.1,4.48,632.0,151.0,629.0,150.0,490.0,90.0,36.0,3889.199951171875,892.010009765625
2003-04-22,333.25,4.5425,640.0,160.0,639.0,159.0,490.0,90.0,36.0,3917.699951171875,911.3699951171875
2003-04-23,333.8,4.565,638.0,154.0,645.0,163.0,470.0,90.0,34.0,3966.5,919.02001953125
2003-04-24,332.0,4.605,635.0,152.0,641.0,157.0,460.0,90.0,34.0,3899.0,911.4299926757812
2003-04-25,333.4,4.62,630.0,148.0,638.0,155.0,450.0,90.0,34.0,3870.199951171875,898.8099975585938
2003-04-28,333.75,4.625,618.0,150.0,631.0,150.0,440.0,90.0,32.0,3940.300048828125,914.8400268554688
2003-04-29,332.6,4.555,606.0,150.0,619.0,151.0,450.0,90.0,32.0,3927.800048828125,917.8400268554688
2003-04-30,336.0,4.605,603.0,154.0,609.0,152.0,465.0,90.0,30.0,3926.0,916.9199829101562
2003-05-01,338.95,4.66,606.0,153.0,608.0,156.0,485.0,90.0,30.0,3880.10009765625,916.2999877929688
2003-05-02,341.25,4.75,608.0,154.0,608.0,155.0,500.0,90.0,30.0,3952.60009765625,930.0800170898438
2003-05-05,341.25,4.75,608.0,154.0,608.0,156.0,500.0,90.0,30.0,3952.60009765625,926.5499877929688
2003-05-06,342.65,4.795,625.0,157.0,608.0,156.0,520.0,90.0,30.0,4006.39990234375,934.3900146484375
2003-05-07,343.0,4.76,636.0,162.0,630.0,160.0,520.0,90.0,30.0,3992.89990234375,929.6199951171875
2003-05-08,341.4,4.725,634.0,160.0,639.0,165.0,565.0,90.0,30.0,3928.89990234375,920.27001953125
2003-05-09,348.7,4.78,642.0,155.0,641.0,164.0,580.0,90.0,30.0,3969.39990234375,933.4099731445312
2003-05-12,350.35,4.79,654.0,156.0,644.0,156.0,580.0,90.0,30.0,3987.39990234375,945.1099853515625
2003-05-13,350.75,4.835,660.0,160.0,665.0,160.0,590.0,90.0,30.0,3999.89990234375,942.2999877929688
2003-05-14,348.9,4.815,662.0,158.0,663.0,162.0,590.0,90.0,30.0,3975.0,939.280029296875
2003-05-15,353.85,4.865,665.0,159.0,663.0,160.0,575.0,90.0,30.0,4011.10009765625,946.6699829101562
2003-05-16,352.55,4.865,666.0,158.0,664.0,160.0,575.0,90.0,30.0,4049.0,944.2999877929688
2003-05-19,359.75,4.83,655.0,163.0,659.0,160.0,565.0,90.0,30.0,3941.300048828125,920.77001953125
2003-05-20,368.0,4.84,664.0,170.0,667.0,165.0,565.0,90.0,30.0,3971.60009765625,919.72998046875
2003-05-21,364.9,4.74,675.0,177.0,679.0,176.0,565.0,90.0,30.0,3936.39990234375,923.4199829101562
2003-05-22,369.6,4.715,671.0,170.0,674.0,180.0,565.0,90.0,33.0,3990.5,931.8699951171875
2003-05-23,369.7,4.675,669.0,185.0,666.0,170.0,565.0,90.0,33.0,3979.800048828125,933.219970703125
2003-05-26,369.7,4.675,669.0,185.0,675.0,188.0,555.0,90.0,33.0,3979.800048828125,933.219970703125
2003-05-27,372.35,4.6825,685.0,194.0,682.0,202.0,555.0,90.0,33.0,3992.39990234375,951.47998046875
2003-05-28,364.55,4.59,668.0,185.0,682.0,205.0,555.0,90.0,33.0,4071.89990234375,953.219970703125
2003-05-29,361.1,4.61,644.0,178.0,658.0,188.0,555.0,90.0,33.0,4083.60009765625,949.6400146484375
2003-05-30,365.8,4.56,642.0,183.0,649.0,188.0,540.0,90.0,33.0,4048.10009765625,963.5900268554688
2003-06-02,361.3,4.5,645.0,186.0,641.0,185.0,530.0,90.0,33.0,4129.2998046875,967.0
2003-06-03,365.3,4.515,653.0,190.0,650.0,192.0,530.0,90.0,33.0,4115.7001953125,971.5599975585938
2003-06-04,365.3,4.52,668.0,189.0,667.0,194.0,520.0,90.0,33.0,4126.60009765625,986.239990234375
2003-06-05,362.6,4.48,663.0,185.0,672.0,191.0,510.0,90.0,33.0,4104.2998046875,990.1400146484375
2003-06-06,367.35,4.53,658.0,178.0,668.0,185.0,500.0,90.0,33.0,4150.7998046875,987.760009765625
2003-06-09,362.8,4.52,659.0,169.0,659.0,178.0,500.0,90.0,33.0,4129.10009765625,975.9299926757812
2003-06-10,359.4,4.51,658.0,176.0,661.0,174.0,500.0,90.0,33.0,4113.0,984.8400268554688
2003-06-11,354.15,4.4825,646.0,174.0,659.0,176.0,500.0,90.0,33.0,4150.2001953125,997.47998046875
2003-06-12,354.2,4.495,648.0,177.0,652.0,178.0,500.0,90.0,33.0,4161.2998046875,998.510009765625
2003-06-13,353.95,4.51,661.0,183.0,657.0,185.0,500.0,90.0,33.0,4134.10009765625,988.6099853515625
2003-06-16,359.0,4.59,670.0,184.0,673.0,190.0,500.0,90.0,33.0,4152.89990234375,1010.739990234375
2003-06-17,359.75,4.615,664.0,177.0,672.0,186.0,500.0,90.0,33.0,4190.39990234375,1011.6599731445312
2003-06-18,361.25,4.57,662.0,177.0,665.0,179.0,500.0,90.0,33.0,4207.0,1010.0900268554688
2003-06-19,356.45,4.5225,671.0,175.0,668.0,179.0,500.0,90.0,33.0,4131.5,994.7000122070312
2003-06-20,359.6,4.555,671.0,179.0,681.0,180.0,500.0,90.0,33.0,4160.10009765625,995.6900024414062
2003-06-23,356.05,4.53,666.0,179.0,670.0,181.0,500.0,90.0,33.0,4087.89990234375,981.6400146484375
2003-06-24,354.35,4.54,670.0,178.0,670.0,181.0,500.0,90.0,33.0,4060.89990234375,983.4500122070312
2003-06-25,347.85,4.505,666.0,178.0,669.0,179.0,500.0,90.0,33.0,4067.89990234375,975.3200073242188
2003-06-26,345.85,4.53,655.0,179.0,669.0,181.0,500.0,90.0,33.0,4041.699951171875,985.8200073242188
2003-06-27,343.5,4.525,664.0,177.0,660.0,180.0,500.0,90.0,33.0,4067.800048828125,976.219970703125
2003-06-30,345.15,4.505,667.0,179.0,668.0,178.0,500.0,90.0,33.0,4031.199951171875,974.5
2003-07-01,348.55,4.555,671.0,184.0,674.0,181.0,500.0,90.0,33.0,3963.89990234375,982.3200073242188
2003-07-02,351.2,4.575,675.0,188.0,677.0,187.0,500.0,90.0,33.0,4006.89990234375,993.75
2003-07-03,349.6,4.625,674.0,184.0,677.0,187.0,500.0,90.0,33.0,4024.800048828125,985.7000122070312
2003-07-04,351.1,4.655,674.0,185.0,680.0,188.0,500.0,90.0,33.0,4021.5,985.7000122070312
2003-07-07,350.25,4.655,671.0,180.0,680.0,187.0,500.0,90.0,33.0,4074.800048828125,1004.4199829101562
2003-07-08,345.3,4.69,665.0,176.0,671.0,181.0,500.0,90.0,33.0,4073.60009765625,1007.8400268554688
2003-07-09,345.45,4.74,666.0,170.0,667.0,176.0,500.0,90.0,33.0,4054.699951171875,1002.2100219726562
2003-07-10,343.4,4.825,674.0,174.0,676.0,175.0,490.0,90.0,33.0,4028.800048828125,988.7000122070312
2003-07-11,344.2,4.755,676.5,172.5,675.0,176.0,490.0,90.0,33.0,4058.10009765625,998.1400146484375
2003-07-14,344.5,4.795,680.0,174.0,680.0,177.0,490.0,90.0,33.0,4127.60009765625,1003.8599853515625
2003-07-15,348.5,4.78,690.0,175.0,685.0,176.0,490.0,90.0,33.0,4102.5,1000.4199829101562
2003-07-16,343.0,4.67,679.0,169.0,690.0,175.0,490.0,90.0,33.0,4077.10009765625,994.0900268554688
2003-07-17,344.6,4.68,683.0,168.0,689.0,174.0,490.0,90.0,33.0,4056.60009765625,981.72998046875
2003-07-18,344.0,4.66,685.0,165.0,689.0,169.0,490.0,90.0,33.0,4073.199951171875,993.3200073242188
2003-07-21,347.8,4.73,683.0,165.0,689.0,167.0,490.0,90.0,33.0,4044.300048828125,978.7999877929688
2003-07-22,352.25,4.7525,691.0,163.5,691.0,167.0,490.0,90.0,33.0,4079.800048828125,988.1099853515625
2003-07-23,352.2,4.8325,692.0,164.0,692.0,166.0,490.0,90.0,33.0,4086.5,988.6099853515625
2003-07-24,359.8,5.06,693.0,167.0,697.0,170.0,490.0,90.0,33.0,4149.60009765625,981.5999755859375
2003-07-25,361.1,5.015,690.0,167.0,692.0,170.0,490.0,90.0,33.0,4131.2001953125,998.6799926757812
2003-07-28,361.95,5.08,695.0,170.0,693.0,169.0,500.0,90.0,33.0,4148.7998046875,996.52001953125
2003-07-29,364.0,5.02,697.0,172.0,703.0,175.0,500.0,90.0,33.0,4137.0,989.280029296875
2003-07-30,359.1,5.1,690.0,173.0,695.0,179.0,500.0,90.0,33.0,4141.2001953125,987.489990234375
2003-07-31,355.75,5.08,684.0,178.0,689.0,177.0,500.0,90.0,33.0,4157.0,990.3099975585938
2003-08-01,353.05,5.12,677.0,182.0,687.0,184.0,500.0,90.0,33.0,4098.39990234375,980.1500244140625
2003-08-04,348.95,5.035,677.0,180.0,678.0,185.0,525.0,90.0,33.0,4100.10009765625,982.8200073242188
2003-08-05,349.5,4.98,680.0,173.0,685.0,182.0,525.0,90.0,33.0,4121.0,965.4600219726562
2003-08-06,352.65,4.93,682.0,175.0,685.0,178.0,560.0,90.0,33.0,4070.39990234375,967.0800170898438
2003-08-07,350.15,4.935,681.0,177.0,684.0,177.0,550.0,90.0,33.0,4095.60009765625,974.1199951171875
2003-08-08,353.5,5.05,680.0,175.0,682.0,180.0,540.0,90.0,33.0,4147.7998046875,977.5900268554688
2003-08-11,357.0,4.98,692.0,174.0,686.0,177.0,540.0,90.0,33.0,4176.7001953125,980.5900268554688
2003-08-12,360.0,4.98,696.0,174.0,695.0,180.0,530.0,90.0,33.0,4185.60009765625,990.3499755859375
2003-08-13,356.0,4.87,686.0,171.0,695.0,176.0,530.0,90.0,33.0,4180.7001953125,984.030029296875
2003-08-14,362.25,5.04,694.0,173.0,693.0,173.0,520.0,90.0,33.0,4237.7998046875,990.510009765625
2003-08-15,363.3,5.015,697.0,176.0,700.0,176.0,500.0,90.0,33.0,4247.2998046875,990.6699829101562
2003-08-18,361.3,4.915,695.0,176.0,703.0,180.0,500.0,90.0,33.0,4272.10009765625,999.739990234375
2003-08-19,358.3,4.92,696.0,176.0,698.0,180.0,500.0,90.0,33.0,4250.7998046875,1002.3499755859375
2003-08-20,362.2,4.995,700.0,178.0,708.0,181.0,500.0,90.0,33.0,4217.39990234375,1000.2999877929688
2003-08-21,364.0,4.985,703.0,186.0,706.0,185.0,500.0,90.0,33.0,4223.5,1003.27001953125
2003-08-22,360.75,4.93,698.0,188.0,702.0,189.0,500.0,90.0,33.0,4225.89990234375,993.0599975585938
2003-08-25,360.75,4.93,698.0,188.0,695.0,192.0,500.0,90.0,33.0,4225.89990234375,993.7100219726562
2003-08-26,360.75,4.95,691.0,205.0,695.0,199.0,500.0,90.0,33.0,4177.39990234375,996.72998046875
2003-08-27,364.3,4.995,705.0,198.0,698.0,205.0,500.0,90.0,33.0,4206.39990234375,996.7899780273438
2003-08-28,370.9,5.09,707.0,200.0,709.0,205.0,500.0,90.0,33.0,4198.0,1002.8400268554688
2003-08-29,371.0,5.105,707.0,201.5,710.0,203.0,500.0,90.0,33.0,4161.10009765625,1008.010009765625
2003-09-01,376.35,5.155,709.0,200.0,712.0,205.0,500.0,90.0,33.0,4204.39990234375,1008.010009765625
2003-09-02,375.5,5.11,712.0,198.0,717.0,204.0,500.0,90.0,33.0,4204.39990234375,1021.989990234375
2003-09-03,372.2,4.975,711.0,196.0,717.0,201.0,500.0,90.0,33.0,4262.10009765625,1026.27001953125
2003-09-04,373.0,5.015,712.0,199.0,715.0,201.0,500.0,90.0,33.0,4248.7998046875,1027.969970703125
2003-09-05,371.0,5.0,712.0,220.0,714.0,207.0,500.0,90.0,33.0,4257.2001953125,1021.3900146484375
2003-09-08,376.4,5.095,708.0,214.0,714.0,219.0,500.0,90.0,33.0,4292.10009765625,1031.6400146484375
2003-09-09,378.2,5.135,714.0,232.0,709.0,223.0,500.0,90.0,33.0,4263.89990234375,1023.1699829101562
2003-09-10,381.15,5.21,704.0,218.0,710.0,230.0,500.0,90.0,33.0,4252.10009765625,1010.9199829101562
2003-09-11,379.05,5.225,697.5,215.0,703.0,221.0,500.0,90.0,33.0,4242.2001953125,1016.4199829101562
2003-09-12,377.5,5.315,701.0,214.0,703.0,220.0,500.0,90.0,33.0,4237.7998046875,1018.6300048828125
2003-09-15,375.3,5.155,702.0,197.0,700.0,214.0,500.0,90.0,33.0,4260.89990234375,1014.8099975585938
2003-09-16,374.9,5.165,701.0,219.0,702.0,207.0,500.0,90.0,33.0,4299.0,1029.3199462890625
2003-09-17,372.9,5.16,696.0,210.0,696.0,221.0,500.0,90.0,33.0,4293.0,1025.969970703125
2003-09-18,376.95,5.3,701.0,212.0,702.0,219.0,500.0,90.0,33.0,4314.7001953125,1039.5799560546875
2003-09-19,376.3,5.2,699.0,213.0,704.0,215.0,500.0,90.0,33.0,4257.0,1036.300048828125
2003-09-22,386.2,5.315,704.0,213.0,708.0,225.0,500.0,90.0,33.0,4228.2001953125,1022.8200073242188
2003-09-23,386.45,5.255,707.0,214.0,708.0,219.0,500.0,90.0,33.0,4221.7001953125,1029.030029296875
2003-09-24,385.25,5.225,704.0,218.0,708.0,219.0,500.0,90.0,33.0,4236.39990234375,1009.3800048828125
2003-09-25,391.85,5.3175,714.0,218.0,712.0,223.0,500.0,90.0,33.0,4202.2001953125,1003.27001953125
2003-09-26,384.1,5.19,698.0,203.0,714.0,219.0,500.0,90.0,33.0,4157.10009765625,996.8499755859375
2003-09-29,379.85,5.125,701.0,208.0,707.0,208.0,500.0,90.0,33.0,4142.7001953125,1006.5800170898438
2003-09-30,384.5,5.115,710.0,209.0,708.0,209.0,500.0,90.0,33.0,4091.300048828125,995.969970703125
2003-10-01,385.0,5.125,712.0,214.0,715.0,214.0,500.0,90.0,33.0,4169.2001953125,1018.219970703125
2003-10-02,385.15,5.075,711.0,212.0,717.0,216.0,500.0,90.0,33.0,4209.10009765625,1020.239990234375
2003-10-03,383.95,5.08,726.0,209.0,715.0,214.0,500.0,90.0,33.0,4274.0,1029.8499755859375
2003-10-06,372.75,4.835,710.0,208.0,713.0,212.0,500.0,90.0,33.0,4270.10009765625,1034.3499755859375
2003-10-07,376.2,4.84,721.0,204.0,720.0,210.0,500.0,90.0,33.0,4272.0,1039.25
2003-10-08,376.6,4.89,728.0,208.0,733.0,209.0,500.0,90.0,33.0,4268.60009765625,1033.780029296875
2003-10-09,376.45,4.815,726.0,207.0,735.0,214.0,500.0,90.0,33.0,4313.89990234375,1038.72998046875
2003-10-10,370.35,4.855,732.0,207.0,734.0,212.0,500.0,90.0,33.0,4311.0,1038.06005859375
2003-10-13,370.8,4.885,724.0,205.5,734.0,210.0,500.0,90.0,33.0,4362.2998046875,1045.3499755859375
2003-10-14,373.65,4.94,730.0,202.0,734.0,208.0,500.0,90.0,33.0,4334.10009765625,1049.47998046875
2003-10-15,374.5,4.905,726.0,192.0,734.0,206.0,500.0,90.0,33.0,4368.7998046875,1046.760009765625
2003-10-16,371.2,4.91,725.0,184.0,730.0,194.0,500.0,90.0,33.0,4339.7001953125,1050.0699462890625
2003-10-17,371.8,4.92,727.0,194.0,728.0,193.0,500.0,90.0,33.0,4344.0,1039.3199462890625
2003-10-20,371.45,4.915,735.0,194.0,733.0,196.0,500.0,90.0,33.0,4347.60009765625,1044.6800537109375
2003-10-21,374.8,5.0,734.0,192.0,743.0,197.0,500.0,90.0,33.0,4352.2998046875,1046.030029296875
2003-10-22,381.55,5.08,737.0,197.0,740.0,198.0,500.0,90.0,33.0,4285.60009765625,1030.3599853515625
2003-10-23,386.75,5.145,744.0,200.0,744.0,203.0,500.0,90.0,33.0,4240.2001953125,1033.77001953125
2003-10-24,384.6,5.1475,738.0,195.0,744.0,201.0,500.0,90.0,33.0,4239.0,1028.9100341796875
2003-10-27,386.75,5.125,745.0,195.0,745.0,197.0,500.0,90.0,33.0,4251.2998046875,1031.1300048828125
2003-10-28,386.55,5.15,747.0,197.0,748.0,197.0,500.0,90.0,33.0,4272.89990234375,1046.7900390625
2003-10-29,382.7,5.0925,754.0,201.0,754.0,199.0,500.0,90.0,33.0,4265.7001953125,1048.1099853515625
2003-10-30,391.0,5.185,762.0,207.0,760.0,204.0,500.0,90.0,33.0,4300.89990234375,1046.93994140625
2003-10-31,384.0,5.135,753.0,203.0,755.0,209.0,500.0,90.0,33.0,4287.60009765625,1050.7099609375
2003-11-03,383.25,5.06,740.0,205.0,749.0,210.0,500.0,87.0,35.0,4332.60009765625,1059.02001953125
2003-11-04,378.3,4.9325,745.0,208.0,745.0,210.0,500.0,87.0,35.0,4330.2998046875,1053.25
2003-11-05,382.15,5.0075,756.5,205.0,758.0,209.0,500.0,87.0,35.0,4303.39990234375,1051.81005859375
2003-11-06,381.9,4.955,756.0,205.0,763.0,208.0,500.0,87.0,35.0,4324.2001953125,1058.050048828125
2003-11-07,381.0,4.965,756.0,204.0,761.0,207.0,500.0,87.0,35.0,4376.89990234375,1053.2099609375
2003-11-10,382.85,5.03,759.0,202.0,761.0,206.0,500.0,87.0,35.0,4341.7998046875,1047.1099853515625
2003-11-11,386.4,5.06,761.0,197.0,762.0,205.0,500.0,87.0,35.0,4345.10009765625,1046.5699462890625
2003-11-12,388.05,5.075,760.0,192.0,760.0,199.0,500.0,87.0,35.0,4371.2998046875,1058.530029296875
2003-11-13,395.5,5.32,772.0,198.0,767.0,199.0,500.0,87.0,35.0,4373.0,1058.4100341796875
2003-11-14,395.35,5.3,769.0,198.0,775.0,203.0,510.0,87.0,35.0,4397.0,1050.3499755859375
2003-11-17,398.0,5.385,760.0,197.0,767.0,200.0,510.0,87.0,37.0,4338.89990234375,1043.6300048828125
2003-11-18,392.4,5.205,765.0,197.5,763.0,197.0,510.0,87.0,37.0,4354.7001953125,1034.1500244140625
2003-11-19,397.15,5.32,767.0,195.0,776.0,200.0,510.0,87.0,37.0,4327.39990234375,1042.43994140625
2003-11-20,395.75,5.265,767.0,194.0,767.0,197.0,510.0,87.0,37.0,4308.0,1033.6500244140625
2003-11-21,393.85,5.235,765.0,193.0,768.0,195.0,510.0,87.0,39.0,4319.0,1035.280029296875
2003-11-24,394.25,5.24,756.0,191.0,765.0,195.0,510.0,87.0,39.0,4382.39990234375,1052.0799560546875
2003-11-25,391.5,5.21,758.0,189.5,759.0,192.0,510.0,87.0,39.0,4388.7998046875,1053.8900146484375
2003-11-26,392.0,5.3,758.0,189.5,763.0,190.0,510.0,87.0,41.0,4370.39990234375,1058.449951171875
2003-11-27,396.25,5.34,761.0,188.0,769.0,190.0,510.0,87.0,41.0,4361.10009765625,1058.449951171875
2003-11-28,398.1,5.35,765.0,188.0,765.0,190.0,500.0,87.0,41.0,4342.60009765625,1058.199951171875
2003-12-01,398.75,5.36,770.0,187.0,772.0,193.0,500.0,87.0,41.0,4410.0,1070.1199951171875
2003-12-02,401.05,5.46,776.0,188.0,775.0,190.0,500.0,87.0,41.0,4378.89990234375,1066.6199951171875
2003-12-03,403.3,5.47,780.0,188.0,780.0,192.0,500.0,87.0,41.0,4392.0,1064.72998046875
2003-12-04,402.4,5.44,791.0,195.0,783.0,194.0,500.0,87.0,41.0,4378.2001953125,1069.719970703125
2003-12-05,402.0,5.415,786.0,197.0,790.0,199.0,500.0,87.0,41.0,4367.0,1061.5
2003-12-08,408.75,5.505,800.0,202.0,797.0,201.0,500.0,87.0,41.0,4359.7998046875,1069.300048828125
2003-12-09,408.25,5.54,801.0,209.0,804.0,206.0,500.0,87.0,41.0,4379.60009765625,1060.1800537109375
2003-12-10,407.3,5.605,812.0,207.75,804.0,206.0,500.0,87.0,41.0,4335.39990234375,1059.050048828125
2003-12-11,404.0,5.54,809.0,207.0,812.0,212.0,500.0,87.0,41.0,4331.2998046875,1071.2099609375
2003-12-12,406.6,5.62,824.0,206.0,813.0,208.0,500.0,87.0,41.0,4347.60009765625,1074.1400146484375
2003-12-15,404.5,5.555,825.0,204.0,828.0,209.0,500.0,87.0,41.0,4348.0,1068.0400390625
2003-12-16,409.7,5.66,828.0,200.0,830.0,205.0,500.0,87.0,41.0,4333.0,1075.1300048828125
2003-12-17,407.5,5.63,840.0,199.5,835.0,202.0,500.0,87.0,41.0,4354.2001953125,1076.47998046875
2003-12-18,410.75,5.7,833.0,200.0,840.0,202.0,500.0,87.0,41.0,4397.2998046875,1089.1800537109375
2003-12-19,408.75,5.665,828.0,193.0,836.0,200.0,500.0,87.0,41.0,4412.2998046875,1088.6600341796875
2003-12-22,410.8,5.725,796.0,195.0,825.0,199.0,500.0,87.0,41.0,4424.0,1092.93994140625
2003-12-23,409.6,5.685,802.0,199.5,809.0,201.0,500.0,87.0,41.0,4440.89990234375,1096.02001953125
2003-12-24,409.6,5.685,802.0,199.5,814.0,203.0,500.0,87.0,41.0,4444.7001953125,1094.0400390625
2003-12-26,409.6,5.685,802.0,199.5,814.0,203.0,500.0,87.0,41.0,4444.7001953125,1095.8900146484375
2003-12-29,413.5,5.86,818.0,199.0,825.0,201.0,500.0,87.0,41.0,4457.5,1109.47998046875
2003-12-30,415.6,5.91,813.0,195.0,815.0,200.0,500.0,87.0,41.0,4470.39990234375,1109.6400146484375
2003-12-31,415.6,5.91,813.0,195.0,814.0,197.0,500.0,87.0,41.0,4476.89990234375,1111.9200439453125
2004-01-02,415.2,5.985,815.5,192.0,816.0,196.0,500.0,87.0,41.0,4510.2001953125,1108.47998046875
2004-01-05,417.75,5.975,834.0,197.0,829.0,197.0,500.0,87.0,41.0,4513.2998046875,1122.219970703125
2004-01-06,428.0,6.28,846.0,201.0,849.0,202.0,500.0,87.0,41.0,4505.2001953125,1123.6700439453125
2004-01-07,420.65,6.215,846.0,199.0,846.0,200.0,500.0,87.0,41.0,4473.0,1126.3299560546875
2004-01-08,418.1,6.2,852.0,199.0,846.0,202.0,500.0,87.0,41.0,4494.2001953125,1131.9200439453125
2004-01-09,422.8,6.245,851.0,201.0,854.0,201.0,500.0,87.0,42.0,4466.2998046875,1121.8599853515625
2004-01-12,428.2,6.65,853.0,211.0,856.0,205.0,500.0,87.0,42.0,4449.60009765625,1127.22998046875
2004-01-13,424.5,6.615,868.0,219.0,867.0,215.0,510.0,87.0,42.0,4440.10009765625,1121.219970703125
2004-01-14,421.0,6.545,854.0,212.0,867.0,219.0,510.0,87.0,42.0,4461.39990234375,1130.52001953125
2004-01-15,415.5,6.315,856.0,209.0,856.0,214.0,510.0,87.0,42.0,4456.10009765625,1132.050048828125
2004-01-16,410.3,6.205,850.0,214.0,855.0,211.0,520.0,87.0,43.0,4487.89990234375,1139.8299560546875
2004-01-19,407.1,6.335,860.0,213.0,863.0,217.0,520.0,87.0,43.0,4518.10009765625,1139.8299560546875
2004-01-20,408.3,6.39,860.0,213.0,859.0,217.0,520.0,87.0,43.0,4499.2998046875,1138.77001953125
2004-01-21,411.25,6.3,862.0,230.0,867.0,220.0,520.0,87.0,43.0,4511.2001953125,1147.6199951171875
2004-01-22,412.0,6.26,865.0,241.75,865.0,236.0,520.0,87.0,43.0,4476.7998046875,1143.93994140625
2004-01-23,411.4,6.345,865.0,239.0,865.0,250.0,510.0,87.0,43.0,4460.7998046875,1141.550048828125
2004-01-26,406.2,6.245,859.0,233.0,857.0,248.0,510.0,87.0,43.0,4445.5,1155.3699951171875
2004-01-27,404.0,6.24,854.0,230.0,855.0,236.0,510.0,87.0,43.0,4447.0,1144.050048828125
2004-01-28,410.7,6.54,856.0,239.0,861.0,240.0,510.0,87.0,43.0,4468.10009765625,1128.47998046875
2004-01-29,410.15,6.535,842.0,233.0,854.0,242.0,510.0,87.0,43.0,4411.5,1134.1099853515625
2004-01-30,401.3,6.225,837.0,230.0,832.0,230.0,510.0,87.0,43.0,4390.7001953125,1131.1300048828125
2004-02-02,401.85,6.205,830.0,231.0,830.0,233.0,515.0,87.0,43.0,4381.39990234375,1135.260009765625
2004-02-03,401.75,6.175,832.0,230.0,828.0,231.0,525.0,87.0,43.0,4390.60009765625,1136.030029296875
2004-02-04,399.6,6.08,825.0,237.0,826.0,234.0,560.0,87.0,43.0,4398.5,1126.52001953125
2004-02-05,399.3,6.14,822.0,237.0,827.0,239.0,560.0,87.0,43.0,4384.39990234375,1128.5899658203125
2004-02-06,396.4,6.095,834.0,236.0,825.0,239.0,550.0,87.0,43.0,4402.7001953125,1142.760009765625
2004-02-09,406.7,6.345,837.0,237.0,838.0,240.0,550.0,87.0,43.0,4434.39990234375,1139.81005859375
2004-02-10,408.35,6.435,835.0,235.25,841.0,239.0,540.0,90.0,44.0,4405.0,1145.5400390625
2004-02-11,406.4,6.285,839.0,236.0,840.0,240.0,540.0,90.0,44.0,4396.10009765625,1157.760009765625
2004-02-12,411.4,6.54,846.5,240.0,848.0,241.0,540.0,90.0,44.0,4377.7001953125,1152.1099853515625
2004-02-13,412.1,6.5625,852.0,239.0,855.0,245.0,550.0,90.0,45.0,4412.0,1145.81005859375
2004-02-16,410.7,6.535,851.0,239.0,850.0,243.0,550.0,90.0,45.0,4408.10009765625,1145.81005859375
2004-02-17,413.7,6.64,859.0,240.5,855.0,243.0,550.0,90.0,45.0,4461.5,1156.989990234375
2004-02-18,415.9,6.82,864.0,246.0,866.0,245.0,580.0,100.0,46.0,4442.89990234375,1151.8199462890625
2004-02-19,410.2,6.6175,855.0,239.0,861.0,246.0,580.0,100.0,48.0,4515.60009765625,1147.06005859375
2004-02-20,408.25,6.6075,854.0,238.0,859.0,245.0,580.0,100.0,52.0,4515.0,1144.1099853515625
2004-02-23,399.85,6.49,842.0,226.0,844.0,233.0,600.0,100.0,56.0,4524.2998046875,1140.989990234375
2004-02-24,401.45,6.54,858.0,237.0,859.0,231.0,600.0,110.0,58.0,4496.7998046875,1139.0899658203125
2004-02-25,403.4,6.7575,859.0,230.0,863.0,237.0,630.0,120.0,62.0,4507.60009765625,1143.6700439453125
2004-02-26,395.05,6.3625,855.0,226.0,867.0,231.0,650.0,120.0,62.0,4515.89990234375,1144.9100341796875
2004-02-27,392.25,6.58,877.0,229.0,874.0,230.0,700.0,130.0,75.0,4492.2001953125,1144.93994140625
2004-03-01,398.5,6.73,900.0,238.0,895.0,236.0,715.0,130.0,75.0,4537.0,1155.969970703125
2004-03-02,398.6,6.86,880.0,236.0,890.0,241.0,800.0,150.0,75.0,4540.10009765625,1149.0999755859375
2004-03-03,390.35,6.595,884.0,239.0,882.0,240.0,900.0,150.0,75.0,4525.10009765625,1151.030029296875
2004-03-04,394.15,6.82,882.0,239.5,884.0,240.0,900.0,160.0,75.0,4559.10009765625,1154.8699951171875
2004-03-05,393.5,6.795,886.0,250.0,885.0,247.0,900.0,175.0,75.0,4547.10009765625,1156.8599853515625
2004-03-08,399.4,6.92,894.0,256.0,895.0,259.0,875.0,175.0,75.0,4553.7998046875,1147.199951171875
2004-03-09,401.2,6.92,895.0,256.0,898.0,261.0,875.0,200.0,75.0,4542.0,1140.5799560546875
2004-03-10,400.8,7.17,912.0,264.0,909.0,262.0,850.0,220.0,75.0,4545.2998046875,1123.8900146484375
2004-03-11,397.4,7.095,905.0,270.0,907.0,272.0,825.0,230.0,72.0,4445.2001953125,1106.780029296875
2004-03-12,400.75,7.205,910.0,282.0,912.0,280.0,825.0,230.0,70.0,4467.39990234375,1120.5699462890625
2004-03-15,399.0,7.105,911.0,278.75,912.0,285.0,825.0,230.0,70.0,4412.89990234375,1104.489990234375
2004-03-16,399.6,7.155,902.0,280.0,904.0,283.0,825.0,230.0,70.0,4428.89990234375,1110.699951171875
2004-03-17,402.0,7.155,907.5,280.0,909.0,284.0,825.0,230.0,70.0,4456.7998046875,1123.75
2004-03-18,407.15,7.235,897.0,272.0,904.0,275.0,825.0,230.0,70.0,4397.89990234375,1122.3199462890625
2004-03-19,411.0,7.425,893.0,279.0,899.0,280.0,800.0,230.0,70.0,4417.7001953125,1109.780029296875
2004-03-22,414.1,7.65,897.0,281.0,897.0,278.0,780.0,230.0,70.0,4333.7998046875,1095.4000244140625
2004-03-23,415.2,7.54,905.0,286.0,911.0,290.0,760.0,230.0,70.0,4318.5,1093.949951171875
2004-03-24,417.6,7.675,917.0,288.0,925.0,289.0,760.0,230.0,70.0,4309.5,1091.3299560546875
2004-03-25,416.6,7.54,909.0,285.0,914.0,282.0,760.0,230.0,70.0,4373.60009765625,1109.18994140625
2004-03-26,417.5,7.49,909.0,286.0,914.0,287.0,760.0,230.0,68.0,4357.5,1108.06005859375
2004-03-29,420.9,7.67,906.0,285.0,910.0,287.0,760.0,230.0,68.0,4406.7001953125,1122.469970703125
2004-03-30,419.15,7.61,890.0,286.0,891.0,288.0,760.0,230.0,68.0,4412.7998046875,1127.0
2004-03-31,423.0,7.825,903.0,285.0,900.0,288.0,760.0,230.0,68.0,4385.7001953125,1126.2099609375
2004-04-01,425.3,7.94,908.0,290.0,914.0,288.0,760.0,230.0,65.0,4410.7001953125,1132.1700439453125
2004-04-02,426.1,8.29,893.0,310.0,918.0,300.0,775.0,230.0,65.0,4465.60009765625,1141.81005859375
2004-04-05,420.55,8.195,893.0,308.0,906.0,316.0,775.0,230.0,65.0,4480.7001953125,1150.5699462890625
2004-04-06,416.95,8.14,888.0,310.0,888.0,315.0,775.0,230.0,65.0,4472.7998046875,1148.1600341796875
2004-04-07,419.25,8.155,879.0,319.0,892.0,320.0,810.0,230.0,65.0,4468.7001953125,1140.530029296875
2004-04-08,422.0,8.085,897.0,322.0,893.0,326.0,810.0,230.0,65.0,4489.7001953125,1139.3199462890625
2004-04-12,422.0,8.085,897.0,322.0,893.0,326.0,810.0,230.0,65.0,4489.7001953125,1145.199951171875
2004-04-13,417.45,7.855,930.0,333.0,937.0,337.0,810.0,230.0,65.0,4515.7998046875,1129.43994140625
2004-04-14,405.75,7.155,930.0,320.0,926.0,328.0,830.0,230.0,65.0,4485.39990234375,1128.1700439453125
2004-04-15,398.0,6.86,930.0,320.0,930.0,325.0,830.0,230.0,65.0,4505.5,1128.8399658203125
2004-04-16,399.75,7.115,917.0,309.0,923.0,316.0,830.0,230.0,65.0,4537.2998046875,1134.6099853515625
2004-04-19,405.3,7.275,936.0,317.5,937.0,318.0,830.0,230.0,65.0,4546.2001953125,1135.8199462890625
2004-04-20,398.8,7.035,925.0,316.0,930.0,321.0,830.0,230.0,65.0,4569.0,1118.1500244140625
2004-04-21,393.75,6.42,896.0,291.0,903.0,304.0,830.0,230.0,65.0,4539.89990234375,1124.0899658203125
2004-04-22,391.35,6.14,845.0,257.0,880.0,282.0,830.0,230.0,65.0,4571.7998046875,1139.9300537109375
2004-04-23,396.25,6.19,850.0,278.0,847.0,262.0,830.0,230.0,65.0,4570.0,1140.5999755859375
2004-04-26,396.5,6.225,821.0,272.0,832.0,272.0,830.0,230.0,65.0,4571.89990234375,1135.530029296875
2004-04-27,397.15,6.275,850.0,278.0,850.0,278.0,815.0,220.0,65.0,4575.7001953125,1138.1099853515625
2004-04-28,396.75,6.23,850.0,278.0,840.0,280.0,815.0,220.0,65.0,4524.5,1122.4100341796875
2004-04-29,382.75,5.57,785.0,240.0,803.0,241.0,815.0,220.0,65.0,4519.5,1113.8900146484375
2004-04-30,387.3,5.95,798.0,252.0,800.0,250.0,815.0,220.0,65.0,4489.7001953125,1107.300048828125
2004-05-03,387.3,5.95,798.0,252.0,803.0,260.0,815.0,220.0,65.0,4489.7001953125,1117.489990234375
2004-05-04,389.75,6.1,824.0,265.0,814.0,263.0,815.0,220.0,65.0,4547.2001953125,1119.550048828125
2004-05-05,394.3,6.085,815.0,249.0,824.0,260.0,815.0,215.0,62.0,4569.5,1121.530029296875
2004-05-06,392.0,6.03,798.0,254.0,809.0,252.0,815.0,215.0,62.0,4516.2001953125,1113.989990234375
2004-05-07,386.85,5.8,796.0,251.0,796.0,255.0,815.0,215.0,62.0,4498.39990234375,1098.699951171875
2004-05-10,374.1,5.495,767.0,229.0,777.0,237.0,815.0,215.0,62.0,4395.2001953125,1087.1199951171875
2004-05-11,378.0,5.67,785.0,237.0,790.0,239.0,815.0,215.0,62.0,4454.7001953125,1095.449951171875
2004-05-12,381.15,5.635,795.0,241.0,792.0,238.0,815.0,215.0,62.0,4412.89990234375,1097.280029296875
2004-05-13,375.5,5.55,789.0,242.0,801.0,244.0,815.0,215.0,62.0,4453.7998046875,1096.43994140625
2004-05-14,373.5,5.56,793.0,238.0,794.0,244.0,815.0,215.0,60.0,4441.7998046875,1095.699951171875
2004-05-17,380.8,5.81,820.0,248.0,818.0,247.0,815.0,215.0,60.0,4403.0,1084.0999755859375
2004-05-18,379.0,5.74,801.0,238.0,808.0,243.0,815.0,215.0,60.0,4414.39990234375,1091.489990234375
2004-05-19,380.2,5.72,806.0,242.0,808.0,239.0,815.0,215.0,60.0,4471.7998046875,1088.6800537109375
2004-05-20,380.45,5.835,806.0,240.0,810.0,243.0,815.0,215.0,60.0,4428.7001953125,1089.18994140625
2004-05-21,382.25,5.86,810.0,248.0,810.0,240.0,815.0,215.0,60.0,4431.39990234375,1093.56005859375
2004-05-24,383.85,5.835,817.0,248.0,825.0,252.0,815.0,215.0,60.0,4428.89990234375,1095.4100341796875
2004-05-25,387.6,6.03,841.5,255.0,834.0,256.0,815.0,215.0,60.0,4418.0,1113.050048828125
2004-05-26,390.5,6.11,836.0,252.5,840.0,255.0,815.0,215.0,60.0,4438.2998046875,1114.93994140625
2004-05-27,391.45,6.07,845.0,253.0,847.0,254.0,825.0,210.0,60.0,4453.60009765625,1121.280029296875
2004-05-28,393.85,6.165,832.0,246.0,846.0,253.0,825.0,210.0,60.0,4430.7001953125,1120.6800537109375
2004-06-01,395.85,6.17,843.0,252.0,845.0,254.0,825.0,210.0,60.0,4422.7001953125,1121.199951171875
2004-06-02,395.85,6.09,841.0,252.0,847.0,255.0,830.0,210.0,60.0,4422.7998046875,1124.989990234375
2004-06-03,391.4,5.82,832.0,248.0,835.0,248.0,840.0,210.0,60.0,4435.39990234375,1116.6400146484375
2004-06-04,388.1,5.76,829.5,241.0,833.0,247.0,840.0,210.0,60.0,4454.5,1122.5
2004-06-07,393.45,5.865,833.0,241.0,835.0,243.0,840.0,210.0,60.0,4491.60009765625,1140.4200439453125
2004-06-08,394.95,5.9,838.0,241.0,839.0,243.0,840.0,210.0,60.0,4504.7998046875,1142.1800537109375
2004-06-09,389.3,5.74,813.0,228.0,822.0,235.0,840.0,210.0,60.0,4489.5,1131.3299560546875
2004-06-10,384.25,5.6575,797.0,218.0,799.0,215.0,840.0,210.0,60.0,4486.10009765625,1136.469970703125
2004-06-11,384.55,5.69,795.0,218.0,797.0,222.0,840.0,210.0,60.0,4484.0,1136.469970703125
2004-06-14,382.9,5.66,794.0,216.0,796.0,217.0,840.0,210.0,60.0,4433.2001953125,1125.2900390625
2004-06-15,382.3,5.63,774.0,216.0,778.0,217.0,850.0,210.0,60.0,4458.60009765625,1132.010009765625
2004-06-16,387.75,5.65,777.0,222.0,784.0,222.0,860.0,210.0,60.0,4491.10009765625,1133.56005859375
2004-06-17,386.0,5.755,783.0,223.0,780.0,223.0,860.0,210.0,60.0,4493.2998046875,1132.050048828125
2004-06-18,388.7,5.95,807.0,229.0,798.0,227.0,870.0,210.0,60.0,4505.7998046875,1135.02001953125
2004-06-21,393.85,5.94,815.0,230.0,814.0,231.0,870.0,210.0,60.0,4502.2001953125,1130.300048828125
2004-06-22,394.6,5.8,804.0,224.0,809.0,228.0,880.0,210.0,60.0,4468.5,1134.4100341796875
2004-06-23,395.25,5.88,809.0,225.0,812.0,225.0,890.0,210.0,60.0,4486.7001953125,1144.06005859375
2004-06-24,396.75,5.875,810.0,255.0,809.0,224.0,900.0,210.0,60.0,4503.2001953125,1140.6500244140625
2004-06-25,401.15,6.15,806.0,224.0,814.0,232.0,950.0,210.0,60.0,4494.10009765625,1134.4300537109375
2004-06-28,401.7,6.1775,792.0,224.0,801.0,226.0,950.0,210.0,60.0,4518.7001953125,1133.3499755859375
2004-06-29,396.75,5.89,780.5,220.0,781.0,224.0,970.0,210.0,60.0,4512.39990234375,1136.199951171875
2004-06-30,393.75,5.91,793.0,217.0,792.0,225.0,970.0,210.0,60.0,4464.10009765625,1140.8399658203125
2004-07-01,394.5,5.875,781.0,213.0,786.0,218.0,960.0,210.0,60.0,4424.7001953125,1128.93994140625
2004-07-02,394.7,5.885,776.0,210.0,784.0,215.0,950.0,210.0,60.0,4407.39990234375,1125.3800048828125
2004-07-05,398.4,6.035,782.0,212.0,784.0,217.0,940.0,210.0,60.0,4403.2998046875,1125.3800048828125
2004-07-06,398.4,6.025,779.0,217.0,777.0,215.0,940.0,210.0,60.0,4370.7001953125,1116.2099609375
2004-07-07,397.35,6.035,791.0,220.0,790.0,220.0,940.0,210.0,60.0,4358.39990234375,1118.3299560546875
2004-07-08,402.2,6.2,809.0,225.0,809.0,227.0,940.0,210.0,60.0,4381.10009765625,1109.1099853515625
2004-07-09,406.6,6.5,812.0,225.0,817.0,227.0,930.0,210.0,60.0,4393.2001953125,1112.81005859375
2004-07-12,408.55,6.53,821.0,225.5,826.0,228.0,930.0,210.0,60.0,4360.0,1114.3499755859375
2004-07-13,404.25,6.38,807.0,221.0,816.0,225.0,930.0,205.0,60.0,4357.7001953125,1115.1400146484375
2004-07-14,403.3,6.415,818.0,224.0,818.0,223.0,930.0,205.0,60.0,4372.60009765625,1111.469970703125
2004-07-15,403.9,6.54,813.0,222.0,823.0,226.0,930.0,205.0,60.0,4340.7001953125,1106.68994140625
2004-07-16,403.7,6.62,824.0,224.75,820.0,226.0,930.0,205.0,60.0,4339.2001953125,1101.3900146484375
2004-07-19,406.95,6.705,825.5,225.0,827.0,227.0,950.0,205.0,60.0,4321.10009765625,1100.9000244140625
2004-07-20,405.5,6.575,833.0,227.0,840.0,227.0,990.0,205.0,60.0,4339.39990234375,1108.6700439453125
2004-07-21,401.1,6.47,831.0,227.0,834.0,230.0,1000.0,205.0,60.0,4377.2998046875,1093.8800048828125
2004-07-22,395.0,6.345,828.0,224.0,830.0,227.0,1000.0,205.0,60.0,4306.2998046875,1096.8399658203125
2004-07-23,392.85,6.31,818.0,220.0,819.0,224.0,1020.0,205.0,60.0,4326.2998046875,1086.199951171875
2004-07-26,391.65,6.295,815.0,218.0,821.0,223.0,1020.0,205.0,60.0,4287.0,1084.0699462890625
2004-07-27,392.25,6.24,809.0,219.0,810.0,221.0,1030.0,205.0,60.0,4324.89990234375,1094.8299560546875
2004-07-28,386.2,6.19,801.0,216.0,804.0,220.0,1040.0,205.0,60.0,4356.2998046875,1095.4200439453125
2004-07-29,388.75,6.32,814.0,212.5,816.0,216.0,1060.0,205.0,60.0,4418.7001953125,1100.4300537109375
2004-07-30,389.6,6.42,818.0,216.0,818.0,217.0,1060.0,205.0,60.0,4413.10009765625,1101.719970703125
2004-08-02,393.25,6.64,830.0,218.0,828.0,219.0,1070.0,205.0,60.0,4415.7001953125,1106.6199951171875
2004-08-03,390.6,6.5,824.0,216.0,832.0,220.0,1100.0,205.0,60.0,4429.7001953125,1099.68994140625
2004-08-04,392.7,6.62,830.0,214.0,836.0,218.0,1120.0,205.0,62.0,4408.10009765625,1098.6300048828125
2004-08-05,391.8,6.64,827.5,215.0,830.0,218.0,1200.0,205.0,62.0,4413.39990234375,1080.699951171875
2004-08-06,392.25,6.68,829.0,213.0,834.0,214.0,1300.0,205.0,62.0,4337.89990234375,1063.969970703125
2004-08-09,398.6,6.7,832.0,214.0,839.0,217.0,1400.0,205.0,65.0,4314.39990234375,1065.219970703125
2004-08-10,399.05,6.68,836.0,216.0,840.0,218.0,1525.0,205.0,65.0,4350.89990234375,1079.0400390625
2004-08-11,396.25,6.6,838.0,214.5,847.0,217.0,1525.0,205.0,65.0,4312.2001953125,1075.7900390625
2004-08-12,396.25,6.58,848.0,213.0,846.0,215.0,1475.0,205.0,65.0,4328.10009765625,1063.22998046875
2004-08-13,392.75,6.48,857.0,211.0,852.0,215.0,1350.0,205.0,65.0,4301.5,1064.800048828125
2004-08-16,393.3,6.69,885.0,214.0,872.0,214.0,1350.0,205.0,65.0,4350.2001953125,1079.3399658203125
2004-08-17,401.45,6.71,877.0,215.0,879.0,217.0,1350.0,205.0,65.0,4358.7001953125,1081.7099609375
2004-08-18,403.2,6.695,855.5,217.0,863.0,216.0,1325.0,205.0,65.0,4355.2998046875,1095.1700439453125
2004-08-19,406.3,6.82,865.0,220.0,865.0,222.0,1300.0,205.0,65.0,4362.60009765625,1091.22998046875
2004-08-20,405.8,6.805,854.0,220.0,854.0,223.0,1250.0,205.0,65.0,4369.2001953125,1098.3499755859375
2004-08-23,409.95,6.77,838.0,220.0,849.0,225.0,1250.0,205.0,65.0,4405.2998046875,1095.6800537109375
2004-08-24,406.9,6.65,844.0,217.0,848.0,220.0,1250.0,205.0,65.0,4407.5,1096.18994140625
2004-08-25,405.5,6.57,849.0,212.0,852.0,219.0,1250.0,205.0,65.0,4411.60009765625,1104.9599609375
2004-08-26,405.95,6.6,856.0,216.0,854.0,216.0,1250.0,205.0,65.0,4453.89990234375,1105.0899658203125
2004-08-27,406.85,6.675,868.0,215.0,869.0,218.0,1250.0,205.0,65.0,4490.10009765625,1107.77001953125
2004-08-30,406.85,6.675,868.0,215.0,863.0,217.0,1250.0,205.0,65.0,4490.10009765625,1099.1500244140625
2004-08-31,408.1,6.74,864.0,213.75,869.0,215.0,1250.0,205.0,65.0,4459.2998046875,1104.239990234375
2004-09-01,408.0,6.73,867.0,213.0,869.0,215.0,1250.0,205.0,65.0,4502.10009765625,1105.9100341796875
2004-09-02,407.8,6.76,871.0,213.0,877.0,215.0,1250.0,205.0,65.0,4518.60009765625,1118.31005859375
2004-09-03,405.8,6.7125,865.0,213.0,867.0,215.0,1250.0,205.0,65.0,4550.7998046875,1113.6300048828125
2004-09-06,401.6,6.54,846.5,211.5,850.0,213.0,1240.0,205.0,65.0,4563.7998046875,1113.6300048828125
2004-09-07,401.8,6.515,847.0,209.0,855.0,213.0,1240.0,205.0,65.0,4565.60009765625,1121.300048828125
2004-09-08,398.1,6.18,831.0,204.5,839.0,209.0,1230.0,205.0,65.0,4558.39990234375,1116.27001953125
2004-09-09,399.25,6.13,827.0,205.0,840.0,209.0,1210.0,205.0,65.0,4538.0,1118.3800048828125
2004-09-10,400.65,6.14,836.0,205.0,839.0,207.0,1200.0,205.0,67.0,4545.0,1123.9200439453125
2004-09-13,400.75,6.13,836.0,208.0,837.0,209.0,1150.0,205.0,67.0,4558.5,1125.8199462890625
2004-09-14,403.5,6.19,842.0,209.0,845.0,210.0,1120.0,205.0,67.0,4545.60009765625,1128.3299560546875
2004-09-15,404.8,6.185,843.5,209.0,844.0,211.0,1100.0,205.0,67.0,4548.5,1120.3699951171875
2004-09-16,404.4,6.2675,840.0,208.0,845.0,210.0,1100.0,205.0,67.0,4556.5,1123.5
2004-09-17,404.6,6.625,836.5,208.0,839.0,209.0,1120.0,205.0,67.0,4591.0,1128.550048828125
2004-09-20,404.15,6.205,835.0,205.0,839.0,209.0,1160.0,200.0,69.0,4579.5,1122.199951171875
2004-09-21,405.45,6.28,850.0,207.75,848.0,207.0,1160.0,200.0,71.0,4608.39990234375,1129.300048828125
2004-09-22,407.5,6.3,841.0,207.0,850.0,209.0,1160.0,200.0,71.0,4592.2998046875,1113.56005859375
2004-09-23,408.05,6.39,848.0,212.5,847.0,207.0,1180.0,200.0,71.0,4568.2998046875,1108.3599853515625
2004-09-24,409.45,6.42,855.0,221.0,854.0,214.0,1180.0,200.0,71.0,4578.10009765625,1110.1099853515625
2004-09-27,409.0,6.39,855.0,224.0,854.0,222.0,1180.0,200.0,74.0,4541.2001953125,1103.52001953125
2004-09-28,410.3,6.59,875.0,224.0,868.0,225.0,1240.0,200.0,74.0,4567.2998046875,1110.06005859375
2004-09-29,411.55,6.53,857.0,218.75,859.0,220.0,1300.0,200.0,74.0,4588.10009765625,1114.800048828125
2004-09-30,412.35,6.665,854.0,217.0,859.0,219.0,1300.0,200.0,74.0,4570.7998046875,1114.5799560546875
2004-10-01,418.15,6.84,862.0,222.0,868.0,224.0,1300.0,200.0,74.0,4659.7001953125,1131.5
2004-10-04,416.85,6.83,832.0,216.0,858.0,222.0,1300.0,200.0,76.0,4681.7998046875,1135.1700439453125
2004-10-05,414.25,6.735,834.0,218.0,835.0,216.0,1300.0,200.0,76.0,4707.10009765625,1134.47998046875
2004-10-06,417.95,7.15,848.0,223.0,850.0,225.0,1300.0,200.0,82.0,4706.2998046875,1142.050048828125
2004-10-07,419.9,7.13,844.0,231.0,850.0,226.0,1300.0,200.0,82.0,4698.7001953125,1130.6500244140625
2004-10-08,418.05,7.15,843.0,234.0,848.0,232.0,1300.0,200.0,82.0,4698.89990234375,1122.1400146484375
2004-10-11,421.75,7.235,847.0,225.0,846.0,234.0,1300.0,195.0,82.0,4685.5,1124.3900146484375
2004-10-12,418.2,7.025,838.0,218.0,854.0,230.0,1300.0,195.0,82.0,4647.89990234375,1121.8399658203125
2004-10-13,412.45,6.785,826.5,212.0,835.0,222.0,1300.0,195.0,82.0,4634.7998046875,1113.6500244140625
2004-10-14,414.65,6.995,837.0,216.0,842.0,220.0,1280.0,195.0,82.0,4629.39990234375,1103.2900390625
2004-10-15,417.8,7.06,846.0,220.0,838.0,219.0,1265.0,195.0,82.0,4622.7001953125,1108.199951171875
2004-10-18,418.5,7.04,844.0,215.0,848.0,218.0,1265.0,195.0,82.0,4626.60009765625,1114.02001953125
2004-10-19,416.25,6.96,838.0,214.0,840.0,214.0,1250.0,195.0,82.0,4655.2001953125,1103.22998046875
2004-10-20,421.75,7.24,849.0,216.0,848.0,217.0,1235.0,195.0,82.0,4616.39990234375,1103.6600341796875
2004-10-21,425.5,7.325,848.0,214.0,857.0,217.0,1235.0,195.0,82.0,4617.39990234375,1106.489990234375
2004-10-22,422.4,7.205,840.0,214.0,856.0,217.0,1235.0,195.0,82.0,4615.39990234375,1095.739990234375
2004-10-25,429.0,7.44,849.0,217.0,859.0,218.0,1235.0,195.0,82.0,4564.60009765625,1094.800048828125
2004-10-26,427.15,7.31,844.0,216.0,853.0,217.0,1235.0,195.0,82.0,4583.39990234375,1111.0899658203125
2004-10-27,425.85,7.32,844.0,215.0,845.0,216.0,1235.0,195.0,82.0,4630.10009765625,1125.4000244140625
2004-10-28,423.85,7.06,821.5,212.0,835.0,217.0,1235.0,195.0,82.0,4642.7998046875,1127.43994140625
2004-10-29,426.2,7.16,835.0,213.0,839.0,215.0,1235.0,195.0,82.0,4624.2001953125,1130.199951171875
2004-11-01,428.1,7.24,834.0,209.0,837.0,215.0,1265.0,195.0,82.0,4673.7998046875,1130.510009765625
2004-11-02,425.1,7.195,826.0,210.0,828.0,211.0,1275.0,195.0,80.0,4693.2001953125,1130.56005859375
2004-11-03,422.2,7.045,832.0,210.0,827.0,210.0,1290.0,195.0,80.0,4718.5,1143.199951171875
2004-11-04,426.3,7.255,851.0,213.0,839.0,212.0,1290.0,195.0,80.0,4728.2998046875,1161.6700439453125
2004-11-05,428.75,7.36,843.0,212.0,845.0,215.0,1310.0,195.0,80.0,4739.7998046875,1166.1700439453125
2004-11-08,432.95,7.445,847.0,213.5,851.0,217.0,1330.0,195.0,80.0,4716.60009765625,1164.8900146484375
2004-11-09,432.3,7.43,846.0,213.0,853.0,216.0,1330.0,195.0,80.0,4717.7001953125,1164.0799560546875
2004-11-10,435.1,7.5,848.0,213.0,846.0,215.0,1330.0,195.0,80.0,4734.5,1162.9100341796875
2004-11-11,433.35,7.415,852.0,211.0,853.0,213.0,1330.0,195.0,80.0,4776.89990234375,1173.47998046875
2004-11-12,436.9,7.485,871.0,214.0,870.0,215.0,1330.0,195.0,80.0,4793.89990234375,1184.1700439453125
2004-11-15,439.5,7.59,877.0,217.0,881.0,220.0,1330.0,195.0,80.0,4803.10009765625,1183.81005859375
2004-11-16,437.95,7.505,867.0,218.0,869.0,218.0,1320.0,195.0,80.0,4770.39990234375,1175.4300537109375
2004-11-17,444.5,7.6225,869.0,220.0,859.0,219.0,1310.0,195.0,80.0,4795.89990234375,1181.93994140625
2004-11-18,444.3,7.66,861.0,217.0,871.0,222.0,1310.0,195.0,80.0,4805.2998046875,1183.550048828125
2004-11-19,443.7,7.585,854.0,216.0,851.0,219.0,1310.0,195.0,80.0,4760.7998046875,1170.3399658203125
2004-11-22,447.0,7.615,853.0,216.0,856.0,217.0,1300.0,195.0,80.0,4733.10009765625,1177.239990234375
2004-11-23,447.0,7.565,853.0,214.0,856.0,218.0,1300.0,190.0,78.0,4742.39990234375,1176.93994140625
2004-11-24,448.65,7.56,860.0,216.0,861.0,216.0,1300.0,190.0,78.0,4719.39990234375,1181.760009765625
2004-11-25,451.7,7.69,863.0,214.0,868.0,217.0,1300.0,190.0,78.0,4753.39990234375,1181.760009765625
2004-11-26,451.55,7.67,862.0,213.0,871.0,216.0,1300.0,190.0,78.0,4741.60009765625,1182.6500244140625
2004-11-29,450.4,7.65,861.0,212.0,865.0,215.0,1300.0,190.0,78.0,4749.7998046875,1178.5699462890625
2004-11-30,452.0,7.755,867.0,210.0,868.0,214.0,1300.0,190.0,78.0,4703.2001953125,1173.8199462890625
2004-12-01,451.1,7.715,868.0,211.0,869.0,212.0,1330.0,190.0,78.0,4735.7001953125,1191.3699951171875
2004-12-02,454.35,8.04,884.0,211.0,879.0,213.0,1345.0,190.0,78.0,4751.2001953125,1190.3299560546875
2004-12-03,449.15,7.83,870.0,208.0,871.0,209.0,1345.0,190.0,78.0,4747.89990234375,1191.1700439453125
2004-12-06,455.75,8.0,870.0,205.0,873.0,206.0,1345.0,190.0,78.0,4722.7998046875,1190.25
2004-12-07,453.75,7.8425,868.0,206.0,871.0,208.0,1345.0,185.0,76.0,4728.7001953125,1177.0699462890625
2004-12-08,445.75,7.48,822.0,204.0,860.0,207.0,1345.0,180.0,73.0,4703.89990234375,1182.81005859375
2004-12-09,437.35,6.9,824.0,190.0,838.0,205.0,1345.0,180.0,73.0,4688.39990234375,1189.239990234375
2004-12-10,433.9,6.71,832.0,193.0,831.0,192.0,1330.0,180.0,73.0,4694.0,1188.0
2004-12-13,436.95,6.8275,831.0,194.0,840.0,197.0,1330.0,180.0,73.0,4736.7998046875,1198.6800537109375
2004-12-14,438.6,6.765,833.0,188.0,840.0,194.0,1320.0,180.0,73.0,4722.7998046875,1203.3800048828125
2004-12-15,437.8,6.78,841.0,183.0,839.0,187.0,1320.0,180.0,70.0,4728.2001953125,1205.719970703125
2004-12-16,441.25,6.785,840.0,179.5,849.0,185.0,1320.0,180.0,70.0,4735.2001953125,1203.2099609375
2004-12-17,439.2,6.685,838.0,178.0,840.0,178.0,1320.0,180.0,68.0,4696.7998046875,1194.199951171875
2004-12-20,441.75,6.81,842.0,184.0,840.0,178.0,1310.0,170.0,68.0,4731.10009765625,1194.6500244140625
2004-12-21,441.85,6.85,841.0,181.0,847.0,185.0,1310.0,170.0,68.0,4733.0,1205.449951171875
2004-12-22,442.7,6.845,842.0,184.0,847.0,183.0,1310.0,170.0,68.0,4777.39990234375,1209.5699462890625
2004-12-23,442.4,6.88,840.5,183.0,846.0,186.0,1330.0,170.0,68.0,4787.7001953125,1210.1300048828125
2004-12-24,442.4,6.88,840.5,183.0,847.0,186.0,1330.0,170.0,68.0,4798.10009765625,1210.1300048828125
2004-12-27,442.4,6.88,840.5,183.0,847.0,186.0,1330.0,170.0,68.0,4798.10009765625,1204.9200439453125
2004-12-28,442.4,6.88,840.5,183.0,867.0,190.0,1330.0,170.0,68.0,4798.10009765625,1213.5400390625
2004-12-29,443.5,6.97,865.0,182.0,870.0,188.0,1330.0,170.0,68.0,4819.7998046875,1213.449951171875
2004-12-30,435.15,6.77,859.5,184.0,864.0,187.0,1330.0,170.0,68.0,4820.10009765625,1213.550048828125
2004-12-31,435.15,6.77,859.5,184.0,862.0,186.0,1330.0,170.0,68.0,4814.2998046875,1211.9200439453125
2005-01-03,435.15,6.77,859.5,184.0,864.0,186.0,1330.0,170.0,68.0,4814.2998046875,1202.0799560546875
2005-01-04,426.8,6.39,844.0,180.0,851.0,182.0,1330.0,170.0,68.0,4847.0,1188.050048828125
2005-01-05,425.5,6.455,845.0,182.0,847.0,181.0,1330.0,170.0,68.0,4806.0,1183.739990234375
2005-01-06,425.8,6.42,847.0,181.0,850.0,183.0,1330.0,170.0,68.0,4824.2998046875,1187.8900146484375
2005-01-07,423.15,6.46,846.0,182.5,847.0,183.0,1330.0,170.0,68.0,4854.10009765625,1186.18994140625
2005-01-10,421.25,6.47,846.0,187.0,845.0,183.0,1330.0,170.0,68.0,4840.7001953125,1190.25
2005-01-11,422.55,6.5225,858.0,190.0,857.0,193.0,1345.0,170.0,68.0,4818.7001953125,1182.989990234375
2005-01-12,421.7,6.58,858.0,189.5,858.0,194.0,1360.0,170.0,68.0,4783.60009765625,1187.699951171875
2005-01-13,424.65,6.7075,860.0,187.0,866.0,191.0,1375.0,170.0,68.0,4800.2998046875,1177.449951171875
2005-01-14,421.7,6.63,853.0,183.0,861.0,189.0,1385.0,170.0,68.0,4820.7998046875,1184.52001953125
2005-01-17,422.85,6.595,857.0,183.0,857.0,185.0,1400.0,170.0,68.0,4846.7001953125,1184.52001953125
2005-01-18,422.55,6.58,860.0,182.0,857.0,184.0,1400.0,170.0,68.0,4823.89990234375,1195.97998046875
2005-01-19,424.1,6.68,869.5,186.0,866.0,184.0,1440.0,170.0,68.0,4818.2998046875,1184.6300048828125
2005-01-20,421.7,6.52,862.0,184.0,865.0,187.0,1480.0,170.0,68.0,4800.7998046875,1175.4100341796875
2005-01-21,423.3,6.58,866.0,187.5,866.0,186.0,1500.0,165.0,65.0,4803.2998046875,1167.8699951171875
2005-01-24,427.6,6.81,871.0,191.0,872.0,191.0,1500.0,165.0,65.0,4812.5,1163.75
2005-01-25,426.2,6.79,864.0,189.5,870.0,193.0,1500.0,165.0,65.0,4843.2001953125,1168.4100341796875
2005-01-26,423.7,6.72,866.0,188.5,865.0,192.0,1500.0,165.0,65.0,4847.10009765625,1174.0699462890625
2005-01-27,426.3,6.785,868.0,189.0,870.0,191.0,1515.0,165.0,65.0,4853.39990234375,1174.550048828125
2005-01-28,426.4,6.77,870.0,189.0,871.0,191.0,1515.0,165.0,65.0,4832.7998046875,1171.3599853515625
2005-01-31,423.8,6.72,869.0,189.0,876.0,191.0,1525.0,165.0,62.0,4852.2998046875,1181.27001953125
2005-02-01,421.15,6.7,876.0,190.0,880.0,191.0,1525.0,162.0,62.0,4906.2001953125,1189.4100341796875
2005-02-02,421.9,6.73,871.0,187.0,879.0,191.0,1525.0,162.0,62.0,4916.2001953125,1193.18994140625
2005-02-03,419.8,6.705,864.0,182.0,875.0,190.0,1540.0,160.0,59.0,4908.2998046875,1189.8900146484375
2005-02-04,416.5,6.655,864.0,182.0,870.0,183.0,1540.0,160.0,59.0,4941.5,1203.030029296875
2005-02-07,414.5,6.595,869.0,178.5,870.0,182.0,1550.0,160.0,59.0,4979.7998046875,1201.719970703125
2005-02-08,411.5,6.485,855.0,178.0,863.0,180.0,1570.0,160.0,59.0,4995.5,1202.300048828125
2005-02-09,413.2,6.55,850.0,179.0,852.0,180.0,1630.0,160.0,59.0,4990.39990234375,1191.989990234375
2005-02-10,413.5,6.5775,858.0,179.0,855.0,181.0,1650.0,155.0,57.0,5000.0,1197.010009765625
2005-02-11,417.05,6.98,870.0,181.0,869.0,181.0,1665.0,155.0,57.0,5044.2001953125,1205.300048828125
2005-02-14,422.8,7.245,877.0,185.5,870.0,184.0,1665.0,155.0,57.0,5041.7998046875,1206.1400146484375
2005-02-15,424.6,7.245,860.0,183.0,861.0,186.0,1665.0,155.0,57.0,5058.89990234375,1210.1199951171875
2005-02-16,424.15,7.13,856.0,181.0,863.0,185.0,1665.0,155.0,57.0,5053.2001953125,1210.3399658203125
2005-02-17,426.6,7.255,859.0,185.5,860.0,183.0,1650.0,150.0,55.0,5057.39990234375,1200.75
2005-02-18,426.55,7.32,864.5,181.5,866.0,184.0,1630.0,150.0,55.0,5057.2001953125,1201.5899658203125
2005-02-21,427.1,7.365,861.0,179.0,863.0,183.0,1600.0,145.0,55.0,5060.7998046875,1201.5899658203125
2005-02-22,430.75,7.55,874.0,182.0,872.0,182.0,1600.0,145.0,55.0,5032.89990234375,1184.1600341796875
2005-02-23,433.25,7.45,863.0,183.0,872.0,184.0,1580.0,145.0,55.0,4988.5,1190.800048828125
2005-02-24,434.75,7.47,867.0,184.0,873.0,185.0,1580.0,145.0,55.0,4972.10009765625,1200.199951171875
2005-02-25,432.4,7.2425,864.0,182.5,867.0,185.0,1550.0,145.0,55.0,5006.7998046875,1211.3699951171875
2005-02-28,436.55,7.35,864.0,182.0,876.0,182.0,1525.0,145.0,55.0,4968.5,1203.5999755859375
2005-03-01,434.65,7.26,864.0,183.5,869.0,183.0,1525.0,145.0,55.0,5000.5,1210.4100341796875
2005-03-02,429.15,7.13,859.0,184.0,866.0,185.0,1525.0,145.0,55.0,4992.7998046875,1210.0799560546875
2005-03-03,433.25,7.29,866.0,193.0,870.0,190.0,1525.0,145.0,55.0,5014.7998046875,1210.469970703125
2005-03-04,429.65,7.17,866.5,208.0,867.0,203.0,1540.0,145.0,55.0,5036.2998046875,1222.1199951171875
2005-03-07,433.6,7.35,865.0,204.0,874.0,207.0,1560.0,145.0,55.0,5027.2001953125,1225.31005859375
2005-03-08,434.85,7.4,873.0,206.0,874.0,205.0,1580.0,145.0,55.0,5010.89990234375,1219.4300537109375
2005-03-09,439.9,7.57,870.0,204.0,877.0,208.0,1600.0,145.0,55.0,4996.10009765625,1207.010009765625
2005-03-10,440.2,7.52,870.0,201.0,878.0,207.0,1600.0,145.0,58.0,4962.10009765625,1209.25
2005-03-11,440.95,7.415,866.0,195.5,870.0,201.0,1600.0,145.0,58.0,4982.10009765625,1200.0799560546875
2005-03-14,442.75,7.475,872.0,198.0,871.0,202.0,1580.0,145.0,58.0,4975.0,1206.8299560546875
2005-03-15,442.0,7.415,876.0,202.0,870.0,200.0,1580.0,145.0,58.0,5000.2001953125,1197.75
2005-03-16,441.2,7.41,883.0,204.0,878.0,206.0,1560.0,145.0,61.0,4937.60009765625,1188.0699462890625
2005-03-17,442.65,7.36,877.0,200.0,887.0,206.0,1560.0,145.0,61.0,4922.10009765625,1190.2099609375
2005-03-18,436.65,7.335,873.0,200.0,879.0,202.0,1560.0,145.0,61.0,4923.2998046875,1189.6500244140625
2005-03-21,436.25,7.25,869.58,199.75,878.0,202.0,1560.0,145.0,61.0,4933.5,1183.780029296875
2005-03-22,430.65,7.11,864.0,198.0,864.0,200.0,1560.0,145.0,61.0,4937.2998046875,1171.7099609375
2005-03-23,427.25,6.915,859.0,195.0,863.0,198.0,1560.0,145.0,61.0,4910.39990234375,1172.530029296875
2005-03-24,424.9,6.935,860.0,193.0,859.0,195.0,1560.0,145.0,61.0,4922.5,1171.4200439453125
2005-03-28,424.9,6.935,860.0,193.0,859.0,195.0,1560.0,145.0,61.0,4922.5,1174.280029296875
2005-03-29,426.95,6.92,861.0,193.0,862.0,195.0,1545.0,145.0,61.0,4919.0,1165.3599853515625
2005-03-30,426.5,6.96,861.0,194.0,864.0,196.0,1545.0,145.0,61.0,4900.7001953125,1181.4100341796875
2005-03-31,427.5,7.1875,864.0,198.5,864.0,199.0,1530.0,145.0,61.0,4894.39990234375,1180.5899658203125
2005-04-01,427.45,7.105,864.0,202.0,866.0,203.0,1530.0,145.0,61.0,4914.0,1172.9200439453125
2005-04-04,425.95,6.96,855.0,198.0,859.0,202.0,1515.0,145.0,61.0,4896.7001953125,1176.1199951171875
2005-04-05,423.7,6.94,858.0,198.0,857.0,199.0,1500.0,145.0,61.0,4942.89990234375,1181.3900146484375
2005-04-06,426.6,7.05,859.0,199.0,864.0,200.0,1500.0,145.0,61.0,4947.39990234375,1184.0699462890625
2005-04-07,426.4,7.12,864.0,199.0,867.0,202.0,1500.0,145.0,61.0,4977.0,1191.1400146484375
2005-04-08,425.4,7.03,858.0,196.0,863.0,198.0,1500.0,145.0,61.0,4983.7001953125,1181.199951171875
2005-04-11,428.1,7.185,861.0,197.0,862.0,198.0,1500.0,150.0,64.0,4973.2998046875,1181.2099609375
2005-04-12,429.15,7.235,862.0,196.0,866.0,198.0,1500.0,150.0,64.0,4946.2001953125,1187.760009765625
2005-04-13,428.85,7.16,861.0,196.5,866.0,198.0,1500.0,150.0,64.0,4960.7998046875,1173.7900390625
2005-04-14,427.2,7.105,861.0,197.5,865.0,198.0,1500.0,150.0,64.0,4945.39990234375,1162.050048828125
2005-04-15,423.65,7.01,861.0,198.0,862.0,199.0,1500.0,150.0,64.0,4891.60009765625,1142.6199951171875
2005-04-18,425.65,7.045,861.5,198.0,864.0,198.0,1500.0,150.0,64.0,4827.10009765625,1145.97998046875
2005-04-19,426.9,7.055,863.0,199.0,866.0,200.0,1510.0,150.0,64.0,4855.60009765625,1152.780029296875
2005-04-20,432.4,7.205,872.5,203.0,876.0,201.0,1510.0,150.0,64.0,4822.0,1137.5
2005-04-21,433.4,7.285,872.0,203.0,876.0,205.0,1520.0,150.0,64.0,4819.60009765625,1159.949951171875
2005-04-22,433.4,7.235,873.0,201.0,875.0,201.0,1520.0,150.0,64.0,4849.2998046875,1152.1199951171875
2005-04-25,433.0,7.215,874.0,199.0,879.0,202.0,1520.0,150.0,64.0,4864.89990234375,1162.0999755859375
2005-04-26,434.7,7.265,880.0,200.0,881.0,203.0,1520.0,150.0,64.0,4845.5,1151.8299560546875
2005-04-27,434.1,7.215,870.0,202.0,878.0,202.0,1520.0,150.0,64.0,4789.39990234375,1156.3800048828125
2005-04-28,432.75,7.095,865.0,197.0,868.0,201.0,1520.0,150.0,64.0,4790.2001953125,1143.219970703125
2005-04-29,433.2,6.98,867.0,196.0,867.0,197.0,1520.0,155.0,67.0,4801.7001953125,1156.8499755859375
2005-05-02,433.2,6.98,867.0,196.0,867.0,197.0,1520.0,155.0,67.0,4801.7001953125,1162.1600341796875
2005-05-03,429.2,6.85,867.0,194.0,870.0,195.0,1520.0,155.0,67.0,4861.2998046875,1161.1700439453125
2005-05-04,429.2,6.895,873.0,194.25,869.0,193.0,1520.0,155.0,67.0,4882.5,1175.6500244140625
2005-05-05,430.5,7.05,875.0,195.0,877.0,196.0,1520.0,155.0,67.0,4902.2998046875,1172.6300048828125
2005-05-06,429.7,7.035,873.0,195.0,877.0,197.0,1530.0,155.0,67.0,4918.89990234375,1171.3499755859375
2005-05-09,425.8,6.955,874.0,191.0,876.0,195.0,1530.0,155.0,67.0,4910.2998046875,1178.8399658203125
2005-05-10,426.9,7.06,878.0,193.5,877.0,195.0,1540.0,155.0,67.0,4892.39990234375,1166.219970703125
2005-05-11,428.35,7.08,876.0,192.0,882.0,195.0,1550.0,155.0,67.0,4875.39990234375,1171.1099853515625
2005-05-12,426.25,7.005,869.0,192.0,873.0,194.0,1565.0,155.0,67.0,4893.2998046875,1159.3599853515625
2005-05-13,421.45,6.88,865.0,188.5,867.0,193.0,1565.0,155.0,67.0,4886.5,1154.050048828125
2005-05-16,419.9,6.885,853.0,188.0,862.0,190.0,1565.0,155.0,67.0,4884.2001953125,1165.68994140625
2005-05-17,420.35,6.97,856.0,187.0,859.0,190.0,1565.0,155.0,67.0,4898.5,1173.800048828125
2005-05-18,419.4,7.02,860.0,103.4,860.0,189.0,1565.0,155.0,67.0,4949.39990234375,1185.56005859375
2005-05-19,421.75,7.18,866.0,190.5,865.0,191.0,1575.0,155.0,67.0,4962.7001953125,1191.0799560546875
2005-05-20,420.7,7.1,863.0,187.0,864.0,189.0,1575.0,155.0,67.0,4971.7998046875,1189.280029296875
2005-05-23,417.6,6.98,863.0,187.0,861.0,191.0,1575.0,160.0,69.0,4989.7998046875,1193.8599853515625
2005-05-24,418.25,7.0075,867.5,186.75,865.0,189.0,1575.0,160.0,69.0,4982.5,1194.0699462890625
2005-05-25,418.5,7.01,865.0,187.5,867.0,188.0,1575.0,160.0,69.0,4971.5,1190.010009765625
2005-05-26,418.75,7.08,861.0,184.0,866.0,187.0,1575.0,160.0,69.0,4994.89990234375,1197.6199951171875
2005-05-27,418.6,7.17,863.0,184.0,862.0,185.0,1575.0,160.0,69.0,4986.2998046875,1198.780029296875
2005-05-30,418.6,7.17,863.0,184.0,864.0,186.0,1575.0,160.0,69.0,4986.2998046875,1198.780029296875
2005-05-31,416.9,7.13,859.5,185.0,865.0,186.0,1575.0,160.0,69.0,4964.0,1191.5
2005-06-01,416.1,7.38,870.0,186.0,870.0,185.0,1600.0,160.0,69.0,5011.0,1202.219970703125
2005-06-02,417.2,7.48,875.0,186.0,874.0,185.0,1620.0,160.0,69.0,5005.0,1204.2900390625
2005-06-03,423.2,7.53,874.0,184.0,879.0,186.0,1620.0,160.0,69.0,4999.39990234375,1196.02001953125
2005-06-06,424.85,7.46,875.0,188.0,879.0,185.0,1635.0,160.0,69.0,4980.39990234375,1197.510009765625
2005-06-07,426.6,7.525,876.0,188.0,881.0,194.0,1650.0,160.0,69.0,5025.2998046875,1197.260009765625
2005-06-08,424.9,7.4,876.0,188.0,879.0,190.0,1670.0,160.0,69.0,5003.7001953125,1194.6700439453125
2005-06-09,423.55,7.38,872.0,186.25,878.0,190.0,1690.0,165.0,73.0,5009.2001953125,1200.9300537109375
2005-06-10,422.75,7.24,868.0,185.0,873.0,187.0,1730.0,165.0,73.0,5030.39990234375,1198.1099853515625
2005-06-13,425.6,7.2,870.0,185.0,872.0,186.0,1730.0,165.0,73.0,5050.39990234375,1200.8199462890625
2005-06-14,426.95,7.255,870.0,185.0,874.0,187.0,1790.0,165.0,73.0,5046.7998046875,1203.9100341796875
2005-06-15,426.65,7.255,877.0,189.0,874.0,187.0,1850.0,165.0,73.0,5019.5,1206.5799560546875
2005-06-16,431.3,7.375,886.0,189.0,881.0,191.0,1920.0,165.0,73.0,5045.0,1210.9599609375
2005-06-17,436.05,7.395,891.0,189.0,888.0,191.0,1920.0,165.0,73.0,5077.60009765625,1216.9599609375
2005-06-20,440.5,7.37,897.0,189.0,902.0,190.0,1920.0,165.0,73.0,5072.0,1216.0999755859375
2005-06-21,434.5,7.215,879.0,187.75,886.0,190.0,1940.0,165.0,73.0,5082.10009765625,1213.6099853515625
2005-06-22,437.5,7.24,887.0,189.0,893.0,189.0,1970.0,165.0,76.0,5099.2998046875,1213.8800048828125
2005-06-23,437.15,7.22,888.0,187.5,890.0,189.0,2010.0,165.0,76.0,5114.39990234375,1200.72998046875
2005-06-24,442.95,7.285,894.5,188.0,896.0,189.0,2025.0,165.0,76.0,5079.0,1191.5699462890625
2005-06-27,439.35,7.24,888.0,186.0,893.0,189.0,2040.0,165.0,76.0,5043.5,1190.68994140625
2005-06-28,437.5,7.215,882.0,183.0,890.0,187.0,2030.0,165.0,76.0,5090.39990234375,1201.5699462890625
2005-06-29,434.9,7.07,883.0,182.5,884.0,184.0,2000.0,170.0,76.0,5109.10009765625,1199.8499755859375
2005-06-30,436.8,7.1,884.0,183.0,887.0,184.0,1950.0,170.0,76.0,5113.2001953125,1191.3299560546875
2005-07-01,434.2,7.02,880.0,180.5,883.0,182.0,1930.0,170.0,76.0,5161.0,1194.43994140625
2005-07-04,427.6,6.91,870.0,173.0,875.0,179.0,1910.0,170.0,76.0,5184.2998046875,1194.43994140625
2005-07-05,426.0,6.89,860.0,172.0,872.0,173.0,1910.0,170.0,76.0,5190.10009765625,1204.989990234375
2005-07-06,423.85,6.885,865.0,177.5,864.0,179.0,1900.0,170.0,76.0,5229.60009765625,1194.93994140625
2005-07-07,427.85,7.03,868.0,180.0,872.0,180.0,1880.0,170.0,79.0,5158.2998046875,1197.8699951171875
2005-07-08,423.75,6.9425,862.0,181.5,868.0,182.0,1850.0,170.0,79.0,5232.2001953125,1211.8599853515625
2005-07-11,425.0,7.04,867.0,183.5,867.0,183.0,1850.0,170.0,79.0,5242.39990234375,1219.43994140625
2005-07-12,426.95,7.1025,873.0,182.5,873.0,185.0,1880.0,175.0,79.0,5217.2001953125,1222.2099609375
2005-07-13,425.55,7.035,874.0,182.75,875.0,184.0,1950.0,175.0,79.0,5245.89990234375,1223.2900390625
2005-07-14,422.5,6.985,867.0,183.0,868.0,183.0,2050.0,175.0,79.0,5259.7001953125,1226.5
2005-07-15,419.6,6.965,864.0,183.0,869.0,183.0,2100.0,175.0,82.0,5230.89990234375,1227.9200439453125
2005-07-18,421.6,6.995,865.5,184.75,868.0,185.0,2100.0,175.0,82.0,5214.2001953125,1221.1300048828125
2005-07-19,420.0,6.945,866.0,186.0,870.0,186.0,2080.0,175.0,82.0,5201.60009765625,1229.3499755859375
2005-07-20,420.65,6.965,871.0,187.5,870.0,188.0,2040.0,175.0,82.0,5215.2001953125,1235.199951171875
2005-07-21,423.65,7.095,882.0,192.0,878.0,192.0,2020.0,175.0,82.0,5221.60009765625,1227.0400390625
2005-07-22,426.35,7.115,884.0,194.0,888.0,197.0,2010.0,175.0,82.0,5241.7998046875,1233.6800537109375
2005-07-25,424.85,7.11,886.0,192.0,889.0,194.0,2000.0,175.0,82.0,5270.7001953125,1229.030029296875
2005-07-26,424.5,7.075,882.5,190.0,887.0,194.0,2000.0,175.0,82.0,5256.2001953125,1231.1600341796875
2005-07-27,422.75,6.99,879.0,187.5,880.0,191.0,2000.0,175.0,82.0,5263.60009765625,1236.7900390625
2005-07-28,425.3,7.065,882.5,189.5,887.0,192.0,2000.0,175.0,85.0,5270.2998046875,1243.719970703125
2005-07-29,427.15,7.145,898.0,192.0,893.0,194.0,2000.0,175.0,85.0,5282.2998046875,1234.1800537109375
2005-08-01,431.35,7.25,904.5,192.5,902.0,194.0,2000.0,175.0,85.0,5290.89990234375,1235.3499755859375
2005-08-02,431.85,7.24,906.0,192.0,911.0,194.0,2015.0,175.0,85.0,5327.5,1244.1199951171875
2005-08-03,433.6,7.255,912.0,193.0,914.0,194.0,2040.0,175.0,85.0,5332.2998046875,1245.0400390625
2005-08-04,435.6,7.225,905.0,192.0,919.0,195.0,2050.0,175.0,85.0,5315.5,1235.8599853515625
2005-08-05,437.5,7.2025,908.0,191.5,912.0,193.0,2050.0,175.0,85.0,5314.7998046875,1226.4200439453125
2005-08-08,436.85,7.13,899.5,192.5,903.0,192.0,2050.0,175.0,85.0,5344.2998046875,1223.1300048828125
2005-08-09,434.7,6.995,903.5,188.0,906.0,192.0,2050.0,175.0,85.0,5363.7001953125,1231.3800048828125
2005-08-10,436.3,7.07,902.0,187.0,904.0,189.0,2050.0,175.0,85.0,5377.5,1229.1300048828125
2005-08-11,437.8,7.085,911.0,187.0,911.0,189.0,2050.0,175.0,85.0,5358.60009765625,1237.81005859375
2005-08-12,447.25,7.175,915.0,187.0,925.0,191.0,2050.0,175.0,85.0,5345.7998046875,1230.3900146484375
2005-08-15,442.6,7.065,904.0,185.0,914.0,188.0,2050.0,175.0,85.0,5344.2001953125,1233.8699951171875
2005-08-16,440.85,6.98,887.0,184.5,896.0,185.0,2050.0,175.0,85.0,5322.39990234375,1219.3399658203125
2005-08-17,444.25,7.0,890.0,185.0,890.0,186.0,2050.0,175.0,85.0,5292.7001953125,1220.239990234375
2005-08-18,439.0,6.96,887.0,184.5,890.0,186.0,2050.0,175.0,85.0,5269.2998046875,1219.02001953125
2005-08-19,439.25,6.995,887.5,183.0,889.0,185.0,2060.0,175.0,85.0,5312.60009765625,1219.7099609375
2005-08-22,437.5,6.99,891.0,182.0,888.0,184.0,2060.0,175.0,85.0,5318.39990234375,1221.72998046875
2005-08-23,439.85,7.055,893.0,182.0,897.0,184.0,2070.0,175.0,85.0,5300.2001953125,1217.5899658203125
2005-08-24,438.25,6.965,896.0,184.0,896.0,185.0,2090.0,175.0,85.0,5275.2001953125,1209.5899658203125
2005-08-25,439.0,6.945,896.0,184.5,897.0,186.0,2090.0,175.0,85.0,5255.7001953125,1212.3699951171875
2005-08-26,438.5,6.845,894.0,183.5,894.0,184.0,2090.0,175.0,85.0,5228.10009765625,1205.0999755859375
2005-08-29,438.5,6.845,894.0,183.5,900.0,186.0,2090.0,175.0,85.0,5228.10009765625,1212.280029296875
2005-08-30,436.15,6.755,890.0,183.0,898.0,185.0,2110.0,175.0,85.0,5255.7998046875,1208.4100341796875
2005-08-31,433.0,6.74,888.0,182.0,893.0,184.0,2130.0,175.0,85.0,5296.89990234375,1220.3299560546875
2005-09-01,435.5,6.855,897.0,184.5,895.0,184.0,2180.0,175.0,85.0,5328.5,1221.5899658203125
2005-09-02,446.3,7.02,905.0,184.0,907.0,185.0,2240.0,180.0,85.0,5326.89990234375,1218.02001953125
2005-09-05,445.6,7.055,908.0,183.0,911.0,186.0,2270.0,180.0,85.0,5337.7998046875,1218.02001953125
2005-09-06,443.5,7.025,907.0,183.5,910.0,186.0,2270.0,180.0,85.0,5359.2001953125,1233.3900146484375
2005-09-07,444.5,7.02,904.0,183.5,907.0,185.0,2270.0,180.0,85.0,5365.89990234375,1236.3599853515625
2005-09-08,444.8,7.04,911.0,183.0,913.0,185.0,2290.0,180.0,85.0,5340.7998046875,1231.6700439453125
2005-09-09,446.7,6.985,909.0,183.0,910.0,185.0,2310.0,180.0,85.0,5359.2998046875,1241.47998046875
2005-09-12,449.15,6.975,910.0,182.5,918.0,185.0,2330.0,180.0,85.0,5375.10009765625,1240.56005859375
2005-09-13,448.7,6.985,908.0,182.5,910.0,184.0,2350.0,180.0,85.0,5338.0,1231.199951171875
2005-09-14,447.85,6.955,910.0,182.5,911.0,184.0,2420.0,180.0,85.0,5347.39990234375,1227.1600341796875
2005-09-15,449.1,7.0275,914.0,184.5,918.0,184.0,2480.0,180.0,85.0,5383.5,1227.72998046875
2005-09-16,458.1,7.08,919.0,187.0,919.0,186.0,2500.0,180.0,85.0,5407.89990234375,1237.9100341796875
2005-09-19,461.95,7.31,922.0,197.0,921.0,190.0,2500.0,185.0,85.0,5429.7001953125,1231.02001953125
2005-09-20,470.0,7.33,930.0,201.0,934.0,203.0,2520.0,185.0,85.0,5416.39990234375,1221.3399658203125
2005-09-21,467.0,7.285,927.0,196.0,929.0,199.0,2520.0,185.0,85.0,5369.7001953125,1210.199951171875
2005-09-22,472.75,7.4225,928.0,197.5,933.0,201.0,2530.0,185.0,85.0,5385.7001953125,1214.6199951171875
2005-09-23,464.5,7.29,921.0,193.0,928.0,200.0,2540.0,185.0,85.0,5413.60009765625,1215.2900390625
2005-09-26,461.05,7.225,910.0,190.0,910.0,193.0,2570.0,185.0,85.0,5453.10009765625,1215.6300048828125
2005-09-27,465.65,7.295,915.0,193.0,916.0,195.0,2610.0,185.0,85.0,5447.2998046875,1215.6600341796875
2005-09-28,462.0,7.27,915.0,195.0,916.0,197.0,2625.0,185.0,85.0,5494.7998046875,1216.8900146484375
2005-09-29,472.5,7.4,923.0,196.0,926.0,199.0,2645.0,185.0,85.0,5478.2001953125,1227.6800537109375
2005-09-30,473.4,7.53,929.0,194.0,930.0,198.0,2700.0,185.0,85.0,5477.7001953125,1228.81005859375
2005-10-03,465.0,7.375,926.0,194.0,927.0,198.0,2740.0,185.0,85.0,5501.60009765625,1226.699951171875
2005-10-04,467.5,7.43,920.0,193.0,924.0,195.0,2775.0,185.0,85.0,5494.39990234375,1214.469970703125
2005-10-05,465.25,7.345,914.0,192.0,918.0,194.0,2860.0,185.0,85.0,5427.7998046875,1196.3900146484375
2005-10-06,466.3,7.43,922.0,193.5,925.0,194.0,2900.0,185.0,85.0,5372.39990234375,1191.489990234375
2005-10-07,472.0,7.62,930.0,196.0,930.0,197.0,3000.0,185.0,85.0,5362.2998046875,1195.9000244140625
2005-10-10,477.5,7.775,932.0,201.0,936.0,203.0,3000.0,185.0,85.0,5374.60009765625,1187.3299560546875
2005-10-11,475.5,7.76,941.0,207.0,943.0,210.0,2975.0,185.0,85.0,5380.7001953125,1184.8699951171875
2005-10-12,478.5,7.845,940.0,210.0,945.0,211.0,2930.0,185.0,85.0,5342.2001953125,1177.6800537109375
2005-10-13,471.25,7.735,932.0,206.0,943.0,212.0,2750.0,185.0,85.0,5265.2001953125,1176.8399658203125
2005-10-14,470.7,7.67,924.0,205.0,930.0,208.0,2700.0,185.0,85.0,5275.0,1186.5699462890625
2005-10-17,472.35,7.86,937.0,213.0,937.0,211.0,2600.0,185.0,85.0,5286.5,1190.0999755859375
2005-10-18,473.0,7.775,931.0,211.0,933.0,214.0,2600.0,185.0,85.0,5263.89990234375,1178.1400146484375
2005-10-19,468.4,7.73,928.0,207.0,927.0,211.0,2600.0,185.0,85.0,5167.89990234375,1195.760009765625
2005-10-20,464.0,7.6,925.0,208.0,921.0,208.0,2600.0,185.0,85.0,5164.10009765625,1177.800048828125
2005-10-21,463.15,7.6,926.0,209.25,928.0,210.0,2620.0,185.0,85.0,5142.10009765625,1179.5899658203125
2005-10-24,463.75,7.615,925.5,209.0,928.0,211.0,2700.0,185.0,85.0,5207.60009765625,1199.3800048828125
2005-10-25,467.0,7.72,938.0,211.0,932.0,211.0,2700.0,185.0,85.0,5182.10009765625,1196.5400390625
2005-10-26,471.55,7.83,941.0,219.0,943.0,219.0,2700.0,185.0,85.0,5227.7998046875,1191.3800048828125
2005-10-27,473.25,7.81,941.0,227.0,947.0,228.0,2700.0,185.0,85.0,5182.7998046875,1178.9000244140625
2005-10-28,473.65,7.79,940.0,224.0,943.0,227.0,2700.0,185.0,85.0,5213.39990234375,1198.4100341796875
2005-10-31,472.65,7.765,938.0,227.0,940.0,227.0,2700.0,185.0,85.0,5317.2998046875,1207.010009765625
2005-11-01,465.55,7.535,924.0,219.0,935.0,225.0,2700.0,185.0,85.0,5344.2998046875,1202.760009765625
2005-11-02,461.65,7.42,930.0,222.0,925.0,221.0,2720.0,185.0,85.0,5358.60009765625,1214.760009765625
2005-11-03,464.8,7.575,938.0,225.0,936.0,226.0,2740.0,185.0,85.0,5431.89990234375,1219.93994140625
2005-11-04,461.35,7.555,936.0,227.0,934.0,228.0,2740.0,185.0,85.0,5423.60009765625,1220.1400146484375
2005-11-07,457.6,7.485,929.0,225.0,931.0,226.0,2740.0,185.0,85.0,5460.7998046875,1222.81005859375
2005-11-08,457.15,7.5225,937.0,227.0,932.0,229.0,2770.0,185.0,85.0,5460.89990234375,1218.5899658203125
2005-11-09,462.6,7.65,954.0,234.0,949.0,233.0,2800.0,185.0,85.0,5439.7998046875,1220.6500244140625
2005-11-10,467.0,7.74,953.0,243.0,957.0,240.0,2880.0,185.0,85.0,5423.5,1230.9599609375
2005-11-11,465.9,7.6975,955.5,239.0,961.0,243.0,2960.0,185.0,85.0,5465.10009765625,1234.719970703125
2005-11-14,469.75,7.8275,967.0,251.0,973.0,256.0,3000.0,185.0,85.0,5470.0,1233.760009765625
2005-11-15,467.55,7.77,965.0,245.0,971.0,252.0,3020.0,185.0,85.0,5439.60009765625,1229.010009765625
2005-11-16,470.65,7.785,983.0,255.0,984.0,257.0,3050.0,190.0,85.0,5430.0,1231.2099609375
2005-11-17,480.75,8.095,978.0,256.0,968.0,256.0,3100.0,190.0,85.0,5460.0,1242.800048828125
2005-11-18,487.9,8.11,979.0,259.5,985.0,260.0,3100.0,190.0,85.0,5498.89990234375,1248.27001953125
2005-11-21,488.0,8.11,975.0,268.0,981.0,266.0,3100.0,190.0,85.0,5497.89990234375,1254.8499755859375
2005-11-22,493.0,8.165,971.0,258.0,979.0,268.0,3100.0,190.0,85.0,5517.2001953125,1261.22998046875
2005-11-23,488.85,8.05,970.0,250.0,976.0,261.0,3030.0,190.0,85.0,5531.7001953125,1265.6099853515625
2005-11-24,492.75,8.135,979.0,254.5,985.0,259.0,3020.0,190.0,85.0,5511.0,1265.6099853515625
2005-11-25,495.7,8.2,987.0,257.0,987.0,259.0,3000.0,190.0,85.0,5523.7998046875,1268.25
2005-11-28,497.3,8.2675,995.0,261.5,996.0,262.0,3000.0,190.0,85.0,5477.39990234375,1257.4599609375
2005-11-29,497.1,8.29,993.0,262.0,997.0,263.0,2980.0,190.0,85.0,5491.0,1257.47998046875
2005-11-30,493.8,8.21,979.0,258.0,983.0,262.0,2980.0,190.0,85.0,5423.2001953125,1249.47998046875
2005-12-01,494.4,8.315,990.0,263.0,990.0,259.0,3000.0,190.0,85.0,5486.10009765625,1264.6700439453125
2005-12-02,504.75,8.535,1000.0,266.0,1000.0,270.0,3015.0,190.0,85.0,5528.10009765625,1265.0799560546875
2005-12-05,505.0,8.59,998.0,270.5,998.0,272.0,3030.0,190.0,85.0,5510.39990234375,1262.0899658203125
2005-12-06,508.25,8.6,987.0,269.0,998.0,274.0,3030.0,190.0,85.0,5538.7998046875,1263.699951171875
2005-12-07,512.3,8.82,998.0,274.0,1004.0,275.0,3030.0,190.0,85.0,5528.7998046875,1257.3699951171875
2005-12-08,514.85,8.79,991.0,276.0,998.0,279.0,3030.0,190.0,85.0,5531.10009765625,1255.8399658203125
2005-12-09,524.75,8.97,1004.0,295.0,1001.0,290.0,3030.0,190.0,85.0,5517.39990234375,1259.3699951171875
2005-12-12,537.5,9.225,1012.0,293.0,1019.0,300.0,3020.0,195.0,87.0,5501.5,1260.4300537109375
2005-12-13,522.8,8.74,995.0,272.0,999.0,282.0,3020.0,195.0,87.0,5507.2001953125,1267.4300537109375
2005-12-14,513.75,8.39,968.0,261.0,975.0,265.0,3020.0,195.0,87.0,5521.10009765625,1272.739990234375
2005-12-15,502.4,8.39,954.0,255.0,957.0,256.0,3020.0,195.0,87.0,5495.2998046875,1270.93994140625
2005-12-16,502.5,8.61,959.0,261.0,948.0,256.0,3010.0,195.0,87.0,5531.60009765625,1267.3199462890625
2005-12-19,507.45,8.615,974.0,262.0,969.0,262.0,3010.0,195.0,87.0,5539.7998046875,1259.9200439453125
2005-12-20,505.75,8.55,963.0,258.0,963.0,263.0,3010.0,195.0,87.0,5547.89990234375,1259.6199951171875
2005-12-21,494.5,8.275,953.0,247.0,954.0,254.0,3010.0,195.0,87.0,5587.39990234375,1262.7900390625
2005-12-22,494.75,8.385,958.0,246.0,958.0,249.0,3010.0,195.0,87.0,5597.0,1268.1199951171875
2005-12-23,494.75,8.385,958.0,246.0,965.0,253.0,3010.0,195.0,87.0,5595.5,1268.6600341796875
2005-12-27,494.75,8.385,958.0,246.0,965.0,253.0,3010.0,195.0,87.0,5595.5,1256.5400390625
2005-12-28,509.15,8.76,969.0,264.0,971.0,258.0,3010.0,195.0,87.0,5622.7998046875,1258.1700439453125
2005-12-29,517.0,8.905,965.0,258.0,974.0,262.0,3000.0,195.0,87.0,5638.2998046875,1254.4200439453125
2005-12-30,517.0,8.905,965.0,258.0,966.0,257.0,3000.0,195.0,87.0,5618.7998046875,1248.2900390625
2006-01-03,520.75,9.04,982.0,265.0,974.0,262.0,3000.0,195.0,87.0,5681.5,1268.800048828125
2006-01-04,534.35,9.14,990.0,269.0,989.0,272.0,3000.0,195.0,87.0,5714.60009765625,1273.4599609375
2006-01-05,531.6,8.99,987.0,264.0,989.0,272.0,3000.0,195.0,87.0,5691.2001953125,1273.47998046875
2006-01-06,529.5,8.83,993.0,267.0,989.0,262.0,3000.0,195.0,87.0,5731.7998046875,1285.449951171875
2006-01-09,541.0,9.1,996.0,273.0,1003.0,274.0,3000.0,195.0,87.0,5731.5,1290.1500244140625
2006-01-10,545.25,9.04,1017.0,275.0,1014.0,278.0,3000.0,195.0,87.0,5688.7998046875,1289.68994140625
2006-01-11,542.25,8.9,1008.0,269.0,1013.0,274.0,3000.0,195.0,87.0,5731.5,1294.1800537109375
2006-01-12,547.5,9.0,1017.0,271.0,1017.0,274.0,3050.0,195.0,87.0,5735.2001953125,1286.06005859375
2006-01-13,547.25,9.01,1027.0,273.0,1028.0,273.0,3075.0,195.0,87.0,5711.0,1287.6099853515625
2006-01-16,559.4,9.19,1049.0,287.0,1046.0,285.0,3090.0,200.0,87.0,5740.2001953125,1287.6099853515625
2006-01-17,558.05,9.035,1034.0,278.5,1041.0,286.0,3090.0,200.0,87.0,5699.0,1282.9300537109375
2006-01-18,544.75,8.875,1027.0,271.0,1033.0,275.0,3110.0,200.0,87.0,5663.7001953125,1277.9300537109375
2006-01-19,547.7,8.905,1039.0,271.5,1040.0,275.0,3140.0,200.0,87.0,5693.2001953125,1285.0400390625
2006-01-20,559.25,9.08,1045.0,278.0,1042.0,277.0,3140.0,200.0,87.0,5672.39990234375,1261.489990234375
2006-01-23,558.5,8.925,1042.0,276.0,1043.0,277.0,3140.0,200.0,87.0,5660.89990234375,1263.8199462890625
2006-01-24,556.65,9.0,1043.0,274.0,1045.0,278.0,3140.0,205.0,90.0,5633.7998046875,1266.8599853515625
2006-01-25,562.25,9.425,1058.0,277.0,1052.0,275.0,3165.0,205.0,90.0,5704.39990234375,1264.6800537109375
2006-01-26,562.25,9.49,1052.0,273.0,1063.0,280.0,3240.0,205.0,90.0,5722.60009765625,1273.8299560546875
2006-01-27,559.75,9.69,1058.0,273.0,1055.0,276.0,3280.0,205.0,90.0,5786.7998046875,1283.719970703125
2006-01-30,560.3,9.655,1073.0,276.0,1069.0,277.0,3350.0,205.0,90.0,5779.7998046875,1285.18994140625
2006-01-31,569.8,9.91,1072.0,290.0,1071.0,282.0,3400.0,205.0,90.0,5760.2998046875,1280.0799560546875
2006-02-01,567.2,9.77,1074.0,292.0,1078.0,293.0,3500.0,205.0,90.0,5801.60009765625,1282.4599609375
2006-02-02,571.85,9.82,1079.0,297.0,1083.0,295.0,3520.0,205.0,90.0,5747.2998046875,1270.8399658203125
2006-02-03,571.85,9.81,1079.0,315.0,1085.0,310.0,3520.0,205.0,90.0,5759.2998046875,1264.030029296875
2006-02-06,570.0,9.76,1075.0,302.0,1081.0,320.0,3520.0,205.0,90.0,5772.39990234375,1265.02001953125
2006-02-07,568.25,9.72,1062.0,295.0,1075.0,309.0,3520.0,205.0,93.0,5746.7998046875,1254.780029296875
2006-02-08,548.65,9.275,1050.0,288.0,1050.0,287.0,3520.0,205.0,93.0,5725.10009765625,1265.6500244140625
2006-02-09,559.0,9.5,1066.0,298.0,1064.0,295.0,3500.0,205.0,93.0,5808.7998046875,1263.780029296875
2006-02-10,558.75,9.55,1062.0,294.0,1058.0,297.0,3500.0,205.0,93.0,5764.10009765625,1266.989990234375
2006-02-13,546.6,9.26,1029.0,282.0,1030.0,277.0,3500.0,205.0,93.0,5793.5,1262.8599853515625
2006-02-14,540.5,9.22,1013.0,276.0,1004.0,274.0,3500.0,205.0,93.0,5792.2998046875,1275.530029296875
2006-02-15,544.3,9.32,1014.0,288.0,1018.0,287.0,3500.0,205.0,93.0,5791.5,1280.0
2006-02-16,540.65,9.2,997.0,273.0,1005.0,278.0,3500.0,210.0,95.0,5828.89990234375,1289.3800048828125
2006-02-17,545.75,9.46,1012.0,283.0,1009.0,280.0,3480.0,210.0,95.0,5846.2001953125,1287.239990234375
2006-02-20,556.0,9.54,1030.0,290.0,1028.0,292.0,3480.0,225.0,100.0,5863.0,1287.239990234375
2006-02-21,553.4,9.49,1023.0,289.0,1023.0,291.0,3480.0,225.0,100.0,5857.7001953125,1283.030029296875
2006-02-22,551.75,9.53,1024.0,290.0,1027.0,293.0,3460.0,225.0,100.0,5872.39990234375,1292.6700439453125
2006-02-23,552.5,9.5725,1026.0,286.0,1022.0,287.0,3460.0,225.0,100.0,5836.0,1287.7900390625
2006-02-24,550.75,9.54,1032.0,284.0,1030.0,286.0,3460.0,225.0,105.0,5860.5,1289.4300537109375
2006-02-27,556.1,9.665,1037.0,283.0,1039.0,290.0,3460.0,225.0,105.0,5875.89990234375,1294.1199951171875
2006-02-28,556.5,9.695,1051.0,286.0,1041.0,285.0,3460.0,225.0,105.0,5791.5,1280.6600341796875
2006-03-01,562.6,9.8,1046.0,288.0,1051.0,289.0,3500.0,225.0,105.0,5844.10009765625,1291.239990234375
2006-03-02,563.75,9.7875,1051.0,292.0,1058.0,296.0,3540.0,225.0,115.0,5833.0,1289.1400146484375
2006-03-03,568.6,10.26,1059.0,303.0,1060.0,300.0,3560.0,225.0,130.0,5858.7001953125,1287.22998046875
2006-03-06,568.0,10.23,1049.0,300.0,1056.0,302.0,3560.0,225.0,130.0,5897.7998046875,1278.260009765625
2006-03-07,555.25,9.995,1039.0,297.0,1045.0,296.0,3560.0,225.0,140.0,5857.39990234375,1275.8800048828125
2006-03-08,548.6,9.95,1010.0,283.0,1030.0,289.0,3590.0,225.0,140.0,5812.89990234375,1278.469970703125
2006-03-09,547.25,9.875,1017.0,283.0,1015.0,282.0,3610.0,230.0,145.0,5855.89990234375,1272.22998046875
2006-03-10,545.4,9.855,1006.0,286.0,1013.0,289.0,3650.0,230.0,145.0,5907.89990234375,1281.4200439453125
2006-03-13,545.25,10.015,1018.0,300.0,1015.0,290.0,3675.0,240.0,150.0,5952.7998046875,1284.1300048828125
2006-03-14,545.25,10.065,1018.0,300.0,1019.0,300.0,3740.0,240.0,150.0,5950.60009765625,1297.47998046875
2006-03-15,551.25,10.25,1030.0,316.0,1026.0,307.0,3760.0,250.0,155.0,5965.10009765625,1303.02001953125
2006-03-16,553.25,10.275,1028.0,314.0,1024.0,314.0,3775.0,250.0,155.0,5993.2998046875,1305.3299560546875
2006-03-17,555.5,10.365,1033.0,316.0,1032.0,315.0,3800.0,265.0,160.0,5999.39990234375,1307.25
2006-03-20,554.25,10.34,1036.0,315.0,1044.0,319.0,3870.0,265.0,160.0,5991.7001953125,1305.0799560546875
2006-03-21,553.0,10.28,1035.0,313.0,1040.0,316.0,3900.0,265.0,160.0,5991.2998046875,1297.22998046875
2006-03-22,548.5,10.53,1040.0,317.0,1045.0,322.0,4000.0,265.0,160.0,6007.5,1305.0400390625
2006-03-23,548.0,10.5,1037.0,315.0,1043.0,321.0,4150.0,275.0,160.0,5990.10009765625,1301.6700439453125
2006-03-24,549.75,10.68,1042.0,324.0,1043.0,320.0,4250.0,295.0,165.0,6036.2998046875,1302.949951171875
2006-03-27,564.0,10.895,1059.0,338.0,1057.0,334.0,4350.0,295.0,165.0,5972.2001953125,1301.6099853515625
2006-03-28,563.75,10.81,1067.0,337.0,1073.0,345.0,4350.0,295.0,165.0,5935.7001953125,1293.22998046875
2006-03-29,562.25,10.875,1065.0,330.0,1065.0,337.0,4275.0,295.0,165.0,5959.2001953125,1302.8900146484375
2006-03-30,578.5,11.45,1084.0,345.0,1083.0,343.0,4100.0,295.0,165.0,6015.2998046875,1300.25
2006-03-31,584.0,11.755,1076.0,332.0,1090.0,348.0,4025.0,310.0,165.0,5964.60009765625,1294.8699951171875
2006-04-03,585.5,11.585,1072.0,339.0,1078.0,338.0,4000.0,310.0,165.0,6024.2998046875,1297.81005859375
2006-04-04,585.0,11.745,1075.0,336.0,1076.0,337.0,4000.0,310.0,165.0,6004.7001953125,1305.9300537109375
2006-04-05,583.85,11.655,1070.0,338.0,1068.0,336.0,4020.0,310.0,165.0,6044.10009765625,1311.56005859375
2006-04-06,595.5,12.03,1084.0,350.0,1084.0,344.0,4150.0,310.0,165.0,6045.7001953125,1309.0400390625
2006-04-07,597.0,12.165,1074.0,348.0,1084.0,354.0,4250.0,310.0,165.0,6026.10009765625,1295.5
2006-04-10,597.5,12.4175,1095.0,357.0,1085.0,355.0,4380.0,330.0,165.0,6067.0,1296.6199951171875
2006-04-11,599.5,12.67,1086.0,357.0,1095.0,360.0,4450.0,330.0,165.0,6016.5,1286.5699462890625
2006-04-12,596.75,12.75,1087.0,345.0,1085.0,343.0,4500.0,330.0,165.0,6000.7998046875,1288.1199951171875
2006-04-13,597.0,12.61,1075.0,343.0,1076.0,341.0,4500.0,330.0,165.0,6029.39990234375,1289.1199951171875
2006-04-17,597.0,12.61,1075.0,343.0,1076.0,341.0,4500.0,330.0,165.0,6029.39990234375,1285.3299560546875
2006-04-18,616.75,13.635,1105.0,358.0,1098.0,360.0,4500.0,330.0,165.0,6044.10009765625,1307.280029296875
2006-04-19,623.75,14.27,1117.0,369.0,1115.0,364.0,4525.0,340.0,165.0,6089.7998046875,1309.9300537109375
2006-04-20,644.5,14.31,1121.0,363.0,1130.0,374.0,4550.0,340.0,165.0,6081.39990234375,1311.4599609375
2006-04-21,623.5,12.185,1115.0,350.0,1101.0,347.0,4550.0,340.0,165.0,6132.7001953125,1311.280029296875
2006-04-24,634.0,12.78,1120.0,358.0,1125.0,363.0,4550.0,340.0,165.0,6098.7001953125,1308.1099853515625
2006-04-25,627.75,12.465,1127.0,360.0,1115.0,355.0,4680.0,350.0,170.0,6086.60009765625,1301.739990234375
2006-04-26,630.75,12.72,1130.0,359.0,1130.0,367.0,4800.0,350.0,170.0,6104.2998046875,1305.4100341796875
2006-04-27,636.5,12.52,1127.0,360.0,1140.0,367.0,4800.0,350.0,170.0,6060.0,1309.719970703125
2006-04-28,638.25,12.555,1145.0,362.0,1147.0,363.0,4800.0,350.0,170.0,6023.10009765625,1310.6099853515625
2006-05-01,638.25,12.555,1145.0,362.0,1147.0,363.0,4800.0,350.0,170.0,6023.10009765625,1305.18994140625
2006-05-02,657.75,13.92,1170.0,376.0,1163.0,380.0,4800.0,350.0,170.0,6082.10009765625,1313.2099609375
2006-05-03,675.25,14.42,1184.0,381.0,1184.0,388.0,4800.0,350.0,170.0,6010.0,1308.1199951171875
2006-05-04,664.65,13.685,1174.0,375.0,1178.0,378.0,4825.0,370.0,175.0,6036.89990234375,1312.25
2006-05-05,682.0,14.07,1180.0,380.0,1181.0,383.0,4860.0,370.0,175.0,6091.7001953125,1325.760009765625
2006-05-08,682.0,13.75,1188.0,375.0,1192.0,381.0,4880.0,370.0,175.0,6067.10009765625,1324.6600341796875
2006-05-09,679.75,13.895,1229.0,382.0,1201.0,378.0,4980.0,370.0,175.0,6105.60009765625,1325.1400146484375
2006-05-10,704.3,14.34,1245.0,388.0,1267.0,398.0,5080.0,370.0,175.0,6083.39990234375,1322.8499755859375
2006-05-11,707.0,14.43,1293.0,397.5,1275.0,395.0,5225.0,370.0,175.0,6042.0,1305.9200439453125
2006-05-12,725.75,14.94,1325.0,404.0,1304.0,398.0,5300.0,385.0,180.0,5912.10009765625,1291.239990234375
2006-05-15,693.0,13.25,1290.0,367.0,1314.0,397.0,5375.0,400.0,180.0,5841.2998046875,1294.5
2006-05-16,681.0,13.22,1297.0,377.0,1274.0,366.0,5600.0,400.0,180.0,5846.2001953125,1292.0799560546875
2006-05-17,713.0,13.82,1331.0,388.0,1321.0,382.0,6000.0,400.0,180.0,5675.5,1270.3199462890625
2006-05-18,688.0,13.12,1325.0,377.0,1328.0,376.0,6100.0,400.0,180.0,5671.60009765625,1261.81005859375
2006-05-19,682.0,12.43,1302.0,345.0,1322.0,373.0,6225.0,400.0,180.0,5657.39990234375,1267.030029296875
2006-05-22,645.5,12.16,1278.0,336.0,1280.0,345.0,6275.0,400.0,180.0,5532.7001953125,1262.0699462890625
2006-05-23,661.7,12.87,1304.0,351.5,1291.0,343.0,6275.0,400.0,180.0,5678.7001953125,1256.5799560546875
2006-05-24,667.5,12.8,1295.0,348.0,1319.0,365.0,6275.0,400.0,180.0,5587.10009765625,1258.5699462890625
2006-05-25,643.75,12.57,1285.0,348.0,1290.0,350.0,6100.0,400.0,180.0,5677.7001953125,1272.8800048828125
2006-05-26,652.0,12.7,1292.0,351.0,1298.0,354.0,6000.0,400.0,180.0,5791.0,1280.1600341796875
2006-05-29,652.0,12.7,1292.0,351.0,1291.0,350.0,5950.0,400.0,180.0,5791.0,1280.1600341796875
2006-05-30,652.25,12.9,1295.0,355.0,1290.0,355.0,5900.0,400.0,180.0,5652.0,1259.8699951171875
2006-05-31,654.0,13.13,1280.0,355.0,1282.0,358.0,5850.0,400.0,180.0,5723.7998046875,1270.0899658203125
2006-06-01,633.25,12.05,1225.0,338.0,1246.0,345.0,5750.0,400.0,180.0,5749.7001953125,1285.7099609375
2006-06-02,630.8,12.15,1240.0,348.0,1228.0,342.0,5625.0,400.0,180.0,5764.60009765625,1288.219970703125
2006-06-05,644.5,12.37,1253.0,359.0,1258.0,358.0,5600.0,400.0,180.0,5762.10009765625,1265.2900390625
2006-06-06,634.6,11.87,1233.0,347.0,1256.0,359.0,5550.0,400.0,180.0,5669.7998046875,1263.8499755859375
2006-06-07,623.5,11.46,1233.0,347.0,1246.0,346.0,5475.0,400.0,180.0,5706.2998046875,1256.1500244140625
2006-06-08,619.0,11.55,1218.0,327.0,1233.0,333.0,5200.0,400.0,180.0,5562.89990234375,1257.9300537109375
2006-06-09,612.25,11.41,1200.0,324.0,1194.0,313.0,4950.0,400.0,180.0,5655.2001953125,1252.300048828125
2006-06-12,607.75,11.02,1177.0,318.0,1194.0,316.0,4600.0,400.0,180.0,5620.89990234375,1237.43994140625
2006-06-13,590.75,10.47,1135.0,282.0,1155.0,307.0,4450.0,400.0,180.0,5519.60009765625,1223.68994140625
2006-06-14,567.25,9.72,1125.0,285.0,1113.0,275.0,4250.0,400.0,180.0,5506.7998046875,1230.0400390625
2006-06-15,574.25,10.15,1164.0,298.0,1146.0,292.0,4175.0,400.0,180.0,5619.2998046875,1256.1600341796875
2006-06-16,581.5,10.28,1158.0,307.0,1159.0,305.0,4175.0,400.0,180.0,5597.39990234375,1251.5400390625
2006-06-19,569.75,9.89,1138.0,298.0,1141.0,303.0,4250.0,400.0,180.0,5626.10009765625,1240.1300048828125
2006-06-20,571.0,10.15,1158.0,297.0,1162.0,296.0,4450.0,400.0,180.0,5658.2001953125,1240.1199951171875
2006-06-21,576.5,10.27,1175.0,307.0,1177.0,308.0,5000.0,400.0,180.0,5665.0,1252.199951171875
2006-06-22,594.4,10.54,1186.0,316.0,1204.0,320.0,5225.0,400.0,180.0,5684.10009765625,1245.5999755859375
2006-06-23,582.6,10.09,1169.0,303.0,1175.0,305.0,5150.0,400.0,180.0,5692.10009765625,1244.5
2006-06-26,586.25,10.36,1184.0,316.0,1174.0,309.0,5000.0,400.0,180.0,5681.2001953125,1250.56005859375
2006-06-27,587.7,10.26,1183.0,315.0,1193.0,320.0,5000.0,400.0,175.0,5652.2998046875,1239.199951171875
2006-06-28,584.0,10.38,1189.0,311.0,1185.0,313.0,4925.0,400.0,175.0,5678.60009765625,1246.0
2006-06-29,581.75,10.38,1191.0,311.0,1184.0,307.0,4875.0,400.0,175.0,5791.5,1272.8699951171875
2006-06-30,600.4,10.7,1226.0,312.0,1221.0,320.0,4825.0,400.0,175.0,5833.39990234375,1270.199951171875
2006-07-03,619.5,11.28,1239.0,326.0,1241.0,326.0,4800.0,400.0,175.0,5884.39990234375,1280.18994140625
2006-07-04,620.9,11.23,1230.0,324.0,1235.0,327.0,4750.0,400.0,175.0,5883.5,1280.18994140625
2006-07-05,625.75,11.45,1232.0,323.0,1231.0,330.0,4750.0,400.0,175.0,5826.7001953125,1270.9100341796875
2006-07-06,623.75,11.31,1230.0,320.0,1227.0,326.0,4700.0,400.0,175.0,5890.0,1274.0799560546875
2006-07-07,631.0,11.51,1230.0,323.0,1236.0,329.0,4700.0,400.0,175.0,5888.89990234375,1265.47998046875
2006-07-10,624.5,11.04,1215.0,317.0,1227.0,323.0,4550.0,400.0,175.0,5896.89990234375,1267.3399658203125
2006-07-11,628.35,11.29,1232.0,323.0,1234.0,323.0,4500.0,400.0,175.0,5857.2998046875,1272.4300537109375
2006-07-12,642.0,11.75,1258.0,327.0,1250.0,330.0,4500.0,400.0,170.0,5860.60009765625,1258.5999755859375
2006-07-13,648.8,11.62,1252.0,328.5,1251.0,328.0,4600.0,400.0,170.0,5765.0,1242.280029296875
2006-07-14,660.4,11.63,1252.0,328.0,1252.0,331.0,4600.0,400.0,170.0,5707.60009765625,1236.199951171875
2006-07-17,671.5,11.5,1242.0,320.0,1257.0,333.0,4630.0,400.0,170.0,5701.0,1234.489990234375
2006-07-18,647.5,11.01,1230.5,316.0,1236.0,319.0,4630.0,400.0,170.0,5681.7001953125,1236.8599853515625
2006-07-19,626.0,10.52,1210.0,308.0,1213.0,311.0,4630.0,400.0,170.0,5778.0,1259.81005859375
2006-07-20,642.9,11.08,1220.0,312.0,1225.0,316.0,4600.0,400.0,170.0,5770.89990234375,1249.1300048828125
2006-07-21,626.75,11.01,1216.0,308.0,1217.0,310.0,4600.0,400.0,170.0,5719.7001953125,1240.2900390625
2006-07-24,616.4,10.74,1196.0,307.0,1206.0,309.0,4600.0,400.0,170.0,5833.89990234375,1260.9100341796875
2006-07-25,618.75,11.01,1228.0,311.5,1221.0,315.0,4600.0,400.0,170.0,5851.2001953125,1268.8800048828125
2006-07-26,617.75,10.9,1217.0,313.0,1224.0,315.0,4600.0,400.0,170.0,5877.10009765625,1268.4000244140625
2006-07-27,634.2,11.22,1233.0,316.75,1232.0,318.0,4630.0,400.0,170.0,5929.5,1263.199951171875
2006-07-28,631.25,11.34,1215.0,313.0,1224.0,318.0,4650.0,400.0,170.0,5974.89990234375,1278.550048828125
2006-07-31,637.0,11.44,1228.0,309.5,1230.0,317.0,4650.0,400.0,170.0,5928.2998046875,1276.6600341796875
2006-08-01,635.5,11.355,1231.0,316.0,1230.0,316.0,4650.0,400.0,170.0,5880.7998046875,1270.9200439453125
2006-08-02,648.25,11.75,1246.0,322.0,1251.0,322.0,4650.0,400.0,170.0,5932.10009765625,1277.4100341796875
2006-08-03,646.25,12.065,1239.0,322.0,1248.0,327.0,4650.0,400.0,170.0,5838.39990234375,1280.27001953125
2006-08-04,644.5,12.2,1241.0,323.0,1241.0,324.0,4650.0,400.0,170.0,5889.39990234375,1279.3599853515625
2006-08-07,647.25,12.45,1249.0,322.0,1255.0,328.0,4650.0,400.0,170.0,5828.7998046875,1275.77001953125
2006-08-08,645.4,12.13,1237.0,317.0,1243.0,324.0,4650.0,400.0,170.0,5818.10009765625,1271.47998046875
2006-08-09,640.5,12.26,1243.0,321.0,1238.0,320.0,4650.0,400.0,170.0,5860.5,1265.949951171875
2006-08-10,650.5,12.43,1248.0,323.0,1255.0,327.0,4650.0,400.0,170.0,5823.39990234375,1271.81005859375
2006-08-11,641.55,12.275,1245.0,321.0,1244.0,322.0,4650.0,400.0,170.0,5820.10009765625,1266.739990234375
2006-08-14,628.0,11.76,1218.0,312.0,1238.0,320.0,4650.0,400.0,170.0,5870.89990234375,1268.2099609375
2006-08-15,624.75,11.99,1225.0,320.0,1229.0,319.0,4650.0,400.0,170.0,5897.89990234375,1285.5799560546875
2006-08-16,626.0,12.15,1236.0,332.0,1233.0,324.0,4650.0,400.0,170.0,5896.60009765625,1295.4300537109375
2006-08-17,630.75,12.28,1241.0,339.0,1238.0,338.0,4650.0,400.0,170.0,5900.39990234375,1297.47998046875
2006-08-18,614.75,12.01,1217.0,334.0,1215.0,333.0,4650.0,400.0,170.0,5903.39990234375,1302.300048828125
2006-08-21,621.5,12.24,1232.0,338.0,1230.0,338.0,4650.0,400.0,170.0,5915.2001953125,1297.52001953125
2006-08-22,626.5,12.2,1228.0,338.0,1234.0,346.0,4650.0,400.0,170.0,5902.60009765625,1298.8199462890625
2006-08-23,623.5,12.42,1231.0,343.0,1226.0,340.0,4650.0,400.0,170.0,5860.0,1292.989990234375
2006-08-24,623.5,12.58,1227.0,346.0,1233.0,347.0,4650.0,400.0,170.0,5869.10009765625,1296.06005859375
2006-08-25,622.0,12.4,1223.0,344.0,1226.0,345.0,4650.0,400.0,170.0,5878.60009765625,1295.0899658203125
2006-08-28,622.0,12.4,1223.0,344.0,1222.0,345.0,4650.0,400.0,170.0,5878.60009765625,1301.780029296875
2006-08-29,616.85,12.14,1216.0,336.0,1223.0,342.0,4650.0,400.0,170.0,5888.2998046875,1304.280029296875
2006-08-30,614.7,12.22,1230.0,337.0,1224.0,340.0,4650.0,400.0,170.0,5929.2998046875,1305.3699951171875
2006-08-31,621.75,12.6,1245.0,341.0,1242.0,342.0,4650.0,400.0,170.0,5906.10009765625,1303.8199462890625
2006-09-01,624.0,12.75,1241.0,343.0,1249.0,346.0,4650.0,400.0,170.0,5949.2001953125,1311.010009765625
2006-09-04,626.75,12.995,1247.0,344.0,1252.0,347.0,4650.0,400.0,170.0,5986.60009765625,1311.010009765625
2006-09-05,629.75,13.15,1267.0,349.0,1267.0,347.0,4650.0,400.0,170.0,5981.7001953125,1313.25
2006-09-06,636.7,12.95,1268.0,349.0,1271.0,351.0,4650.0,400.0,170.0,5929.2998046875,1300.260009765625
2006-09-07,634.0,13.06,1254.0,346.5,1263.0,353.0,4700.0,400.0,170.0,5858.10009765625,1294.02001953125
2006-09-08,611.5,12.29,1222.0,320.0,1245.0,345.0,4775.0,400.0,170.0,5879.2998046875,1298.9200439453125
2006-09-11,597.1,11.76,1199.5,315.0,1213.0,321.0,4775.0,400.0,170.0,5850.7998046875,1299.5400390625
2006-09-12,596.0,11.34,1207.0,318.0,1207.0,322.0,4800.0,400.0,170.0,5895.5,1313.0
2006-09-13,581.5,11.0,1189.0,319.0,1180.0,310.0,4850.0,400.0,175.0,5892.2001953125,1318.0699462890625
2006-09-14,593.4,11.35,1188.0,330.0,1190.0,317.0,4920.0,400.0,175.0,5877.2001953125,1316.280029296875
2006-09-15,578.6,10.7,1150.0,313.0,1168.0,314.0,4940.0,400.0,180.0,5877.0,1319.6600341796875
2006-09-18,581.5,10.97,1159.0,304.0,1162.0,313.0,4940.0,400.0,180.0,5890.2998046875,1321.1800537109375
2006-09-19,582.5,10.91,1160.0,317.0,1164.0,316.0,4940.0,400.0,180.0,5831.7998046875,1317.6400146484375
2006-09-20,576.25,10.74,1135.0,308.0,1144.0,308.0,4940.0,400.0,180.0,5866.2001953125,1325.1800537109375
2006-09-21,580.5,11.02,1132.0,308.0,1131.0,308.0,4900.0,400.0,180.0,5896.7001953125,1318.030029296875
2006-09-22,592.0,11.28,1153.0,322.0,1144.0,313.0,4875.0,400.0,180.0,5822.2998046875,1314.780029296875
2006-09-25,589.5,11.05,1127.0,313.0,1140.0,319.0,4835.0,400.0,180.0,5798.2998046875,1326.3699951171875
2006-09-26,591.25,11.11,1127.0,314.0,1134.0,319.0,4800.0,400.0,180.0,5873.60009765625,1336.3499755859375
2006-09-27,595.1,11.58,1140.0,314.0,1141.0,320.0,4800.0,400.0,180.0,5930.10009765625,1336.5899658203125
2006-09-28,603.5,11.66,1150.0,321.0,1152.0,323.0,4800.0,400.0,180.0,5971.2998046875,1338.8800048828125
2006-09-29,601.75,11.55,1140.0,315.0,1149.0,323.0,4800.0,400.0,185.0,5960.7998046875,1335.8499755859375
2006-10-02,602.0,11.58,1150.0,313.0,1156.0,322.0,4800.0,400.0,185.0,5957.7998046875,1331.3199462890625
2006-10-03,593.0,11.34,1123.0,303.5,1141.0,314.0,4800.0,400.0,185.0,5937.10009765625,1334.1099853515625
2006-10-04,578.5,10.825,1102.0,300.0,1113.0,298.0,4800.0,400.0,185.0,5966.5,1350.199951171875
2006-10-05,568.25,10.96,1085.0,299.0,1077.0,299.0,4800.0,400.0,190.0,6004.5,1353.219970703125
2006-10-06,570.6,11.01,1070.0,295.0,1079.0,301.0,4800.0,400.0,190.0,6001.2001953125,1349.5899658203125
2006-10-09,578.25,11.335,1087.0,302.0,1088.0,304.0,4820.0,400.0,195.0,6030.89990234375,1350.6600341796875
2006-10-10,577.25,11.21,1072.0,297.0,1084.0,308.0,4875.0,400.0,195.0,6072.7001953125,1353.4200439453125
2006-10-11,574.0,11.14,1065.0,303.0,1068.0,301.0,4900.0,400.0,195.0,6073.5,1349.949951171875
2006-10-12,575.9,11.3,1070.0,308.0,1076.0,308.0,4900.0,400.0,200.0,6121.2998046875,1362.8299560546875
2006-10-13,577.9,11.4,1073.0,314.0,1074.0,309.0,4935.0,400.0,200.0,6157.2998046875,1365.6199951171875
2006-10-16,593.0,11.72,1087.0,322.0,1087.0,320.0,4975.0,400.0,200.0,6172.39990234375,1369.06005859375
2006-10-17,594.9,11.85,1086.0,319.0,1099.0,326.0,4990.0,400.0,200.0,6108.60009765625,1364.050048828125
2006-10-18,595.25,11.76,1083.0,324.0,1084.0,320.0,5015.0,400.0,200.0,6150.39990234375,1365.800048828125
2006-10-19,589.75,11.62,1080.0,327.0,1083.0,331.0,5030.0,400.0,200.0,6156.0,1366.9599609375
2006-10-20,598.0,11.98,1080.0,326.0,1093.0,334.0,5030.0,400.0,200.0,6155.2001953125,1368.5999755859375
2006-10-23,588.5,11.71,1072.0,317.0,1080.0,326.0,5030.0,400.0,200.0,6166.10009765625,1377.02001953125
2006-10-24,578.4,11.57,1053.0,318.0,1067.0,318.0,5030.0,400.0,200.0,6182.5,1377.3800048828125
2006-10-25,581.6,11.75,1063.0,317.0,1069.0,322.0,5030.0,400.0,200.0,6214.60009765625,1382.219970703125
2006-10-26,591.8,11.97,1082.0,321.0,1080.0,324.0,5030.0,400.0,200.0,6184.7998046875,1389.0799560546875
2006-10-27,593.75,12.05,1072.0,319.0,1079.0,324.0,4950.0,400.0,210.0,6160.89990234375,1377.3399658203125
2006-10-30,604.75,12.13,1086.0,323.0,1090.0,325.0,4900.0,400.0,210.0,6126.7998046875,1377.9300537109375
2006-10-31,600.9,12.08,1075.0,316.0,1079.0,325.0,4880.0,400.0,210.0,6129.2001953125,1377.93994140625
2006-11-01,611.25,12.36,1099.0,324.0,1089.0,324.0,4860.0,400.0,210.0,6149.60009765625,1367.81005859375
2006-11-02,615.75,12.41,1108.0,322.0,1099.0,326.0,4860.0,400.0,215.0,6149.2998046875,1367.3399658203125
2006-11-03,625.65,12.62,1200.0,327.0,1161.0,325.0,4860.0,400.0,215.0,6148.10009765625,1364.300048828125
2006-11-06,625.75,12.51,1177.5,328.0,1190.0,340.0,4900.0,400.0,215.0,6224.5,1379.780029296875
2006-11-07,625.75,12.62,1189.0,333.0,1173.0,332.0,4900.0,400.0,215.0,6244.0,1382.8399658203125
2006-11-08,625.5,12.605,1167.0,325.0,1188.0,334.0,4900.0,400.0,225.0,6239.0,1385.719970703125
2006-11-09,618.0,12.595,1192.0,329.0,1173.0,328.0,4900.0,400.0,225.0,6231.5,1378.3299560546875
2006-11-10,632.25,13.025,1220.0,333.5,1214.0,338.0,4900.0,400.0,245.0,6208.39990234375,1380.9000244140625
2006-11-13,628.5,12.86,1185.0,324.0,1212.0,333.0,4900.0,400.0,245.0,6194.2001953125,1384.4200439453125
2006-11-14,623.4,12.85,1186.0,322.0,1179.0,324.0,4900.0,400.0,245.0,6186.60009765625,1393.219970703125
2006-11-15,620.25,12.69,1160.0,314.0,1180.0,321.0,4900.0,400.0,260.0,6229.7998046875,1396.5699462890625
2006-11-16,624.5,12.94,1196.0,321.0,1179.0,322.0,4900.0,400.0,260.0,6254.89990234375,1399.760009765625
2006-11-17,618.25,12.75,1160.0,316.0,1167.0,321.0,4880.0,400.0,270.0,6192.0,1401.199951171875
2006-11-20,624.0,12.92,1262.0,321.0,1225.0,322.0,4860.0,400.0,270.0,6204.5,1400.5
2006-11-21,625.0,12.92,1355.0,328.0,1390.0,327.0,4860.0,400.0,280.0,6202.60009765625,1402.81005859375
2006-11-22,627.75,13.07,1140.0,325.0,1190.0,328.0,4860.0,400.0,285.0,6160.2998046875,1406.0899658203125
2006-11-23,630.7,13.12,1163.0,323.0,1175.0,327.0,4860.0,400.0,285.0,6140.0,1406.0899658203125
2006-11-24,636.0,13.365,1192.0,328.0,1182.0,326.0,4860.0,400.0,295.0,6122.10009765625,1400.949951171875
2006-11-27,637.5,13.485,1174.0,327.0,1195.0,329.0,4860.0,400.0,320.0,6050.10009765625,1381.9599609375
2006-11-28,637.75,13.44,1185.0,324.0,1170.0,328.0,4860.0,400.0,320.0,6025.89990234375,1386.719970703125
2006-11-29,638.25,13.65,1145.0,319.0,1170.0,328.0,4860.0,400.0,340.0,6084.39990234375,1399.47998046875
2006-11-30,638.4,13.68,1171.0,327.0,1165.0,323.0,4860.0,400.0,375.0,6048.89990234375,1400.6300048828125
2006-12-01,644.4,13.85,1156.0,326.0,1181.0,330.0,4890.0,400.0,375.0,6021.5,1396.7099609375
2006-12-04,644.8,14.05,1156.0,326.0,1174.0,330.0,5000.0,400.0,390.0,6050.39990234375,1409.1199951171875
2006-12-05,643.0,14.045,1141.0,331.0,1140.0,329.0,5000.0,400.0,395.0,6086.39990234375,1414.760009765625
2006-12-06,636.75,13.68,1126.0,326.0,1129.0,331.0,5050.0,400.0,395.0,6090.39990234375,1412.9000244140625
2006-12-07,630.5,13.67,1122.0,326.0,1115.0,326.0,5075.0,400.0,410.0,6131.5,1407.2900390625
2006-12-08,630.9,13.84,1117.0,329.5,1123.0,329.0,5075.0,400.0,420.0,6152.39990234375,1409.8399658203125
2006-12-11,625.5,13.72,1106.0,328.0,1115.0,329.0,5075.0,400.0,450.0,6159.7998046875,1413.0400390625
2006-12-12,629.5,13.85,1110.0,328.0,1118.0,332.0,5125.0,400.0,450.0,6156.39990234375,1411.56005859375
2006-12-13,629.0,13.795,1106.0,326.0,1117.0,330.0,5140.0,400.0,490.0,6192.5,1413.2099609375
2006-12-14,628.75,13.77,1110.0,328.0,1110.0,328.0,5240.0,400.0,490.0,6228.0,1425.489990234375
2006-12-15,626.0,13.73,1110.0,328.0,1114.0,329.0,5350.0,400.0,490.0,6260.0,1427.0899658203125
2006-12-18,617.5,12.97,1104.0,322.0,1101.0,326.0,5550.0,400.0,510.0,6247.39990234375,1422.47998046875
2006-12-19,616.0,12.46,1118.0,322.0,1107.0,325.0,5725.0,400.0,510.0,6204.0,1425.550048828125
2006-12-20,623.4,12.8,1122.0,325.0,1122.0,328.0,6000.0,400.0,530.0,6198.60009765625,1423.530029296875
2006-12-21,622.0,12.52,1119.0,324.0,1126.0,327.0,5900.0,400.0,550.0,6183.7001953125,1418.300048828125
2006-12-22,622.0,12.52,1119.0,324.0,1125.0,327.0,5700.0,400.0,570.0,6190.0,1410.760009765625
2006-12-26,622.0,12.52,1119.0,324.0,1125.0,327.0,5700.0,400.0,570.0,6190.0,1416.9000244140625
2006-12-27,628.3,12.86,1124.0,324.0,1128.0,328.0,5650.0,400.0,590.0,6245.2001953125,1426.8399658203125
2006-12-28,629.0,12.84,1118.0,323.5,1126.0,328.0,5550.0,400.0,590.0,6241.0,1424.72998046875
2006-12-29,629.0,12.84,1118.0,323.5,1124.0,327.0,5550.0,400.0,610.0,6220.7998046875,1418.300048828125
2007-01-02,640.75,13.01,1135.0,334.0,1135.0,334.0,5550.0,400.0,610.0,6310.89990234375,1418.300048828125
2007-01-03,636.75,12.91,1136.0,340.0,1140.0,336.0,5550.0,400.0,610.0,6319.0,1416.5999755859375
2007-01-04,625.25,12.62,1128.0,338.0,1131.0,337.0,5550.0,400.0,630.0,6287.0,1418.3399658203125
2007-01-05,626.0,12.7,1120.0,340.0,1130.0,340.0,5550.0,400.0,650.0,6220.10009765625,1409.7099609375
2007-01-08,608.3,12.21,1118.0,332.0,1114.0,335.0,5550.0,400.0,650.0,6194.2001953125,1412.8399658203125
2007-01-09,612.0,12.36,1123.0,329.0,1121.0,336.0,5575.0,400.0,690.0,6196.10009765625,1412.1099853515625
2007-01-10,610.75,12.45,1143.0,329.0,1135.0,334.0,5700.0,400.0,700.0,6160.7001953125,1414.8499755859375
2007-01-11,613.5,12.41,1143.0,331.0,1142.0,331.0,5850.0,400.0,700.0,6230.10009765625,1423.8199462890625
2007-01-12,614.1,12.43,1137.0,329.5,1144.0,331.0,5875.0,400.0,700.0,6239.0,1430.72998046875
2007-01-15,629.25,12.885,1147.0,330.0,1149.0,335.0,5850.0,400.0,700.0,6263.5,1430.72998046875
2007-01-16,625.6,12.84,1142.0,332.0,1144.0,332.0,5800.0,400.0,700.0,6215.7001953125,1431.9000244140625
2007-01-17,623.25,11.55,1136.0,332.0,1141.0,333.0,5725.0,400.0,700.0,6204.5,1430.6199951171875
2007-01-18,632.8,12.84,1157.0,339.0,1152.0,342.0,5675.0,400.0,700.0,6210.2998046875,1426.3699951171875
2007-01-19,629.0,12.72,1154.0,339.0,1158.0,341.0,5625.0,400.0,700.0,6237.2001953125,1430.5
2007-01-22,635.1,12.865,1160.0,342.0,1162.0,343.0,5600.0,400.0,700.0,6218.39990234375,1422.949951171875
2007-01-23,637.5,13.09,1168.0,347.5,1167.0,347.0,5625.0,400.0,700.0,6227.60009765625,1427.989990234375
2007-01-24,643.0,13.2,1166.0,346.0,1168.0,350.0,5800.0,400.0,700.0,6314.7998046875,1440.1300048828125
2007-01-25,648.75,13.38,1180.0,351.0,1171.0,350.0,5900.0,400.0,700.0,6269.2998046875,1423.9000244140625
2007-01-26,645.7,13.22,1169.0,349.0,1178.0,351.0,5975.0,400.0,720.0,6228.0,1422.1800537109375
2007-01-29,643.4,13.25,1164.0,340.0,1174.0,350.0,5975.0,400.0,720.0,6239.89990234375,1420.6199951171875
2007-01-30,642.25,13.15,1170.0,334.0,1171.0,343.0,5950.0,400.0,760.0,6242.0,1428.8199462890625
2007-01-31,645.75,13.36,1169.0,331.0,1170.0,340.0,5925.0,400.0,780.0,6203.10009765625,1438.239990234375
2007-02-01,652.55,13.58,1191.0,342.0,1182.0,341.0,5850.0,400.0,780.0,6282.2001953125,1445.93994140625
2007-02-02,654.75,13.66,1165.0,339.0,1185.0,343.0,5825.0,400.0,800.0,6310.89990234375,1448.3900146484375
2007-02-05,648.0,13.29,1165.0,338.0,1166.0,336.0,5825.0,400.0,820.0,6317.89990234375,1446.989990234375
2007-02-06,653.9,13.66,1186.0,342.0,1178.0,342.0,5875.0,400.0,820.0,6346.2998046875,1448.0
2007-02-07,655.25,13.65,1195.0,343.0,1191.0,345.0,5975.0,410.0,830.0,6369.5,1450.02001953125
2007-02-08,650.55,13.53,1187.0,337.0,1192.0,344.0,6000.0,410.0,850.0,6346.39990234375,1448.31005859375
2007-02-09,657.85,13.84,1196.0,336.0,1202.0,343.0,5975.0,425.0,870.0,6382.7998046875,1438.06005859375
2007-02-12,663.35,13.78,1189.0,336.0,1200.0,340.0,5900.0,425.0,870.0,6353.5,1433.3699951171875
2007-02-13,664.75,13.79,1194.0,337.0,1195.0,339.0,5900.0,425.0,870.0,6381.7998046875,1444.260009765625
2007-02-14,668.25,13.96,1216.0,343.0,1215.0,343.0,5975.0,425.0,870.0,6421.2001953125,1455.300048828125
2007-02-15,670.0,13.98,1213.0,342.0,1215.0,343.0,6000.0,425.0,870.0,6433.2998046875,1456.81005859375
2007-02-16,665.25,13.9,1195.0,338.0,1202.0,343.0,6000.0,460.0,870.0,6419.5,1455.5400390625
2007-02-19,670.5,14.03,1217.0,340.0,1222.0,343.0,6000.0,460.0,870.0,6444.39990234375,1455.5400390625
2007-02-20,668.6,13.9,1208.0,335.0,1218.0,342.0,6000.0,460.0,870.0,6412.2998046875,1459.6800537109375
2007-02-21,658.6,13.74,1210.0,337.0,1209.0,340.0,6000.0,460.0,870.0,6357.10009765625,1457.6300048828125
2007-02-22,676.4,14.25,1225.0,348.0,1228.0,346.0,5975.0,460.0,870.0,6380.89990234375,1456.3800048828125
2007-02-23,677.5,14.28,1234.0,353.0,1225.0,348.0,5950.0,460.0,870.0,6401.5,1451.18994140625
2007-02-26,684.5,14.58,1236.0,355.25,1244.0,359.0,5950.0,460.0,850.0,6434.7001953125,1449.3699951171875
2007-02-27,684.5,14.49,1230.0,349.0,1238.0,356.0,5950.0,460.0,850.0,6286.10009765625,1399.0400390625
2007-02-28,677.0,14.31,1239.0,346.0,1239.0,348.0,5950.0,460.0,850.0,6171.5,1406.8199462890625
2007-03-01,673.6,14.29,1248.0,353.0,1240.0,352.0,5975.0,460.0,850.0,6116.0,1403.1700439453125
2007-03-02,664.0,13.53,1203.0,347.0,1226.0,351.0,5975.0,460.0,850.0,6116.2001953125,1387.1700439453125
2007-03-05,638.6,12.605,1165.0,338.0,1190.0,340.0,5975.0,460.0,850.0,6058.7001953125,1374.1199951171875
2007-03-06,644.6,12.935,1190.0,343.0,1195.0,345.0,5975.0,460.0,850.0,6138.5,1395.4100341796875
2007-03-07,646.35,12.89,1186.0,346.0,1184.0,348.0,5975.0,460.0,850.0,6156.5,1391.969970703125
2007-03-08,653.75,13.09,1195.0,351.0,1197.0,349.0,5975.0,460.0,850.0,6227.7001953125,1401.8900146484375
2007-03-09,653.85,13.07,1203.0,352.0,1208.0,353.0,6000.0,460.0,820.0,6245.2001953125,1402.8399658203125
2007-03-12,652.5,12.97,1203.0,352.0,1203.0,353.0,6025.0,460.0,820.0,6233.2998046875,1406.5999755859375
2007-03-13,650.5,12.92,1220.0,349.0,1206.0,352.0,6025.0,460.0,820.0,6161.2001953125,1377.949951171875
2007-03-14,640.75,12.65,1203.0,347.0,1200.0,348.0,6025.0,460.0,820.0,6000.7001953125,1387.1700439453125
2007-03-15,646.1,12.9,1215.0,350.0,1210.0,349.0,6025.0,460.0,800.0,6133.2001953125,1392.280029296875
2007-03-16,650.65,13.07,1219.0,351.0,1217.0,352.0,6025.0,460.0,800.0,6130.60009765625,1386.949951171875
2007-03-19,654.5,13.16,1226.0,352.0,1227.0,352.0,6025.0,460.0,775.0,6189.39990234375,1402.06005859375
2007-03-20,654.4,13.25,1231.0,352.0,1226.0,352.0,6025.0,460.0,775.0,6220.2998046875,1410.93994140625
2007-03-21,660.5,13.33,1232.0,351.0,1235.0,352.0,6050.0,460.0,775.0,6256.7998046875,1435.0400390625
2007-03-22,664.0,13.375,1236.0,353.0,1237.0,353.0,6100.0,460.0,750.0,6318.0,1434.5400390625
2007-03-23,662.15,13.37,1232.0,354.0,1235.0,355.0,6175.0,460.0,725.0,6339.39990234375,1436.1099853515625
2007-03-26,659.65,13.26,1237.0,353.0,1235.0,355.0,6175.0,460.0,725.0,6291.89990234375,1437.5
2007-03-27,665.15,13.34,1239.0,353.0,1239.0,357.0,6175.0,460.0,700.0,6292.60009765625,1428.6099853515625
2007-03-28,665.6,13.36,1246.0,352.0,1246.0,356.0,6200.0,460.0,700.0,6267.2001953125,1417.22998046875
2007-03-29,664.9,13.34,1241.0,352.0,1246.0,356.0,6225.0,460.0,700.0,6324.2001953125,1422.530029296875
2007-03-30,663.5,13.35,1244.0,351.75,1246.0,356.0,6225.0,460.0,700.0,6308.0,1420.8599853515625
2007-04-02,663.3,13.335,1235.0,352.5,1242.0,355.0,6200.0,460.0,700.0,6315.5,1424.550048828125
2007-04-03,663.5,13.28,1245.0,352.0,1245.0,354.0,6175.0,460.0,700.0,6366.10009765625,1437.77001953125
2007-04-04,665.9,13.45,1248.0,355.0,1246.0,353.0,6150.0,460.0,700.0,6364.7001953125,1439.3699951171875
2007-04-05,672.6,13.58,1251.0,350.5,1253.0,355.0,6150.0,460.0,700.0,6397.2998046875,1443.760009765625
2007-04-09,672.6,13.58,1251.0,350.5,1253.0,355.0,6150.0,460.0,700.0,6397.2998046875,1444.6099853515625
2007-04-10,676.85,13.84,1262.0,358.0,1260.0,360.0,6275.0,460.0,675.0,6417.7998046875,1448.3900146484375
2007-04-11,679.1,13.92,1265.0,364.0,1262.0,363.0,6350.0,460.0,675.0,6413.2998046875,1438.8699951171875
2007-04-12,678.5,13.84,1266.0,369.0,1270.0,369.0,6400.0,460.0,675.0,6416.39990234375,1447.800048828125
2007-04-13,677.0,13.88,1266.0,369.0,1267.0,371.0,6450.0,460.0,675.0,6462.39990234375,1452.8499755859375
2007-04-16,687.25,14.09,1276.0,373.0,1284.0,381.0,6475.0,460.0,675.0,6516.2001953125,1468.3299560546875
2007-04-17,688.0,13.96,1270.0,373.0,1276.0,376.0,6500.0,460.0,675.0,6497.7998046875,1471.47998046875
2007-04-18,690.4,13.96,1281.0,374.5,1285.0,378.0,6500.0,460.0,675.0,6449.39990234375,1472.5
2007-04-19,687.25,13.835,1292.0,375.0,1284.0,377.0,6450.0,460.0,675.0,6440.60009765625,1470.72998046875
2007-04-20,687.6,13.87,1317.0,382.0,1312.0,378.0,6400.0,460.0,650.0,6486.7998046875,1484.3499755859375
2007-04-23,691.0,13.86,1318.0,380.0,1327.0,386.0,6400.0,460.0,650.0,6479.7001953125,1480.9300537109375
2007-04-24,689.7,14.03,1321.0,381.0,1325.0,384.0,6400.0,460.0,650.0,6429.5,1480.4100341796875
2007-04-25,686.2,13.79,1307.0,378.0,1307.0,377.0,6350.0,460.0,650.0,6462.0,1495.4200439453125
2007-04-26,685.5,13.66,1300.0,374.0,1312.0,380.0,6200.0,460.0,650.0,6469.39990234375,1494.25
2007-04-27,672.5,13.35,1281.0,371.0,1293.0,372.0,5950.0,460.0,630.0,6418.7001953125,1494.0699462890625
2007-04-30,678.0,13.5,1286.0,371.0,1290.0,373.0,5950.0,460.0,630.0,6449.2001953125,1482.3699951171875
2007-05-01,677.5,13.45,1285.0,368.0,1292.0,371.0,5950.0,460.0,630.0,6419.60009765625,1486.300048828125
2007-05-02,673.25,13.18,1285.0,370.0,1293.0,373.0,5950.0,460.0,630.0,6484.5,1495.9200439453125
2007-05-03,675.9,13.33,1299.0,374.0,1290.0,373.0,5950.0,460.0,630.0,6537.7998046875,1502.3900146484375
2007-05-04,680.8,13.4,1311.0,374.0,1303.0,374.0,5950.0,460.0,630.0,6603.7001953125,1505.6199951171875
2007-05-07,680.8,13.4,1311.0,374.0,1340.0,381.0,5950.0,460.0,630.0,6603.7001953125,1509.47998046875
2007-05-08,685.9,13.48,1328.0,374.5,1334.0,378.0,5975.0,460.0,630.0,6550.39990234375,1507.719970703125
2007-05-09,686.5,13.45,1326.0,370.0,1334.0,373.0,6000.0,460.0,615.0,6549.60009765625,1512.5799560546875
2007-05-10,677.85,13.29,1321.0,362.0,1328.0,366.0,6075.0,460.0,615.0,6524.10009765625,1491.469970703125
2007-05-11,667.85,13.04,1324.0,363.0,1319.0,362.0,6350.0,460.0,615.0,6565.7001953125,1505.8499755859375
2007-05-14,674.2,13.19,1329.0,363.0,1334.0,368.0,6350.0,460.0,615.0,6555.5,1503.1500244140625
2007-05-15,667.0,13.02,1320.0,356.0,1325.0,362.0,6325.0,460.0,600.0,6568.7001953125,1501.18994140625
2007-05-16,670.9,13.16,1326.0,359.0,1332.0,362.0,6250.0,460.0,600.0,6559.5,1514.1400146484375
2007-05-17,663.2,12.9,1302.0,357.9,1318.0,359.0,6225.0,460.0,600.0,6579.2998046875,1512.75
2007-05-18,660.75,12.87,1308.0,362.0,1307.0,361.0,6200.0,460.0,590.0,6640.89990234375,1522.75
2007-05-21,662.4,12.93,1305.0,366.0,1310.0,365.0,6200.0,460.0,590.0,6636.7998046875,1525.0999755859375
2007-05-22,663.5,13.07,1294.0,375.5,1304.0,374.0,6200.0,460.0,590.0,6606.60009765625,1524.1199951171875
2007-05-23,659.2,12.96,1295.0,374.0,1302.0,378.0,6225.0,460.0,590.0,6616.39990234375,1522.280029296875
2007-05-24,661.5,13.04,1290.0,373.0,1297.0,376.0,6225.0,460.0,590.0,6565.5,1507.510009765625
2007-05-25,655.0,12.925,1276.0,367.5,1284.0,368.0,6225.0,460.0,590.0,6570.60009765625,1515.72998046875
2007-05-28,655.0,12.925,1276.0,367.5,1270.0,368.0,6200.0,460.0,580.0,6570.60009765625,1515.72998046875
2007-05-29,657.6,13.03,1267.0,370.0,1269.0,369.0,6200.0,460.0,580.0,6606.5,1518.1099853515625
2007-05-30,657.1,13.11,1257.0,365.0,1270.0,369.0,6150.0,460.0,580.0,6602.10009765625,1530.22998046875
2007-05-31,656.6,13.25,1280.0,367.0,1270.0,368.0,6115.0,460.0,570.0,6621.5,1530.6199951171875
2007-06-01,662.5,13.53,1290.0,371.0,1290.0,370.0,6070.0,450.0,550.0,6676.7001953125,1536.3399658203125
2007-06-04,670.75,13.67,1292.0,372.0,1294.0,374.0,6020.0,450.0,550.0,6664.10009765625,1539.1800537109375
2007-06-05,671.3,13.71,1296.0,369.0,1299.0,372.0,6000.0,450.0,530.0,6632.7998046875,1530.949951171875
2007-06-06,669.8,13.69,1288.0,366.0,1299.0,370.0,5980.0,450.0,510.0,6522.7001953125,1517.3800048828125
2007-06-07,670.85,13.65,1300.0,367.0,1303.0,370.0,6020.0,450.0,510.0,6505.10009765625,1490.719970703125
2007-06-08,656.75,13.31,1288.0,369.0,1291.0,368.0,6070.0,450.0,500.0,6505.10009765625,1507.6700439453125
2007-06-11,652.75,13.16,1291.0,366.0,1290.0,367.0,6100.0,450.0,500.0,6567.5,1509.1199951171875
2007-06-12,652.8,13.15,1290.0,367.0,1294.0,371.0,6100.0,450.0,480.0,6520.5,1493.0
2007-06-13,644.1,12.86,1275.0,364.0,1284.0,367.0,6100.0,450.0,480.0,6559.60009765625,1515.6700439453125
2007-06-14,650.75,13.04,1276.0,368.0,1284.0,369.0,6080.0,450.0,480.0,6649.89990234375,1522.969970703125
2007-06-15,650.6,13.06,1278.0,367.0,1281.0,369.0,6060.0,450.0,480.0,6732.39990234375,1532.9100341796875
2007-06-18,658.0,13.31,1293.0,370.0,1294.0,373.0,6060.0,450.0,480.0,6703.5,1531.050048828125
2007-06-19,655.1,13.19,1289.0,369.5,1295.0,372.0,6075.0,450.0,480.0,6650.2001953125,1533.699951171875
2007-06-20,659.6,13.34,1295.0,374.0,1296.0,371.0,6090.0,450.0,460.0,6649.2998046875,1512.8399658203125
2007-06-21,654.8,13.17,1290.0,375.0,1294.0,374.0,6250.0,450.0,460.0,6596.0,1522.18994140625
2007-06-22,652.0,13.15,1301.0,375.0,1292.0,375.0,6250.0,450.0,430.0,6567.39990234375,1502.56005859375
2007-06-25,651.25,12.96,1288.0,371.5,1298.0,376.0,6200.0,450.0,430.0,6588.39990234375,1497.739990234375
2007-06-26,649.55,12.85,1273.0,369.0,1284.0,370.0,6150.0,450.0,430.0,6559.2998046875,1492.8900146484375
2007-06-27,642.85,12.26,1266.0,365.5,1272.0,366.0,6120.0,450.0,430.0,6527.60009765625,1506.3399658203125
2007-06-28,645.7,12.425,1279.0,365.5,1277.0,368.0,6175.0,450.0,430.0,6571.2998046875,1505.7099609375
2007-06-29,648.5,12.54,1273.0,365.0,1276.0,368.0,6250.0,450.0,430.0,6607.89990234375,1503.3499755859375
2007-07-02,650.5,12.47,1277.5,366.0,1274.0,369.0,6250.0,450.0,430.0,6590.60009765625,1519.4300537109375
2007-07-03,657.25,12.6,1281.0,365.0,1287.0,370.0,6200.0,450.0,430.0,6639.7998046875,1524.8699951171875
2007-07-04,654.0,12.605,1283.0,364.0,1287.0,368.0,6125.0,450.0,400.0,6673.10009765625,1524.8699951171875
2007-07-05,655.9,12.6,1290.0,365.0,1290.0,366.0,6100.0,450.0,400.0,6635.2001953125,1525.4000244140625
2007-07-06,647.75,12.4,1287.0,363.0,1288.0,365.0,6025.0,450.0,400.0,6690.10009765625,1530.43994140625
2007-07-09,657.0,12.74,1303.0,368.0,1294.0,366.0,6025.0,450.0,380.0,6712.7001953125,1531.8499755859375
2007-07-10,661.15,12.76,1296.0,367.0,1299.0,369.0,6025.0,450.0,380.0,6630.89990234375,1510.1199951171875
2007-07-11,664.0,12.95,1306.0,367.0,1310.0,369.0,6025.0,450.0,380.0,6615.10009765625,1518.760009765625
2007-07-12,663.0,12.95,1308.0,367.0,1310.0,368.0,6025.0,450.0,380.0,6697.7001953125,1547.699951171875
2007-07-13,667.5,13.125,1313.0,368.0,1314.0,370.0,6025.0,450.0,380.0,6716.7001953125,1552.5
2007-07-16,667.25,13.03,1313.0,367.0,1316.0,368.0,6000.0,450.0,380.0,6697.7001953125,1549.52001953125
2007-07-17,663.15,12.9,1309.0,366.0,1310.0,368.0,5980.0,450.0,380.0,6659.2001953125,1549.3699951171875
2007-07-18,667.75,12.94,1309.0,366.0,1317.0,367.0,5960.0,450.0,380.0,6567.10009765625,1546.1700439453125
2007-07-19,673.0,13.25,1322.0,369.0,1323.0,369.0,5960.0,450.0,380.0,6640.2001953125,1553.0799560546875
2007-07-20,676.0,13.29,1332.0,370.5,1325.0,372.0,6000.0,450.0,380.0,6585.2001953125,1534.0999755859375
2007-07-23,683.5,13.34,1329.0,370.5,1338.0,372.0,6025.0,450.0,380.0,6624.39990234375,1541.5699462890625
2007-07-24,682.75,13.34,1333.0,368.0,1331.0,372.0,6040.0,450.0,380.0,6498.7001953125,1511.0400390625
2007-07-25,677.25,13.175,1317.0,364.5,1327.0,368.0,6100.0,450.0,380.0,6454.2998046875,1518.0899658203125
2007-07-26,675.4,13.13,1314.0,364.0,1325.0,365.0,6120.0,450.0,390.0,6251.2001953125,1482.6600341796875
2007-07-27,663.5,12.75,1284.0,362.0,1317.0,364.0,6120.0,450.0,390.0,6215.2001953125,1458.949951171875
2007-07-30,661.5,12.73,1270.0,363.0,1281.0,361.0,6100.0,450.0,400.0,6206.10009765625,1473.9100341796875
2007-07-31,666.75,12.93,1292.0,365.0,1293.0,365.0,6075.0,450.0,410.0,6360.10009765625,1455.27001953125
2007-08-01,660.25,12.77,1283.0,363.0,1281.0,366.0,6050.0,450.0,440.0,6250.60009765625,1465.81005859375
2007-08-02,665.35,12.96,1287.0,366.0,1285.0,365.0,6025.0,450.0,470.0,6300.2998046875,1472.199951171875
2007-08-03,666.35,12.96,1286.0,364.0,1287.0,365.0,6060.0,450.0,470.0,6224.2998046875,1433.06005859375
2007-08-06,674.15,13.1,1294.0,364.0,1297.0,365.0,6100.0,450.0,490.0,6189.10009765625,1467.6700439453125
2007-08-07,669.25,12.99,1282.0,359.0,1286.0,363.0,6150.0,450.0,490.0,6308.7998046875,1476.7099609375
2007-08-08,670.4,13.03,1286.0,363.0,1285.0,362.0,6150.0,450.0,490.0,6393.89990234375,1497.489990234375
2007-08-09,670.85,12.975,1268.0,360.0,1282.0,364.0,6150.0,450.0,490.0,6271.2001953125,1453.0899658203125
2007-08-10,664.5,12.69,1269.0,349.0,1270.0,357.0,6125.0,450.0,490.0,6038.2998046875,1453.6400146484375
2007-08-13,669.85,12.87,1276.0,354.0,1274.0,354.0,6100.0,450.0,490.0,6219.0,1452.9200439453125
2007-08-14,667.35,12.76,1272.0,350.0,1280.0,356.0,6100.0,450.0,490.0,6143.5,1426.5400390625
2007-08-15,665.0,12.51,1262.0,346.0,1265.0,352.0,6100.0,450.0,490.0,6109.2998046875,1406.699951171875
2007-08-16,664.15,12.365,1245.0,337.0,1258.0,345.0,6100.0,450.0,490.0,5858.89990234375,1411.27001953125
2007-08-17,653.0,11.69,1245.0,334.0,1232.0,334.0,6080.0,450.0,490.0,6064.2001953125,1445.93994140625
2007-08-20,658.5,11.95,1249.0,329.5,1243.0,331.0,6080.0,450.0,490.0,6078.7001953125,1445.550048828125
2007-08-21,655.5,11.67,1244.0,327.0,1249.0,329.0,6080.0,450.0,490.0,6086.10009765625,1447.1199951171875
2007-08-22,657.15,11.68,1240.0,320.0,1238.0,319.0,6080.0,450.0,490.0,6196.0,1464.0699462890625
2007-08-23,662.25,11.88,1246.0,327.0,1249.0,326.0,6080.0,450.0,490.0,6196.89990234375,1462.5
2007-08-24,659.15,11.7,1240.0,324.0,1241.0,327.0,6100.0,450.0,490.0,6220.10009765625,1479.3699951171875
2007-08-27,659.15,11.7,1240.0,324.0,1251.0,331.0,6100.0,450.0,490.0,6220.10009765625,1466.7900390625
2007-08-28,667.0,11.83,1255.0,326.75,1260.0,334.0,6100.0,450.0,490.0,6102.2001953125,1432.3599853515625
2007-08-29,664.75,11.8,1260.0,326.0,1258.0,329.0,6125.0,450.0,490.0,6132.2001953125,1463.760009765625
2007-08-30,666.3,11.86,1266.0,327.0,1264.0,332.0,6150.0,450.0,475.0,6212.0,1457.6400146484375
2007-08-31,668.0,11.95,1268.0,330.0,1273.0,334.0,6175.0,450.0,475.0,6303.2998046875,1473.989990234375
2007-09-03,672.75,12.1,1268.0,330.0,1274.0,335.0,6175.0,450.0,475.0,6315.2001953125,1473.989990234375
2007-09-04,673.5,12.095,1270.0,331.0,1279.0,334.0,6175.0,450.0,475.0,6376.7998046875,1489.4200439453125
2007-09-05,679.5,12.215,1273.0,333.0,1280.0,334.0,6200.0,450.0,475.0,6270.7001953125,1472.2900390625
2007-09-06,683.5,12.245,1281.0,333.0,1281.0,336.0,6225.0,450.0,475.0,6313.2998046875,1478.550048828125
2007-09-07,695.0,12.57,1289.0,334.0,1290.0,338.0,6225.0,450.0,475.0,6191.2001953125,1453.550048828125
2007-09-10,704.0,12.56,1292.0,334.0,1298.0,337.0,6225.0,450.0,475.0,6134.10009765625,1451.699951171875
2007-09-11,704.25,12.57,1292.0,333.0,1295.0,335.0,6225.0,450.0,475.0,6280.7001953125,1471.489990234375
2007-09-12,711.75,12.66,1299.0,333.5,1307.0,336.0,6200.0,450.0,475.0,6306.2001953125,1471.56005859375
2007-09-13,708.1,12.47,1297.0,331.0,1303.0,336.0,6200.0,450.0,475.0,6363.89990234375,1483.949951171875
2007-09-14,706.75,12.5,1294.0,330.0,1294.0,333.0,6200.0,450.0,475.0,6289.2998046875,1484.25
2007-09-17,710.25,12.59,1298.0,330.0,1302.0,331.0,6225.0,450.0,475.0,6182.7998046875,1476.6500244140625
2007-09-18,717.7,12.96,1300.0,331.0,1304.0,334.0,6250.0,450.0,475.0,6283.2998046875,1519.780029296875
2007-09-19,723.75,12.995,1306.0,332.0,1312.0,335.0,6250.0,450.0,475.0,6460.0,1529.030029296875
2007-09-20,727.75,13.17,1323.0,336.0,1315.0,335.0,6250.0,450.0,480.0,6429.0,1518.75
2007-09-21,735.35,13.47,1332.0,340.0,1343.0,342.0,6225.0,450.0,490.0,6456.7001953125,1525.75
2007-09-24,733.25,13.62,1331.0,340.0,1335.0,342.0,6200.0,450.0,490.0,6465.89990234375,1517.72998046875
2007-09-25,727.7,13.28,1333.0,337.5,1339.0,343.0,6175.0,450.0,495.0,6396.89990234375,1517.2099609375
2007-09-26,730.55,13.44,1348.0,337.0,1350.0,341.0,6150.0,450.0,495.0,6433.0,1525.4200439453125
2007-09-27,729.75,13.51,1350.0,342.0,1349.0,342.0,6125.0,450.0,520.0,6486.39990234375,1531.3800048828125
2007-09-28,737.75,13.65,1377.0,343.75,1366.0,345.0,6125.0,450.0,520.0,6466.7998046875,1526.75
2007-10-01,745.25,13.775,1377.0,352.0,1389.0,349.0,6150.0,450.0,520.0,6506.2998046875,1547.0400390625
2007-10-02,735.75,13.28,1359.0,349.5,1360.0,356.0,6175.0,450.0,530.0,6500.39990234375,1546.6300048828125
2007-10-03,733.15,13.35,1359.0,349.5,1361.0,352.0,6200.0,450.0,530.0,6535.2001953125,1539.5899658203125
2007-10-04,726.75,13.22,1357.0,359.0,1356.0,360.0,6200.0,450.0,530.0,6547.89990234375,1542.8399658203125
2007-10-05,735.85,13.435,1364.0,366.0,1369.0,371.0,6200.0,450.0,530.0,6595.7998046875,1557.5899658203125
2007-10-08,736.5,13.29,1369.0,363.0,1373.0,367.0,6200.0,450.0,550.0,6540.89990234375,1552.5799560546875
2007-10-09,728.8,13.21,1357.0,359.0,1358.0,362.0,6200.0,450.0,550.0,6615.39990234375,1565.1500244140625
2007-10-10,740.5,13.62,1389.0,375.0,1377.0,367.0,6200.0,450.0,570.0,6633.0,1562.469970703125
2007-10-11,747.5,13.67,1394.0,378.0,1392.0,376.0,6225.0,450.0,580.0,6724.5,1554.4100341796875
2007-10-12,748.5,13.79,1416.0,377.0,1402.0,378.0,6250.0,450.0,580.0,6730.7001953125,1561.800048828125
2007-10-15,755.85,13.95,1426.0,379.0,1424.0,380.0,6275.0,450.0,580.0,6644.5,1548.7099609375
2007-10-16,761.75,13.66,1410.0,369.0,1425.0,375.0,6275.0,450.0,580.0,6614.2998046875,1538.530029296875
2007-10-17,759.75,13.6,1421.0,371.0,1414.0,370.0,6300.0,450.0,580.0,6677.7001953125,1541.239990234375
2007-10-18,758.35,13.68,1446.0,371.0,1447.0,374.0,6325.0,450.0,580.0,6609.39990234375,1540.0799560546875
2007-10-19,768.25,13.83,1452.0,370.0,1455.0,374.0,6325.0,450.0,580.0,6527.89990234375,1500.6300048828125
2007-10-22,755.6,13.35,1431.0,359.5,1441.0,361.0,6325.0,450.0,580.0,6459.2998046875,1506.3299560546875
2007-10-23,757.5,13.57,1447.0,363.0,1440.0,364.0,6325.0,450.0,580.0,6514.0,1519.5899658203125
2007-10-24,757.35,13.44,1437.0,358.0,1440.0,364.0,6325.0,450.0,575.0,6482.0,1515.8800048828125
2007-10-25,765.0,13.725,1447.0,361.0,1443.0,360.0,6300.0,450.0,565.0,6576.2998046875,1514.4000244140625
2007-10-26,775.6,14.07,1454.0,370.0,1455.0,370.0,6275.0,450.0,565.0,6661.2998046875,1535.280029296875
2007-10-29,792.5,14.41,1457.0,372.0,1462.0,375.0,6250.0,450.0,565.0,6706.0,1540.97998046875
2007-10-30,784.0,14.175,1443.0,367.5,1449.0,373.0,6250.0,450.0,565.0,6659.0,1531.02001953125
2007-10-31,783.0,14.32,1440.0,370.0,1444.0,371.0,6250.0,450.0,565.0,6721.60009765625,1549.3800048828125
2007-11-01,792.0,14.36,1443.0,370.0,1456.0,374.0,6300.0,450.0,565.0,6586.10009765625,1508.43994140625
2007-11-02,790.75,14.32,1439.0,369.0,1439.0,371.0,6350.0,450.0,555.0,6530.60009765625,1509.6500244140625
2007-11-05,802.5,14.49,1458.0,373.0,1458.0,376.0,6375.0,450.0,555.0,6461.39990234375,1502.1700439453125
2007-11-06,817.55,14.96,1472.0,376.0,1465.0,374.0,6400.0,450.0,555.0,6474.89990234375,1520.27001953125
2007-11-07,841.75,15.82,1470.0,374.5,1484.0,383.0,6525.0,450.0,555.0,6385.10009765625,1475.6199951171875
2007-11-08,832.25,15.36,1462.0,373.0,1462.0,373.0,6550.0,450.0,555.0,6381.89990234375,1474.77001953125
2007-11-09,836.0,15.15,1434.0,370.0,1453.0,373.0,6575.0,450.0,545.0,6304.89990234375,1453.699951171875
2007-11-12,817.0,15.14,1389.0,364.0,1428.0,370.0,6675.0,450.0,545.0,6337.89990234375,1439.1800537109375
2007-11-13,803.4,14.675,1415.0,369.0,1415.0,368.0,6750.0,450.0,535.0,6362.39990234375,1481.050048828125
2007-11-14,808.25,14.97,1440.0,371.0,1432.0,372.0,6700.0,450.0,535.0,6432.10009765625,1470.5799560546875
2007-11-15,806.0,14.82,1423.0,365.5,1435.0,372.0,6700.0,450.0,535.0,6359.60009765625,1451.1500244140625
2007-11-16,790.25,14.45,1450.0,366.0,1428.0,368.0,6675.0,450.0,535.0,6291.2001953125,1458.739990234375
2007-11-19,788.5,14.52,1455.0,362.0,1455.0,365.0,6675.0,450.0,525.0,6120.7998046875,1433.27001953125
2007-11-20,789.65,14.36,1460.0,361.0,1462.0,362.0,6675.0,450.0,515.0,6226.5,1439.699951171875
2007-11-21,796.25,14.55,1468.0,361.5,1475.0,366.0,6775.0,450.0,515.0,6070.89990234375,1416.77001953125
2007-11-22,802.25,14.52,1468.0,355.0,1470.0,359.0,6800.0,450.0,500.0,6155.2998046875,1416.77001953125
2007-11-23,810.5,14.55,1475.0,353.0,1478.0,357.0,6800.0,450.0,500.0,6262.10009765625,1440.699951171875
2007-11-26,836.25,14.885,1475.0,357.0,1485.0,360.0,6800.0,450.0,485.0,6180.5,1407.219970703125
2007-11-27,823.35,14.65,1456.0,351.5,1470.0,358.0,6800.0,450.0,485.0,6140.7001953125,1428.22998046875
2007-11-28,796.5,14.275,1440.0,345.0,1437.0,347.0,6775.0,450.0,475.0,6306.2001953125,1469.02001953125
2007-11-29,807.25,14.38,1440.0,343.5,1444.0,348.0,6775.0,450.0,475.0,6349.10009765625,1469.719970703125
2007-11-30,794.75,14.23,1440.0,349.0,1443.0,347.0,6775.0,450.0,475.0,6432.5,1481.1400146484375
2007-12-03,783.75,13.86,1450.0,347.0,1454.0,354.0,6775.0,450.0,475.0,6386.60009765625,1472.4200439453125
2007-12-04,790.25,14.25,1464.0,347.0,1464.0,352.0,6825.0,450.0,475.0,6315.2001953125,1462.7900390625
2007-12-05,801.75,14.34,1468.0,347.5,1475.0,352.0,6825.0,450.0,460.0,6493.7998046875,1485.010009765625
2007-12-06,788.75,14.06,1460.0,345.0,1466.0,352.0,6825.0,450.0,460.0,6485.60009765625,1507.3399658203125
2007-12-07,799.75,14.44,1458.0,344.0,1468.0,348.0,6825.0,450.0,460.0,6554.89990234375,1504.6600341796875
2007-12-10,800.0,14.38,1463.0,345.0,1462.0,346.0,6800.0,450.0,450.0,6565.39990234375,1515.9599609375
2007-12-11,806.75,14.615,1462.0,345.0,1466.0,346.0,6800.0,450.0,450.0,6536.89990234375,1477.6500244140625
2007-12-12,807.5,14.635,1474.0,349.0,1468.0,349.0,6800.0,450.0,440.0,6559.7998046875,1486.5899658203125
2007-12-13,809.0,14.61,1477.0,347.0,1478.0,349.0,6800.0,450.0,440.0,6364.2001953125,1488.4100341796875
2007-12-14,796.25,14.01,1462.0,346.0,1476.0,347.0,6800.0,450.0,430.0,6397.0,1467.949951171875
2007-12-17,787.0,13.745,1482.0,351.5,1478.0,351.0,6800.0,450.0,430.0,6277.7998046875,1445.9000244140625
2007-12-18,796.25,13.97,1510.0,357.0,1486.0,356.0,6800.0,450.0,430.0,6279.2998046875,1454.97998046875
2007-12-19,801.5,13.98,1510.0,355.0,1518.0,359.0,6800.0,450.0,430.0,6284.5,1453.0
2007-12-20,799.5,13.97,1514.0,354.0,1512.0,354.0,6800.0,450.0,430.0,6345.60009765625,1460.1199951171875
2007-12-21,803.0,14.29,1516.0,355.0,1516.0,354.0,6825.0,450.0,430.0,6434.10009765625,1484.4599609375
2007-12-24,803.0,14.29,1516.0,355.0,1527.0,357.0,6825.0,450.0,415.0,6479.2998046875,1496.449951171875
2007-12-26,803.0,14.29,1516.0,355.0,1527.0,357.0,6825.0,450.0,415.0,6479.2998046875,1497.6600341796875
2007-12-27,822.5,14.67,1544.0,360.5,1531.0,366.0,6850.0,450.0,415.0,6497.7998046875,1476.27001953125
2007-12-28,828.5,14.75,1530.0,364.0,1537.0,365.0,6850.0,450.0,415.0,6476.89990234375,1478.489990234375
2007-12-31,828.5,14.75,1530.0,364.0,1537.0,368.0,6850.0,450.0,415.0,6456.89990234375,1468.3599853515625
2008-01-02,840.75,14.93,1541.0,371.0,1530.0,370.0,6850.0,450.0,415.0,6416.7001953125,1447.1600341796875
2008-01-03,865.35,15.38,1535.0,370.0,1545.0,375.0,6850.0,450.0,405.0,6479.39990234375,1447.1600341796875
2008-01-04,858.75,15.275,1545.0,372.0,1553.0,376.0,6870.0,450.0,405.0,6348.5,1411.6300048828125
2008-01-07,857.5,15.24,1531.0,370.5,1530.0,367.0,6890.0,450.0,405.0,6335.7001953125,1416.1800537109375
2008-01-08,873.25,15.485,1543.0,372.0,1539.0,374.0,6950.0,450.0,405.0,6356.5,1390.18994140625
2008-01-09,887.85,16.0,1550.0,374.0,1558.0,380.0,7025.0,450.0,405.0,6272.7001953125,1409.1300048828125
2008-01-10,874.25,15.62,1538.0,370.0,1540.0,374.0,7050.0,450.0,405.0,6222.7001953125,1420.3299560546875
2008-01-11,893.75,16.06,1564.0,375.0,1562.0,378.0,7050.0,450.0,410.0,6202.0,1401.02001953125
2008-01-14,911.5,16.5,1577.0,379.0,1580.0,381.0,7050.0,450.0,410.0,6215.7001953125,1416.25
2008-01-15,904.75,16.24,1575.0,378.5,1581.0,382.0,7050.0,450.0,410.0,6025.60009765625,1380.949951171875
2008-01-16,881.0,15.85,1561.0,375.0,1560.0,378.0,7050.0,450.0,415.0,5942.89990234375,1373.199951171875
2008-01-17,881.5,15.88,1564.0,373.0,1565.0,374.0,7050.0,450.0,415.0,5902.39990234375,1333.25
2008-01-18,872.75,15.825,1560.0,369.0,1549.0,368.0,7050.0,450.0,415.0,5901.7001953125,1325.18994140625
2008-01-21,874.25,15.77,1547.0,366.0,1560.0,371.0,7050.0,450.0,415.0,5578.2001953125,1325.18994140625
2008-01-22,862.0,15.57,1538.0,364.0,1515.0,363.0,7030.0,450.0,415.0,5740.10009765625,1310.5
2008-01-23,887.8,15.95,1546.0,365.0,1552.0,370.0,7010.0,450.0,415.0,5609.39990234375,1338.5999755859375
2008-01-24,891.5,16.35,1591.0,370.0,1575.0,370.0,6950.0,450.0,415.0,5875.7998046875,1352.0699462890625
2008-01-25,921.25,16.53,1681.0,380.5,1645.0,378.0,7000.0,450.0,415.0,5869.0,1330.6099853515625
2008-01-28,916.5,16.44,1693.0,379.0,1682.0,383.0,7120.0,450.0,415.0,5788.89990234375,1353.9599609375
2008-01-29,916.5,16.44,1693.0,379.0,1704.0,387.0,7300.0,450.0,415.0,5885.2001953125,1362.300048828125
2008-01-30,923.75,16.76,1686.0,386.0,1692.0,390.0,7300.0,450.0,415.0,5837.2998046875,1355.81005859375
2008-01-31,923.75,16.74,1731.0,388.0,1691.0,389.0,7300.0,450.0,415.0,5879.7998046875,1378.550048828125
2008-02-01,933.0,17.19,1755.0,410.5,1736.0,393.0,7325.0,450.0,415.0,6029.2001953125,1395.4200439453125
2008-02-04,899.5,16.7,1786.0,420.0,1792.0,419.0,7400.0,450.0,415.0,6026.2001953125,1380.8199462890625
2008-02-05,889.75,16.51,1768.0,413.0,1785.0,424.0,7440.0,450.0,415.0,5868.0,1336.6400146484375
2008-02-06,892.0,16.48,1813.0,417.0,1781.0,419.0,7440.0,450.0,415.0,5875.39990234375,1326.449951171875
2008-02-07,908.25,16.7,1827.0,421.0,1831.0,426.0,7570.0,450.0,415.0,5724.10009765625,1336.9100341796875
2008-02-08,914.0,16.95,1860.0,432.5,1850.0,430.0,7850.0,450.0,415.0,5784.0,1331.2900390625
2008-02-11,925.5,17.37,1924.0,443.0,1894.0,442.0,8075.0,450.0,420.0,5707.7001953125,1339.1300048828125
2008-02-12,920.25,17.46,1937.0,433.5,1974.0,450.0,8650.0,450.0,420.0,5910.0,1348.8599853515625
2008-02-13,905.75,16.98,1932.0,426.0,1915.0,428.0,8650.0,450.0,420.0,5880.10009765625,1367.2099609375
2008-02-14,910.85,17.26,1981.0,435.0,2008.0,446.0,8725.0,450.0,420.0,5879.2998046875,1348.8599853515625
2008-02-15,909.75,17.38,2060.0,440.0,2014.0,442.0,8725.0,450.0,420.0,5787.60009765625,1349.989990234375
2008-02-18,905.0,17.01,2109.0,459.0,2080.0,455.0,8875.0,450.0,420.0,5946.60009765625,1349.989990234375
2008-02-19,916.5,17.25,2145.0,479.0,2145.0,481.0,8950.0,450.0,420.0,5966.89990234375,1348.780029296875
2008-02-20,924.85,17.42,2073.0,472.0,2110.0,486.0,9080.0,450.0,420.0,5893.60009765625,1360.030029296875
2008-02-21,943.0,17.98,2180.0,519.0,2165.0,505.0,9080.0,450.0,420.0,5932.2001953125,1342.530029296875
2008-02-22,945.75,17.94,2155.0,506.0,2183.0,510.0,9080.0,450.0,420.0,5888.5,1353.1099853515625
2008-02-25,947.5,18.06,2144.0,524.0,2160.0,516.0,9080.0,450.0,425.0,5999.5,1371.800048828125
2008-02-26,934.0,18.12,2123.0,520.0,2127.0,515.0,9050.0,450.0,425.0,6087.39990234375,1381.2900390625
2008-02-27,958.75,19.33,2140.0,552.0,2170.0,558.0,9030.0,450.0,425.0,6076.5,1380.02001953125
2008-02-28,957.0,19.24,2131.0,556.0,2102.0,542.0,9030.0,450.0,425.0,5965.7001953125,1367.6800537109375
2008-02-29,969.0,19.62,2150.0,568.0,2165.0,588.0,9075.0,450.0,425.0,5884.2998046875,1330.6300048828125
2008-03-03,978.25,20.16,2174.0,579.0,2174.0,582.0,9075.0,450.0,425.0,5818.60009765625,1331.3399658203125
2008-03-04,981.75,20.32,2273.0,582.0,2280.0,585.0,9075.0,450.0,425.0,5767.7001953125,1326.75
2008-03-05,966.25,19.48,2189.0,532.0,2242.0,553.0,9300.0,450.0,425.0,5853.5,1333.699951171875
2008-03-06,986.25,20.8,2230.0,535.0,2263.0,555.0,9400.0,450.0,425.0,5766.39990234375,1304.3399658203125
2008-03-07,978.5,20.22,2082.0,506.0,2169.0,518.0,9425.0,450.0,425.0,5699.89990234375,1293.3699951171875
2008-03-10,973.15,19.57,1947.0,436.0,2075.0,500.0,9425.0,450.0,425.0,5629.10009765625,1273.3699951171875
2008-03-11,980.5,20.25,2055.0,483.0,2002.0,473.0,9425.0,450.0,425.0,5690.39990234375,1320.6500244140625
2008-03-12,975.75,19.7,2051.0,493.0,2020.0,486.0,9400.0,450.0,425.0,5776.39990234375,1308.77001953125
2008-03-13,988.25,20.79,2100.0,509.0,2080.0,511.0,9325.0,450.0,425.0,5692.39990234375,1315.47998046875
2008-03-14,997.0,20.41,2107.0,512.0,2095.0,507.0,9300.0,450.0,425.0,5631.7001953125,1288.1400146484375
2008-03-17,1023.5,20.92,1995.0,483.0,2075.0,508.0,9300.0,450.0,425.0,5414.39990234375,1276.5999755859375
2008-03-18,1005.75,20.38,1998.0,481.0,1960.0,470.0,9250.0,450.0,425.0,5605.7998046875,1330.739990234375
2008-03-19,995.25,19.88,1890.0,464.0,1970.0,475.0,9250.0,450.0,425.0,5545.60009765625,1298.4200439453125
2008-03-20,913.5,17.53,1823.0,430.0,1900.0,453.0,9250.0,450.0,425.0,5495.2001953125,1329.510009765625
2008-03-24,913.5,17.53,1823.0,430.0,1900.0,453.0,9250.0,450.0,425.0,5495.2001953125,1349.8800048828125
2008-03-25,930.65,17.57,1954.0,446.0,1895.0,445.0,9150.0,450.0,425.0,5689.10009765625,1352.989990234375
2008-03-26,945.75,18.07,1983.0,453.0,1977.0,458.0,9150.0,450.0,425.0,5660.39990234375,1341.1300048828125
2008-03-27,948.25,18.2,2002.0,446.0,2018.0,458.0,9150.0,450.0,425.0,5717.5,1325.760009765625
2008-03-28,944.5,18.36,1990.0,444.0,2037.0,448.0,9150.0,450.0,425.0,5692.89990234375,1315.219970703125
2008-03-31,937.25,17.99,2040.0,445.0,2030.0,446.0,9050.0,450.0,425.0,5702.10009765625,1322.699951171875
2008-04-01,897.0,16.74,1918.0,426.0,1955.0,435.0,8975.0,450.0,425.0,5852.60009765625,1370.1800537109375
2008-04-02,893.5,16.89,1927.0,432.0,1935.0,439.0,8925.0,450.0,425.0,5915.89990234375,1367.530029296875
2008-04-03,898.25,17.15,1975.0,437.0,1985.0,448.0,8925.0,450.0,420.0,5891.2998046875,1369.31005859375
2008-04-04,905.25,17.45,1989.0,438.0,1980.0,440.0,8925.0,450.0,415.0,5947.10009765625,1370.4000244140625
2008-04-07,914.7,17.96,2034.0,453.0,2025.0,448.0,8925.0,450.0,415.0,6014.7998046875,1372.5400390625
2008-04-08,921.0,18.0,2004.0,450.0,2023.0,458.0,9050.0,450.0,415.0,5990.2001953125,1365.5400390625
2008-04-09,906.75,17.49,1997.0,452.0,2025.0,455.0,9050.0,450.0,415.0,5983.89990234375,1354.489990234375
2008-04-10,934.25,18.32,2028.0,461.0,2028.0,460.0,9050.0,450.0,410.0,5965.10009765625,1360.550048828125
2008-04-11,925.5,17.95,2019.0,469.0,2015.0,462.0,9050.0,450.0,410.0,5895.5,1332.8299560546875
2008-04-14,917.75,17.45,1955.0,456.0,1970.0,464.0,9050.0,450.0,410.0,5831.60009765625,1328.3199462890625
2008-04-15,931.75,17.86,1990.0,456.0,2005.0,463.0,9050.0,450.0,410.0,5906.89990234375,1334.4300537109375
2008-04-16,932.75,18.07,2024.0,462.0,1985.0,456.0,9075.0,450.0,410.0,6046.2001953125,1364.7099609375
2008-04-17,951.5,18.56,2048.0,457.0,2043.0,465.0,9125.0,450.0,410.0,5980.39990234375,1365.56005859375
2008-04-18,951.5,18.56,2048.0,457.0,2069.0,462.0,9125.0,450.0,405.0,6056.60009765625,1390.3299560546875
2008-04-21,915.75,17.86,2034.0,453.0,2028.0,457.0,9125.0,450.0,405.0,6053.0,1388.1700439453125
2008-04-22,920.75,17.56,1985.0,454.0,1980.0,454.0,9125.0,450.0,400.0,6034.7001953125,1375.93994140625
2008-04-23,916.25,17.55,2004.0,446.0,2038.0,457.0,9125.0,450.0,400.0,6083.60009765625,1379.9300537109375
2008-04-24,900.75,17.09,1994.0,440.0,2010.0,448.0,9125.0,450.0,400.0,6050.7001953125,1388.8199462890625
2008-04-25,883.5,16.68,1951.0,434.0,1960.0,438.0,9125.0,450.0,400.0,6091.39990234375,1397.8399658203125
2008-04-28,892.25,16.94,1964.0,434.0,1982.0,445.0,9125.0,450.0,390.0,6090.39990234375,1396.3699951171875
2008-04-29,886.0,16.78,1950.0,428.0,1970.0,435.0,9150.0,450.0,390.0,6089.39990234375,1390.93994140625
2008-04-30,867.75,16.47,1929.0,420.0,1935.0,426.0,9150.0,450.0,390.0,6087.2998046875,1385.5899658203125
2008-05-01,863.5,16.64,1886.0,406.0,1940.0,425.0,9175.0,450.0,390.0,6087.2998046875,1409.3399658203125
2008-05-02,854.25,16.19,1878.0,412.0,1840.0,405.0,9200.0,450.0,380.0,6215.5,1413.9000244140625
2008-05-05,854.25,16.19,1878.0,412.0,1909.0,420.0,9200.0,450.0,380.0,6215.5,1407.489990234375
2008-05-06,878.0,16.7,1940.0,425.0,1934.0,425.0,9200.0,450.0,380.0,6215.2998046875,1418.260009765625
2008-05-07,874.0,16.69,1930.0,418.0,1944.0,428.0,9250.0,450.0,380.0,6261.0,1392.5699462890625
2008-05-08,872.25,16.58,2002.0,431.0,1974.0,427.0,9250.0,450.0,370.0,6270.7998046875,1397.6800537109375
2008-05-09,887.25,16.97,2079.0,437.0,2050.0,440.0,9400.0,450.0,370.0,6204.7001953125,1388.280029296875
2008-05-12,882.5,16.74,2054.0,439.0,2063.0,443.0,9475.0,450.0,370.0,6220.7001953125,1403.5799560546875
2008-05-13,877.0,17.08,2062.0,437.0,2088.0,443.0,9475.0,450.0,370.0,6211.89990234375,1403.0400390625
2008-05-14,863.0,16.69,2032.0,434.0,2070.0,437.0,9475.0,450.0,370.0,6216.0,1408.6600341796875
2008-05-15,866.25,16.6,2065.0,437.0,2025.0,435.0,9475.0,450.0,360.0,6251.7998046875,1423.5699462890625
2008-05-16,885.0,16.83,2136.0,443.0,2085.0,437.0,9475.0,450.0,350.0,6304.2998046875,1425.3499755859375
2008-05-19,908.75,17.18,2160.0,447.5,2155.0,454.0,9500.0,450.0,350.0,6376.5,1426.6300048828125
2008-05-20,907.0,17.03,2142.0,443.0,2170.0,452.0,9650.0,450.0,350.0,6191.60009765625,1413.4000244140625
2008-05-21,925.0,17.77,2170.0,446.0,2175.0,451.0,9700.0,450.0,350.0,6198.10009765625,1390.7099609375
2008-05-22,925.0,17.77,2170.0,446.0,2230.0,449.0,9850.0,450.0,350.0,6181.60009765625,1394.3499755859375
2008-05-23,922.25,18.1,2182.0,451.0,2170.0,455.0,9875.0,450.0,350.0,6087.2998046875,1375.9300537109375
2008-05-26,922.25,18.1,2182.0,451.0,2190.0,457.0,9875.0,450.0,350.0,6087.2998046875,1375.9300537109375
2008-05-27,923.75,18.14,2157.0,450.0,2187.0,454.0,9875.0,450.0,350.0,6058.5,1385.3499755859375
2008-05-28,892.0,17.26,2054.0,434.0,2118.0,445.0,9900.0,450.0,340.0,6069.60009765625,1390.8399658203125
2008-05-29,893.0,17.17,1987.0,432.0,2055.0,435.0,9900.0,450.0,340.0,6068.10009765625,1398.260009765625
2008-05-30,879.5,16.85,2008.0,430.0,1972.0,428.0,9800.0,450.0,330.0,6053.5,1400.3800048828125
2008-06-02,891.25,16.86,2015.0,435.0,1998.0,436.0,9800.0,450.0,330.0,6007.60009765625,1385.6700439453125
2008-06-03,895.5,16.82,2009.0,433.0,2040.0,440.0,9800.0,450.0,320.0,6057.7001953125,1377.6500244140625
2008-06-04,877.25,16.67,1997.0,431.0,2007.0,434.0,9750.0,450.0,320.0,5970.10009765625,1377.199951171875
2008-06-05,873.0,16.65,1974.0,421.0,2002.0,430.0,9650.0,450.0,320.0,5995.2998046875,1404.050048828125
2008-06-06,883.5,17.19,2050.0,429.0,2050.0,435.0,9550.0,450.0,320.0,5906.7998046875,1360.6800537109375
2008-06-09,904.25,17.46,2047.0,432.0,2085.0,438.0,9525.0,450.0,310.0,5877.60009765625,1361.760009765625
2008-06-10,884.5,16.94,2032.0,426.5,2032.0,430.0,9525.0,450.0,310.0,5827.2998046875,1358.43994140625
2008-06-11,874.25,16.58,2022.0,430.0,2033.0,425.0,9525.0,450.0,310.0,5723.2998046875,1335.489990234375
2008-06-12,871.25,16.59,2005.0,426.0,2005.0,426.0,9525.0,450.0,300.0,5790.5,1339.8699951171875
2008-06-13,864.0,16.31,2043.0,450.0,2035.0,440.0,9650.0,450.0,300.0,5802.7998046875,1360.030029296875
2008-06-16,872.0,16.73,2045.0,455.5,2030.0,450.0,9800.0,450.0,300.0,5794.60009765625,1360.1400146484375
2008-06-17,883.0,17.22,2047.0,456.5,2065.0,465.0,10025.0,450.0,300.0,5861.89990234375,1350.9300537109375
2008-06-18,884.0,17.0,2103.0,467.0,2090.0,465.0,10050.0,450.0,300.0,5756.89990234375,1337.81005859375
2008-06-19,893.25,17.22,2067.0,472.0,2092.0,468.0,10100.0,450.0,300.0,5708.39990234375,1342.8299560546875
2008-06-20,900.0,17.44,2068.0,475.0,2063.0,472.0,10050.0,450.0,300.0,5620.7998046875,1317.9300537109375
2008-06-23,905.25,17.19,2045.0,471.0,2073.0,479.0,10025.0,450.0,300.0,5667.2001953125,1318.0
2008-06-24,888.5,16.85,2037.0,469.5,2045.0,472.0,10000.0,450.0,300.0,5634.7001953125,1314.2900390625
2008-06-25,887.25,16.7,2012.0,432.0,2020.0,468.0,9925.0,450.0,300.0,5666.10009765625,1321.969970703125
2008-06-26,892.5,16.88,2068.0,465.0,2040.0,468.0,9775.0,450.0,300.0,5518.2001953125,1283.1500244140625
2008-06-27,923.0,17.4,2053.0,467.0,2080.0,475.0,9750.0,450.0,300.0,5530.0,1278.3800048828125
2008-06-30,932.75,17.65,2064.0,467.0,2075.0,475.0,9725.0,450.0,300.0,5625.89990234375,1280.0
2008-07-01,929.5,17.56,2075.0,465.0,2080.0,467.0,9725.0,450.0,300.0,5479.89990234375,1284.9100341796875
2008-07-02,936.0,17.92,2070.0,465.0,2090.0,472.0,9750.0,450.0,300.0,5426.2998046875,1261.52001953125
2008-07-03,939.75,18.31,2033.0,464.0,2075.0,471.0,9825.0,450.0,300.0,5476.60009765625,1262.9000244140625
2008-07-04,930.75,18.01,2012.0,456.0,2036.0,462.0,9825.0,450.0,300.0,5412.7998046875,1262.9000244140625
2008-07-07,921.0,17.85,1990.0,448.0,2000.0,455.0,9825.0,450.0,300.0,5512.7001953125,1252.31005859375
2008-07-08,929.25,17.62,1987.0,446.0,2000.0,451.0,9800.0,450.0,300.0,5440.5,1273.699951171875
2008-07-09,923.25,17.82,1969.0,444.0,1960.0,444.0,9750.0,450.0,305.0,5529.60009765625,1244.68994140625
2008-07-10,930.75,18.17,1999.0,448.0,1985.0,448.0,9700.0,450.0,305.0,5406.7998046875,1253.3900146484375
2008-07-11,949.0,18.38,2030.0,454.0,2037.0,455.0,9650.0,450.0,305.0,5261.60009765625,1239.489990234375
2008-07-14,957.75,18.69,2017.0,451.0,2045.0,458.0,9650.0,450.0,305.0,5300.39990234375,1228.300048828125
2008-07-15,981.75,19.3,1987.0,450.0,2012.0,450.0,9600.0,450.0,305.0,5171.89990234375,1214.9100341796875
2008-07-16,974.0,18.83,1951.0,438.0,1957.0,445.0,9600.0,450.0,305.0,5150.60009765625,1245.3599853515625
2008-07-17,964.5,18.67,1893.0,424.0,1946.0,436.0,9600.0,450.0,305.0,5286.2998046875,1260.3199462890625
2008-07-18,961.5,18.55,1849.0,419.0,1865.0,424.0,9575.0,450.0,305.0,5376.39990234375,1260.6800537109375
2008-07-21,966.25,18.35,1852.0,418.0,1865.0,421.0,9550.0,450.0,305.0,5404.2998046875,1260.0
2008-07-22,973.0,18.6,1865.0,417.0,1880.0,424.0,9475.0,450.0,305.0,5364.2001953125,1277.0
2008-07-23,934.75,17.59,1771.0,387.0,1804.0,396.0,9450.0,450.0,305.0,5449.89990234375,1282.18994140625
2008-07-24,927.75,17.52,1729.0,388.0,1739.0,390.0,9350.0,450.0,305.0,5362.2998046875,1252.5400390625
2008-07-25,932.25,17.55,1726.0,383.0,1744.0,394.0,9250.0,450.0,305.0,5352.60009765625,1257.760009765625
2008-07-28,929.25,17.47,1756.0,393.0,1764.0,390.0,8900.0,450.0,305.0,5312.60009765625,1234.3699951171875
2008-07-29,928.75,17.42,1757.0,389.0,1765.0,393.0,8750.0,450.0,305.0,5319.2001953125,1263.199951171875
2008-07-30,914.1,17.12,1726.0,376.0,1760.0,385.0,8550.0,450.0,305.0,5420.7001953125,1284.260009765625
2008-07-31,912.0,17.48,1758.0,382.0,1758.0,380.0,8325.0,450.0,305.0,5411.89990234375,1267.3800048828125
2008-08-01,909.5,17.59,1675.0,367.0,1740.0,380.0,8225.0,450.0,305.0,5354.7001953125,1260.31005859375
2008-08-04,910.0,17.37,1587.0,360.0,1627.0,372.0,8000.0,450.0,305.0,5320.2001953125,1249.010009765625
2008-08-05,884.0,16.67,1564.5,354.0,1546.0,355.0,7900.0,450.0,305.0,5454.5,1284.8800048828125
2008-08-06,884.75,16.74,1612.0,364.0,1585.0,355.0,7800.0,450.0,305.0,5486.10009765625,1289.18994140625
2008-08-07,882.5,16.59,1600.0,354.5,1610.0,355.0,7800.0,450.0,305.0,5477.5,1266.0699462890625
2008-08-08,864.5,15.76,1552.0,345.0,1580.0,348.0,7800.0,450.0,305.0,5489.2001953125,1296.3199462890625
2008-08-11,863.75,15.335,1543.0,336.0,1578.0,335.0,7600.0,450.0,305.0,5541.7998046875,1305.3199462890625
2008-08-12,808.75,14.45,1494.0,316.0,1485.0,310.0,7200.0,450.0,305.0,5534.5,1289.5899658203125
2008-08-13,824.0,14.68,1485.0,310.0,1520.0,318.0,6950.0,450.0,305.0,5448.60009765625,1285.8299560546875
2008-08-14,833.25,14.86,1512.0,315.0,1535.0,328.0,6400.0,450.0,305.0,5497.5,1292.9300537109375
2008-08-15,784.75,12.82,1400.0,295.5,1448.0,291.0,5950.0,450.0,305.0,5454.7998046875,1298.199951171875
2008-08-18,797.5,13.01,1384.0,282.0,1450.0,299.0,5200.0,450.0,305.0,5450.2001953125,1278.5999755859375
2008-08-19,791.0,13.01,1319.0,279.0,1317.0,273.0,4900.0,460.0,300.0,5320.39990234375,1266.68994140625
2008-08-20,806.75,13.27,1365.0,283.0,1365.0,290.0,4200.0,460.0,300.0,5371.7998046875,1274.5400390625
2008-08-21,821.0,13.59,1412.0,290.0,1395.0,290.0,3850.0,460.0,300.0,5370.2001953125,1277.719970703125
2008-08-22,830.0,13.62,1427.0,288.0,1485.0,298.0,4100.0,460.0,300.0,5505.60009765625,1292.199951171875
2008-08-25,830.0,13.62,1427.0,288.0,1424.0,293.0,5000.0,460.0,300.0,5505.60009765625,1266.8399658203125
2008-08-26,809.75,13.05,1425.0,288.0,1445.0,294.0,5600.0,460.0,300.0,5470.7001953125,1271.510009765625
2008-08-27,833.5,13.76,1440.0,292.0,1438.0,295.0,6200.0,460.0,300.0,5528.2001953125,1281.6600341796875
2008-08-28,833.5,13.78,1494.0,297.0,1450.0,294.0,6200.0,460.0,300.0,5601.2001953125,1300.6800537109375
2008-08-29,836.5,13.76,1479.0,302.0,1475.0,297.0,6200.0,460.0,300.0,5636.60009765625,1282.8299560546875
2008-09-01,832.0,13.58,1442.0,300.0,1436.0,307.0,6100.0,460.0,300.0,5602.7998046875,1282.8299560546875
2008-09-02,802.5,13.18,1380.0,286.0,1410.0,292.0,5900.0,460.0,300.0,5620.7001953125,1277.5799560546875
2008-09-03,794.5,12.79,1392.0,288.0,1415.0,294.0,4900.0,460.0,300.0,5499.7001953125,1274.97998046875
2008-09-04,810.5,13.02,1412.0,290.0,1368.0,286.0,4500.0,460.0,300.0,5362.10009765625,1236.8299560546875
2008-09-05,796.25,12.72,1387.0,277.0,1380.0,284.0,4750.0,460.0,300.0,5240.7001953125,1242.31005859375
2008-09-08,806.5,12.38,1376.0,273.0,1385.0,278.0,4750.0,460.0,300.0,5446.2998046875,1267.7900390625
2008-09-09,799.75,12.04,1270.0,242.0,1340.0,264.0,4750.0,460.0,300.0,5415.60009765625,1224.510009765625
2008-09-10,774.25,11.27,1213.0,231.0,1230.0,226.0,4600.0,460.0,300.0,5366.2001953125,1232.0400390625
2008-09-11,742.75,10.66,1170.0,232.0,1176.0,226.0,4375.0,460.0,300.0,5318.39990234375,1249.050048828125
2008-09-12,757.5,10.8,1187.0,241.0,1176.0,245.0,4375.0,460.0,300.0,5416.7001953125,1251.699951171875
2008-09-15,779.25,10.84,1176.0,234.0,1225.0,249.0,4375.0,460.0,300.0,5204.2001953125,1192.699951171875
2008-09-16,779.75,10.88,1081.0,224.0,1137.0,232.0,4325.0,460.0,300.0,5025.60009765625,1213.5999755859375
2008-09-17,785.5,10.77,1073.0,224.0,1105.0,228.0,4325.0,460.0,300.0,4912.39990234375,1156.3900146484375
2008-09-18,864.25,12.93,1132.0,237.0,1125.0,242.0,4325.0,460.0,300.0,4880.0,1206.510009765625
2008-09-19,837.5,12.15,1155.0,233.0,1115.0,240.0,4325.0,460.0,300.0,5311.2998046875,1255.0799560546875
2008-09-22,873.0,12.985,1197.0,250.0,1180.0,245.0,4325.0,460.0,300.0,5236.2998046875,1207.0899658203125
2008-09-23,892.5,13.38,1210.0,249.0,1235.0,255.0,4375.0,455.0,295.0,5136.10009765625,1188.219970703125
2008-09-24,888.5,13.29,1225.0,249.5,1200.0,253.0,4375.0,455.0,295.0,5095.60009765625,1185.8699951171875
2008-09-25,889.0,13.34,1195.0,242.0,1205.0,252.0,4375.0,455.0,295.0,5197.0,1209.1800537109375
2008-09-26,869.0,13.18,1140.0,235.0,1195.0,242.0,4375.0,455.0,295.0,5088.5,1213.27001953125
2008-09-29,876.5,13.06,1093.0,218.0,1126.0,226.0,4375.0,455.0,290.0,4818.7998046875,1106.4200439453125
2008-09-30,897.0,12.96,1004.0,199.0,1058.0,210.0,4350.0,455.0,290.0,4902.5,1166.3599853515625
2008-10-01,876.0,12.28,1010.0,201.0,1035.0,206.0,4050.0,455.0,290.0,4959.60009765625,1161.06005859375
2008-10-02,866.25,12.25,995.0,205.0,1020.0,209.0,3600.0,455.0,290.0,4870.2998046875,1114.280029296875
2008-10-03,842.5,11.2,959.0,197.0,968.0,205.0,3350.0,455.0,290.0,4980.2998046875,1099.22998046875
2008-10-06,836.5,11.29,983.0,198.0,940.0,204.0,3300.0,455.0,285.0,4589.2001953125,1056.8900146484375
2008-10-07,881.75,11.64,1008.0,203.0,1010.0,204.0,3300.0,455.0,285.0,4605.2001953125,996.22998046875
2008-10-08,913.0,11.65,1004.0,200.0,988.0,204.0,3300.0,455.0,285.0,4366.7001953125,984.9400024414062
2008-10-09,886.75,11.64,1027.0,203.0,1000.0,201.0,3300.0,455.0,275.0,4313.7998046875,909.9199829101562
2008-10-10,918.0,11.74,1001.0,190.0,1020.0,205.0,3300.0,455.0,275.0,3932.10009765625,899.219970703125
2008-10-13,865.0,10.61,987.0,200.0,1000.0,196.0,3300.0,455.0,275.0,4256.89990234375,1003.3499755859375
2008-10-14,849.5,10.89,1032.0,201.0,1036.0,208.0,3250.0,455.0,265.0,4394.2001953125,998.010009765625
2008-10-15,848.5,10.29,985.0,197.0,1012.0,202.0,2900.0,455.0,265.0,4079.60009765625,907.8400268554688
2008-10-16,834.5,9.99,917.0,180.0,932.0,193.0,2350.0,455.0,265.0,3861.39990234375,946.4299926757812
2008-10-17,801.0,9.56,856.0,172.0,900.0,183.0,1900.0,455.0,265.0,4063.0,940.5499877929688
2008-10-20,803.0,9.79,877.0,182.0,930.0,187.0,1700.0,455.0,250.0,4282.7001953125,985.4000244140625
2008-10-21,781.0,9.86,882.0,182.0,887.0,185.0,1700.0,455.0,250.0,4229.7001953125,955.0499877929688
2008-10-22,757.5,9.84,852.0,178.0,875.0,182.0,1800.0,455.0,250.0,4040.89990234375,896.780029296875
2008-10-23,726.0,9.34,790.0,171.0,840.0,175.0,2050.0,455.0,250.0,4087.800048828125,908.1099853515625
2008-10-24,692.5,8.88,778.0,168.0,790.0,173.0,2050.0,445.0,240.0,3883.39990234375,876.77001953125
2008-10-27,720.5,9.01,763.0,171.0,782.0,170.0,1600.0,445.0,240.0,3852.60009765625,848.9199829101562
2008-10-28,745.0,9.09,811.0,182.0,820.0,175.0,1600.0,445.0,240.0,3926.39990234375,940.510009765625
2008-10-29,749.25,9.38,817.0,203.0,805.0,184.0,1600.0,445.0,240.0,4242.5,930.0900268554688
2008-10-30,772.75,10.02,841.0,205.0,875.0,209.0,1600.0,445.0,230.0,4291.7001953125,954.0900268554688
2008-10-31,728.5,9.28,814.0,198.0,793.0,200.0,1600.0,445.0,230.0,4377.2998046875,968.75
2008-11-03,734.0,10.05,821.0,199.5,835.0,200.0,1600.0,445.0,230.0,4443.2998046875,966.2999877929688
2008-11-04,734.0,9.95,827.0,208.0,820.0,203.0,1550.0,445.0,230.0,4639.5,1005.75
2008-11-05,753.25,10.28,870.0,216.0,861.0,210.0,1450.0,445.0,230.0,4530.7001953125,952.77001953125
2008-11-06,739.0,10.41,862.0,233.0,865.0,217.0,1450.0,445.0,230.0,4272.39990234375,904.8800048828125
2008-11-07,742.0,10.13,849.0,227.0,870.0,226.0,1600.0,445.0,230.0,4365.0,930.989990234375
2008-11-10,751.75,10.31,880.0,227.0,865.0,230.0,1600.0,445.0,230.0,4403.89990234375,919.2100219726562
2008-11-11,741.75,9.94,821.0,221.0,850.0,225.0,1600.0,445.0,230.0,4246.7001953125,898.9500122070312
2008-11-12,731.5,9.65,824.0,216.5,850.0,222.0,1600.0,445.0,230.0,4182.0,852.2999877929688
2008-11-13,714.0,9.365,826.0,211.0,815.0,210.0,1600.0,445.0,230.0,4169.2001953125,911.2899780273438
2008-11-14,729.5,9.33,845.0,216.0,846.0,220.0,1500.0,445.0,220.0,4233.0,873.2899780273438
2008-11-17,745.0,9.5,814.0,216.5,855.0,223.0,1450.0,445.0,220.0,4132.2001953125,850.75
2008-11-18,736.5,9.17,812.0,183.0,830.0,218.0,1450.0,445.0,220.0,4208.60009765625,859.1199951171875
2008-11-19,737.75,9.39,797.0,179.0,856.0,219.0,1375.0,445.0,210.0,4005.699951171875,806.5800170898438
2008-11-20,745.25,9.4,826.0,214.0,805.0,195.0,1275.0,445.0,210.0,3875.0,752.4400024414062
2008-11-21,758.5,9.38,819.0,216.0,820.0,182.0,1200.0,445.0,210.0,3781.0,800.030029296875
2008-11-24,816.75,10.04,843.0,195.0,828.0,184.0,1050.0,445.0,210.0,4153.0,851.8099975585938
2008-11-25,802.5,10.33,867.0,200.0,860.0,197.0,1000.0,445.0,210.0,4171.2998046875,857.3900146484375
2008-11-26,817.0,10.3,867.0,200.0,875.0,202.0,1000.0,445.0,200.0,4152.7001953125,887.6799926757812
2008-11-27,813.5,10.26,860.0,187.0,870.0,194.0,1000.0,445.0,200.0,4226.10009765625,887.6799926757812
2008-11-28,813.5,10.12,876.0,187.0,863.0,190.0,1050.0,445.0,200.0,4288.0,896.239990234375
2008-12-01,795.5,9.91,810.0,174.0,850.0,187.0,1075.0,445.0,200.0,4065.5,816.2100219726562
2008-12-02,772.5,9.41,810.0,172.0,810.0,177.0,1075.0,445.0,200.0,4122.89990234375,848.8099975585938
2008-12-03,773.5,9.43,804.0,173.0,840.0,176.0,1225.0,445.0,200.0,4170.0,870.739990234375
2008-12-04,772.75,9.58,794.0,171.0,810.0,175.0,1375.0,445.0,200.0,4163.60009765625,845.219970703125
2008-12-05,771.75,9.46,788.0,164.0,810.0,172.0,1375.0,445.0,200.0,4049.39990234375,876.0700073242188
2008-12-08,772.25,9.73,842.0,175.0,830.0,172.0,1325.0,445.0,190.0,4300.10009765625,909.7000122070312
2008-12-09,771.0,9.83,807.0,176.0,818.0,176.0,1275.0,445.0,190.0,4381.2998046875,888.6699829101562
2008-12-10,785.75,9.96,824.0,178.0,824.0,178.0,1275.0,445.0,180.0,4367.2998046875,899.239990234375
2008-12-11,821.0,10.39,842.0,181.0,848.0,183.0,1225.0,445.0,180.0,4388.7001953125,873.5900268554688
2008-12-12,813.75,10.07,801.0,172.0,825.0,177.0,1225.0,445.0,180.0,4280.39990234375,879.72998046875
2008-12-15,827.5,10.33,834.0,175.0,845.0,178.0,1225.0,435.0,160.0,4277.60009765625,868.5700073242188
2008-12-16,833.5,10.5,830.0,174.0,840.0,178.0,1150.0,435.0,140.0,4309.10009765625,913.1799926757812
2008-12-17,853.75,10.98,855.0,178.0,860.0,178.0,1100.0,435.0,130.0,4324.2001953125,904.4199829101562
2008-12-18,872.5,11.29,862.0,178.0,875.0,178.0,1150.0,435.0,130.0,4330.7001953125,885.280029296875
2008-12-19,839.0,10.61,848.0,176.0,860.0,178.0,1150.0,435.0,120.0,4286.89990234375,887.8800048828125
2008-12-22,846.0,10.97,858.0,176.0,863.0,176.0,1150.0,435.0,120.0,4249.2001953125,871.6300048828125
2008-12-23,844.0,10.7,851.0,176.0,860.0,176.0,1150.0,435.0,120.0,4256.0,863.1599731445312
2008-12-24,844.0,10.7,851.0,176.0,855.0,176.0,1250.0,435.0,120.0,4216.60009765625,868.1500244140625
2008-12-26,844.0,10.7,851.0,176.0,855.0,176.0,1250.0,435.0,120.0,4216.60009765625,872.7999877929688
2008-12-29,881.0,10.93,904.0,184.0,925.0,182.0,1250.0,435.0,120.0,4319.39990234375,869.4199829101562
2008-12-30,870.0,10.83,898.0,183.0,914.0,186.0,1250.0,435.0,120.0,4392.7001953125,890.6400146484375
2008-12-31,870.0,10.83,898.0,183.0,922.0,186.0,1250.0,435.0,100.0,4434.2001953125,903.25
2009-01-02,869.75,11.08,926.0,185.0,940.0,190.0,1250.0,435.0,100.0,4561.7998046875,931.7999877929688
2009-01-05,860.0,11.07,920.0,183.5,945.0,193.0,1250.0,435.0,100.0,4579.60009765625,927.4500122070312
2009-01-06,844.0,10.85,955.0,196.5,937.0,186.0,1250.0,435.0,95.0,4638.89990234375,934.7000122070312
2009-01-07,864.0,11.41,1000.0,202.5,1000.0,201.0,1300.0,435.0,95.0,4507.5,906.6500244140625
2009-01-08,842.5,10.88,987.0,199.0,992.0,198.0,1300.0,435.0,95.0,4505.39990234375,909.72998046875
2009-01-09,854.0,11.22,988.0,196.0,1000.0,197.0,1225.0,435.0,95.0,4448.5,890.3499755859375
2009-01-12,848.5,11.09,964.0,186.0,1000.0,196.0,1200.0,435.0,95.0,4426.2001953125,870.260009765625
2009-01-13,815.5,10.62,931.0,183.0,931.0,185.0,1175.0,435.0,95.0,4399.2001953125,871.7899780273438
2009-01-14,827.25,10.77,935.0,181.0,963.0,186.0,1050.0,435.0,95.0,4180.60009765625,842.6199951171875
2009-01-15,813.0,10.51,918.0,179.0,920.0,181.0,1050.0,435.0,85.0,4121.10009765625,843.739990234375
2009-01-16,824.25,10.78,943.0,185.0,945.0,183.0,1050.0,425.0,85.0,4147.10009765625,850.1199951171875
2009-01-19,842.5,11.16,954.0,186.0,973.0,185.0,1100.0,425.0,85.0,4108.5,850.1199951171875
2009-01-20,835.0,11.32,947.0,185.0,951.0,183.0,1100.0,425.0,85.0,4091.39990234375,805.219970703125
2009-01-21,860.5,11.34,927.0,182.0,939.0,186.0,1100.0,425.0,85.0,4059.89990234375,840.239990234375
2009-01-22,847.75,11.32,930.0,184.0,935.0,185.0,1150.0,425.0,85.0,4052.199951171875,827.5
2009-01-23,873.0,11.46,928.0,184.0,922.0,184.0,1150.0,425.0,85.0,4052.5,831.9500122070312
2009-01-26,906.5,12.1,952.0,191.0,962.0,195.0,1150.0,425.0,85.0,4209.0,836.5700073242188
2009-01-27,896.0,11.91,948.0,189.0,965.0,193.0,1125.0,425.0,85.0,4194.39990234375,845.7100219726562
2009-01-28,891.25,11.98,956.0,192.0,953.0,193.0,1100.0,425.0,85.0,4295.2001953125,874.0900268554688
2009-01-29,878.5,11.74,953.0,191.0,955.0,190.0,1100.0,425.0,85.0,4190.10009765625,845.1400146484375
2009-01-30,918.5,12.51,983.0,196.0,970.0,193.0,1100.0,425.0,85.0,4149.60009765625,825.8800048828125
2009-02-02,913.75,12.43,966.0,193.5,974.0,197.0,1150.0,425.0,85.0,4077.800048828125,825.4400024414062
2009-02-03,902.0,12.37,963.0,195.0,975.0,196.0,1150.0,425.0,85.0,4164.5,838.510009765625
2009-02-04,902.25,12.4,962.0,190.5,965.0,193.0,1150.0,425.0,85.0,4228.60009765625,832.22998046875
2009-02-05,914.75,12.8,981.0,200.5,975.0,197.0,1150.0,425.0,85.0,4228.89990234375,845.8499755859375
2009-02-06,914.0,12.89,989.0,208.0,987.0,202.0,1150.0,425.0,85.0,4291.89990234375,868.5999755859375
2009-02-09,901.0,13.01,981.0,207.0,993.0,214.0,1150.0,425.0,85.0,4307.60009765625,869.8900146484375
2009-02-10,896.0,12.96,1031.0,214.0,995.0,208.0,1150.0,425.0,75.0,4213.10009765625,827.1599731445312
2009-02-11,922.0,13.39,1040.0,211.5,1043.0,214.0,1150.0,425.0,75.0,4234.2998046875,833.739990234375
2009-02-12,944.0,13.34,1067.0,204.0,1075.0,217.0,1150.0,425.0,75.0,4202.2001953125,835.1900024414062
2009-02-13,939.25,13.37,1055.0,213.0,1070.0,216.0,1200.0,425.0,75.0,4189.60009765625,826.8400268554688
2009-02-16,943.0,13.55,1064.0,215.0,1070.0,217.0,1200.0,425.0,75.0,4134.7998046875,826.8400268554688
2009-02-17,962.25,13.9,1083.0,217.0,1076.0,220.0,1200.0,425.0,75.0,4034.10009765625,789.1699829101562
2009-02-18,964.75,14.05,1087.0,218.0,1105.0,219.0,1200.0,425.0,75.0,4006.800048828125,788.4199829101562
2009-02-19,973.5,14.26,1063.0,214.0,1075.0,219.0,1200.0,425.0,75.0,4018.39990234375,778.9400024414062
2009-02-20,981.0,14.28,1086.0,216.0,1080.0,217.0,1200.0,425.0,75.0,3889.10009765625,770.0499877929688
2009-02-23,987.0,14.36,1074.0,204.0,1080.0,216.0,1200.0,425.0,75.0,3850.699951171875,743.3300170898438
2009-02-24,989.75,14.39,1064.0,203.0,1090.0,205.0,1200.0,425.0,75.0,3816.39990234375,773.1400146484375
2009-02-25,956.25,13.81,1041.0,198.0,1055.0,202.0,1200.0,425.0,75.0,3849.0,764.9000244140625
2009-02-26,945.0,13.48,1058.0,197.0,1060.0,198.0,1200.0,425.0,80.0,3915.60009765625,752.8300170898438
2009-02-27,943.75,13.21,1059.0,195.0,1060.0,196.0,1200.0,425.0,80.0,3830.10009765625,735.0900268554688
2009-03-02,949.5,13.14,1090.0,198.0,1094.0,200.0,1200.0,425.0,80.0,3625.800048828125,700.8200073242188
2009-03-03,924.75,12.68,1046.0,191.0,1054.0,194.0,1200.0,425.0,80.0,3512.10009765625,696.3300170898438
2009-03-04,911.0,12.87,1039.0,194.0,1045.0,194.0,1200.0,425.0,80.0,3645.89990234375,712.8699951171875
2009-03-05,913.25,13.15,1056.0,198.0,1057.0,200.0,1200.0,425.0,80.0,3529.89990234375,682.5499877929688
2009-03-06,937.75,13.46,1071.0,202.5,1075.0,200.0,1200.0,425.0,80.0,3530.699951171875,683.3800048828125
2009-03-09,934.75,13.36,1064.0,198.0,1073.0,203.0,1200.0,425.0,80.0,3542.39990234375,676.530029296875
2009-03-10,911.5,12.71,1041.0,195.0,1046.0,198.0,1200.0,425.0,80.0,3715.199951171875,719.5999755859375
2009-03-11,900.0,12.62,1048.0,196.0,1055.0,198.0,1175.0,425.0,80.0,3693.800048828125,721.3599853515625
2009-03-12,914.5,12.84,1052.0,197.5,1050.0,198.0,1175.0,425.0,80.0,3712.10009765625,750.739990234375
2009-03-13,920.0,13.11,1048.0,198.0,1055.0,198.0,1175.0,425.0,80.0,3753.699951171875,756.5499877929688
2009-03-16,923.0,13.06,1054.0,198.5,1065.0,198.0,1175.0,425.0,80.0,3864.0,753.8900146484375
2009-03-17,920.0,12.86,1047.0,195.0,1058.0,200.0,1175.0,425.0,80.0,3857.10009765625,778.1199951171875
2009-03-18,910.75,12.61,1044.0,194.0,1056.0,197.0,1150.0,425.0,80.0,3805.0,794.3499755859375
2009-03-19,937.25,13.13,1087.0,203.0,1059.0,200.0,1125.0,425.0,80.0,3816.89990234375,784.0399780273438
2009-03-20,957.0,13.65,1110.0,206.0,1120.0,207.0,1125.0,425.0,80.0,3842.89990234375,768.5399780273438
2009-03-23,952.75,13.76,1131.0,209.0,1114.0,208.0,1125.0,425.0,80.0,3952.800048828125,822.9199829101562
2009-03-24,928.75,13.51,1109.0,206.0,1130.0,214.0,1125.0,425.0,80.0,3911.5,806.1199951171875
2009-03-25,921.25,13.16,1122.0,207.0,1125.0,208.0,1150.0,425.0,80.0,3900.300048828125,813.8800048828125
2009-03-26,935.5,13.6,1152.0,222.0,1143.0,217.0,1150.0,425.0,80.0,3925.199951171875,832.8599853515625
2009-03-27,927.0,13.22,1131.0,215.0,1153.0,223.0,1175.0,425.0,80.0,3898.89990234375,815.9400024414062
2009-03-30,923.0,12.96,1120.0,213.0,1135.0,217.0,1175.0,425.0,80.0,3762.89990234375,787.530029296875
2009-03-31,918.5,13.11,1124.0,215.0,1133.0,215.0,1175.0,425.0,80.0,3926.10009765625,797.8699951171875
2009-04-01,919.5,12.98,1128.0,216.0,1133.0,218.0,1175.0,425.0,80.0,3955.60009765625,811.0800170898438
2009-04-02,914.75,12.88,1139.0,219.0,1140.0,221.0,1160.0,425.0,80.0,4125.0,834.3800048828125
2009-04-03,901.5,12.86,1159.0,221.0,1150.0,222.0,1160.0,425.0,80.0,4029.699951171875,842.5
2009-04-06,879.5,12.41,1150.0,224.0,1148.0,222.0,1160.0,425.0,80.0,3993.5,835.47998046875
2009-04-07,879.25,12.17,1161.0,225.0,1165.0,224.0,1160.0,425.0,80.0,3930.5,815.5499877929688
2009-04-08,887.25,12.28,1184.0,229.0,1162.0,226.0,1160.0,425.0,80.0,3925.5,825.1599731445312
2009-04-09,883.75,12.3,1195.0,235.0,1200.0,234.0,1175.0,425.0,80.0,3983.699951171875,856.5599975585938
2009-04-13,883.75,12.3,1195.0,235.0,1200.0,234.0,1175.0,425.0,80.0,3983.699951171875,858.72998046875
2009-04-14,895.0,12.65,1222.0,235.0,1241.0,240.0,1200.0,425.0,80.0,3989.0,841.5
2009-04-15,892.25,12.935,1216.0,234.0,1224.0,236.0,1225.0,425.0,80.0,3968.39990234375,852.0599975585938
2009-04-16,889.0,12.65,1213.0,235.0,1228.0,239.0,1350.0,425.0,80.0,4053.0,865.2999877929688
2009-04-17,872.0,11.98,1215.0,233.0,1213.0,235.0,1450.0,425.0,85.0,4092.800048828125,869.5999755859375
2009-04-20,870.0,12.06,1180.0,233.0,1201.0,234.0,1600.0,425.0,85.0,3990.89990234375,832.3900146484375
2009-04-21,888.75,12.14,1158.0,227.0,1162.0,224.0,1650.0,425.0,85.0,3987.5,850.0800170898438
2009-04-22,885.0,12.12,1174.0,231.0,1167.0,225.0,1675.0,425.0,90.0,4030.699951171875,843.5499877929688
2009-04-23,894.5,12.43,1177.0,231.0,1169.0,232.0,1625.0,425.0,90.0,4018.199951171875,851.9199829101562
2009-04-24,909.0,12.78,1175.0,233.0,1183.0,235.0,1575.0,425.0,90.0,4156.0,866.22998046875
2009-04-27,911.75,12.98,1145.0,226.0,1168.0,232.0,1500.0,425.0,90.0,4167.0,857.510009765625
2009-04-28,897.0,12.56,1078.0,213.0,1114.0,225.0,1350.0,425.0,90.0,4096.39990234375,855.1599731445312
2009-04-29,894.5,12.5,1088.0,218.0,1102.0,217.0,1325.0,425.0,90.0,4189.60009765625,873.6400146484375
2009-04-30,889.0,12.63,1093.0,218.0,1112.0,224.0,1325.0,425.0,90.0,4243.7001953125,872.8099975585938
2009-05-01,881.5,12.15,1076.0,212.0,1110.0,220.0,1325.0,425.0,90.0,4243.2001953125,877.52001953125
2009-05-04,881.5,12.15,1076.0,212.0,1098.0,217.0,1325.0,425.0,90.0,4243.2001953125,907.239990234375
2009-05-05,903.0,13.11,1135.0,223.0,1125.0,222.0,1325.0,425.0,90.0,4336.89990234375,903.7999877929688
2009-05-06,903.5,13.44,1136.0,225.5,1133.0,223.0,1350.0,425.0,90.0,4396.5,919.530029296875
2009-05-07,912.75,14.01,1161.0,241.0,1170.0,234.0,1375.0,425.0,90.0,4398.7001953125,907.3900146484375
2009-05-08,917.5,13.9,1149.0,242.0,1155.0,241.0,1500.0,425.0,90.0,4462.10009765625,929.22998046875
2009-05-11,912.5,13.9,1114.0,235.0,1150.0,244.0,1525.0,425.0,90.0,4435.5,909.239990234375
2009-05-12,920.0,14.09,1130.0,234.5,1122.0,237.0,1525.0,425.0,90.0,4425.5,908.3499755859375
2009-05-13,925.75,14.14,1121.0,230.5,1143.0,236.0,1425.0,425.0,90.0,4331.39990234375,883.9199829101562
2009-05-14,923.25,13.84,1106.0,223.5,1106.0,223.0,1375.0,425.0,90.0,4362.60009765625,893.0700073242188
2009-05-15,925.0,13.92,1109.0,224.5,1126.0,226.0,1375.0,425.0,90.0,4348.10009765625,882.8800048828125
2009-05-18,929.75,13.79,1108.0,226.0,1120.0,226.0,1375.0,425.0,90.0,4446.5,909.7100219726562
2009-05-19,921.5,13.88,1136.0,231.0,1135.0,232.0,1375.0,425.0,90.0,4482.2998046875,908.1300048828125
2009-05-20,928.5,14.29,1144.0,234.0,1146.0,234.0,1450.0,425.0,90.0,4468.39990234375,903.469970703125
2009-05-21,940.0,14.23,1138.0,233.0,1162.0,237.0,1500.0,425.0,90.0,4345.5,888.3300170898438
2009-05-22,952.5,14.66,1149.0,234.0,1155.0,233.0,1450.0,425.0,90.0,4365.2998046875,887.0
2009-05-25,952.5,14.66,1149.0,234.0,1157.0,235.0,1450.0,425.0,90.0,4365.2998046875,887.0
2009-05-26,942.0,14.3,1128.0,229.0,1145.0,235.0,1450.0,425.0,90.0,4411.7001953125,910.3300170898438
2009-05-27,949.5,14.5,1134.0,227.0,1140.0,231.0,1450.0,425.0,90.0,4416.2001953125,893.0599975585938
2009-05-28,949.75,14.88,1128.0,225.0,1133.0,223.0,1450.0,425.0,90.0,4387.5,906.8300170898438
2009-05-29,972.0,15.52,1175.0,236.0,1165.0,235.0,1425.0,425.0,90.0,4417.89990234375,919.1400146484375
2009-06-01,987.0,15.86,1214.0,235.5,1217.0,239.0,1425.0,425.0,90.0,4506.2001953125,942.8699951171875
2009-06-02,973.5,15.62,1217.0,244.0,1222.0,239.0,1450.0,425.0,90.0,4477.0,944.739990234375
2009-06-03,979.0,15.97,1247.0,247.0,1257.0,251.0,1450.0,425.0,90.0,4383.39990234375,931.760009765625
2009-06-04,967.25,15.3,1250.0,246.0,1241.0,242.0,1475.0,425.0,90.0,4386.89990234375,942.4600219726562
2009-06-05,977.75,15.65,1275.0,257.0,1283.0,255.0,1500.0,425.0,90.0,4438.60009765625,940.0900268554688
2009-06-08,946.5,14.84,1226.0,246.0,1253.0,258.0,1500.0,425.0,90.0,4405.2001953125,939.1400146484375
2009-06-09,952.5,14.93,1246.0,251.0,1244.0,251.0,1500.0,425.0,90.0,4404.7998046875,942.4299926757812
2009-06-10,961.25,15.39,1267.0,261.5,1263.0,259.0,1500.0,425.0,90.0,4436.7998046875,939.1500244140625
2009-06-11,953.0,15.09,1253.0,257.0,1269.0,258.0,1500.0,425.0,90.0,4461.89990234375,944.8900146484375
2009-06-12,950.0,15.07,1241.0,252.5,1267.0,261.0,1500.0,425.0,90.0,4442.0,946.2100219726562
2009-06-15,932.0,14.31,1234.0,249.0,1235.0,250.0,1500.0,425.0,90.0,4326.0,923.719970703125
2009-06-16,936.75,14.3,1227.0,245.0,1227.0,248.0,1500.0,425.0,90.0,4328.60009765625,911.969970703125
2009-06-17,933.75,14.02,1201.0,239.0,1227.0,245.0,1500.0,425.0,90.0,4278.5,910.7100219726562
2009-06-18,936.75,14.19,1206.0,242.0,1216.0,243.0,1500.0,425.0,90.0,4280.89990234375,918.3699951171875
2009-06-19,933.75,14.23,1212.0,243.0,1212.0,243.0,1475.0,425.0,90.0,4345.89990234375,921.22998046875
2009-06-22,924.0,13.83,1186.0,236.0,1200.0,246.0,1450.0,425.0,90.0,4234.10009765625,893.0399780273438
2009-06-23,920.25,13.77,1169.0,235.0,1164.0,234.0,1400.0,425.0,90.0,4230.0,895.0999755859375
2009-06-24,928.75,13.88,1173.0,238.0,1171.0,237.0,1375.0,425.0,90.0,4280.0,900.9400024414062
2009-06-25,934.25,13.87,1176.0,236.0,1185.0,240.0,1425.0,425.0,90.0,4252.60009765625,920.260009765625
2009-06-26,943.0,14.26,1203.0,245.0,1210.0,248.0,1450.0,425.0,90.0,4241.0,918.9000244140625
2009-06-29,939.75,14.07,1184.0,247.0,1193.0,248.0,1450.0,425.0,90.0,4294.0,927.22998046875
2009-06-30,941.0,13.94,1186.0,249.0,1204.0,253.0,1450.0,425.0,90.0,4249.2001953125,919.3200073242188
2009-07-01,931.5,13.65,1188.0,253.0,1177.0,251.0,1450.0,425.0,90.0,4340.7001953125,923.3300170898438
2009-07-02,936.0,13.41,1185.0,249.0,1195.0,254.0,1430.0,425.0,90.0,4234.2998046875,896.4199829101562
2009-07-03,932.5,13.44,1185.0,250.0,1192.0,252.0,1430.0,425.0,90.0,4236.2998046875,896.4199829101562
2009-07-06,921.5,13.03,1150.0,244.0,1171.0,246.0,1430.0,425.0,90.0,4194.89990234375,898.719970703125
2009-07-07,925.75,13.32,1143.0,242.0,1149.0,243.0,1430.0,425.0,90.0,4187.0,881.030029296875
2009-07-08,920.75,13.05,1110.0,237.0,1118.0,239.0,1430.0,425.0,90.0,4140.2001953125,879.5599975585938
2009-07-09,914.75,12.89,1108.0,238.0,1109.0,238.0,1430.0,425.0,90.0,4158.7001953125,882.6799926757812
2009-07-10,910.0,12.63,1095.0,234.0,1113.0,237.0,1430.0,425.0,90.0,4127.2001953125,879.1300048828125
2009-07-13,908.5,12.47,1097.0,232.0,1098.0,235.0,1430.0,425.0,90.0,4202.10009765625,901.0499877929688
2009-07-14,921.75,12.88,1129.0,237.0,1123.0,237.0,1430.0,425.0,90.0,4237.7001953125,905.8400268554688
2009-07-15,930.0,13.27,1158.0,246.0,1148.0,244.0,1430.0,425.0,90.0,4346.5,932.6799926757812
2009-07-16,935.25,13.21,1165.0,247.0,1164.0,247.0,1430.0,425.0,90.0,4361.7998046875,940.739990234375
2009-07-17,934.5,13.16,1165.0,245.5,1170.0,247.0,1430.0,425.0,90.0,4388.7998046875,940.3800048828125
2009-07-20,952.25,13.74,1181.0,251.0,1182.0,250.0,1430.0,425.0,90.0,4443.60009765625,951.1300048828125
2009-07-21,947.75,13.52,1181.0,256.0,1192.0,255.0,1430.0,425.0,90.0,4481.2001953125,954.5800170898438
2009-07-22,945.5,13.4,1166.0,254.0,1178.0,256.0,1430.0,425.0,90.0,4493.7001953125,954.0700073242188
2009-07-23,955.25,13.76,1176.0,256.0,1184.0,259.0,1450.0,425.0,90.0,4559.7998046875,976.2899780273438
2009-07-24,949.75,13.78,1186.0,258.0,1175.0,258.0,1520.0,425.0,90.0,4576.60009765625,979.260009765625
2009-07-27,956.0,14.06,1211.0,261.0,1211.0,260.0,1600.0,425.0,90.0,4586.10009765625,982.1799926757812
2009-07-28,955.0,14.02,1213.0,263.0,1223.0,263.0,1725.0,425.0,90.0,4528.7998046875,979.6199951171875
2009-07-29,935.5,13.6,1171.0,254.0,1192.0,260.0,1725.0,425.0,90.0,4547.5,975.1500244140625
2009-07-30,932.0,13.4,1180.0,253.0,1173.0,257.0,1675.0,425.0,90.0,4631.60009765625,986.75
2009-07-31,936.5,13.63,1189.0,256.0,1195.0,260.0,1625.0,425.0,90.0,4608.39990234375,987.47998046875
2009-08-03,954.25,14.29,1215.0,268.0,1212.0,265.0,1625.0,425.0,90.0,4682.5,1002.6300048828125
2009-08-04,953.5,14.08,1236.0,273.0,1237.0,274.0,1650.0,425.0,90.0,4671.39990234375,1005.6500244140625
2009-08-05,964.5,14.67,1278.0,277.0,1268.0,279.0,1650.0,425.0,90.0,4647.10009765625,1002.719970703125
2009-08-06,960.75,14.67,1281.0,273.0,1292.0,277.0,1700.0,425.0,90.0,4690.5,997.0800170898438
2009-08-07,960.5,14.65,1260.0,271.0,1258.0,270.0,1700.0,425.0,90.0,4731.60009765625,1010.47998046875
2009-08-10,953.5,14.47,1242.0,272.0,1258.0,276.0,1700.0,425.0,90.0,4722.2001953125,1007.0999755859375
2009-08-11,946.0,14.355,1247.0,274.0,1255.0,277.0,1700.0,425.0,90.0,4671.2998046875,994.3499755859375
2009-08-12,943.5,14.28,1234.0,269.0,1231.0,275.0,1700.0,425.0,90.0,4716.7998046875,1005.8099975585938
2009-08-13,956.0,15.07,1264.0,275.0,1259.0,274.0,1700.0,425.0,90.0,4755.5,1012.72998046875
2009-08-14,957.5,14.98,1267.0,277.5,1276.0,278.0,1700.0,425.0,90.0,4714.0,1004.0900268554688
2009-08-17,937.5,14.13,1232.0,271.0,1247.0,275.0,1700.0,425.0,90.0,4645.0,979.72998046875
2009-08-18,938.25,14.09,1221.0,268.0,1237.0,272.0,1675.0,425.0,90.0,4685.7998046875,989.6699829101562
2009-08-19,934.25,13.585,1230.0,270.0,1222.0,271.0,1675.0,425.0,90.0,4689.7001953125,996.4600219726562
2009-08-20,943.5,14.04,1241.0,272.0,1250.0,275.0,1650.0,425.0,90.0,4756.60009765625,1007.3699951171875
2009-08-21,941.5,14.01,1239.0,275.0,1235.0,272.0,1650.0,425.0,90.0,4850.89990234375,1026.1300048828125
2009-08-24,953.75,14.41,1244.0,282.0,1255.0,285.0,1650.0,425.0,90.0,4896.2001953125,1025.5699462890625
2009-08-25,947.5,14.11,1243.0,288.0,1246.0,284.0,1650.0,425.0,90.0,4916.7998046875,1028.0
2009-08-26,949.5,14.32,1240.0,286.0,1252.0,288.0,1650.0,425.0,90.0,4890.60009765625,1028.1199951171875
2009-08-27,943.5,14.2,1234.0,285.0,1236.0,285.0,1650.0,425.0,90.0,4869.39990234375,1030.97998046875
2009-08-28,950.75,14.54,1244.0,289.0,1244.0,288.0,1650.0,425.0,90.0,4908.89990234375,1028.9300537109375
2009-08-31,950.75,14.54,1244.0,289.0,1246.0,291.0,1650.0,425.0,90.0,4908.89990234375,1020.6199951171875
2009-09-01,949.75,14.74,1234.0,289.0,1257.0,293.0,1650.0,425.0,90.0,4819.7001953125,998.0399780273438
2009-09-02,955.0,14.91,1210.0,283.0,1227.0,288.0,1650.0,425.0,90.0,4817.60009765625,994.75
2009-09-03,982.5,15.73,1241.0,290.0,1243.0,289.0,1650.0,425.0,90.0,4796.7998046875,1003.239990234375
2009-09-04,987.25,15.95,1250.0,290.0,1262.0,294.0,1650.0,425.0,90.0,4851.7001953125,1016.4000244140625
2009-09-07,992.75,16.21,1255.0,292.0,1264.0,293.0,1650.0,425.0,90.0,4933.2001953125,1016.4000244140625
2009-09-08,1004.5,16.75,1280.0,296.0,1273.0,295.0,1650.0,425.0,90.0,4947.2998046875,1025.3900146484375
2009-09-09,995.75,16.24,1286.0,294.5,1294.0,297.0,1650.0,425.0,90.0,5004.2998046875,1033.3699951171875
2009-09-10,988.5,16.09,1279.0,290.0,1287.0,295.0,1650.0,425.0,90.0,4987.7001953125,1044.1400146484375
2009-09-11,998.25,16.89,1292.0,292.0,1292.0,293.0,1650.0,425.0,90.0,5011.5,1042.72998046875
2009-09-14,994.25,16.35,1309.0,291.0,1305.0,293.0,1650.0,425.0,90.0,5018.89990234375,1049.3399658203125
2009-09-15,997.5,16.52,1303.0,289.5,1312.0,293.0,1650.0,425.0,90.0,5042.10009765625,1052.6300048828125
2009-09-16,1017.0,17.29,1339.0,298.0,1340.0,298.0,1650.0,425.0,90.0,5124.10009765625,1068.760009765625
2009-09-17,1020.5,17.38,1336.0,299.0,1351.0,300.0,1650.0,425.0,90.0,5164.0,1065.489990234375
2009-09-18,1014.0,17.11,1337.0,304.0,1336.0,302.0,1650.0,425.0,90.0,5172.89990234375,1068.300048828125
2009-09-21,999.25,16.68,1310.0,294.0,1325.0,302.0,1650.0,425.0,90.0,5134.39990234375,1064.6600341796875
2009-09-22,1015.75,17.24,1330.0,302.0,1326.0,300.0,1650.0,425.0,90.0,5142.60009765625,1071.6600341796875
2009-09-23,1014.75,17.1,1325.0,299.0,1339.0,303.0,1650.0,425.0,90.0,5139.39990234375,1060.8699951171875
2009-09-24,1014.0,16.76,1325.0,298.0,1331.0,298.0,1650.0,425.0,90.0,5079.2998046875,1050.780029296875
2009-09-25,997.0,16.2,1281.0,293.0,1298.0,293.0,1650.0,425.0,90.0,5082.2001953125,1044.3800048828125
2009-09-28,990.5,15.91,1272.5,287.0,1279.0,292.0,1650.0,425.0,90.0,5165.7001953125,1062.97998046875
2009-09-29,991.75,16.07,1270.0,288.0,1280.0,291.0,1650.0,425.0,90.0,5159.7001953125,1060.6099853515625
2009-09-30,1001.25,16.45,1287.0,294.0,1280.0,290.0,1650.0,425.0,90.0,5133.89990234375,1057.0799560546875
2009-10-01,1005.75,16.55,1292.0,293.0,1291.0,297.0,1650.0,425.0,90.0,5047.7998046875,1029.8499755859375
2009-10-02,998.0,16.21,1269.0,292.0,1280.0,291.0,1650.0,425.0,90.0,4988.7001953125,1025.2099609375
2009-10-05,1004.25,16.23,1279.0,298.0,1283.0,298.0,1650.0,425.0,90.0,5024.2998046875,1040.4599609375
2009-10-06,1020.25,16.95,1310.0,302.0,1303.0,303.0,1650.0,425.0,90.0,5138.0,1054.719970703125
2009-10-07,1047.0,17.4,1323.0,312.0,1330.0,313.0,1650.0,425.0,90.0,5108.89990234375,1057.5799560546875
2009-10-08,1054.75,17.8,1335.0,317.5,1346.0,318.0,1650.0,425.0,90.0,5154.60009765625,1065.47998046875
2009-10-09,1046.75,17.63,1337.0,323.0,1335.0,319.0,1650.0,425.0,90.0,5161.89990234375,1071.489990234375
2009-10-12,1052.0,17.89,1340.0,324.0,1336.0,323.0,1700.0,425.0,90.0,5210.2001953125,1076.18994140625
2009-10-13,1064.5,17.99,1356.0,331.0,1348.0,333.0,1700.0,425.0,90.0,5154.2001953125,1073.18994140625
2009-10-14,1066.0,17.93,1356.0,326.0,1365.0,333.0,1775.0,425.0,90.0,5256.10009765625,1092.02001953125
2009-10-15,1052.5,17.54,1337.0,326.0,1360.0,330.0,1775.0,425.0,90.0,5223.0,1096.56005859375
2009-10-16,1047.75,17.31,1340.0,327.0,1342.0,327.0,1775.0,425.0,90.0,5190.2001953125,1087.6800537109375
2009-10-19,1054.5,17.52,1352.0,331.0,1349.0,329.0,1750.0,425.0,90.0,5281.5,1097.9100341796875
2009-10-20,1064.0,17.755,1371.0,339.0,1371.0,337.0,1750.0,425.0,90.0,5243.39990234375,1091.06005859375
2009-10-21,1053.5,17.39,1346.0,334.0,1358.0,337.0,1850.0,425.0,90.0,5257.89990234375,1081.4000244140625
2009-10-22,1054.75,17.55,1358.0,335.0,1368.0,340.0,1850.0,425.0,90.0,5207.39990234375,1092.9100341796875
2009-10-23,1061.25,17.65,1372.0,338.0,1375.0,339.0,1875.0,425.0,90.0,5242.60009765625,1079.5999755859375
2009-10-26,1055.0,17.61,1364.0,336.0,1364.0,338.0,1900.0,425.0,90.0,5191.7001953125,1066.949951171875
2009-10-27,1040.75,17.06,1323.0,328.0,1337.0,333.0,1925.0,425.0,90.0,5201.0,1063.4100341796875
2009-10-28,1035.5,16.33,1313.0,325.0,1326.0,330.0,1950.0,425.0,90.0,5080.39990234375,1042.6300048828125
2009-10-29,1034.0,16.33,1328.0,324.0,1317.0,319.0,1950.0,425.0,90.0,5137.7001953125,1066.1099853515625
2009-10-30,1044.5,16.57,1320.0,324.0,1330.0,333.0,1950.0,425.0,90.0,5044.60009765625,1036.18994140625
2009-11-02,1052.0,16.58,1330.0,324.0,1327.0,324.0,1950.0,425.0,90.0,5104.5,1042.8800048828125
2009-11-03,1058.0,16.35,1325.0,318.0,1350.0,328.0,1950.0,425.0,90.0,5037.2001953125,1045.4100341796875
2009-11-04,1091.75,17.48,1359.0,330.0,1360.0,328.0,1950.0,425.0,90.0,5107.89990234375,1046.5
2009-11-05,1088.0,17.38,1359.0,330.0,1355.0,329.0,2000.0,425.0,90.0,5125.60009765625,1066.6300048828125
2009-11-06,1095.0,17.525,1347.0,330.0,1361.0,333.0,2000.0,425.0,90.0,5142.7001953125,1069.300048828125
2009-11-09,1108.5,17.68,1355.0,333.0,1360.0,333.0,2025.0,425.0,90.0,5235.2001953125,1093.0799560546875
2009-11-10,1099.75,17.26,1354.0,333.0,1354.0,333.0,2045.0,425.0,90.0,5230.60009765625,1093.010009765625
2009-11-11,1114.75,17.63,1365.0,340.0,1366.0,338.0,2045.0,425.0,90.0,5266.7998046875,1098.510009765625
2009-11-12,1116.0,17.51,1365.0,354.5,1380.0,350.0,2125.0,425.0,90.0,5276.5,1087.239990234375
2009-11-13,1107.5,17.3225,1359.0,354.0,1360.0,353.0,2150.0,425.0,90.0,5296.39990234375,1093.47998046875
2009-11-16,1128.75,17.74,1424.0,369.0,1410.0,366.0,2250.0,425.0,90.0,5382.7001953125,1109.300048828125
2009-11-17,1131.75,18.1,1438.0,368.0,1442.0,376.0,2475.0,425.0,90.0,5345.89990234375,1110.3199462890625
2009-11-18,1146.0,18.74,1449.0,372.0,1452.0,376.0,2475.0,425.0,95.0,5342.10009765625,1109.800048828125
2009-11-19,1136.0,18.2,1435.0,370.0,1445.0,370.0,2600.0,425.0,95.0,5267.7001953125,1094.9000244140625
2009-11-20,1142.5,18.18,1435.0,360.0,1445.0,368.0,2675.0,425.0,95.0,5251.39990234375,1091.3800048828125
2009-11-23,1166.0,18.76,1464.0,370.0,1474.0,372.0,2725.0,425.0,115.0,5355.5,1106.239990234375
2009-11-24,1170.25,18.57,1458.0,371.0,1454.0,374.0,2775.0,425.0,140.0,5324.0,1105.6500244140625
2009-11-25,1176.5,18.63,1469.0,375.0,1467.0,375.0,2775.0,425.0,160.0,5364.7998046875,1110.6300048828125
2009-11-26,1183.0,18.49,1455.0,368.0,1472.0,375.0,2800.0,425.0,160.0,5194.10009765625,1110.6300048828125
2009-11-27,1164.5,17.98,1426.0,358.0,1430.0,360.0,2800.0,425.0,160.0,5245.7001953125,1091.489990234375
2009-11-30,1172.0,18.14,1442.0,360.5,1454.0,369.0,2800.0,425.0,160.0,5190.7001953125,1095.6300048828125
2009-12-01,1193.5,18.72,1470.0,380.0,1462.0,371.0,2800.0,425.0,160.0,5312.2001953125,1108.8599853515625
2009-12-02,1211.5,19.18,1485.0,386.0,1497.0,390.0,2725.0,425.0,160.0,5327.39990234375,1109.239990234375
2009-12-03,1218.25,19.11,1494.0,386.0,1502.0,394.0,2625.0,425.0,160.0,5313.0,1099.9200439453125
2009-12-04,1203.25,18.83,1472.0,378.0,1485.0,385.0,2475.0,425.0,160.0,5322.39990234375,1105.97998046875
2009-12-07,1147.5,18.04,1430.0,367.5,1436.0,371.0,2425.0,425.0,160.0,5310.7001953125,1103.25
2009-12-08,1164.25,18.11,1439.0,374.0,1452.0,379.0,2300.0,425.0,160.0,5223.10009765625,1091.93994140625
2009-12-09,1142.25,17.77,1422.0,367.0,1418.0,370.0,2300.0,425.0,160.0,5203.89990234375,1095.949951171875
2009-12-10,1125.75,17.39,1416.0,365.0,1421.0,364.0,2200.0,425.0,160.0,5244.39990234375,1102.3499755859375
2009-12-11,1140.0,17.51,1429.0,367.0,1429.0,367.0,2175.0,425.0,160.0,5261.60009765625,1106.4100341796875
2009-12-14,1120.0,17.19,1436.0,364.5,1434.0,368.0,2175.0,425.0,160.0,5315.2998046875,1114.1099853515625
2009-12-15,1115.0,17.18,1434.0,363.0,1446.0,366.0,2175.0,425.0,160.0,5285.7998046875,1107.9300537109375
2009-12-16,1134.0,17.6,1457.0,373.0,1446.0,365.0,2225.0,425.0,160.0,5320.2998046875,1109.1800537109375
2009-12-17,1121.5,17.4,1432.0,370.0,1445.0,374.0,2425.0,425.0,160.0,5217.60009765625,1096.0799560546875
2009-12-18,1106.5,17.31,1417.0,365.0,1433.0,365.0,2450.0,425.0,160.0,5196.7998046875,1102.469970703125
2009-12-21,1113.25,17.27,1429.0,368.0,1435.0,367.0,2475.0,425.0,160.0,5294.0,1114.050048828125
2009-12-22,1094.25,16.95,1410.0,359.0,1417.0,365.0,2475.0,425.0,160.0,5328.7001953125,1118.02001953125
2009-12-23,1080.5,16.92,1399.0,356.0,1398.0,355.0,2475.0,425.0,160.0,5372.39990234375,1120.5899658203125
2009-12-24,1080.5,16.92,1399.0,356.0,1455.0,372.0,2475.0,425.0,160.0,5402.39990234375,1126.47998046875
2009-12-28,1080.5,16.92,1399.0,356.0,1488.0,387.0,2475.0,425.0,160.0,5402.39990234375,1127.780029296875
2009-12-29,1103.0,17.42,1472.0,389.0,1490.0,390.0,2475.0,425.0,160.0,5437.60009765625,1126.199951171875
2009-12-30,1092.5,16.92,1461.0,393.0,1476.0,390.0,2475.0,425.0,160.0,5397.89990234375,1126.4200439453125
2009-12-31,1092.5,16.92,1461.0,393.0,1475.0,402.0,2500.0,425.0,160.0,5412.89990234375,1115.0999755859375
2010-01-04,1113.0,17.17,1500.0,421.0,1490.0,418.0,2550.0,425.0,160.0,5500.2998046875,1132.989990234375
2010-01-05,1125.25,17.57,1518.0,421.0,1527.0,426.0,2650.0,425.0,160.0,5522.5,1136.52001953125
2010-01-06,1125.0,17.89,1556.0,422.0,1540.0,424.0,2700.0,425.0,160.0,5530.0,1137.1400146484375
2010-01-07,1130.75,18.09,1548.0,426.0,1555.0,425.0,2750.0,425.0,160.0,5526.7001953125,1141.68994140625
2010-01-08,1121.75,18.12,1569.0,431.0,1548.0,426.0,2750.0,425.0,160.0,5534.2001953125,1144.97998046875
2010-01-11,1158.0,18.84,1593.0,429.0,1578.0,431.0,2750.0,425.0,160.0,5538.10009765625,1146.97998046875
2010-01-12,1152.75,18.41,1576.0,432.0,1626.0,443.0,2750.0,425.0,170.0,5498.7001953125,1136.219970703125
2010-01-13,1132.75,18.35,1577.0,423.0,1578.0,427.0,2750.0,425.0,170.0,5473.5,1145.6800537109375
2010-01-14,1137.5,18.58,1600.0,438.0,1590.0,429.0,2750.0,425.0,170.0,5498.2001953125,1148.4599609375
2010-01-15,1132.0,18.52,1600.0,449.0,1614.0,453.0,2750.0,425.0,170.0,5455.39990234375,1136.030029296875
2010-01-18,1135.75,18.66,1615.0,454.0,1623.0,460.0,2775.0,425.0,170.0,5494.39990234375,1136.030029296875
2010-01-19,1134.0,18.5,1621.0,456.0,1645.0,463.0,2775.0,425.0,170.0,5513.10009765625,1150.22998046875
2010-01-20,1129.0,18.48,1627.0,457.0,1635.0,460.0,2775.0,425.0,175.0,5420.7998046875,1138.0400390625
2010-01-21,1104.0,17.68,1612.0,462.0,1633.0,472.0,2775.0,425.0,175.0,5335.10009765625,1116.47998046875
2010-01-22,1096.5,17.28,1540.0,432.0,1570.0,445.0,2675.0,425.0,175.0,5303.0,1091.760009765625
2010-01-25,1103.5,17.16,1543.0,436.0,1560.0,441.0,2600.0,425.0,175.0,5260.2998046875,1096.780029296875
2010-01-26,1090.75,16.79,1512.0,428.0,1530.0,435.0,2550.0,425.0,175.0,5276.89990234375,1092.1700439453125
2010-01-27,1094.75,16.74,1519.0,420.0,1521.0,428.0,2500.0,425.0,175.0,5217.5,1097.5
2010-01-28,1091.75,16.62,1517.0,426.0,1520.0,419.0,2450.0,425.0,175.0,5145.7001953125,1084.530029296875
2010-01-29,1082.75,16.29,1512.0,419.0,1511.0,420.0,2450.0,425.0,175.0,5188.5,1073.8699951171875
2010-02-01,1082.0,16.23,1520.0,424.0,1518.0,419.0,2450.0,425.0,175.0,5247.39990234375,1089.18994140625
2010-02-02,1114.0,16.78,1555.0,439.0,1545.0,430.0,2475.0,425.0,175.0,5283.2998046875,1103.3199462890625
2010-02-03,1118.5,16.79,1578.0,442.0,1592.0,447.0,2550.0,425.0,175.0,5253.2001953125,1097.280029296875
2010-02-04,1102.5,16.13,1549.0,431.0,1562.0,434.0,2550.0,430.0,180.0,5139.2998046875,1063.1099853515625
2010-02-05,1052.25,15.17,1475.0,395.0,1490.0,397.0,2500.0,430.0,180.0,5060.89990234375,1066.18994140625
2010-02-08,1070.0,15.14,1477.0,405.0,1488.0,404.0,2400.0,430.0,180.0,5092.2998046875,1056.739990234375
2010-02-09,1068.0,15.2,1496.0,415.0,1490.0,415.0,2375.0,430.0,180.0,5111.7998046875,1070.52001953125
2010-02-10,1075.5,15.6,1511.0,416.0,1505.0,420.0,2475.0,430.0,180.0,5132.0,1068.1300048828125
2010-02-11,1079.5,15.37,1511.0,418.0,1523.0,418.0,2475.0,440.0,185.0,5161.5,1078.469970703125
2010-02-12,1078.25,15.33,1505.0,416.0,1519.0,418.0,2500.0,455.0,185.0,5142.5,1075.510009765625
2010-02-15,1099.5,15.57,1513.0,418.0,1514.0,419.0,2500.0,465.0,185.0,5167.5,1075.510009765625
2010-02-16,1115.25,15.82,1534.0,431.0,1536.0,430.0,2500.0,465.0,185.0,5244.10009765625,1094.8699951171875
2010-02-17,1118.25,16.21,1542.0,440.0,1550.0,437.0,2500.0,465.0,185.0,5276.60009765625,1099.510009765625
2010-02-18,1105.5,15.83,1524.0,434.0,1512.0,430.0,2500.0,465.0,185.0,5325.10009765625,1106.75
2010-02-19,1107.0,15.95,1513.0,435.0,1510.0,430.0,2500.0,465.0,185.0,5358.2001953125,1109.1700439453125
2010-02-22,1119.75,16.44,1535.0,441.0,1545.0,447.0,2500.0,465.0,185.0,5352.10009765625,1108.010009765625
2010-02-23,1112.0,16.1,1518.0,438.0,1545.0,448.0,2525.0,465.0,190.0,5315.10009765625,1094.5999755859375
2010-02-24,1093.0,15.76,1504.0,427.0,1515.0,434.0,2575.0,465.0,190.0,5342.89990234375,1105.239990234375
2010-02-25,1092.75,15.92,1514.0,420.0,1509.0,420.0,2575.0,465.0,190.0,5278.2001953125,1102.93994140625
2010-02-26,1112.5,16.12,1533.0,430.0,1539.0,429.0,2575.0,465.0,190.0,5354.5,1104.489990234375
2010-03-01,1117.25,16.5,1548.0,437.0,1547.0,436.0,2575.0,465.0,190.0,5405.89990234375,1115.7099609375
2010-03-02,1116.0,16.57,1562.0,439.5,1554.0,440.0,2575.0,465.0,190.0,5484.10009765625,1118.31005859375
2010-03-03,1136.25,17.17,1580.0,444.0,1580.0,445.0,2575.0,465.0,190.0,5533.2001953125,1118.7900390625
2010-03-04,1136.25,17.34,1579.0,456.0,1573.0,450.0,2575.0,475.0,190.0,5527.2001953125,1122.969970703125
2010-03-05,1135.0,17.25,1578.0,466.0,1580.0,468.0,2575.0,475.0,190.0,5599.7998046875,1138.699951171875
2010-03-08,1134.0,17.33,1603.0,475.0,1589.0,479.0,2525.0,480.0,190.0,5606.7001953125,1138.5
2010-03-09,1120.0,17.05,1574.0,459.0,1596.0,472.0,2550.0,480.0,190.0,5602.2998046875,1140.449951171875
2010-03-10,1124.5,17.47,1605.0,471.0,1605.0,474.0,2550.0,480.0,190.0,5640.60009765625,1145.6099853515625
2010-03-11,1106.0,16.91,1580.0,447.0,1588.0,458.0,2550.0,480.0,190.0,5617.2998046875,1150.239990234375
2010-03-12,1118.75,17.31,1619.0,464.0,1615.0,465.0,2550.0,490.0,190.0,5625.7001953125,1149.989990234375
2010-03-15,1104.0,17.02,1616.0,463.0,1610.0,464.0,2550.0,500.0,190.0,5593.89990234375,1150.510009765625
2010-03-16,1113.25,17.24,1624.0,467.0,1626.0,465.0,2535.0,510.0,190.0,5620.39990234375,1159.4599609375
2010-03-17,1131.25,17.54,1636.0,476.0,1639.0,475.0,2535.0,510.0,190.0,5644.60009765625,1166.2099609375
2010-03-18,1122.75,17.49,1633.0,477.0,1632.0,478.0,2535.0,510.0,190.0,5642.60009765625,1165.8299560546875
2010-03-19,1121.5,17.31,1617.0,476.0,1628.0,479.0,2520.0,510.0,190.0,5650.10009765625,1159.9000244140625
2010-03-22,1104.25,16.78,1582.0,454.0,1600.0,466.0,2520.0,510.0,190.0,5644.5,1165.81005859375
2010-03-23,1100.75,16.78,1598.0,458.0,1608.0,462.0,2475.0,510.0,190.0,5673.60009765625,1174.1700439453125
2010-03-24,1094.0,16.68,1586.0,456.0,1603.0,458.0,2425.0,510.0,190.0,5677.89990234375,1167.719970703125
2010-03-25,1093.5,16.79,1593.0,448.0,1580.0,447.0,2425.0,510.0,190.0,5727.7001953125,1165.72998046875
2010-03-26,1098.0,16.85,1596.0,456.0,1609.0,460.0,2425.0,510.0,190.0,5703.0,1166.5899658203125
2010-03-29,1111.25,17.15,1611.0,473.0,1605.0,461.0,2500.0,510.0,190.0,5710.7001953125,1173.219970703125
2010-03-30,1109.75,17.41,1622.0,472.0,1630.0,475.0,2575.0,510.0,190.0,5672.2998046875,1173.27001953125
2010-03-31,1109.5,17.5,1645.0,479.0,1644.0,479.0,2575.0,510.0,190.0,5679.60009765625,1169.4300537109375
2010-04-01,1116.0,17.69,1660.0,491.0,1648.0,483.0,2600.0,510.0,190.0,5744.89990234375,1178.0999755859375
2010-04-05,1116.0,17.69,1660.0,491.0,1648.0,483.0,2600.0,510.0,190.0,5744.89990234375,1187.43994140625
2010-04-06,1124.0,17.92,1700.0,504.0,1695.0,505.0,2600.0,510.0,190.0,5780.39990234375,1189.43994140625
2010-04-07,1133.25,17.97,1710.0,508.0,1720.0,512.0,2675.0,510.0,190.0,5762.10009765625,1182.449951171875
2010-04-08,1146.5,17.98,1707.0,503.0,1710.0,509.0,2725.0,510.0,190.0,5712.7001953125,1186.43994140625
2010-04-09,1156.0,18.34,1718.0,511.0,1720.0,510.0,2725.0,510.0,190.0,5771.0,1194.3699951171875
2010-04-12,1163.5,18.49,1728.0,515.0,1729.0,520.0,2775.0,510.0,195.0,5777.7001953125,1196.47998046875
2010-04-13,1149.25,18.16,1714.0,518.0,1724.0,518.0,2825.0,520.0,195.0,5761.7001953125,1197.300048828125
2010-04-14,1159.0,18.39,1728.0,545.0,1728.0,542.0,2850.0,520.0,195.0,5796.2998046875,1210.6500244140625
2010-04-15,1151.25,18.27,1718.0,542.0,1725.0,546.0,2950.0,525.0,200.0,5825.0,1211.6700439453125
2010-04-16,1157.0,18.35,1708.0,532.0,1720.0,541.0,2975.0,530.0,205.0,5744.0,1192.1300048828125
2010-04-19,1127.5,17.5,1683.0,523.0,1678.0,523.0,2950.0,540.0,215.0,5727.89990234375,1197.52001953125
2010-04-20,1142.5,18.0,1714.0,543.0,1700.0,538.0,2950.0,540.0,215.0,5783.7001953125,1207.1700439453125
2010-04-21,1143.75,17.82,1730.0,559.0,1738.0,563.0,2950.0,540.0,215.0,5723.39990234375,1205.93994140625
2010-04-22,1144.25,17.98,1731.0,558.0,1752.0,570.0,2950.0,545.0,220.0,5665.2998046875,1208.6700439453125
2010-04-23,1140.0,17.89,1725.0,555.0,1734.0,563.0,2950.0,545.0,220.0,5723.7001953125,1217.280029296875
2010-04-26,1154.0,18.35,1752.0,571.0,1754.0,570.0,2950.0,555.0,220.0,5753.89990234375,1212.050048828125
2010-04-27,1152.25,18.16,1722.0,550.0,1748.0,567.0,2950.0,565.0,230.0,5603.5,1183.7099609375
2010-04-28,1164.25,17.96,1714.0,543.0,1727.0,553.0,2900.0,565.0,230.0,5586.60009765625,1191.3599853515625
2010-04-29,1170.0,18.15,1711.0,542.0,1718.0,547.0,2850.0,565.0,235.0,5617.7998046875,1206.780029296875
2010-04-30,1175.25,18.62,1738.0,552.0,1742.0,558.0,2850.0,565.0,240.0,5553.2998046875,1186.68994140625
2010-05-03,1175.25,18.62,1738.0,552.0,1734.0,548.0,2850.0,585.0,240.0,5553.2998046875,1202.260009765625
2010-05-04,1184.25,18.71,1712.0,529.0,1730.0,545.0,2850.0,585.0,240.0,5411.10009765625,1173.5999755859375
2010-05-05,1172.0,17.63,1636.0,493.0,1687.0,515.0,2850.0,595.0,240.0,5341.89990234375,1165.8699951171875
2010-05-06,1178.0,17.69,1662.0,507.0,1662.0,507.0,2800.0,595.0,240.0,5261.0,1128.1500244140625
2010-05-07,1199.6,17.7,1651.0,505.0,1665.0,504.0,2825.0,595.0,240.0,5123.0,1110.8800048828125
2010-05-10,1188.25,18.46,1694.0,528.0,1688.0,527.0,2825.0,595.0,240.0,5387.39990234375,1159.72998046875
2010-05-11,1209.0,18.42,1689.0,521.0,1684.0,525.0,2825.0,605.0,245.0,5334.2001953125,1155.7900390625
2010-05-12,1241.25,19.59,1703.0,537.0,1697.0,531.0,2825.0,615.0,245.0,5383.5,1171.6700439453125
2010-05-13,1235.0,19.43,1728.0,543.0,1738.0,547.0,2825.0,615.0,245.0,5433.7001953125,1157.43994140625
2010-05-14,1238.75,19.64,1722.0,536.0,1730.0,545.0,2825.0,640.0,245.0,5262.89990234375,1135.6800537109375
2010-05-17,1230.25,19.11,1692.0,515.0,1706.0,520.0,2800.0,650.0,245.0,5262.5,1136.93994140625
2010-05-18,1215.0,18.82,1681.0,507.0,1685.0,508.0,2800.0,650.0,245.0,5307.2998046875,1120.800048828125
2010-05-19,1209.5,18.53,1612.0,472.0,1656.0,490.0,2775.0,675.0,245.0,5158.10009765625,1115.050048828125
2010-05-20,1187.25,17.93,1515.0,420.0,1580.0,446.0,2725.0,675.0,245.0,5073.10009765625,1071.5899658203125
2010-05-21,1183.5,17.72,1492.0,419.0,1497.0,416.0,2725.0,675.0,245.0,5062.89990234375,1087.68994140625
2010-05-24,1183.75,17.78,1525.0,450.0,1530.0,450.0,2675.0,685.0,245.0,5069.60009765625,1073.6500244140625
2010-05-25,1189.5,17.63,1493.0,428.0,1495.0,430.0,2675.0,685.0,245.0,4940.7001953125,1074.030029296875
2010-05-26,1212.5,18.27,1533.0,447.0,1526.0,450.0,2675.0,685.0,245.0,5038.10009765625,1067.949951171875
2010-05-27,1210.75,18.36,1535.0,455.0,1546.0,449.0,2675.0,710.0,245.0,5195.2001953125,1103.06005859375
2010-05-28,1214.0,18.53,1555.0,471.0,1560.0,469.0,2675.0,710.0,245.0,5188.39990234375,1089.4100341796875
2010-05-31,1214.0,18.53,1555.0,471.0,1565.0,466.0,2675.0,710.0,245.0,5188.39990234375,1089.4100341796875
2010-06-01,1219.75,18.3,1550.0,457.0,1568.0,468.0,2675.0,710.0,245.0,5163.2998046875,1070.7099609375
2010-06-02,1221.0,18.43,1542.0,450.0,1546.0,457.0,2625.0,710.0,245.0,5151.2998046875,1098.3800048828125
2010-06-03,1219.75,18.27,1565.0,462.0,1566.0,464.0,2625.0,710.0,245.0,5211.2001953125,1102.8299560546875
2010-06-04,1203.5,17.76,1527.0,440.0,1544.0,451.0,2600.0,710.0,245.0,5126.0,1064.8800048828125
2010-06-07,1212.4,17.36,1500.0,423.0,1500.0,423.0,2600.0,710.0,245.0,5069.10009765625,1050.469970703125
2010-06-08,1248.0,18.34,1516.0,428.0,1530.0,436.0,2475.0,710.0,245.0,5028.2001953125,1062.0
2010-06-09,1235.0,18.27,1537.0,453.0,1530.0,446.0,2475.0,715.0,240.0,5085.89990234375,1055.68994140625
2010-06-10,1220.0,17.98,1530.0,450.0,1537.0,455.0,2450.0,715.0,240.0,5132.5,1086.8399658203125
2010-06-11,1220.5,18.31,1539.0,449.0,1545.0,455.0,2425.0,715.0,240.0,5163.7001953125,1091.5999755859375
2010-06-14,1229.5,18.43,1556.0,457.0,1560.0,457.0,2425.0,715.0,240.0,5202.10009765625,1089.6300048828125
2010-06-15,1223.0,18.42,1558.0,460.0,1557.0,460.0,2425.0,715.0,240.0,5217.7998046875,1115.22998046875
2010-06-16,1235.5,18.51,1568.0,471.0,1585.0,477.0,2425.0,715.0,240.0,5237.89990234375,1114.6099853515625
2010-06-17,1234.5,18.5,1577.0,482.0,1576.0,474.0,2425.0,715.0,240.0,5253.89990234375,1116.0400390625
2010-06-18,1244.0,18.77,1578.0,484.0,1579.0,483.0,2425.0,715.0,240.0,5250.7998046875,1117.510009765625
2010-06-21,1259.5,19.37,1605.0,502.0,1604.0,499.0,2425.0,715.0,240.0,5299.10009765625,1113.199951171875
2010-06-22,1235.25,18.625,1585.0,487.0,1594.0,494.0,2425.0,715.0,240.0,5247.0,1095.31005859375
2010-06-23,1243.0,18.91,1575.0,485.0,1578.0,484.0,2425.0,715.0,240.0,5178.5,1092.0400390625
2010-06-24,1233.25,18.38,1549.0,466.0,1566.0,476.0,2450.0,715.0,240.0,5100.2001953125,1073.68994140625
2010-06-25,1242.5,18.65,1556.0,471.0,1569.0,475.0,2450.0,715.0,240.0,5046.5,1076.760009765625
2010-06-28,1256.0,19.11,1581.0,481.0,1588.0,482.0,2500.0,715.0,240.0,5071.7001953125,1074.5699462890625
2010-06-29,1236.0,18.57,1545.0,463.0,1560.0,465.0,2500.0,715.0,235.0,4914.2001953125,1041.239990234375
2010-06-30,1240.5,18.74,1532.0,446.0,1533.0,455.0,2500.0,715.0,235.0,4916.89990234375,1030.7099609375
2010-07-01,1240.0,18.65,1514.0,433.5,1512.0,438.0,2500.0,715.0,230.0,4805.7998046875,1027.3699951171875
2010-07-02,1210.5,17.98,1508.0,433.0,1517.0,439.0,2475.0,720.0,225.0,4838.10009765625,1022.5800170898438
2010-07-05,1208.5,17.85,1506.0,429.0,1513.0,432.0,2475.0,720.0,220.0,4823.5,1022.5800170898438
2010-07-06,1210.75,17.85,1509.0,432.0,1510.0,435.0,2475.0,720.0,220.0,4965.0,1028.06005859375
2010-07-07,1186.0,17.65,1512.0,439.0,1505.0,434.0,2450.0,720.0,220.0,5014.7998046875,1060.27001953125
2010-07-08,1201.25,18.0,1528.0,447.0,1537.0,453.0,2450.0,720.0,215.0,5105.5,1070.25
2010-07-09,1196.25,17.87,1527.0,454.0,1527.0,448.0,2450.0,720.0,210.0,5132.89990234375,1077.9599609375
2010-07-12,1203.75,18.06,1526.0,456.0,1526.0,459.0,2450.0,720.0,210.0,5167.0,1078.75
2010-07-13,1206.5,18.0,1534.0,463.0,1515.0,458.0,2450.0,720.0,210.0,5271.0,1095.3399658203125
2010-07-14,1212.25,18.29,1523.0,465.0,1535.0,466.0,2425.0,720.0,210.0,5253.5,1095.1700439453125
2010-07-15,1211.75,18.42,1530.0,470.0,1528.0,466.0,2400.0,720.0,210.0,5211.2998046875,1096.47998046875
2010-07-16,1204.75,18.25,1512.0,456.0,1521.0,464.0,2400.0,720.0,210.0,5158.89990234375,1064.8800048828125
2010-07-19,1190.25,17.78,1499.0,447.0,1513.0,455.0,2325.0,720.0,205.0,5148.2998046875,1071.25
2010-07-20,1181.5,17.55,1502.0,438.0,1518.0,450.0,2250.0,720.0,205.0,5139.5,1083.47998046875
2010-07-21,1191.25,17.88,1524.0,453.0,1507.0,449.0,2150.0,720.0,205.0,5214.60009765625,1069.5899658203125
2010-07-22,1187.0,17.82,1519.0,453.0,1512.0,448.0,2200.0,720.0,205.0,5313.7998046875,1093.6700439453125
2010-07-23,1198.75,18.17,1541.0,460.0,1536.0,462.0,2250.0,720.0,205.0,5312.60009765625,1102.6600341796875
2010-07-26,1189.0,18.01,1546.0,477.0,1555.0,476.0,2300.0,720.0,205.0,5351.10009765625,1115.010009765625
2010-07-27,1184.0,18.16,1560.0,478.0,1562.0,478.0,2300.0,720.0,205.0,5365.7001953125,1113.8399658203125
2010-07-28,1164.0,17.63,1535.0,469.0,1546.0,474.0,2250.0,720.0,205.0,5319.7001953125,1106.1300048828125
2010-07-29,1166.0,17.6,1553.0,488.0,1552.0,477.0,2225.0,720.0,200.0,5314.0,1101.530029296875
2010-07-30,1168.0,17.66,1555.0,487.0,1560.0,491.0,2225.0,720.0,200.0,5258.0,1101.5999755859375
2010-08-02,1178.0,18.11,1587.0,501.0,1590.0,500.0,2225.0,720.0,200.0,5397.10009765625,1125.8599853515625
2010-08-03,1184.0,18.42,1590.0,514.0,1593.0,513.0,2225.0,720.0,200.0,5396.5,1120.4599609375
2010-08-04,1194.5,18.5,1590.0,504.0,1595.0,508.0,2225.0,720.0,200.0,5386.2001953125,1127.239990234375
2010-08-05,1195.5,18.35,1577.0,497.0,1578.0,495.0,2225.0,720.0,200.0,5365.7998046875,1125.81005859375
2010-08-06,1194.5,18.3,1571.0,491.0,1574.0,500.0,2175.0,720.0,200.0,5332.39990234375,1121.6400146484375
2010-08-09,1206.0,18.48,1558.0,485.0,1565.0,490.0,2175.0,720.0,200.0,5410.5,1127.7900390625
2010-08-10,1196.75,18.09,1539.0,479.0,1546.0,479.0,2175.0,720.0,200.0,5376.39990234375,1121.06005859375
2010-08-11,1198.0,18.12,1540.0,475.0,1540.0,475.0,2150.0,720.0,200.0,5245.2001953125,1089.469970703125
2010-08-12,1200.0,17.92,1524.0,469.0,1512.0,465.0,2150.0,720.0,200.0,5266.10009765625,1083.6099853515625
2010-08-13,1215.0,18.06,1527.0,473.0,1536.0,476.0,2125.0,720.0,200.0,5275.39990234375,1079.25
2010-08-16,1222.0,18.2,1534.0,482.0,1535.0,482.0,2125.0,720.0,200.0,5276.10009765625,1079.3800048828125
2010-08-17,1226.25,18.54,1541.0,494.0,1544.0,488.0,2125.0,720.0,195.0,5350.60009765625,1092.5400390625
2010-08-18,1223.0,18.36,1537.0,490.0,1544.0,499.0,2125.0,720.0,195.0,5302.89990234375,1094.1600341796875
2010-08-19,1228.0,18.45,1540.0,494.0,1540.0,492.0,2125.0,720.0,195.0,5211.2998046875,1075.6300048828125
2010-08-20,1230.5,18.14,1512.0,478.0,1520.0,485.0,2125.0,720.0,195.0,5195.2998046875,1071.68994140625
2010-08-23,1227.0,17.94,1510.0,480.0,1513.0,484.0,2125.0,720.0,195.0,5234.7998046875,1067.3599853515625
2010-08-24,1218.0,17.88,1494.0,476.0,1502.0,480.0,2125.0,720.0,195.0,5156.0,1051.8699951171875
2010-08-25,1237.5,18.63,1516.0,490.5,1515.0,488.0,2125.0,720.0,195.0,5109.39990234375,1055.3299560546875
2010-08-26,1240.25,19.11,1531.0,502.0,1538.0,500.0,2125.0,720.0,195.0,5155.7998046875,1047.219970703125
2010-08-27,1234.5,19.03,1530.0,503.0,1535.0,503.0,2125.0,720.0,195.0,5201.60009765625,1064.5899658203125
2010-08-30,1234.5,19.03,1530.0,503.0,1538.0,507.0,2125.0,720.0,195.0,5201.60009765625,1048.9200439453125
2010-08-31,1233.5,18.87,1515.0,494.0,1514.0,492.0,2125.0,720.0,195.0,5225.2001953125,1049.3299560546875
2010-09-01,1250.0,19.47,1531.0,519.5,1527.0,506.0,2125.0,720.0,195.0,5366.39990234375,1080.2900390625
2010-09-02,1247.75,19.45,1550.0,521.0,1540.0,522.0,2125.0,720.0,195.0,5371.0,1090.0999755859375
2010-09-03,1252.0,19.66,1553.0,524.0,1555.0,525.0,2125.0,720.0,195.0,5428.2001953125,1104.510009765625
2010-09-06,1249.5,19.86,1562.0,529.0,1565.0,533.0,2125.0,720.0,195.0,5439.2001953125,1104.510009765625
2010-09-07,1247.25,19.65,1556.0,529.0,1564.0,529.0,2125.0,720.0,195.0,5407.7998046875,1091.8399658203125
2010-09-08,1258.0,20.02,1555.0,523.0,1560.0,528.0,2125.0,720.0,195.0,5429.7001953125,1098.8699951171875
2010-09-09,1253.5,19.97,1552.0,523.0,1555.0,526.0,2125.0,720.0,190.0,5494.2001953125,1104.1800537109375
2010-09-10,1248.75,19.9,1545.0,518.0,1555.0,524.0,2125.0,720.0,190.0,5501.60009765625,1109.550048828125
2010-09-13,1243.0,19.93,1545.0,522.0,1555.0,522.0,2125.0,720.0,190.0,5565.5,1121.9000244140625
2010-09-14,1253.25,20.31,1569.0,544.0,1568.0,542.0,2125.0,720.0,190.0,5567.39990234375,1121.0999755859375
2010-09-15,1270.0,20.44,1584.5,546.0,1591.0,550.0,2125.0,720.0,190.0,5555.60009765625,1125.0699462890625
2010-09-16,1271.25,20.76,1602.0,554.0,1600.0,555.0,2125.0,720.0,190.0,5540.10009765625,1124.6600341796875
2010-09-17,1281.5,20.85,1618.0,547.0,1622.0,558.0,2125.0,720.0,190.0,5508.5,1125.5899658203125
2010-09-20,1280.25,20.91,1616.0,536.0,1625.0,547.0,2175.0,720.0,190.0,5602.5,1142.7099609375
2010-09-21,1278.75,20.76,1615.0,530.0,1619.0,536.0,2350.0,720.0,190.0,5576.2001953125,1139.780029296875
2010-09-22,1291.75,21.08,1632.0,543.0,1635.0,545.0,2350.0,720.0,185.0,5551.89990234375,1134.280029296875
2010-09-23,1291.5,21.08,1631.0,541.0,1640.0,547.0,2325.0,720.0,185.0,5547.10009765625,1124.8299560546875
2010-09-24,1298.0,21.35,1645.0,562.0,1645.0,559.0,2275.0,720.0,185.0,5598.5,1148.6700439453125
2010-09-27,1298.25,21.54,1634.0,558.0,1644.0,561.0,2300.0,720.0,185.0,5573.39990234375,1142.1600341796875
2010-09-28,1289.0,21.165,1614.0,552.0,1621.0,547.0,2300.0,720.0,180.0,5578.39990234375,1147.699951171875
2010-09-29,1307.5,21.87,1647.0,564.0,1650.0,572.0,2300.0,720.0,180.0,5569.2998046875,1144.72998046875
2010-09-30,1311.0,22.07,1662.0,573.0,1642.0,565.0,2300.0,720.0,180.0,5548.60009765625,1141.199951171875
2010-10-01,1313.0,21.95,1679.0,571.0,1666.0,573.0,2300.0,720.0,180.0,5592.89990234375,1146.239990234375
2010-10-04,1316.0,22.03,1667.0,565.0,1682.0,573.0,2300.0,720.0,180.0,5556.0,1137.030029296875
2010-10-05,1325.75,22.24,1689.0,569.0,1673.0,560.0,2275.0,720.0,180.0,5635.7998046875,1160.75
2010-10-06,1347.0,22.92,1694.0,583.0,1705.0,582.0,2275.0,720.0,180.0,5681.39990234375,1159.969970703125
2010-10-07,1359.5,23.38,1723.0,598.0,1720.0,597.0,2250.0,720.0,180.0,5662.10009765625,1158.06005859375
2010-10-08,1330.5,22.37,1683.0,572.0,1699.0,587.0,2250.0,720.0,180.0,5657.60009765625,1165.1500244140625
2010-10-11,1348.5,23.31,1686.0,584.0,1707.0,590.0,2250.0,725.0,180.0,5672.39990234375,1165.3199462890625
2010-10-12,1343.5,23.03,1685.5,585.0,1686.0,586.0,2250.0,725.0,180.0,5661.60009765625,1169.77001953125
2010-10-13,1358.5,23.53,1698.0,587.0,1696.0,594.0,2250.0,725.0,180.0,5747.39990234375,1178.0999755859375
2010-10-14,1380.75,24.49,1708.0,598.0,1720.0,603.0,2250.0,725.0,180.0,5727.2001953125,1173.81005859375
2010-10-15,1377.25,24.42,1691.0,591.0,1711.0,601.0,2300.0,725.0,180.0,5703.39990234375,1176.18994140625
2010-10-18,1359.75,24.02,1686.0,582.0,1682.0,575.0,2300.0,725.0,180.0,5742.5,1184.7099609375
2010-10-19,1367.75,24.26,1672.0,571.0,1693.0,587.0,2300.0,725.0,175.0,5703.89990234375,1165.9000244140625
2010-10-20,1340.5,23.71,1670.0,581.0,1674.0,578.0,2300.0,725.0,175.0,5728.89990234375,1178.1700439453125
2010-10-21,1345.25,23.9,1682.0,596.0,1682.0,590.0,2300.0,725.0,175.0,5757.89990234375,1180.260009765625
2010-10-22,1319.0,23.05,1673.0,586.0,1680.0,595.0,2300.0,725.0,175.0,5741.39990234375,1183.0799560546875
2010-10-25,1345.0,23.71,1702.0,611.0,1702.0,618.0,2300.0,725.0,175.0,5752.0,1185.6199951171875
2010-10-26,1334.0,23.48,1696.0,608.0,1706.0,615.0,2300.0,725.0,175.0,5707.2998046875,1185.6400146484375
2010-10-27,1332.25,23.77,1695.0,622.0,1706.0,630.0,2275.0,725.0,175.0,5646.0,1182.449951171875
2010-10-28,1326.5,23.73,1685.0,626.0,1685.0,622.0,2275.0,735.0,175.0,5677.89990234375,1183.780029296875
2010-10-29,1336.75,23.96,1700.0,640.0,1697.0,636.0,2275.0,745.0,175.0,5675.2001953125,1183.260009765625
2010-11-01,1361.5,24.91,1715.0,644.0,1715.0,653.0,2275.0,745.0,175.0,5694.60009765625,1184.3800048828125
2010-11-02,1358.0,24.73,1718.0,650.0,1715.0,653.0,2275.0,745.0,175.0,5757.39990234375,1193.5699462890625
2010-11-03,1358.5,25.0,1709.0,638.0,1715.0,643.0,2275.0,745.0,175.0,5749.0,1197.9599609375
2010-11-04,1361.0,25.38,1740.0,668.0,1720.0,662.0,2275.0,755.0,175.0,5862.7998046875,1221.06005859375
2010-11-05,1384.25,26.14,1764.0,687.0,1772.0,683.0,2300.0,755.0,175.0,5875.39990234375,1225.8499755859375
2010-11-08,1390.0,26.72,1752.0,694.0,1763.0,685.0,2300.0,755.0,175.0,5850.0,1223.25
2010-11-09,1416.25,28.55,1786.0,730.0,1784.0,720.0,2325.0,755.0,175.0,5875.2001953125,1213.4000244140625
2010-11-10,1402.0,27.53,1768.0,714.0,1772.0,709.0,2375.0,755.0,175.0,5816.89990234375,1218.7099609375
2010-11-11,1413.0,27.75,1754.0,715.0,1767.0,716.0,2400.0,755.0,175.0,5815.2001953125,1213.5400390625
2010-11-12,1387.0,26.79,1712.0,703.0,1712.0,687.0,2475.0,755.0,175.0,5796.89990234375,1199.2099609375
2010-11-15,1367.0,26.01,1675.0,675.0,1680.0,677.0,2450.0,755.0,175.0,5820.39990234375,1197.75
2010-11-16,1363.25,25.48,1658.0,661.0,1670.0,675.0,2425.0,755.0,175.0,5681.89990234375,1178.3399658203125
2010-11-17,1336.5,25.2,1637.0,649.0,1634.0,633.0,2375.0,755.0,175.0,5692.60009765625,1178.5899658203125
2010-11-18,1356.75,26.57,1656.0,684.0,1658.0,682.0,2350.0,755.0,175.0,5768.7001953125,1196.68994140625
2010-11-19,1357.5,27.07,1650.0,695.0,1667.0,705.0,2350.0,755.0,175.0,5732.7998046875,1199.72998046875
2010-11-22,1357.5,27.42,1657.0,700.0,1673.0,712.0,2350.0,755.0,175.0,5680.7998046875,1197.8399658203125
2010-11-23,1361.0,27.31,1640.0,674.0,1660.0,687.0,2350.0,760.0,175.0,5581.2998046875,1180.72998046875
2010-11-24,1376.25,27.41,1662.0,694.0,1662.0,700.0,2325.0,760.0,175.0,5657.10009765625,1198.3499755859375
2010-11-25,1370.5,27.44,1655.0,697.0,1658.0,698.0,2325.0,760.0,175.0,5698.89990234375,1198.3499755859375
2010-11-26,1366.5,26.62,1639.0,670.0,1649.0,687.0,2325.0,760.0,175.0,5668.7001953125,1189.4000244140625
2010-11-29,1360.0,26.74,1636.0,680.0,1657.0,688.0,2325.0,760.0,175.0,5551.0,1187.760009765625
2010-11-30,1375.0,27.13,1658.0,702.0,1650.0,699.0,2300.0,760.0,175.0,5528.2998046875,1180.550048828125
2010-12-01,1391.5,28.74,1675.0,716.0,1676.0,710.0,2300.0,765.0,175.0,5642.5,1206.0699462890625
2010-12-02,1390.0,28.5,1700.0,741.0,1710.0,752.0,2325.0,765.0,175.0,5767.60009765625,1221.530029296875
2010-12-03,1391.75,28.74,1718.0,758.0,1717.0,762.0,2325.0,765.0,180.0,5745.2998046875,1224.7099609375
2010-12-06,1411.5,29.6,1717.0,759.0,1738.0,776.0,2325.0,765.0,180.0,5770.2998046875,1223.1199951171875
2010-12-07,1426.0,30.5,1724.0,769.5,1724.0,766.0,2325.0,765.0,180.0,5808.5,1223.75
2010-12-08,1395.0,29.02,1683.0,729.0,1689.0,736.0,2325.0,765.0,180.0,5794.5,1228.280029296875
2010-12-09,1382.0,28.41,1691.0,746.0,1694.0,740.0,2325.0,765.0,180.0,5808.0,1233.0
2010-12-10,1390.0,28.79,1673.0,737.0,1687.0,749.0,2300.0,765.0,180.0,5813.0,1240.4000244140625
2010-12-13,1388.25,29.33,1699.0,761.0,1695.0,748.0,2300.0,765.0,180.0,5860.7998046875,1240.4599609375
2010-12-14,1405.0,29.88,1701.0,758.0,1713.0,765.0,2300.0,765.0,180.0,5891.2001953125,1241.5899658203125
2010-12-15,1388.25,29.06,1701.0,752.0,1703.0,762.0,2325.0,765.0,180.0,5882.2001953125,1235.22998046875
2010-12-16,1384.0,29.15,1700.0,745.0,1698.0,753.0,2325.0,765.0,180.0,5881.10009765625,1242.8699951171875
2010-12-17,1374.75,28.78,1696.0,738.0,1710.0,748.0,2325.0,770.0,180.0,5871.7998046875,1243.9100341796875
2010-12-20,1381.0,29.21,1704.0,747.0,1708.0,746.0,2325.0,770.0,180.0,5891.60009765625,1247.0799560546875
2010-12-21,1386.0,29.25,1717.0,749.0,1717.0,753.0,2450.0,770.0,180.0,5951.7998046875,1254.5999755859375
2010-12-22,1389.0,29.35,1728.0,757.0,1730.0,756.0,2450.0,770.0,180.0,5983.5,1258.8399658203125
2010-12-23,1384.0,29.18,1720.0,752.0,1730.0,756.0,2425.0,775.0,180.0,5996.10009765625,1256.77001953125
2010-12-24,1384.0,29.18,1720.0,752.0,1735.0,757.0,2400.0,775.0,180.0,6008.89990234375,1256.77001953125
2010-12-27,1384.0,29.18,1720.0,752.0,1735.0,757.0,2400.0,775.0,180.0,6008.89990234375,1257.5400390625
2010-12-28,1384.0,29.18,1720.0,752.0,1748.0,775.0,2400.0,775.0,180.0,6008.89990234375,1258.510009765625
2010-12-29,1403.5,30.44,1745.0,791.0,1758.0,792.0,2400.0,775.0,180.0,5996.39990234375,1259.780029296875
2010-12-30,1411.5,30.7,1755.0,797.0,1772.0,798.0,2425.0,780.0,180.0,5971.0,1257.8800048828125
2010-12-31,1411.5,30.7,1755.0,797.0,1752.0,790.0,2425.0,780.0,180.0,5899.89990234375,1257.6400146484375
2011-01-03,1411.5,30.7,1755.0,797.0,1752.0,790.0,2425.0,780.0,180.0,5899.89990234375,1271.8699951171875
2011-01-04,1405.5,30.67,1753.0,784.0,1768.0,795.0,2425.0,780.0,180.0,6013.89990234375,1270.199951171875
2011-01-05,1382.75,29.21,1722.0,754.0,1740.0,775.0,2425.0,780.0,180.0,6043.89990234375,1276.56005859375
2011-01-06,1376.0,29.08,1731.0,766.0,1735.0,777.0,2425.0,790.0,180.0,6019.5,1273.8499755859375
2011-01-07,1358.0,28.39,1735.0,754.0,1726.0,758.0,2425.0,790.0,180.0,5984.2998046875,1271.5
2011-01-10,1368.25,28.79,1742.0,753.0,1746.0,755.0,2425.0,800.0,180.0,5956.2998046875,1269.75
2011-01-11,1381.0,29.54,1758.0,778.0,1748.0,764.0,2425.0,800.0,180.0,6014.0,1274.47998046875
2011-01-12,1383.5,29.6,1793.0,803.0,1775.0,800.0,2425.0,800.0,180.0,6050.7001953125,1285.9599609375
2011-01-13,1380.75,29.22,1824.0,819.0,1800.0,812.0,2425.0,800.0,180.0,6023.89990234375,1283.760009765625
2011-01-14,1369.25,28.52,1811.0,795.0,1821.0,807.0,2425.0,800.0,180.0,6002.10009765625,1293.239990234375
2011-01-17,1357.5,28.19,1803.0,790.0,1819.0,795.0,2425.0,810.0,180.0,5985.7001953125,1293.239990234375
2011-01-18,1368.75,28.79,1824.0,805.0,1820.0,805.0,2425.0,810.0,180.0,6056.39990234375,1295.02001953125
2011-01-19,1373.75,29.32,1845.0,824.0,1846.0,826.0,2425.0,810.0,180.0,5976.7001953125,1281.9200439453125
2011-01-20,1364.5,28.41,1809.0,805.0,1824.0,808.0,2425.0,810.0,180.0,5867.89990234375,1280.260009765625
2011-01-21,1344.0,27.14,1817.0,814.0,1811.0,812.0,2450.0,825.0,180.0,5896.2998046875,1283.3499755859375
2011-01-24,1347.5,27.56,1822.0,816.0,1827.0,827.0,2450.0,825.0,180.0,5943.89990234375,1290.8399658203125
2011-01-25,1326.0,26.7,1787.0,786.0,1798.0,800.0,2450.0,835.0,180.0,5917.7001953125,1291.1800537109375
2011-01-26,1335.5,27.1,1791.0,790.0,1796.0,795.0,2450.0,850.0,180.0,5969.2001953125,1296.6300048828125
2011-01-27,1337.5,27.39,1807.0,814.0,1808.0,811.0,2450.0,850.0,180.0,5965.10009765625,1299.5400390625
2011-01-28,1316.0,26.68,1784.0,806.0,1779.0,804.0,2450.0,850.0,180.0,5881.39990234375,1276.3399658203125
2011-01-31,1333.5,27.75,1781.0,806.0,1795.0,818.0,2500.0,865.0,180.0,5862.89990234375,1286.1199951171875
2011-02-01,1337.5,28.32,1812.0,822.0,1807.0,825.0,2500.0,865.0,180.0,5957.7998046875,1307.5899658203125
2011-02-02,1337.0,28.27,1830.0,819.0,1835.0,825.0,2500.0,865.0,180.0,6000.10009765625,1304.030029296875
2011-02-03,1332.5,28.3,1828.0,808.0,1833.0,818.0,2500.0,865.0,180.0,5983.2998046875,1307.0999755859375
2011-02-04,1347.5,28.91,1838.0,813.0,1846.0,819.0,2500.0,875.0,180.0,5997.39990234375,1310.8699951171875
2011-02-07,1347.0,29.21,1845.0,820.0,1841.0,818.0,2500.0,875.0,180.0,6051.0,1319.050048828125
2011-02-08,1354.0,29.42,1848.0,823.0,1852.0,833.0,2500.0,875.0,180.0,6091.2998046875,1324.5699462890625
2011-02-09,1362.5,30.22,1858.0,835.0,1864.0,838.0,2500.0,890.0,180.0,6052.2998046875,1320.8800048828125
2011-02-10,1358.75,29.8,1831.0,822.0,1849.0,830.0,2500.0,890.0,180.0,6020.0,1321.8699951171875
2011-02-11,1359.0,30.0,1829.0,822.0,1836.0,825.0,2500.0,900.0,180.0,6062.89990234375,1329.1500244140625
2011-02-14,1356.75,30.16,1830.0,824.0,1824.0,826.0,2500.0,900.0,180.0,6060.10009765625,1332.3199462890625
2011-02-15,1372.25,30.72,1842.0,845.0,1837.0,837.0,2475.0,940.0,180.0,6037.10009765625,1328.010009765625
2011-02-16,1374.5,30.77,1828.0,840.0,1838.0,844.0,2475.0,940.0,180.0,6085.2998046875,1336.3199462890625
2011-02-17,1377.0,30.61,1834.0,839.0,1835.0,845.0,2475.0,1025.0,180.0,6087.39990234375,1340.4300537109375
2011-02-18,1385.5,31.94,1836.0,847.0,1843.0,847.0,2450.0,1025.0,180.0,6083.0,1343.010009765625
2011-02-21,1399.5,33.43,1847.0,858.0,1849.0,860.0,2450.0,1050.0,180.0,6014.7998046875,1343.010009765625
2011-02-22,1394.5,32.89,1821.0,836.0,1836.0,854.0,2450.0,1075.0,180.0,5996.7998046875,1315.43994140625
2011-02-23,1401.25,33.29,1794.0,809.0,1807.0,815.0,2450.0,1075.0,180.0,5923.5,1307.4000244140625
2011-02-24,1414.5,33.28,1772.0,770.0,1787.0,770.0,2450.0,1075.0,180.0,5920.0,1306.0999755859375
2011-02-25,1405.0,32.54,1791.0,785.0,1802.0,789.0,2425.0,1075.0,180.0,6001.2001953125,1319.8800048828125
2011-02-28,1409.75,33.49,1804.0,790.0,1821.0,798.0,2425.0,1075.0,180.0,5994.0,1327.219970703125
2011-03-01,1414.5,34.37,1828.0,812.0,1810.0,800.0,2425.0,1075.0,180.0,5935.7998046875,1306.3299560546875
2011-03-02,1430.5,34.75,1846.0,821.0,1834.0,816.0,2425.0,1075.0,180.0,5914.89990234375,1308.43994140625
2011-03-03,1430.5,34.53,1841.0,817.0,1843.0,820.0,2425.0,1075.0,180.0,6005.10009765625,1330.969970703125
2011-03-04,1418.0,34.43,1828.0,811.0,1837.0,807.0,2425.0,1075.0,180.0,5990.39990234375,1321.1500244140625
2011-03-07,1437.0,36.6,1838.0,810.0,1842.0,816.0,2425.0,1075.0,180.0,5973.7998046875,1310.1300048828125
2011-03-08,1435.0,36.37,1808.0,781.0,1812.0,786.0,2400.0,1075.0,180.0,5974.7998046875,1321.8199462890625
2011-03-09,1431.5,36.17,1811.0,800.0,1806.0,794.0,2400.0,1075.0,180.0,5937.2998046875,1320.02001953125
2011-03-10,1424.25,35.19,1778.0,769.0,1800.0,776.0,2400.0,1075.0,180.0,5845.2998046875,1295.1099853515625
2011-03-11,1409.75,34.1,1777.0,754.0,1775.0,770.0,2400.0,1075.0,180.0,5828.7001953125,1304.280029296875
2011-03-14,1424.5,36.18,1762.0,752.0,1752.0,760.0,2400.0,1075.0,180.0,5775.2001953125,1296.3900146484375
2011-03-15,1407.0,33.88,1711.0,700.0,1732.0,730.0,2400.0,1075.0,180.0,5695.2998046875,1281.8699951171875
2011-03-16,1398.5,34.73,1726.0,719.0,1700.0,712.0,2400.0,1075.0,180.0,5598.2001953125,1256.8800048828125
2011-03-17,1403.5,34.47,1697.0,712.0,1697.0,706.0,2400.0,1075.0,180.0,5696.10009765625,1273.719970703125
2011-03-18,1415.5,35.15,1720.0,727.0,1724.0,730.0,2400.0,1050.0,180.0,5718.10009765625,1279.2099609375
2011-03-21,1427.75,36.16,1741.0,743.0,1734.0,740.0,2400.0,1050.0,180.0,5786.10009765625,1298.3800048828125
2011-03-22,1425.5,35.95,1736.0,739.0,1746.0,748.0,2375.0,1050.0,180.0,5762.7001953125,1293.77001953125
2011-03-23,1433.0,36.58,1744.0,739.0,1740.0,739.0,2375.0,1050.0,180.0,5795.89990234375,1297.5400390625
2011-03-24,1441.25,37.78,1762.0,758.0,1759.0,756.0,2375.0,1050.0,180.0,5880.89990234375,1309.6600341796875
2011-03-25,1434.0,37.68,1752.0,754.0,1748.0,753.0,2375.0,1050.0,180.0,5900.7998046875,1313.800048828125
2011-03-28,1420.0,36.62,1730.0,742.0,1737.0,743.0,2375.0,1050.0,180.0,5904.5,1310.18994140625
2011-03-29,1414.0,36.62,1745.0,743.0,1750.0,750.0,2375.0,1050.0,180.0,5932.2001953125,1319.43994140625
2011-03-30,1419.0,37.53,1760.0,757.0,1756.0,762.0,2375.0,1050.0,180.0,5948.2998046875,1328.260009765625
2011-03-31,1431.0,37.87,1773.0,766.0,1780.0,761.0,2375.0,1050.0,180.0,5908.7998046875,1325.8299560546875
2011-04-01,1434.5,37.63,1773.0,772.0,1778.0,770.0,2375.0,1050.0,180.0,6009.89990234375,1332.4100341796875
2011-04-04,1432.5,38.46,1781.0,785.0,1777.0,780.0,2375.0,1050.0,180.0,6017.0,1332.8699951171875
2011-04-05,1434.5,38.08,1787.0,780.0,1790.0,787.0,2375.0,1050.0,180.0,6007.10009765625,1332.6300048828125
2011-04-06,1457.0,39.63,1808.0,793.5,1802.0,791.0,2375.0,1050.0,180.0,6041.10009765625,1335.5400390625
2011-04-07,1456.5,39.51,1780.0,778.0,1783.0,779.0,2375.0,1050.0,180.0,6007.39990234375,1333.510009765625
2011-04-08,1470.5,40.22,1803.0,798.0,1802.0,790.0,2375.0,1050.0,180.0,6055.7998046875,1328.1700439453125
2011-04-11,1469.5,41.37,1802.0,795.0,1812.0,803.0,2375.0,1050.0,180.0,6053.39990234375,1324.4599609375
2011-04-12,1461.25,40.44,1785.0,783.0,1780.0,780.0,2375.0,1050.0,180.0,5964.5,1314.1600341796875
2011-04-13,1458.0,40.22,1786.0,773.0,1783.0,773.0,2350.0,1050.0,180.0,6010.39990234375,1314.4100341796875
2011-04-14,1457.5,40.67,1772.0,763.0,1787.0,773.0,2350.0,1050.0,180.0,5963.7998046875,1314.52001953125
2011-04-15,1472.5,42.61,1787.0,772.0,1796.0,777.0,2350.0,1050.0,180.0,5996.0,1319.6800537109375
2011-04-18,1484.5,42.79,1778.0,749.0,1795.0,768.0,2350.0,1050.0,180.0,5870.10009765625,1305.1400146484375
2011-04-19,1495.0,43.22,1780.0,737.0,1786.0,737.0,2350.0,1050.0,180.0,5896.89990234375,1312.6199951171875
2011-04-20,1505.0,44.79,1804.0,759.0,1794.0,751.0,2325.0,1050.0,180.0,6022.2998046875,1330.3599853515625
2011-04-21,1507.0,46.26,1812.0,765.0,1809.0,769.0,2325.0,1050.0,180.0,6018.2998046875,1337.3800048828125
2011-04-25,1507.0,46.26,1812.0,765.0,1809.0,769.0,2325.0,1050.0,180.0,6018.2998046875,1335.25
2011-04-26,1505.0,45.48,1812.0,754.0,1812.0,758.0,2325.0,1050.0,180.0,6069.39990234375,1347.239990234375
2011-04-27,1508.0,45.3,1812.0,754.0,1814.0,758.0,2300.0,1050.0,180.0,6068.2001953125,1355.6600341796875
2011-04-28,1531.0,48.7,1835.0,777.0,1826.0,770.0,2275.0,1050.0,180.0,6069.89990234375,1360.47998046875
2011-04-29,1531.0,48.7,1835.0,777.0,1848.0,787.0,2275.0,1050.0,180.0,6069.89990234375,1363.6099853515625
2011-05-02,1531.0,48.7,1835.0,777.0,1848.0,787.0,2275.0,1050.0,180.0,6069.89990234375,1361.219970703125
2011-05-03,1546.5,43.61,1858.0,775.0,1868.0,778.0,2275.0,1050.0,180.0,6082.89990234375,1356.6199951171875
2011-05-04,1536.0,40.29,1841.0,760.0,1850.0,772.0,2250.0,1050.0,180.0,5984.10009765625,1347.3199462890625
2011-05-05,1514.5,37.84,1802.0,729.0,1826.0,754.0,2250.0,1050.0,180.0,5920.0,1335.0999755859375
2011-05-06,1487.75,34.2,1789.0,721.0,1798.0,717.0,2250.0,1050.0,180.0,5976.7998046875,1340.199951171875
2011-05-09,1505.0,38.0,1791.0,726.0,1795.0,727.0,2200.0,1050.0,180.0,5942.7001953125,1346.2900390625
2011-05-10,1517.25,38.4,1793.0,733.0,1798.0,730.0,2175.0,1050.0,180.0,6018.89990234375,1357.1600341796875
2011-05-11,1524.5,39.18,1793.0,725.0,1805.0,733.0,2175.0,1050.0,180.0,5976.0,1342.0799560546875
2011-05-12,1488.25,32.5,1760.0,715.0,1767.0,713.0,2150.0,1050.0,180.0,5945.0,1348.6500244140625
2011-05-13,1511.0,36.2,1774.0,718.0,1775.0,723.0,2125.0,1050.0,180.0,5925.89990234375,1337.77001953125
2011-05-16,1495.0,34.35,1760.0,713.0,1763.0,713.0,2100.0,1050.0,180.0,5923.7001953125,1329.469970703125
2011-05-17,1495.5,34.28,1760.0,713.0,1773.0,719.0,2075.0,1050.0,180.0,5861.0,1328.97998046875
2011-05-18,1491.25,34.59,1753.0,730.0,1775.0,728.0,1975.0,1050.0,180.0,5923.5,1340.6800537109375
2011-05-19,1488.75,35.75,1766.0,736.0,1780.0,736.0,1975.0,1050.0,180.0,5956.0,1343.5999755859375
2011-05-20,1502.75,34.8,1767.0,734.0,1773.0,735.0,1975.0,1050.0,180.0,5948.5,1333.27001953125
2011-05-23,1508.5,34.7,1750.0,723.0,1763.0,730.0,1950.0,1050.0,180.0,5835.89990234375,1317.3699951171875
2011-05-24,1520.75,35.85,1759.0,739.0,1762.0,735.0,1950.0,1050.0,180.0,5858.39990234375,1316.280029296875
2011-05-25,1527.0,37.17,1774.0,744.0,1770.0,738.0,1950.0,1050.0,180.0,5870.10009765625,1320.469970703125
2011-05-26,1521.5,36.95,1779.0,755.0,1788.0,752.0,2050.0,1050.0,180.0,5881.0,1325.68994140625
2011-05-27,1525.0,37.69,1786.0,757.0,1786.0,759.0,2100.0,1050.0,180.0,5938.89990234375,1331.0999755859375
2011-05-30,1525.0,37.69,1786.0,757.0,1807.0,764.0,2175.0,1050.0,180.0,5938.89990234375,1331.0999755859375
2011-05-31,1537.0,38.65,1828.0,777.0,1807.0,764.0,2250.0,1050.0,180.0,5990.0,1345.199951171875
2011-06-01,1532.25,37.95,1828.0,780.0,1827.0,780.0,2350.0,1050.0,180.0,5928.60009765625,1314.550048828125
2011-06-02,1540.75,37.22,1823.0,775.0,1822.0,776.0,2300.0,1050.0,180.0,5847.89990234375,1312.93994140625
2011-06-03,1531.0,35.19,1807.0,770.0,1817.0,770.0,2250.0,1050.0,180.0,5855.0,1300.1600341796875
2011-06-06,1542.75,36.87,1819.0,789.0,1830.0,790.0,2175.0,1050.0,180.0,5863.2001953125,1286.1700439453125
2011-06-07,1548.4,37.41,1824.0,804.0,1822.0,797.0,2125.0,1050.0,180.0,5864.7001953125,1284.93994140625
2011-06-08,1535.5,36.22,1818.0,799.0,1826.0,807.0,2100.0,1050.0,180.0,5808.89990234375,1279.56005859375
2011-06-09,1534.0,37.03,1831.0,810.0,1822.0,808.0,2075.0,1050.0,180.0,5856.2998046875,1289.0
2011-06-10,1541.0,37.38,1829.0,810.0,1842.0,818.0,2075.0,1050.0,180.0,5765.7998046875,1270.97998046875
2011-06-13,1524.7,35.51,1815.0,806.0,1829.0,814.0,2075.0,1050.0,180.0,5773.5,1271.8299560546875
2011-06-14,1519.0,34.68,1796.0,794.0,1812.0,805.0,2025.0,1050.0,180.0,5803.10009765625,1287.8699951171875
2011-06-15,1517.75,35.26,1784.0,785.0,1794.0,796.0,1950.0,1050.0,180.0,5742.60009765625,1265.4200439453125
2011-06-16,1525.0,35.55,1754.0,758.0,1769.0,770.0,1950.0,1050.0,180.0,5698.7998046875,1267.6400146484375
2011-06-17,1526.25,35.39,1751.0,754.0,1770.0,765.0,1950.0,1050.0,180.0,5714.89990234375,1271.5
2011-06-20,1537.0,35.58,1727.0,738.0,1755.0,748.0,2050.0,1050.0,180.0,5693.39990234375,1278.3599853515625
2011-06-21,1543.0,36.22,1740.0,761.0,1748.0,758.0,2050.0,1050.0,180.0,5775.2998046875,1295.52001953125
2011-06-22,1546.0,35.91,1749.0,767.5,1754.0,770.0,2050.0,1050.0,180.0,5773.0,1287.1400146484375
2011-06-23,1541.5,36.01,1707.0,744.0,1736.0,766.0,2050.0,1050.0,180.0,5674.39990234375,1283.5
2011-06-24,1521.0,34.73,1696.0,739.0,1710.0,753.0,2050.0,1050.0,180.0,5697.7001953125,1268.449951171875
2011-06-27,1501.0,34.01,1679.0,724.0,1670.0,727.0,2000.0,1050.0,180.0,5722.2998046875,1280.0999755859375
2011-06-28,1502.5,33.96,1692.0,734.0,1690.0,730.0,2000.0,1050.0,180.0,5766.89990234375,1296.6700439453125
2011-06-29,1506.0,34.39,1716.0,743.0,1714.0,748.0,2000.0,1050.0,180.0,5856.0,1307.4100341796875
2011-06-30,1508.0,35.02,1722.0,761.0,1730.0,762.0,2000.0,1050.0,180.0,5945.7001953125,1320.6400146484375
2011-07-01,1492.75,33.85,1708.0,750.0,1716.0,756.0,2000.0,1050.0,180.0,5989.7998046875,1339.6700439453125
2011-07-04,1495.25,34.1,1722.0,758.0,1724.0,763.0,2000.0,1050.0,180.0,6017.5,1339.6700439453125
2011-07-05,1498.75,34.76,1731.0,772.0,1716.0,760.0,2000.0,1050.0,180.0,6024.0,1337.8800048828125
2011-07-06,1515.8,35.38,1743.0,776.0,1748.0,780.0,2000.0,1050.0,180.0,6002.89990234375,1339.219970703125
2011-07-07,1526.25,35.86,1734.0,779.0,1734.0,775.0,2000.0,1050.0,180.0,6054.60009765625,1353.219970703125
2011-07-08,1526.0,36.28,1740.0,776.0,1746.0,787.0,2000.0,1050.0,180.0,5990.60009765625,1343.800048828125
2011-07-11,1543.5,36.36,1731.0,770.0,1734.0,774.0,2000.0,1050.0,180.0,5929.2001953125,1319.489990234375
2011-07-12,1544.5,34.91,1723.0,757.0,1724.0,765.0,2000.0,1050.0,180.0,5869.0,1313.6400146484375
2011-07-13,1571.5,36.75,1750.0,778.0,1744.0,771.0,2000.0,1050.0,180.0,5906.39990234375,1317.719970703125
2011-07-14,1592.5,39.4,1777.0,788.0,1770.0,785.0,2000.0,1050.0,180.0,5847.0,1308.8699951171875
2011-07-15,1578.5,38.17,1760.0,777.0,1756.0,778.0,2000.0,1050.0,180.0,5843.7001953125,1316.1400146484375
2011-07-18,1598.25,40.33,1765.0,786.0,1764.0,786.0,2000.0,1050.0,180.0,5752.7998046875,1305.43994140625
2011-07-19,1602.0,40.32,1773.0,792.0,1792.0,804.0,2000.0,1050.0,180.0,5790.0,1326.72998046875
2011-07-20,1584.25,38.59,1764.0,789.0,1778.0,796.0,1975.0,1050.0,180.0,5853.7998046875,1325.8399658203125
2011-07-21,1600.5,39.78,1780.0,799.0,1784.0,798.0,1950.0,1050.0,180.0,5899.89990234375,1343.800048828125
2011-07-22,1588.0,39.67,1793.0,807.0,1790.0,810.0,1950.0,1050.0,180.0,5935.0,1345.02001953125
2011-07-25,1618.5,40.78,1791.0,802.5,1795.0,809.0,1950.0,1050.0,180.0,5925.2998046875,1337.4300537109375
2011-07-26,1610.0,40.34,1787.0,812.0,1790.0,813.0,1950.0,1050.0,180.0,5929.7001953125,1331.93994140625
2011-07-27,1621.0,40.81,1814.0,842.0,1818.0,845.0,1950.0,1050.0,180.0,5856.60009765625,1304.8900146484375
2011-07-28,1617.5,40.19,1790.0,829.0,1790.0,832.0,1975.0,1050.0,180.0,5873.2001953125,1300.6700439453125
2011-07-29,1613.75,39.63,1779.0,824.0,1785.0,828.0,1975.0,1050.0,180.0,5815.2001953125,1292.280029296875
2011-08-01,1613.5,39.31,1798.0,842.0,1799.0,843.0,1975.0,1050.0,180.0,5774.39990234375,1286.93994140625
2011-08-02,1624.0,39.73,1793.0,824.0,1793.0,833.0,1975.0,1050.0,180.0,5718.39990234375,1254.050048828125
2011-08-03,1667.5,41.04,1782.0,808.0,1797.0,830.0,1975.0,1050.0,180.0,5584.5,1260.3399658203125
2011-08-04,1664.25,41.62,1753.0,782.5,1765.0,788.0,1975.0,1050.0,175.0,5393.10009765625,1200.0699462890625
2011-08-05,1665.0,39.24,1709.0,742.0,1694.0,735.0,1950.0,1050.0,175.0,5247.0,1199.3800048828125
2011-08-08,1709.75,39.86,1725.0,733.0,1728.0,732.0,1925.0,1050.0,175.0,5069.0,1119.4599609375
2011-08-09,1770.0,38.36,1734.0,735.0,1728.0,732.0,1875.0,1050.0,175.0,5164.89990234375,1172.530029296875
2011-08-10,1753.75,38.31,1754.0,741.0,1760.0,749.0,1850.0,1050.0,175.0,5007.2001953125,1120.760009765625
2011-08-11,1786.0,39.18,1780.0,732.0,1785.0,740.0,1825.0,1050.0,175.0,5162.7998046875,1172.6400146484375
2011-08-12,1755.0,38.29,1800.0,747.0,1795.0,743.0,1825.0,1050.0,175.0,5320.0,1178.81005859375
2011-08-15,1738.0,39.18,1790.0,752.0,1791.0,756.0,1825.0,1050.0,175.0,5350.60009765625,1204.489990234375
2011-08-16,1779.0,39.36,1811.0,749.0,1821.0,752.0,1825.0,1050.0,175.0,5357.60009765625,1192.760009765625
2011-08-17,1792.0,40.02,1841.0,778.0,1824.0,755.0,1825.0,1050.0,175.0,5331.60009765625,1193.8900146484375
2011-08-18,1794.5,40.32,1836.0,766.0,1843.0,781.0,1825.0,1050.0,175.0,5092.2001953125,1140.6500244140625
2011-08-19,1862.0,41.98,1855.0,750.0,1863.0,758.0,1850.0,1050.0,175.0,5040.7998046875,1123.530029296875
2011-08-22,1877.75,43.49,1887.0,756.0,1898.0,752.0,1850.0,1050.0,175.0,5095.2998046875,1123.8199462890625
2011-08-23,1886.5,42.88,1886.0,762.0,1911.0,763.0,1850.0,1050.0,175.0,5129.39990234375,1162.3499755859375
2011-08-24,1850.0,42.08,1865.0,759.0,1867.0,760.0,1875.0,1050.0,175.0,5205.89990234375,1177.5999755859375
2011-08-25,1716.5,39.0,1800.0,746.0,1816.0,752.0,1875.0,1050.0,175.0,5131.10009765625,1159.27001953125
2011-08-26,1787.0,41.06,1812.0,747.0,1825.0,752.0,1875.0,1050.0,175.0,5129.89990234375,1176.800048828125
2011-08-29,1787.0,41.06,1812.0,747.0,1841.0,759.0,1875.0,1050.0,175.0,5129.89990234375,1210.0799560546875
2011-08-30,1791.0,40.9,1840.0,767.0,1832.0,756.0,1875.0,1050.0,175.0,5268.7001953125,1212.9200439453125
2011-08-31,1826.0,41.35,1845.0,783.0,1860.0,780.0,1875.0,1050.0,175.0,5394.5,1218.8900146484375
2011-09-01,1815.5,41.47,1843.0,777.0,1854.0,787.0,1875.0,1065.0,170.0,5418.7001953125,1204.4200439453125
2011-09-02,1854.0,42.5,1873.0,785.0,1853.0,788.0,1875.0,1065.0,170.0,5292.0,1173.969970703125
2011-09-05,1896.5,42.71,1872.0,763.0,1875.0,778.0,1875.0,1065.0,170.0,5102.60009765625,1173.969970703125
2011-09-06,1891.0,41.85,1866.0,761.0,1887.0,767.0,1875.0,1065.0,170.0,5156.7998046875,1165.239990234375
2011-09-07,1844.0,40.98,1822.0,747.0,1842.0,752.0,1875.0,1065.0,170.0,5318.60009765625,1198.6199951171875
2011-09-08,1827.0,42.14,1848.0,762.0,1840.0,756.0,1875.0,1065.0,170.0,5340.39990234375,1185.9000244140625
2011-09-09,1879.5,41.4,1842.0,748.0,1857.0,765.0,1875.0,1065.0,170.0,5214.7001953125,1154.22998046875
2011-09-12,1843.0,40.81,1810.0,723.0,1819.0,734.0,1875.0,1065.0,170.0,5129.60009765625,1162.27001953125
2011-09-13,1806.0,40.02,1815.0,721.0,1828.0,721.0,1875.0,1065.0,170.0,5174.2998046875,1172.8699951171875
2011-09-14,1829.0,41.23,1815.5,723.0,1810.0,722.0,1875.0,1065.0,170.0,5227.0,1188.6800537109375
2011-09-15,1806.0,40.34,1792.0,716.0,1802.0,720.0,1875.0,1065.0,170.0,5337.5,1209.1099853515625
2011-09-16,1778.0,39.97,1798.0,732.0,1786.0,729.0,1850.0,1075.0,170.0,5368.39990234375,1216.010009765625
2011-09-19,1817.0,40.46,1798.0,721.0,1825.0,732.0,1850.0,1075.0,170.0,5259.60009765625,1204.0899658203125
2011-09-20,1792.0,39.18,1774.0,717.0,1778.0,719.0,1850.0,1075.0,170.0,5363.7001953125,1202.0899658203125
2011-09-21,1810.25,40.25,1779.0,718.0,1790.0,723.0,1825.0,1085.0,165.0,5288.39990234375,1166.760009765625
2011-09-22,1765.5,37.85,1725.0,659.0,1745.0,688.0,1825.0,1085.0,165.0,5041.60009765625,1129.56005859375
2011-09-23,1730.0,32.9,1651.0,659.0,1706.0,656.0,1800.0,1085.0,165.0,5066.7998046875,1136.4300537109375
2011-09-26,1615.0,28.16,1570.0,639.0,1512.0,612.0,1775.0,1085.0,165.0,5089.39990234375,1162.949951171875
2011-09-27,1671.0,33.5,1568.0,647.0,1572.0,642.0,1750.0,1085.0,165.0,5294.10009765625,1175.3800048828125
2011-09-28,1655.0,31.04,1556.0,644.0,1565.0,655.0,1700.0,1085.0,165.0,5217.60009765625,1151.06005859375
2011-09-29,1620.0,30.19,1530.0,621.0,1545.0,627.0,1700.0,1085.0,160.0,5196.7998046875,1160.4000244140625
2011-09-30,1629.0,30.45,1511.0,614.0,1542.0,635.0,1675.0,1085.0,160.0,5128.5,1131.4200439453125
2011-10-03,1660.0,31.05,1501.0,595.0,1517.0,608.0,1675.0,1085.0,160.0,5075.5,1099.22998046875
2011-10-04,1672.0,30.6,1481.0,588.0,1505.0,595.0,1675.0,1085.0,155.0,4944.39990234375,1123.949951171875
2011-10-05,1600.0,28.69,1444.0,549.0,1445.0,570.0,1650.0,1085.0,155.0,5102.2001953125,1144.030029296875
2011-10-06,1649.5,31.8,1495.0,588.0,1505.0,600.0,1600.0,1085.0,155.0,5291.2998046875,1164.969970703125
2011-10-07,1651.0,31.98,1529.0,609.0,1530.0,611.0,1600.0,1085.0,155.0,5303.39990234375,1155.4599609375
2011-10-10,1664.0,32.23,1513.0,612.0,1522.0,602.0,1600.0,1085.0,155.0,5399.0,1194.8900146484375
2011-10-11,1662.0,31.37,1514.0,602.0,1529.0,613.0,1625.0,1085.0,155.0,5395.7001953125,1195.5400390625
2011-10-12,1687.0,32.89,1546.0,612.0,1535.0,610.0,1625.0,1085.0,150.0,5441.7998046875,1207.25
2011-10-13,1673.0,31.97,1535.0,604.0,1550.0,607.0,1625.0,1085.0,150.0,5403.39990234375,1203.6600341796875
2011-10-14,1676.0,31.82,1553.0,614.0,1546.0,600.0,1625.0,1085.0,150.0,5466.39990234375,1224.5799560546875
2011-10-17,1689.0,32.3,1570.0,635.0,1550.0,635.0,1625.0,1085.0,150.0,5436.7001953125,1200.8599853515625
2011-10-18,1658.0,31.0,1523.0,606.0,1535.0,610.0,1625.0,1085.0,150.0,5410.39990234375,1225.3800048828125
2011-10-19,1651.0,31.97,1532.0,624.0,1542.0,626.0,1625.0,1085.0,150.0,5450.5,1209.8800048828125
2011-10-20,1629.0,30.79,1490.0,595.0,1488.0,596.0,1625.0,1085.0,150.0,5384.7001953125,1215.3900146484375
2011-10-21,1623.0,30.8,1510.0,616.0,1498.0,601.0,1625.0,1085.0,140.0,5488.7001953125,1238.25
2011-10-24,1651.0,31.7,1537.0,631.0,1535.0,633.0,1625.0,1085.0,140.0,5548.10009765625,1254.18994140625
2011-10-25,1656.25,32.0,1543.0,637.0,1557.0,645.0,1625.0,1085.0,140.0,5525.5,1229.050048828125
2011-10-26,1713.0,33.3,1580.0,649.5,1570.0,653.0,1625.0,1085.0,140.0,5553.2001953125,1242.0
2011-10-27,1708.0,33.55,1608.0,654.1,1600.0,652.0,1625.0,1085.0,130.0,5713.7998046875,1284.5899658203125
2011-10-28,1735.0,35.42,1629.0,659.0,1644.0,667.0,1625.0,1085.0,130.0,5702.2001953125,1285.0899658203125
2011-10-31,1718.0,34.24,1606.0,653.0,1612.0,652.0,1650.0,1085.0,130.0,5544.2001953125,1253.300048828125
2011-11-01,1702.0,32.97,1572.0,631.0,1593.0,642.0,1650.0,1085.0,130.0,5421.60009765625,1218.280029296875
2011-11-02,1731.0,33.83,1609.0,646.0,1600.0,645.0,1650.0,1085.0,130.0,5484.10009765625,1237.9000244140625
2011-11-03,1732.5,34.72,1625.0,661.0,1590.0,642.0,1650.0,1085.0,130.0,5545.60009765625,1261.1500244140625
2011-11-04,1756.0,33.95,1623.5,652.0,1640.0,662.0,1650.0,1085.0,130.0,5527.2001953125,1253.22998046875
2011-11-07,1764.0,34.48,1634.0,659.0,1642.0,658.0,1675.0,1085.0,130.0,5510.7998046875,1261.1199951171875
2011-11-08,1794.0,34.64,1661.0,673.0,1652.0,665.0,1675.0,1085.0,130.0,5567.2998046875,1275.9200439453125
2011-11-09,1780.0,34.58,1650.0,662.0,1665.0,675.0,1675.0,1085.0,130.0,5460.39990234375,1229.0999755859375
2011-11-10,1766.0,33.71,1627.0,648.0,1620.0,645.0,1675.0,1085.0,130.0,5444.7998046875,1239.699951171875
2011-11-11,1764.0,33.77,1628.0,651.0,1630.0,652.0,1675.0,1085.0,130.0,5545.39990234375,1263.8499755859375
2011-11-14,1780.5,34.38,1646.0,660.0,1650.0,664.0,1675.0,1085.0,130.0,5519.0,1251.780029296875
2011-11-15,1765.0,34.02,1629.0,661.0,1640.0,663.0,1675.0,1085.0,130.0,5517.39990234375,1257.81005859375
2011-11-16,1773.0,34.45,1628.0,655.0,1625.0,654.0,1675.0,1085.0,130.0,5509.0,1236.9100341796875
2011-11-17,1756.0,33.3,1607.0,635.0,1622.0,648.0,1675.0,1085.0,130.0,5423.10009765625,1216.1300048828125
2011-11-18,1730.0,32.25,1594.0,608.0,1595.0,608.0,1675.0,1085.0,130.0,5362.89990234375,1215.6500244140625
2011-11-21,1704.0,30.9,1567.0,592.0,1586.0,601.0,1650.0,1085.0,130.0,5222.60009765625,1192.97998046875
2011-11-22,1697.5,31.85,1554.0,588.0,1561.0,592.0,1650.0,1085.0,125.0,5206.7998046875,1188.0400390625
2011-11-23,1686.0,31.51,1554.0,587.0,1560.0,598.0,1650.0,1085.0,125.0,5139.7998046875,1161.7900390625
2011-11-24,1699.0,31.94,1543.0,583.0,1554.0,591.0,1650.0,1085.0,125.0,5127.60009765625,1161.7900390625
2011-11-25,1676.0,31.24,1529.0,572.0,1541.0,581.0,1650.0,1085.0,125.0,5164.7001953125,1158.6700439453125
2011-11-28,1714.0,32.0,1558.0,595.0,1558.0,582.0,1650.0,1085.0,125.0,5312.7998046875,1192.550048828125
2011-11-29,1717.0,31.96,1537.0,582.0,1545.0,585.0,1650.0,1085.0,120.0,5337.0,1195.18994140625
2011-11-30,1704.0,31.35,1558.0,620.0,1522.0,584.0,1650.0,1085.0,120.0,5505.39990234375,1246.9599609375
2011-12-01,1750.0,33.28,1561.0,633.0,1555.0,615.0,1625.0,1085.0,120.0,5489.2998046875,1244.5799560546875
2011-12-02,1751.0,33.15,1559.0,653.0,1565.0,642.0,1625.0,1085.0,120.0,5552.2998046875,1244.280029296875
2011-12-05,1744.0,32.48,1534.0,642.0,1549.0,651.0,1625.0,1085.0,120.0,5568.0,1257.0799560546875
2011-12-06,1720.0,31.85,1505.0,638.0,1517.0,638.0,1600.0,1085.0,120.0,5568.7001953125,1258.469970703125
2011-12-07,1731.0,32.45,1518.0,681.0,1537.0,690.0,1575.0,1085.0,110.0,5546.89990234375,1261.010009765625
2011-12-08,1739.0,32.64,1517.0,675.0,1520.0,680.0,1550.0,1085.0,110.0,5483.7998046875,1234.3499755859375
2011-12-09,1712.0,32.0,1496.0,670.0,1492.0,665.0,1550.0,1085.0,110.0,5529.2001953125,1255.18994140625
2011-12-12,1680.0,31.22,1485.0,663.0,1503.0,676.0,1525.0,1085.0,110.0,5427.89990234375,1236.469970703125
2011-12-13,1665.0,31.34,1492.0,661.0,1492.0,654.0,1500.0,1085.0,110.0,5490.2001953125,1225.72998046875
2011-12-14,1635.0,29.92,1454.0,617.0,1478.0,645.0,1475.0,1085.0,110.0,5366.7998046875,1211.8199462890625
2011-12-15,1590.0,28.8,1415.0,623.5,1405.0,625.0,1450.0,1085.0,110.0,5400.89990234375,1215.75
2011-12-16,1589.5,29.78,1424.0,624.0,1429.0,631.0,1400.0,1085.0,110.0,5387.2998046875,1219.6600341796875
2011-12-19,1593.0,28.78,1419.0,627.0,1415.0,620.0,1400.0,1085.0,110.0,5365.0,1205.3499755859375
2011-12-20,1605.0,29.28,1425.0,620.0,1420.0,617.0,1400.0,1085.0,110.0,5419.60009765625,1241.300048828125
2011-12-21,1637.5,29.75,1425.0,632.0,1445.0,633.0,1400.0,1085.0,110.0,5389.7001953125,1243.719970703125
2011-12-22,1609.0,29.3,1414.0,631.0,1427.0,633.0,1400.0,1085.0,110.0,5457.0,1254.0
2011-12-23,1609.0,29.3,1414.0,631.0,1440.0,662.0,1400.0,1085.0,110.0,5512.7001953125,1265.3299560546875
2011-12-27,1609.0,29.3,1414.0,631.0,1440.0,662.0,1400.0,1085.0,110.0,5512.7001953125,1265.4300537109375
2011-12-28,1584.0,28.65,1408.0,655.0,1429.0,660.0,1400.0,1085.0,110.0,5507.39990234375,1249.6400146484375
2011-12-29,1537.5,26.16,1354.0,630.0,1362.0,638.0,1400.0,1085.0,110.0,5566.7998046875,1263.02001953125
2011-12-30,1537.5,26.16,1354.0,630.0,1388.0,636.0,1400.0,1085.0,110.0,5572.2998046875,1257.5999755859375
2012-01-03,1590.0,28.78,1406.0,664.0,1415.0,660.0,1400.0,1085.0,110.0,5699.89990234375,1277.06005859375
2012-01-04,1603.0,29.18,1415.0,656.0,1436.0,666.0,1400.0,1085.0,110.0,5668.5,1277.300048828125
2012-01-05,1614.5,28.92,1415.0,645.0,1435.0,659.0,1400.0,1085.0,110.0,5624.2998046875,1281.06005859375
2012-01-06,1621.0,29.4,1410.0,632.0,1418.0,643.0,1375.0,1085.0,110.0,5649.7001953125,1277.81005859375
2012-01-09,1618.0,28.85,1403.0,616.0,1414.0,618.0,1375.0,1085.0,110.0,5612.2998046875,1280.699951171875
2012-01-10,1627.0,29.69,1462.0,643.0,1438.0,628.0,1350.0,1085.0,110.0,5696.7001953125,1292.0799560546875
2012-01-11,1641.0,29.81,1489.0,638.0,1483.0,645.0,1350.0,1085.0,110.0,5670.7998046875,1292.47998046875
2012-01-12,1652.5,30.58,1498.0,645.0,1506.0,649.0,1350.0,1085.0,110.0,5662.39990234375,1295.5
2012-01-13,1642.0,29.64,1479.0,627.0,1490.0,636.0,1350.0,1085.0,110.0,5636.60009765625,1289.0899658203125
2012-01-16,1643.5,29.9,1495.0,640.0,1492.0,641.0,1375.0,1085.0,110.0,5657.39990234375,1289.0899658203125
2012-01-17,1662.0,30.41,1523.0,656.0,1527.0,655.0,1375.0,1085.0,110.0,5694.0,1293.6700439453125
2012-01-18,1657.0,30.15,1507.0,646.0,1519.0,654.0,1375.0,1085.0,110.0,5702.39990234375,1308.0400390625
2012-01-19,1664.0,30.79,1530.0,678.0,1532.0,671.0,1375.0,1085.0,110.0,5741.2001953125,1314.5
2012-01-20,1646.0,30.36,1517.0,669.0,1522.0,678.0,1375.0,1085.0,110.0,5728.60009765625,1315.3800048828125
2012-01-23,1675.0,32.45,1545.0,678.0,1528.0,680.0,1375.0,1085.0,110.0,5782.60009765625,1316.0
2012-01-24,1669.0,31.95,1541.0,676.0,1564.0,689.0,1400.0,1085.0,110.0,5751.89990234375,1314.6500244140625
2012-01-25,1659.0,31.67,1546.0,675.0,1554.0,682.0,1400.0,1085.0,110.0,5723.0,1326.06005859375
2012-01-26,1713.0,33.35,1615.0,698.0,1586.0,696.0,1400.0,1085.0,110.0,5795.2001953125,1318.4300537109375
2012-01-27,1722.0,33.48,1608.0,684.0,1606.0,691.0,1425.0,1085.0,110.0,5733.5,1316.3299560546875
2012-01-30,1720.5,33.18,1603.0,684.0,1606.0,685.0,1425.0,1085.0,120.0,5671.10009765625,1313.010009765625
2012-01-31,1738.0,33.6,1624.0,692.0,1627.0,696.0,1450.0,1085.0,120.0,5681.60009765625,1312.4100341796875
2012-02-01,1744.0,33.8,1611.0,695.0,1598.0,691.0,1475.0,1085.0,120.0,5790.7001953125,1324.0899658203125
2012-02-02,1747.5,33.67,1620.0,698.0,1627.0,701.0,1475.0,1085.0,120.0,5796.10009765625,1325.5400390625
2012-02-03,1759.5,33.93,1630.0,711.0,1634.0,716.0,1475.0,1085.0,120.0,5901.10009765625,1344.9000244140625
2012-02-06,1717.0,33.52,1609.0,696.0,1620.0,705.0,1475.0,1085.0,120.0,5892.2001953125,1344.3299560546875
2012-02-07,1720.0,33.28,1619.0,700.0,1630.0,707.0,1500.0,1085.0,120.0,5890.2998046875,1347.050048828125
2012-02-08,1743.0,34.37,1647.0,707.0,1655.0,713.0,1500.0,1085.0,125.0,5875.89990234375,1349.9599609375
2012-02-09,1733.0,33.8,1659.0,713.0,1665.0,718.0,1500.0,1085.0,125.0,5895.5,1351.949951171875
2012-02-10,1715.5,33.55,1638.0,697.0,1645.0,707.0,1525.0,1085.0,130.0,5852.39990234375,1342.6400146484375
2012-02-13,1727.0,33.84,1663.0,702.0,1665.0,708.0,1525.0,1085.0,130.0,5905.7001953125,1351.77001953125
2012-02-14,1721.0,33.51,1628.0,686.0,1642.0,702.0,1550.0,1085.0,130.0,5899.89990234375,1350.5
2012-02-15,1725.5,33.69,1636.0,688.0,1642.0,693.0,1550.0,1085.0,130.0,5892.2001953125,1343.22998046875
2012-02-16,1716.0,33.18,1610.0,682.0,1610.0,683.0,1525.0,1085.0,130.0,5885.39990234375,1358.0400390625
2012-02-17,1732.0,33.48,1638.0,697.0,1645.0,698.0,1525.0,1085.0,130.0,5905.10009765625,1361.22998046875
2012-02-20,1729.5,33.56,1647.0,694.0,1646.0,693.0,1525.0,1085.0,130.0,5945.2998046875,1361.22998046875
2012-02-21,1737.0,33.65,1673.0,709.0,1658.0,699.0,1525.0,1085.0,130.0,5928.2001953125,1362.2099609375
2012-02-22,1754.75,34.08,1698.0,713.0,1708.0,717.0,1525.0,1085.0,130.0,5916.60009765625,1357.6600341796875
2012-02-23,1776.5,34.55,1729.0,721.0,1725.0,722.0,1525.0,1085.0,130.0,5937.89990234375,1363.4599609375
2012-02-24,1778.5,35.57,1714.0,714.0,1718.0,719.0,1525.0,1085.0,130.0,5935.10009765625,1365.739990234375
2012-02-27,1765.0,35.09,1706.0,707.0,1706.0,714.0,1525.0,1085.0,130.0,5915.60009765625,1367.5899658203125
2012-02-28,1774.75,35.6,1712.0,712.0,1712.0,704.0,1525.0,1085.0,130.0,5927.89990234375,1372.1800537109375
2012-02-29,1788.0,37.23,1726.0,722.0,1727.0,725.0,1525.0,1085.0,130.0,5871.5,1365.6800537109375
2012-03-01,1721.0,34.56,1686.0,703.0,1695.0,702.0,1525.0,1085.0,130.0,5931.2998046875,1374.0899658203125
2012-03-02,1714.5,35.21,1704.0,713.0,1705.0,712.0,1525.0,1085.0,130.0,5911.10009765625,1369.6300048828125
2012-03-05,1698.0,34.18,1672.0,709.0,1689.0,711.0,1525.0,1085.0,130.0,5874.7998046875,1364.3299560546875
2012-03-06,1685.5,33.22,1614.0,673.0,1660.0,704.0,1525.0,1085.0,130.0,5765.7998046875,1343.3599853515625
2012-03-07,1682.5,33.17,1627.0,678.0,1625.0,673.0,1525.0,1085.0,130.0,5791.39990234375,1352.6300048828125
2012-03-08,1701.5,34.09,1634.0,696.0,1646.0,689.0,1525.0,1085.0,130.0,5859.7001953125,1365.9100341796875
2012-03-09,1699.5,33.87,1655.0,690.0,1670.0,700.0,1525.0,1085.0,130.0,5887.5,1370.8699951171875
2012-03-12,1705.25,33.77,1687.0,704.0,1680.0,704.0,1525.0,1085.0,130.0,5892.7998046875,1371.0899658203125
2012-03-13,1694.75,33.58,1691.0,701.0,1696.0,704.0,1525.0,1085.0,130.0,5955.89990234375,1395.949951171875
2012-03-14,1662.0,32.84,1679.0,700.0,1692.0,702.0,1525.0,1085.0,130.0,5945.39990234375,1394.280029296875
2012-03-15,1646.75,32.36,1676.0,693.0,1677.0,700.0,1500.0,1085.0,130.0,5940.7001953125,1402.5999755859375
2012-03-16,1649.0,32.27,1677.0,703.0,1690.0,705.0,1475.0,1085.0,125.0,5965.60009765625,1404.1700439453125
2012-03-19,1654.0,32.44,1673.0,702.0,1679.0,702.0,1475.0,1085.0,125.0,5961.10009765625,1409.75
2012-03-20,1648.5,32.22,1656.0,699.0,1675.0,702.0,1475.0,1085.0,125.0,5891.39990234375,1405.52001953125
2012-03-21,1656.0,31.97,1640.0,690.0,1655.0,697.0,1475.0,1085.0,125.0,5892.0,1402.8900146484375
2012-03-22,1636.0,31.79,1607.0,658.0,1629.0,684.0,1475.0,1085.0,125.0,5845.7001953125,1392.780029296875
2012-03-23,1651.0,31.54,1617.0,658.0,1630.0,660.0,1475.0,1085.0,125.0,5854.89990234375,1397.1099853515625
2012-03-26,1658.0,32.23,1639.0,664.0,1640.0,663.0,1450.0,1085.0,125.0,5902.7001953125,1416.510009765625
2012-03-27,1694.0,33.01,1662.0,667.0,1658.0,668.0,1450.0,1085.0,120.0,5869.60009765625,1412.52001953125
2012-03-28,1677.0,32.43,1642.0,651.0,1642.0,656.0,1425.0,1085.0,120.0,5809.0,1405.5400390625
2012-03-29,1655.75,31.79,1641.0,653.0,1643.0,649.0,1400.0,1085.0,120.0,5742.0,1403.280029296875
2012-03-30,1660.75,32.43,1640.0,651.0,1645.0,655.0,1400.0,1085.0,120.0,5768.5,1408.469970703125
2012-04-02,1664.0,32.42,1641.0,656.0,1645.0,656.0,1400.0,1085.0,120.0,5874.89990234375,1419.0400390625
2012-04-03,1674.75,32.97,1659.0,660.0,1666.0,664.0,1400.0,1085.0,120.0,5838.2998046875,1413.3800048828125
2012-04-04,1631.75,31.98,1616.0,647.0,1642.0,652.0,1400.0,1085.0,115.0,5703.7998046875,1398.9599609375
2012-04-05,1622.5,31.27,1592.0,635.0,1605.0,635.0,1400.0,1085.0,115.0,5723.7001953125,1398.0799560546875
2012-04-09,1622.5,31.27,1592.0,635.0,1605.0,635.0,1400.0,1085.0,115.0,5723.7001953125,1382.199951171875
2012-04-10,1643.75,31.55,1605.0,639.0,1627.0,652.0,1375.0,1085.0,115.0,5595.60009765625,1358.5899658203125
2012-04-11,1654.0,31.7,1590.0,637.0,1595.0,642.0,1375.0,1085.0,115.0,5634.7001953125,1368.7099609375
2012-04-12,1655.5,31.47,1585.0,641.0,1598.0,645.0,1375.0,1085.0,115.0,5710.5,1387.5699462890625
2012-04-13,1670.5,32.365,1600.0,643.0,1602.0,654.0,1375.0,1085.0,115.0,5651.7998046875,1370.260009765625
2012-04-16,1648.25,31.32,1570.0,645.0,1568.0,644.0,1375.0,1085.0,115.0,5666.2998046875,1369.5699462890625
2012-04-17,1652.0,31.64,1574.0,653.0,1566.0,646.0,1375.0,1085.0,115.0,5767.0,1390.780029296875
2012-04-18,1646.5,31.61,1578.0,657.0,1592.0,665.0,1375.0,1085.0,115.0,5745.2998046875,1385.1400146484375
2012-04-19,1642.0,31.47,1574.0,657.0,1584.0,659.0,1385.0,1085.0,115.0,5744.60009765625,1376.9200439453125
2012-04-20,1640.0,31.79,1579.0,666.0,1582.0,667.0,1385.0,1085.0,115.0,5772.2001953125,1378.530029296875
2012-04-23,1632.0,31.16,1553.0,666.0,1578.0,673.0,1385.0,1085.0,115.0,5665.60009765625,1366.93994140625
2012-04-24,1638.75,30.86,1553.0,674.0,1555.0,673.0,1385.0,1085.0,115.0,5709.5,1371.969970703125
2012-04-25,1641.25,30.88,1551.0,665.0,1551.0,668.0,1385.0,1085.0,115.0,5718.89990234375,1390.68994140625
2012-04-26,1648.25,30.7,1555.0,659.0,1558.0,668.0,1385.0,1085.0,115.0,5748.7001953125,1399.97998046875
2012-04-27,1654.0,31.14,1573.0,677.0,1567.0,670.0,1385.0,1085.0,115.0,5777.10009765625,1403.3599853515625
2012-04-30,1662.5,31.2,1570.0,679.0,1575.0,684.0,1385.0,1085.0,115.0,5737.7998046875,1397.9100341796875
2012-05-01,1661.25,30.78,1566.0,681.0,1567.0,684.0,1385.0,1085.0,115.0,5812.2001953125,1405.8199462890625
2012-05-02,1652.5,30.52,1562.0,673.0,1568.0,678.0,1385.0,1085.0,115.0,5758.10009765625,1402.31005859375
2012-05-03,1642.5,30.36,1552.0,665.0,1559.0,668.0,1385.0,1085.0,115.0,5766.60009765625,1391.5699462890625
2012-05-04,1629.5,29.9,1530.0,663.0,1540.0,663.0,1385.0,1085.0,115.0,5655.10009765625,1369.0999755859375
2012-05-07,1629.5,29.9,1530.0,663.0,1523.0,650.0,1385.0,1085.0,115.0,5655.10009765625,1369.5799560546875
2012-05-08,1627.0,29.58,1514.0,633.0,1530.0,646.0,1385.0,1085.0,115.0,5554.60009765625,1363.719970703125
2012-05-09,1585.5,28.77,1499.0,615.0,1508.0,618.0,1385.0,1085.0,115.0,5530.10009765625,1354.5799560546875
2012-05-10,1590.0,29.25,1490.0,620.0,1509.0,617.0,1375.0,1085.0,115.0,5544.0,1357.989990234375
2012-05-11,1580.75,28.58,1466.0,605.0,1478.0,611.0,1375.0,1085.0,115.0,5575.5,1353.3900146484375
2012-05-14,1563.0,28.33,1448.0,602.0,1466.0,604.0,1360.0,1085.0,115.0,5465.5,1338.3499755859375
2012-05-15,1559.0,28.28,1449.0,602.0,1446.0,599.0,1360.0,1085.0,115.0,5437.60009765625,1330.6600341796875
2012-05-16,1537.5,27.25,1427.0,590.0,1426.0,593.0,1360.0,1085.0,115.0,5405.2998046875,1324.800048828125
2012-05-17,1547.0,27.48,1449.0,602.0,1449.0,602.0,1360.0,1085.0,115.0,5338.39990234375,1304.8599853515625
2012-05-18,1588.0,28.48,1456.0,605.0,1454.0,600.0,1350.0,1085.0,115.0,5267.60009765625,1295.219970703125
2012-05-21,1590.25,28.39,1458.0,611.0,1467.0,612.0,1350.0,1085.0,115.0,5304.5,1315.989990234375
2012-05-22,1575.75,28.07,1458.0,612.0,1470.0,615.0,1335.0,1085.0,115.0,5403.2998046875,1316.6300048828125
2012-05-23,1555.0,27.76,1430.0,607.0,1428.0,605.0,1335.0,1085.0,115.0,5266.39990234375,1318.8599853515625
2012-05-24,1558.5,28.08,1431.0,600.0,1423.0,594.0,1320.0,1085.0,115.0,5350.10009765625,1320.6800537109375
2012-05-25,1560.5,28.24,1423.0,590.0,1428.0,591.0,1300.0,1085.0,115.0,5351.5,1317.8199462890625
2012-05-28,1579.0,28.52,1438.0,601.0,1441.0,596.0,1300.0,1085.0,115.0,5351.5,1317.8199462890625
2012-05-29,1573.75,28.25,1435.0,608.0,1437.0,609.0,1300.0,1085.0,115.0,5391.10009765625,1332.4200439453125
2012-05-30,1548.75,27.68,1410.0,601.0,1415.0,603.0,1280.0,1085.0,115.0,5297.2998046875,1313.3199462890625
2012-05-31,1567.5,28.1,1405.0,611.0,1404.0,609.0,1260.0,1085.0,115.0,5320.89990234375,1310.3299560546875
2012-06-01,1552.5,27.38,1407.0,607.0,1403.0,609.0,1250.0,1085.0,115.0,5260.2001953125,1278.0400390625
2012-06-04,1552.5,27.38,1407.0,607.0,1437.0,608.0,1250.0,1085.0,115.0,5260.2001953125,1278.1800537109375
2012-06-05,1552.5,27.38,1407.0,607.0,1442.0,615.0,1250.0,1085.0,115.0,5260.2001953125,1285.5
2012-06-06,1633.25,29.36,1458.0,620.0,1449.0,622.0,1250.0,1085.0,115.0,5384.10009765625,1315.1300048828125
2012-06-07,1620.75,29.28,1466.0,629.0,1466.0,629.0,1250.0,1085.0,115.0,5447.7998046875,1314.989990234375
2012-06-08,1576.0,28.17,1417.0,613.0,1422.0,614.0,1250.0,1085.0,115.0,5435.10009765625,1325.6600341796875
2012-06-11,1593.0,28.63,1452.0,623.0,1455.0,627.0,1250.0,1085.0,115.0,5432.39990234375,1308.9300537109375
2012-06-12,1589.25,28.54,1443.0,624.0,1440.0,622.0,1250.0,1085.0,115.0,5473.7001953125,1324.1800537109375
2012-06-13,1612.75,28.87,1460.0,625.0,1458.0,621.0,1250.0,1085.0,115.0,5483.7998046875,1314.8800048828125
2012-06-14,1619.0,28.88,1485.0,624.5,1482.0,622.0,1250.0,1085.0,115.0,5467.10009765625,1329.0999755859375
2012-06-15,1622.25,28.66,1493.0,632.0,1497.0,638.0,1250.0,1085.0,115.0,5478.7998046875,1342.8399658203125
2012-06-18,1623.5,28.43,1484.0,628.0,1498.0,633.0,1250.0,1085.0,115.0,5491.10009765625,1344.780029296875
2012-06-19,1628.5,28.81,1486.0,634.0,1488.0,635.0,1250.0,1085.0,115.0,5586.2998046875,1357.97998046875
2012-06-20,1618.75,28.31,1459.0,624.0,1487.0,631.0,1250.0,1085.0,115.0,5622.2998046875,1355.68994140625
2012-06-21,1600.0,27.88,1457.0,617.0,1459.0,617.0,1250.0,1085.0,115.0,5566.39990234375,1325.510009765625
2012-06-22,1570.5,26.81,1435.0,608.0,1424.0,606.0,1250.0,1085.0,115.0,5513.7001953125,1335.02001953125
2012-06-25,1569.0,26.72,1434.0,606.0,1440.0,612.0,1250.0,1085.0,115.0,5450.7001953125,1313.719970703125
2012-06-26,1583.25,27.44,1433.0,601.5,1439.0,604.0,1250.0,1085.0,115.0,5447.0,1319.989990234375
2012-06-27,1567.5,26.835,1408.0,579.0,1423.0,592.0,1250.0,1085.0,115.0,5523.89990234375,1331.8499755859375
2012-06-28,1567.75,26.81,1402.0,576.0,1416.0,583.0,1250.0,1085.0,115.0,5493.10009765625,1329.0400390625
2012-06-29,1569.5,27.08,1428.0,578.0,1415.0,582.0,1250.0,1085.0,115.0,5571.2001953125,1362.1600341796875
2012-07-02,1596.25,27.36,1441.0,580.0,1437.0,581.0,1250.0,1085.0,115.0,5640.60009765625,1365.510009765625
2012-07-03,1608.5,27.92,1475.0,591.0,1466.0,584.0,1250.0,1085.0,115.0,5687.7001953125,1374.02001953125
2012-07-04,1617.0,28.11,1485.0,601.0,1489.0,604.0,1250.0,1085.0,115.0,5684.5,1374.02001953125
2012-07-05,1616.75,28.33,1468.0,588.0,1485.0,597.0,1250.0,1085.0,115.0,5692.60009765625,1367.5799560546875
2012-07-06,1591.75,27.32,1450.0,577.0,1472.0,585.0,1250.0,1085.0,115.0,5662.60009765625,1354.6800537109375
2012-07-09,1581.0,27.24,1441.0,582.0,1446.0,582.0,1250.0,1085.0,115.0,5627.2998046875,1352.4599609375
2012-07-10,1594.5,27.57,1449.0,585.0,1439.0,582.0,1235.0,1070.0,115.0,5664.10009765625,1341.469970703125
2012-07-11,1576.5,27.11,1420.0,576.0,1429.0,582.0,1235.0,1070.0,115.0,5664.5,1341.449951171875
2012-07-12,1565.5,26.67,1410.0,574.0,1422.0,580.0,1235.0,1070.0,115.0,5608.2998046875,1334.760009765625
2012-07-13,1579.0,27.48,1424.0,581.0,1426.0,583.0,1235.0,1070.0,115.0,5666.10009765625,1356.780029296875
2012-07-16,1584.0,27.05,1420.0,581.0,1434.0,584.0,1235.0,1070.0,115.0,5662.39990234375,1353.6400146484375
2012-07-17,1595.0,27.42,1419.0,583.0,1428.0,584.0,1235.0,1070.0,115.0,5629.10009765625,1363.6700439453125
2012-07-18,1579.5,27.03,1405.0,576.0,1419.0,582.0,1235.0,1070.0,115.0,5685.7998046875,1372.780029296875
2012-07-19,1580.0,27.45,1415.0,581.0,1414.0,581.0,1235.0,1070.0,115.0,5714.2001953125,1376.510009765625
2012-07-20,1583.0,27.07,1408.0,577.0,1417.0,584.0,1225.0,1070.0,115.0,5651.7998046875,1362.6600341796875
2012-07-23,1571.5,26.95,1393.0,565.0,1396.0,573.0,1225.0,1070.0,115.0,5533.89990234375,1350.52001953125
2012-07-24,1573.0,26.93,1395.0,569.0,1396.0,574.0,1225.0,1070.0,115.0,5499.2001953125,1338.31005859375
2012-07-25,1587.5,27.11,1396.0,566.0,1388.0,564.0,1210.0,1070.0,115.0,5498.2998046875,1337.8900146484375
2012-07-26,1603.0,27.81,1408.0,571.0,1406.0,570.0,1200.0,1070.0,115.0,5573.2001953125,1360.02001953125
2012-07-27,1618.75,27.73,1410.0,574.0,1415.0,574.0,1200.0,1070.0,115.0,5627.2001953125,1385.969970703125
2012-07-30,1616.5,27.64,1409.0,581.0,1405.0,572.0,1185.0,1070.0,115.0,5693.60009765625,1385.300048828125
2012-07-31,1622.75,28.2,1427.0,591.0,1421.0,594.0,1165.0,1070.0,115.0,5635.2998046875,1379.3199462890625
2012-08-01,1614.75,27.87,1394.0,586.0,1416.0,590.0,1165.0,1070.0,115.0,5712.7998046875,1375.3199462890625
2012-08-02,1604.5,27.42,1391.0,575.5,1400.0,583.0,1165.0,1070.0,115.0,5662.2998046875,1365.0
2012-08-03,1595.0,27.25,1390.0,573.0,1390.0,573.0,1165.0,1070.0,115.0,5787.2998046875,1390.989990234375
2012-08-06,1606.75,27.72,1396.0,576.0,1407.0,578.0,1165.0,1070.0,115.0,5808.7998046875,1394.22998046875
2012-08-07,1613.0,28.0,1410.0,585.0,1407.0,582.0,1150.0,1070.0,115.0,5841.2001953125,1401.3499755859375
2012-08-08,1607.0,27.84,1402.0,585.0,1404.0,585.0,1150.0,1070.0,115.0,5845.89990234375,1402.219970703125
2012-08-09,1612.75,28.02,1411.0,585.0,1417.0,591.0,1135.0,1070.0,115.0,5851.5,1402.800048828125
2012-08-10,1608.5,27.88,1399.0,578.0,1405.0,584.0,1135.0,1070.0,115.0,5847.10009765625,1405.8699951171875
2012-08-13,1622.25,28.05,1401.0,581.0,1402.0,583.0,1120.0,1070.0,115.0,5831.89990234375,1404.1099853515625
2012-08-14,1614.5,27.84,1400.0,577.0,1400.0,577.0,1120.0,1070.0,115.0,5864.7998046875,1403.9300537109375
2012-08-15,1594.75,27.64,1400.0,576.0,1403.0,581.0,1100.0,1070.0,115.0,5833.0,1405.530029296875
2012-08-16,1603.5,27.84,1400.0,579.0,1397.0,577.0,1100.0,1050.0,110.0,5834.5,1415.510009765625
2012-08-17,1616.5,28.2,1455.0,592.0,1450.0,588.0,1100.0,1050.0,110.0,5852.39990234375,1418.1600341796875
2012-08-20,1615.25,28.1,1462.0,598.0,1481.0,607.0,1100.0,1050.0,110.0,5824.39990234375,1418.1300048828125
2012-08-21,1624.0,28.92,1504.0,616.0,1489.0,606.0,1100.0,1050.0,110.0,5857.5,1413.1700439453125
2012-08-22,1640.5,29.33,1518.0,628.0,1515.0,626.0,1100.0,1050.0,110.0,5774.2001953125,1413.489990234375
2012-08-23,1662.5,30.32,1540.0,638.0,1560.0,638.0,1100.0,1050.0,110.0,5776.60009765625,1402.0799560546875
2012-08-24,1666.5,30.37,1537.0,643.0,1539.0,650.0,1120.0,1050.0,110.0,5776.60009765625,1411.1300048828125
2012-08-27,1666.5,30.37,1537.0,643.0,1551.0,657.0,1120.0,1050.0,110.0,5776.60009765625,1410.43994140625
2012-08-28,1663.5,30.81,1521.0,640.0,1534.0,645.0,1120.0,1050.0,110.0,5775.7001953125,1409.300048828125
2012-08-29,1664.25,30.73,1518.0,634.0,1524.0,639.0,1120.0,1050.0,110.0,5743.5,1410.489990234375
2012-08-30,1657.0,30.66,1522.0,634.0,1525.0,634.0,1120.0,1050.0,110.0,5719.5,1399.47998046875
2012-08-31,1657.75,30.52,1517.0,623.0,1505.0,619.0,1120.0,1050.0,110.0,5711.5,1406.5799560546875
2012-09-03,1686.0,31.74,1543.0,629.0,1543.0,633.0,1100.0,1050.0,110.0,5758.39990234375,1406.5799560546875
2012-09-04,1691.5,32.08,1554.0,638.0,1556.0,638.0,1100.0,1050.0,110.0,5672.0,1404.93994140625
2012-09-05,1689.5,32.1,1564.0,641.0,1554.0,639.0,1100.0,1050.0,110.0,5657.89990234375,1403.43994140625
2012-09-06,1708.5,32.87,1578.0,644.0,1582.0,647.0,1100.0,1050.0,110.0,5777.2998046875,1432.1199951171875
2012-09-07,1696.0,32.22,1593.0,647.0,1573.0,644.0,1100.0,1050.0,110.0,5794.7998046875,1437.9200439453125
2012-09-10,1732.75,33.6,1593.0,661.0,1595.0,659.0,1100.0,1050.0,110.0,5793.2001953125,1429.0799560546875
2012-09-11,1731.0,33.52,1606.0,675.0,1605.0,673.0,1100.0,1050.0,110.0,5792.2001953125,1433.56005859375
2012-09-12,1742.75,33.93,1644.0,678.0,1615.0,671.0,1100.0,1050.0,110.0,5782.10009765625,1436.56005859375
2012-09-13,1730.5,33.0,1659.0,684.0,1653.0,682.0,1100.0,1050.0,110.0,5819.89990234375,1459.989990234375
2012-09-14,1772.5,34.71,1697.0,702.0,1708.0,695.0,1150.0,1050.0,110.0,5915.60009765625,1465.77001953125
2012-09-17,1767.25,34.53,1696.0,691.0,1697.0,691.0,1300.0,1050.0,110.0,5893.5,1461.18994140625
2012-09-18,1756.75,34.06,1669.0,681.0,1655.0,679.0,1400.0,1050.0,110.0,5868.2001953125,1459.3199462890625
2012-09-19,1774.5,34.65,1633.0,674.0,1640.0,675.0,1400.0,1050.0,110.0,5888.5,1461.050048828125
2012-09-20,1760.0,34.25,1620.0,663.0,1616.0,665.0,1350.0,1050.0,110.0,5854.60009765625,1460.260009765625
2012-09-21,1773.75,34.69,1642.0,672.0,1643.0,669.0,1300.0,1050.0,110.0,5852.60009765625,1460.1500244140625
2012-09-24,1758.5,33.73,1608.0,636.0,1616.0,658.0,1225.0,1050.0,110.0,5838.7998046875,1456.8900146484375
2012-09-25,1766.75,34.01,1633.0,641.0,1628.0,647.0,1175.0,1050.0,110.0,5859.7001953125,1441.5899658203125
2012-09-26,1763.75,33.88,1621.0,624.0,1635.0,639.0,1100.0,1050.0,110.0,5768.10009765625,1433.3199462890625
2012-09-27,1755.25,33.95,1652.0,634.0,1640.0,630.0,1100.0,1050.0,110.0,5779.39990234375,1447.1500244140625
2012-09-28,1781.0,34.65,1668.0,642.0,1666.0,639.0,1100.0,1050.0,110.0,5742.10009765625,1440.6700439453125
2012-10-01,1770.5,34.35,1678.0,650.0,1653.0,630.0,1100.0,1050.0,110.0,5820.5,1444.489990234375
2012-10-02,1778.5,34.85,1678.0,646.0,1675.0,645.0,1125.0,1050.0,110.0,5809.5,1445.75
2012-10-03,1777.25,34.72,1685.0,652.0,1675.0,650.0,1175.0,1050.0,110.0,5825.7998046875,1450.989990234375
2012-10-04,1786.5,34.96,1700.0,662.0,1698.0,662.0,1200.0,1050.0,110.0,5827.7998046875,1461.4000244140625
2012-10-05,1790.0,34.85,1711.0,667.0,1724.0,669.0,1225.0,1050.0,110.0,5871.0,1460.9300537109375
2012-10-08,1769.0,33.85,1682.0,652.0,1685.0,653.0,1225.0,1050.0,110.0,5841.7001953125,1455.8800048828125
2012-10-09,1770.75,33.87,1695.0,660.0,1707.0,666.0,1225.0,1050.0,110.0,5810.2998046875,1441.47998046875
2012-10-10,1763.0,33.25,1671.0,650.0,1681.0,656.0,1225.0,1050.0,110.0,5776.7001953125,1432.56005859375
2012-10-11,1767.25,34.25,1681.0,649.0,1672.0,655.0,1225.0,1050.0,110.0,5829.7998046875,1432.8399658203125
2012-10-12,1767.0,33.79,1678.0,650.0,1685.0,654.0,1225.0,1050.0,110.0,5793.2998046875,1428.5899658203125
2012-10-15,1747.25,33.22,1641.0,637.0,1640.0,635.0,1225.0,1050.0,110.0,5805.60009765625,1440.1300048828125
2012-10-16,1737.5,32.8,1640.0,639.0,1650.0,640.0,1225.0,1050.0,110.0,5870.5,1454.9200439453125
2012-10-17,1747.75,33.03,1656.0,643.0,1658.0,643.0,1225.0,1050.0,110.0,5910.89990234375,1460.9100341796875
2012-10-18,1748.0,32.99,1647.0,647.0,1672.0,655.0,1225.0,1050.0,110.0,5917.10009765625,1457.3399658203125
2012-10-19,1732.75,32.33,1633.0,638.0,1642.0,643.0,1225.0,1050.0,110.0,5896.2001953125,1433.18994140625
2012-10-22,1725.0,32.17,1607.0,623.0,1625.0,633.0,1225.0,1050.0,110.0,5882.89990234375,1433.8199462890625
2012-10-23,1717.0,31.71,1577.0,601.0,1605.0,622.0,1200.0,1050.0,110.0,5797.89990234375,1413.1099853515625
2012-10-24,1708.5,31.95,1577.0,600.0,1580.0,603.0,1150.0,1050.0,110.0,5804.7998046875,1408.75
2012-10-25,1715.0,32.08,1572.0,605.0,1582.0,607.0,1125.0,1050.0,110.0,5805.10009765625,1412.969970703125
2012-10-26,1704.0,31.67,1561.0,604.0,1558.0,600.0,1125.0,1050.0,110.0,5806.7001953125,1411.93994140625
2012-10-29,1712.0,31.82,1539.0,593.0,1550.0,600.0,1125.0,1050.0,110.0,5795.10009765625,1411.93994140625
2012-10-30,1713.5,31.98,1545.0,593.5,1545.0,595.0,1125.0,1050.0,110.0,5849.89990234375,1411.93994140625
2012-10-31,1718.0,32.28,1570.0,606.0,1565.0,606.0,1125.0,1050.0,110.0,5782.7001953125,1412.1600341796875
2012-11-01,1723.25,32.66,1575.0,614.0,1578.0,611.0,1125.0,1050.0,110.0,5861.89990234375,1427.5899658203125
2012-11-02,1708.25,31.92,1552.0,608.0,1561.0,612.0,1150.0,1050.0,110.0,5868.60009765625,1414.199951171875
2012-11-05,1679.0,30.91,1544.0,598.0,1545.0,602.0,1150.0,1050.0,110.0,5839.10009765625,1417.260009765625
2012-11-06,1691.75,31.4,1543.0,617.0,1548.0,615.0,1150.0,1050.0,110.0,5884.89990234375,1428.3900146484375
2012-11-07,1730.5,32.14,1556.0,617.0,1568.0,625.0,1150.0,1050.0,110.0,5791.60009765625,1394.530029296875
2012-11-08,1715.0,31.7,1544.0,612.0,1546.0,611.0,1150.0,1050.0,110.0,5776.10009765625,1377.510009765625
2012-11-09,1732.75,32.16,1559.0,612.0,1555.0,617.0,1150.0,1050.0,100.0,5769.7001953125,1379.8499755859375
2012-11-12,1735.75,32.63,1567.0,611.0,1569.0,613.0,1150.0,1050.0,100.0,5767.2998046875,1380.030029296875
2012-11-13,1724.75,32.58,1585.0,617.0,1562.0,609.0,1150.0,1050.0,100.0,5786.2998046875,1374.530029296875
2012-11-14,1724.5,32.48,1583.0,643.0,1598.0,650.0,1150.0,1050.0,100.0,5722.0,1355.489990234375
2012-11-15,1723.5,32.57,1578.0,639.0,1578.0,634.0,1150.0,1050.0,100.0,5677.7998046875,1353.3299560546875
2012-11-16,1710.0,32.27,1554.0,623.0,1565.0,627.0,1150.0,1050.0,100.0,5605.60009765625,1359.8800048828125
2012-11-19,1723.25,32.67,1572.0,642.0,1568.0,634.0,1150.0,1050.0,100.0,5737.7001953125,1386.8900146484375
2012-11-20,1734.0,33.19,1577.0,640.0,1583.0,645.0,1125.0,1050.0,90.0,5748.10009765625,1387.81005859375
2012-11-21,1726.75,33.01,1572.0,640.0,1573.0,635.0,1100.0,1050.0,90.0,5752.0,1391.030029296875
2012-11-22,1729.75,33.29,1582.0,657.0,1585.0,654.0,1100.0,1050.0,90.0,5791.0,1391.030029296875
2012-11-23,1734.75,33.41,1584.0,657.5,1585.0,658.0,1100.0,1050.0,90.0,5819.10009765625,1409.1500244140625
2012-11-26,1747.25,34.08,1613.0,667.5,1613.0,665.0,1100.0,1050.0,90.0,5786.7001953125,1406.2900390625
2012-11-27,1747.25,34.05,1619.0,670.0,1618.0,668.0,1125.0,1050.0,90.0,5799.7001953125,1398.93994140625
2012-11-28,1741.0,33.85,1589.0,651.0,1606.0,667.0,1125.0,1050.0,90.0,5803.2998046875,1409.9300537109375
2012-11-29,1724.5,33.76,1620.0,682.0,1611.0,675.0,1125.0,1050.0,90.0,5870.2998046875,1415.949951171875
2012-11-30,1728.25,34.28,1612.0,685.0,1618.0,690.0,1125.0,1050.0,90.0,5866.7998046875,1416.1800537109375
2012-12-03,1718.0,33.42,1599.0,682.0,1609.0,684.0,1125.0,1050.0,90.0,5871.2001953125,1409.4599609375
2012-12-04,1706.75,33.3,1587.0,680.0,1598.0,682.0,1125.0,1050.0,90.0,5869.0,1407.050048828125
2012-12-05,1703.0,33.07,1587.0,681.0,1596.0,682.0,1125.0,1050.0,90.0,5892.10009765625,1409.280029296875
2012-12-06,1693.0,32.83,1582.0,686.0,1576.0,685.0,1100.0,1050.0,90.0,5901.39990234375,1413.93994140625
2012-12-07,1697.0,32.85,1600.0,698.0,1602.0,695.0,1100.0,1050.0,90.0,5914.39990234375,1418.0699462890625
2012-12-10,1708.5,33.34,1622.0,699.0,1614.0,701.0,1100.0,1050.0,90.0,5921.60009765625,1418.550048828125
2012-12-11,1709.75,33.17,1631.0,695.0,1623.0,701.0,1100.0,1050.0,90.0,5925.0,1427.8399658203125
2012-12-12,1712.5,33.1,1639.0,697.0,1642.0,695.0,1100.0,1050.0,90.0,5945.89990234375,1428.47998046875
2012-12-13,1694.75,32.69,1607.0,682.0,1621.0,688.0,1100.0,1050.0,90.0,5929.60009765625,1419.449951171875
2012-12-14,1696.5,32.52,1613.0,700.0,1619.0,698.0,1100.0,1050.0,90.0,5921.7998046875,1413.5799560546875
2012-12-17,1690.0,32.21,1606.0,697.0,1612.0,700.0,1080.0,1050.0,90.0,5912.2001953125,1430.3599853515625
2012-12-18,1699.5,32.38,1611.0,697.0,1617.0,703.0,1080.0,1050.0,90.0,5935.89990234375,1446.7900390625
2012-12-19,1674.5,31.37,1597.0,695.0,1602.0,696.0,1080.0,1050.0,90.0,5961.60009765625,1435.81005859375
2012-12-20,1667.0,31.12,1575.0,685.0,1596.0,695.0,1080.0,1050.0,90.0,5958.2998046875,1443.68994140625
2012-12-21,1648.25,29.89,1533.0,675.0,1549.0,674.0,1080.0,1050.0,90.0,5940.0,1430.1500244140625
2012-12-24,1648.25,29.89,1533.0,675.0,1552.0,684.0,1080.0,1050.0,90.0,5954.2001953125,1426.6600341796875
2012-12-26,1648.25,29.89,1533.0,675.0,1552.0,684.0,1080.0,1050.0,90.0,5954.2001953125,1419.8299560546875
2012-12-27,1655.25,29.75,1536.0,700.0,1550.0,694.0,1080.0,1050.0,90.0,5954.2998046875,1418.0999755859375
2012-12-28,1658.75,30.15,1527.0,704.0,1542.0,710.0,1080.0,1050.0,90.0,5925.39990234375,1402.4300537109375
2012-12-31,1658.75,30.15,1527.0,704.0,1533.0,705.0,1080.0,1050.0,90.0,5897.7998046875,1426.18994140625
2013-01-02,1681.5,30.87,1566.0,711.0,1556.0,708.0,1080.0,1050.0,90.0,6027.39990234375,1462.4200439453125
2013-01-03,1684.5,30.91,1572.0,697.0,1568.0,706.0,1080.0,1050.0,90.0,6047.2998046875,1459.3699951171875
2013-01-04,1632.25,29.32,1557.0,689.0,1550.0,685.0,1080.0,1050.0,90.0,6089.7998046875,1466.469970703125
2013-01-07,1653.75,30.14,1551.0,675.5,1563.0,687.0,1080.0,1025.0,85.0,6064.60009765625,1461.8900146484375
2013-01-08,1653.75,30.39,1567.0,673.0,1559.0,669.0,1080.0,1025.0,85.0,6053.60009765625,1457.1500244140625
2013-01-09,1663.5,30.39,1593.0,681.0,1585.0,677.0,1080.0,1025.0,85.0,6098.7001953125,1461.02001953125
2013-01-10,1663.0,30.49,1621.0,701.0,1610.0,698.0,1080.0,1025.0,85.0,6101.5,1472.1199951171875
2013-01-11,1669.5,30.67,1626.0,693.5,1639.0,702.0,1080.0,1025.0,85.0,6121.60009765625,1472.050048828125
2013-01-14,1667.75,30.76,1658.0,706.0,1636.0,702.0,1080.0,1025.0,85.0,6107.89990234375,1470.6800537109375
2013-01-15,1681.0,31.19,1690.0,709.0,1694.0,714.0,1080.0,1025.0,85.0,6117.2998046875,1472.3399658203125
2013-01-16,1679.75,31.23,1678.0,714.0,1684.0,715.0,1100.0,1025.0,85.0,6104.0,1472.6300048828125
2013-01-17,1683.25,31.5,1683.0,725.0,1684.0,722.0,1100.0,1025.0,85.0,6132.39990234375,1480.93994140625
2013-01-18,1690.0,31.82,1677.0,722.0,1702.0,732.0,1150.0,1025.0,85.0,6154.39990234375,1485.97998046875
2013-01-21,1688.0,31.9,1671.0,715.0,1676.0,720.0,1150.0,1025.0,85.0,6181.0,1485.97998046875
2013-01-22,1692.5,31.94,1687.0,717.0,1692.0,721.0,1175.0,1025.0,85.0,6179.2001953125,1492.56005859375
2013-01-23,1692.25,32.23,1698.5,725.0,1694.0,727.0,1175.0,1025.0,85.0,6197.60009765625,1494.81005859375
2013-01-24,1677.0,31.85,1680.0,722.0,1688.0,720.0,1175.0,1025.0,85.0,6264.89990234375,1494.8199462890625
2013-01-25,1670.25,31.56,1678.0,725.0,1691.0,729.0,1175.0,1025.0,85.0,6284.5,1502.9599609375
2013-01-28,1656.75,30.87,1681.0,742.0,1696.0,746.0,1175.0,1025.0,85.0,6294.39990234375,1500.1800537109375
2013-01-29,1660.5,31.06,1673.0,739.0,1680.0,748.0,1175.0,1025.0,85.0,6339.2001953125,1507.8399658203125
2013-01-30,1666.25,31.35,1688.0,756.0,1691.0,760.0,1175.0,1025.0,85.0,6323.10009765625,1501.9599609375
2013-01-31,1674.5,32.03,1672.0,739.0,1690.0,751.0,1175.0,1025.0,85.0,6276.89990234375,1498.1099853515625
2013-02-01,1665.0,31.43,1687.0,745.0,1674.0,744.0,1175.0,1025.0,85.0,6347.2001953125,1513.1700439453125
2013-02-04,1664.25,31.51,1696.0,749.0,1702.0,758.0,1175.0,1025.0,85.0,6246.7998046875,1495.7099609375
2013-02-05,1678.0,32.01,1702.0,756.0,1696.0,755.0,1175.0,1025.0,85.0,6282.7998046875,1511.2900390625
2013-02-06,1670.0,31.7,1724.0,764.0,1716.0,766.0,1175.0,1025.0,85.0,6295.2998046875,1512.1199951171875
2013-02-07,1675.75,31.75,1736.0,764.5,1741.0,766.0,1200.0,1025.0,85.0,6228.39990234375,1509.3900146484375
2013-02-08,1669.75,31.52,1714.0,746.0,1716.0,748.0,1200.0,1025.0,85.0,6263.89990234375,1517.9300537109375
2013-02-11,1663.5,31.16,1708.0,749.0,1714.0,755.0,1200.0,1025.0,85.0,6277.10009765625,1517.010009765625
2013-02-12,1641.75,30.84,1708.0,765.0,1698.0,760.0,1200.0,1025.0,85.0,6338.39990234375,1519.4300537109375
2013-02-13,1648.0,31.035,1730.0,773.0,1725.0,775.0,1200.0,1025.0,85.0,6359.10009765625,1520.3299560546875
2013-02-14,1644.0,30.88,1724.0,770.0,1730.0,769.0,1200.0,1025.0,85.0,6327.39990234375,1521.3800048828125
2013-02-15,1629.25,30.18,1676.0,754.0,1693.0,765.0,1250.0,1025.0,85.0,6328.2998046875,1519.7900390625
2013-02-18,1611.25,30.0,1692.0,759.0,1690.0,758.0,1265.0,1025.0,85.0,6318.2001953125,1519.7900390625
2013-02-19,1613.5,30.0,1685.0,763.0,1688.0,763.0,1265.0,1025.0,85.0,6379.10009765625,1530.93994140625
2013-02-20,1602.0,29.11,1659.0,754.0,1690.0,765.0,1265.0,1025.0,85.0,6395.39990234375,1511.949951171875
2013-02-21,1568.5,28.72,1607.0,722.0,1630.0,729.0,1250.0,1025.0,85.0,6291.5,1502.4200439453125
2013-02-22,1580.0,28.79,1611.0,732.0,1628.0,740.0,1250.0,1025.0,85.0,6335.7001953125,1515.5999755859375
2013-02-25,1592.5,29.17,1620.0,748.0,1622.0,743.0,1250.0,1025.0,85.0,6355.39990234375,1487.8499755859375
2013-02-26,1597.25,28.75,1605.0,740.0,1600.0,738.0,1250.0,1025.0,85.0,6270.39990234375,1496.93994140625
2013-02-27,1608.5,29.07,1609.0,741.0,1623.0,748.0,1250.0,1025.0,85.0,6325.89990234375,1515.989990234375
2013-02-28,1591.0,28.95,1598.0,744.0,1605.0,749.0,1250.0,1025.0,85.0,6360.7998046875,1514.6800537109375
2013-03-01,1570.0,28.01,1579.0,721.0,1580.0,728.0,1250.0,1025.0,85.0,6378.60009765625,1518.199951171875
2013-03-04,1578.0,28.69,1578.0,724.0,1578.0,720.0,1250.0,1025.0,85.0,6345.60009765625,1525.199951171875
2013-03-05,1584.25,28.93,1587.0,728.0,1585.0,725.0,1250.0,1025.0,85.0,6432.0,1539.7900390625
2013-03-06,1574.0,28.74,1590.0,739.0,1600.0,742.0,1250.0,1025.0,85.0,6427.60009765625,1541.4599609375
2013-03-07,1580.5,29.01,1596.0,755.0,1595.0,747.0,1250.0,1025.0,85.0,6439.2001953125,1544.260009765625
2013-03-08,1577.0,28.78,1588.0,769.0,1604.0,762.0,1250.0,1025.0,85.0,6483.60009765625,1551.1800537109375
2013-03-11,1577.5,28.9,1594.0,774.0,1607.0,775.0,1250.0,1025.0,85.0,6503.60009765625,1556.219970703125
2013-03-12,1582.5,29.25,1604.0,774.0,1600.0,776.0,1250.0,1025.0,85.0,6510.60009765625,1552.47998046875
2013-03-13,1591.5,29.12,1595.0,773.0,1590.0,770.0,1265.0,1025.0,85.0,6481.5,1554.52001953125
2013-03-14,1585.0,28.64,1583.0,766.0,1590.0,766.0,1265.0,1025.0,85.0,6529.39990234375,1563.22998046875
2013-03-15,1593.25,28.91,1593.0,774.0,1598.0,773.0,1265.0,1025.0,85.0,6489.7001953125,1560.699951171875
2013-03-18,1599.5,28.8,1580.0,765.0,1579.0,761.0,1265.0,1025.0,85.0,6457.89990234375,1552.0999755859375
2013-03-19,1602.5,28.85,1579.0,761.0,1580.0,765.0,1265.0,1025.0,85.0,6441.2998046875,1548.3399658203125
2013-03-20,1611.5,28.9,1566.0,747.0,1563.0,742.0,1265.0,1025.0,85.0,6432.7001953125,1558.7099609375
2013-03-21,1608.75,28.91,1583.0,761.0,1587.0,763.0,1265.0,1025.0,85.0,6388.60009765625,1545.800048828125
2013-03-22,1611.5,29.06,1580.0,754.0,1584.0,756.0,1250.0,1025.0,85.0,6392.7998046875,1556.8900146484375
2013-03-25,1602.25,28.67,1575.0,761.0,1584.0,761.0,1250.0,1025.0,85.0,6378.39990234375,1551.68994140625
2013-03-26,1597.25,28.83,1565.0,757.0,1576.0,758.0,1250.0,1025.0,85.0,6399.39990234375,1563.77001953125
2013-03-27,1591.0,28.33,1575.0,760.0,1574.0,761.0,1230.0,1025.0,85.0,6387.60009765625,1562.8499755859375
2013-03-28,1602.5,28.64,1576.0,770.0,1586.0,767.0,1230.0,1025.0,85.0,6411.7001953125,1569.18994140625
2013-04-01,1602.5,28.64,1576.0,770.0,1586.0,767.0,1230.0,1025.0,85.0,6411.7001953125,1562.1700439453125
2013-04-02,1597.75,27.96,1579.0,773.0,1595.0,777.0,1230.0,1025.0,85.0,6490.7001953125,1570.25
2013-04-03,1568.5,27.19,1569.0,765.0,1562.0,767.0,1215.0,1000.0,85.0,6420.2998046875,1553.68994140625
2013-04-04,1545.25,26.8,1526.0,737.0,1530.0,752.0,1200.0,1000.0,85.0,6344.10009765625,1559.97998046875
2013-04-05,1552.75,26.97,1531.0,720.0,1528.0,729.0,1200.0,1000.0,85.0,6249.7998046875,1553.280029296875
2013-04-08,1577.25,27.27,1532.0,730.5,1542.0,732.0,1200.0,1000.0,85.0,6276.89990234375,1563.0699462890625
2013-04-09,1572.5,27.25,1542.0,732.0,1546.0,737.0,1200.0,1000.0,85.0,6313.2001953125,1568.6099853515625
2013-04-10,1581.5,27.74,1533.0,713.0,1550.0,728.0,1200.0,1000.0,85.0,6387.39990234375,1587.72998046875
2013-04-11,1555.75,27.57,1531.5,723.0,1528.0,721.0,1200.0,1000.0,85.0,6416.10009765625,1593.3699951171875
2013-04-12,1548.0,27.4,1514.0,715.5,1530.0,731.0,1200.0,1000.0,85.0,6384.39990234375,1588.8499755859375
2013-04-15,1416.0,23.54,1448.0,676.0,1462.0,684.0,1200.0,1000.0,85.0,6343.60009765625,1552.3599853515625
2013-04-16,1378.0,23.47,1446.0,681.0,1443.0,680.0,1180.0,1000.0,85.0,6304.60009765625,1574.5699462890625
2013-04-17,1379.0,23.31,1436.0,671.0,1445.0,676.0,1180.0,1000.0,85.0,6244.2001953125,1552.010009765625
2013-04-18,1397.0,23.51,1432.0,670.0,1422.0,660.0,1160.0,1000.0,85.0,6243.7001953125,1541.6099853515625
2013-04-19,1414.0,23.66,1425.0,677.0,1446.0,680.0,1160.0,1000.0,85.0,6286.60009765625,1555.25
2013-04-22,1425.0,23.6,1434.0,683.0,1431.0,677.0,1160.0,1000.0,85.0,6280.60009765625,1562.5
2013-04-23,1417.25,23.01,1417.0,670.0,1433.0,678.0,1160.0,1000.0,85.0,6406.10009765625,1578.780029296875
2013-04-24,1424.5,22.91,1427.0,674.0,1436.0,685.0,1160.0,1000.0,85.0,6431.7998046875,1578.7900390625
2013-04-25,1446.5,23.3,1454.0,679.0,1445.0,676.0,1160.0,1000.0,85.0,6442.60009765625,1585.1600341796875
2013-04-26,1462.25,24.02,1483.0,681.0,1475.0,684.0,1160.0,1000.0,85.0,6426.39990234375,1582.239990234375
2013-04-29,1472.5,24.27,1505.0,694.0,1488.0,682.0,1160.0,1000.0,85.0,6458.0,1593.6099853515625
2013-04-30,1472.75,24.42,1507.0,699.0,1502.0,701.0,1160.0,1000.0,85.0,6430.10009765625,1597.5699462890625
2013-05-01,1469.5,23.97,1480.0,688.0,1508.0,698.0,1160.0,1000.0,85.0,6451.2998046875,1582.699951171875
2013-05-02,1456.0,23.69,1487.0,688.0,1482.0,688.0,1150.0,1000.0,85.0,6460.7001953125,1597.5899658203125
2013-05-03,1476.5,24.25,1501.0,694.0,1509.0,703.0,1150.0,1000.0,85.0,6521.5,1614.4200439453125
2013-05-06,1476.5,24.25,1501.0,694.0,1503.0,695.0,1150.0,1000.0,85.0,6521.5,1617.5
2013-05-07,1463.0,23.75,1484.0,682.0,1495.0,692.0,1150.0,1000.0,85.0,6557.2998046875,1625.9599609375
2013-05-08,1454.0,23.86,1494.0,690.0,1496.0,688.0,1150.0,1000.0,85.0,6583.5,1632.68994140625
2013-05-09,1469.5,24.07,1506.0,695.0,1505.0,697.0,1150.0,1000.0,85.0,6592.7001953125,1626.6700439453125
2013-05-10,1449.25,23.37,1490.0,702.0,1517.0,715.0,1150.0,1000.0,85.0,6625.0,1633.699951171875
2013-05-13,1429.75,23.66,1485.0,705.0,1494.0,707.0,1150.0,1000.0,85.0,6631.7998046875,1633.77001953125
2013-05-14,1436.5,23.44,1489.0,718.0,1500.0,725.0,1150.0,1000.0,85.0,6686.10009765625,1650.3399658203125
2013-05-15,1412.25,22.87,1496.0,727.0,1505.0,724.0,1125.0,1000.0,85.0,6693.60009765625,1658.780029296875
2013-05-16,1377.0,22.26,1476.0,728.0,1485.0,727.0,1125.0,1000.0,85.0,6687.7998046875,1650.469970703125
2013-05-17,1376.75,22.52,1470.0,736.0,1480.0,740.0,1125.0,1000.0,85.0,6723.10009765625,1667.469970703125
2013-05-20,1353.75,21.66,1447.0,734.0,1452.0,736.0,1125.0,1000.0,85.0,6755.60009765625,1666.2900390625
2013-05-21,1378.75,22.44,1456.0,741.0,1478.0,748.0,1125.0,1000.0,85.0,6803.89990234375,1669.1600341796875
2013-05-22,1385.25,22.62,1474.0,750.0,1473.0,750.0,1115.0,1000.0,85.0,6840.2998046875,1655.3499755859375
2013-05-23,1386.0,22.47,1455.0,739.0,1468.0,742.0,1115.0,1000.0,85.0,6696.7998046875,1650.510009765625
2013-05-24,1385.25,22.38,1455.0,729.0,1462.0,741.0,1115.0,1000.0,85.0,6654.2998046875,1649.5999755859375
2013-05-27,1385.25,22.38,1455.0,729.0,1466.0,733.0,1100.0,1000.0,85.0,6654.2998046875,1649.5999755859375
2013-05-28,1379.0,22.36,1450.0,733.0,1455.0,735.0,1100.0,1000.0,85.0,6762.0,1660.06005859375
2013-05-29,1384.5,22.36,1455.0,747.0,1465.0,753.0,1100.0,1000.0,85.0,6627.2001953125,1648.3599853515625
2013-05-30,1406.25,22.68,1464.0,754.0,1464.0,754.0,1100.0,1000.0,85.0,6657.0,1654.4100341796875
2013-05-31,1410.25,22.57,1459.0,744.0,1481.0,755.0,1080.0,1000.0,85.0,6583.10009765625,1630.739990234375
2013-06-03,1396.75,22.43,1487.0,755.0,1470.0,753.0,1080.0,975.0,85.0,6525.10009765625,1640.4200439453125
2013-06-04,1405.25,22.51,1486.0,751.0,1492.0,756.0,1080.0,975.0,85.0,6558.60009765625,1631.3800048828125
2013-06-05,1396.5,22.37,1503.0,754.0,1502.0,756.0,1060.0,975.0,85.0,6419.2998046875,1608.9000244140625
2013-06-06,1399.5,22.62,1515.0,756.5,1510.0,756.0,1040.0,975.0,85.0,6336.10009765625,1622.56005859375
2013-06-07,1410.0,22.6,1505.0,754.0,1536.0,761.0,1040.0,975.0,85.0,6412.0,1643.3800048828125
2013-06-10,1376.75,21.81,1498.0,759.0,1498.0,758.0,1040.0,975.0,85.0,6400.5,1642.81005859375
2013-06-11,1369.5,21.58,1487.0,762.0,1502.0,765.0,1040.0,975.0,85.0,6340.10009765625,1626.1300048828125
2013-06-12,1377.25,21.78,1481.5,754.0,1487.0,756.0,1040.0,975.0,85.0,6299.5,1612.52001953125
2013-06-13,1386.25,21.83,1458.0,743.0,1471.0,756.0,1040.0,950.0,85.0,6304.60009765625,1636.3599853515625
2013-06-14,1379.75,21.69,1448.0,728.0,1458.0,734.0,1040.0,950.0,85.0,6308.2998046875,1626.72998046875
2013-06-17,1386.0,21.87,1443.0,721.0,1453.0,733.0,1040.0,950.0,85.0,6330.5,1639.0400390625
2013-06-18,1378.5,21.8,1427.0,706.0,1429.0,705.0,1040.0,950.0,85.0,6374.2001953125,1651.81005859375
2013-06-19,1366.0,21.62,1437.0,706.0,1440.0,709.0,1040.0,950.0,85.0,6348.7998046875,1628.9300537109375
2013-06-20,1303.25,20.24,1391.0,670.0,1410.0,686.0,1040.0,950.0,85.0,6159.5,1588.18994140625
2013-06-21,1290.25,19.87,1365.0,672.0,1378.0,682.0,1040.0,950.0,85.0,6116.2001953125,1592.4300537109375
2013-06-24,1283.25,19.65,1360.0,669.0,1360.0,667.0,1040.0,950.0,85.0,6029.10009765625,1573.0899658203125
2013-06-25,1285.0,19.77,1349.0,672.0,1343.0,668.0,1020.0,950.0,85.0,6101.89990234375,1588.030029296875
2013-06-26,1229.0,18.67,1329.0,652.0,1330.0,660.0,1020.0,925.0,85.0,6165.5,1603.260009765625
2013-06-27,1232.0,18.61,1318.0,643.0,1330.0,642.0,1000.0,925.0,85.0,6243.39990234375,1613.199951171875
2013-06-28,1203.25,18.86,1317.0,643.0,1312.0,648.0,1000.0,925.0,85.0,6215.5,1606.280029296875
2013-07-01,1243.5,19.44,1357.0,678.0,1352.0,677.0,1000.0,925.0,85.0,6307.7998046875,1614.9599609375
2013-07-02,1260.75,19.62,1375.0,687.0,1382.0,693.0,1000.0,925.0,85.0,6303.89990234375,1614.0799560546875
2013-07-03,1246.0,19.55,1361.0,684.0,1372.0,688.0,1000.0,925.0,85.0,6229.89990234375,1615.4100341796875
2013-07-04,1249.5,19.57,1339.0,680.0,1357.0,686.0,1000.0,925.0,85.0,6421.7001953125,1615.4100341796875
2013-07-05,1232.75,19.32,1327.0,669.0,1337.0,676.0,1000.0,925.0,85.0,6375.5,1631.8900146484375
2013-07-08,1225.5,19.16,1355.0,697.0,1332.0,676.0,1000.0,925.0,85.0,6450.10009765625,1640.4599609375
2013-07-09,1252.0,19.1,1362.0,699.0,1378.0,705.0,1000.0,900.0,85.0,6513.10009765625,1652.3199462890625
2013-07-10,1252.25,19.37,1370.0,710.0,1366.0,702.0,1000.0,900.0,85.0,6505.0,1652.6199951171875
2013-07-11,1280.75,19.85,1401.0,723.5,1403.0,727.0,1000.0,900.0,85.0,6543.39990234375,1675.02001953125
2013-07-12,1275.0,19.66,1403.0,716.0,1405.0,723.0,1000.0,900.0,85.0,6544.89990234375,1680.18994140625
2013-07-15,1281.25,19.82,1410.0,724.0,1418.0,728.0,1000.0,900.0,85.0,6586.10009765625,1682.5
2013-07-16,1286.0,19.95,1426.0,735.0,1420.0,733.0,1000.0,900.0,85.0,6556.39990234375,1676.260009765625
2013-07-17,1284.25,19.83,1424.0,734.0,1425.0,734.0,1000.0,900.0,85.0,6571.89990234375,1680.9100341796875
2013-07-18,1279.75,19.49,1413.0,737.0,1411.0,733.0,975.0,900.0,85.0,6634.39990234375,1689.3699951171875
2013-07-19,1286.0,19.42,1422.0,743.0,1425.0,746.0,975.0,900.0,85.0,6630.7001953125,1692.0899658203125
2013-07-22,1313.75,19.95,1442.0,750.0,1440.0,750.0,975.0,875.0,82.0,6623.2001953125,1695.530029296875
2013-07-23,1326.75,20.18,1424.0,734.0,1439.0,743.0,975.0,875.0,82.0,6597.39990234375,1692.3900146484375
2013-07-24,1340.0,20.395,1444.0,738.0,1445.0,739.0,975.0,875.0,82.0,6620.39990234375,1685.93994140625
2013-07-25,1312.0,19.92,1443.0,743.0,1442.0,744.0,975.0,875.0,82.0,6588.0,1690.25
2013-07-26,1327.75,20.02,1428.0,731.0,1448.0,740.0,975.0,875.0,82.0,6554.7998046875,1691.6500244140625
2013-07-29,1330.75,20.1,1436.0,731.0,1430.0,725.0,975.0,875.0,82.0,6560.2998046875,1685.3299560546875
2013-07-30,1322.25,19.68,1439.0,738.0,1442.0,743.0,975.0,875.0,82.0,6571.0,1685.9599609375
2013-07-31,1331.5,19.94,1433.0,733.0,1444.0,738.0,975.0,875.0,82.0,6621.10009765625,1685.72998046875
2013-08-01,1323.75,19.72,1437.0,733.0,1439.0,732.0,975.0,875.0,80.0,6682.0,1706.8699951171875
2013-08-02,1285.75,19.46,1436.0,730.0,1426.0,728.0,975.0,875.0,80.0,6647.89990234375,1709.6700439453125
2013-08-05,1311.0,19.76,1444.0,733.0,1450.0,733.0,975.0,850.0,80.0,6619.60009765625,1707.1400146484375
2013-08-06,1292.0,19.78,1430.0,724.0,1444.0,730.0,975.0,850.0,80.0,6604.2001953125,1697.3699951171875
2013-08-07,1275.5,19.27,1425.0,718.0,1425.0,722.0,975.0,850.0,80.0,6511.2001953125,1690.9100341796875
2013-08-08,1287.75,19.73,1465.0,739.0,1450.0,732.0,990.0,850.0,80.0,6529.7001953125,1697.47998046875
2013-08-09,1305.5,20.31,1492.0,739.0,1489.0,742.0,990.0,850.0,80.0,6583.39990234375,1691.4200439453125
2013-08-12,1325.75,20.835,1503.0,742.0,1510.0,747.0,1010.0,850.0,80.0,6574.2998046875,1689.469970703125
2013-08-13,1334.0,21.46,1506.0,740.0,1507.0,740.0,1010.0,850.0,80.0,6611.89990234375,1694.1600341796875
2013-08-14,1323.25,21.5,1491.0,737.0,1492.0,736.0,1010.0,825.0,80.0,6587.39990234375,1685.3900146484375
2013-08-15,1339.5,22.0,1504.0,746.0,1518.0,748.0,1010.0,825.0,80.0,6483.2998046875,1661.3199462890625
2013-08-16,1360.75,22.83,1524.0,762.0,1528.0,760.0,1010.0,825.0,77.0,6500.0,1655.8299560546875
2013-08-19,1375.25,23.23,1513.0,751.0,1518.0,760.0,1010.0,825.0,77.0,6465.7001953125,1646.06005859375
2013-08-20,1365.75,22.87,1512.0,748.0,1507.0,747.0,1010.0,800.0,77.0,6453.5,1652.3499755859375
2013-08-21,1360.0,22.94,1518.0,749.0,1517.0,748.0,1010.0,800.0,75.0,6390.7998046875,1642.800048828125
2013-08-22,1370.5,23.07,1523.0,750.0,1515.0,750.0,1010.0,800.0,75.0,6446.89990234375,1656.9599609375
2013-08-23,1374.5,23.06,1538.0,752.0,1545.0,758.0,1010.0,800.0,73.0,6492.10009765625,1663.5
2013-08-26,1374.5,23.06,1538.0,752.0,1544.0,756.0,1010.0,800.0,73.0,6492.10009765625,1656.780029296875
2013-08-27,1411.0,24.29,1546.0,747.0,1552.0,752.0,1010.0,800.0,73.0,6441.0,1630.47998046875
2013-08-28,1425.5,24.74,1528.0,744.0,1545.0,748.0,1010.0,800.0,73.0,6430.10009765625,1634.9599609375
2013-08-29,1406.25,24.11,1527.0,741.0,1534.0,744.0,1010.0,800.0,73.0,6483.10009765625,1638.1700439453125
2013-08-30,1392.75,23.64,1514.0,727.0,1521.0,740.0,1010.0,800.0,70.0,6412.89990234375,1632.969970703125
2013-09-02,1391.25,23.97,1524.0,724.0,1532.0,730.0,1010.0,775.0,70.0,6506.2001953125,1632.969970703125
2013-09-03,1391.25,24.21,1529.0,724.0,1524.0,721.0,1010.0,775.0,70.0,6468.39990234375,1639.77001953125
2013-09-04,1403.75,23.71,1496.0,699.0,1537.0,720.0,1010.0,775.0,70.0,6474.7001953125,1653.0799560546875
2013-09-05,1391.75,23.52,1487.0,689.0,1502.0,697.0,1010.0,775.0,70.0,6532.39990234375,1655.0799560546875
2013-09-06,1368.25,23.05,1498.0,699.0,1488.0,690.0,1010.0,775.0,70.0,6547.2998046875,1655.1700439453125
2013-09-09,1386.0,23.64,1490.0,694.0,1499.0,697.0,1010.0,750.0,70.0,6530.7001953125,1671.7099609375
2013-09-10,1373.0,23.32,1471.0,690.0,1483.0,689.0,1010.0,750.0,67.0,6584.0,1683.989990234375
2013-09-11,1365.25,22.91,1477.0,700.0,1485.0,700.0,1010.0,750.0,60.0,6588.39990234375,1689.1300048828125
2013-09-12,1340.25,22.67,1444.0,690.0,1471.0,690.0,1010.0,725.0,60.0,6589.0,1683.4200439453125
2013-09-13,1308.25,21.72,1441.0,700.0,1444.0,689.0,1000.0,725.0,60.0,6583.7998046875,1687.989990234375
2013-09-16,1314.75,21.88,1442.0,704.0,1458.0,710.0,1000.0,725.0,60.0,6622.89990234375,1697.5999755859375
2013-09-17,1317.25,21.97,1436.0,708.0,1443.0,708.0,1000.0,700.0,60.0,6570.2001953125,1704.760009765625
2013-09-18,1299.75,21.47,1420.0,701.0,1426.0,703.0,1000.0,700.0,60.0,6558.7998046875,1725.52001953125
2013-09-19,1363.5,23.0,1469.0,726.0,1473.0,721.0,1000.0,700.0,60.0,6625.39990234375,1722.3399658203125
2013-09-20,1355.25,22.74,1447.0,726.0,1458.0,732.0,990.0,700.0,60.0,6596.39990234375,1709.9100341796875
2013-09-23,1321.75,21.68,1424.0,711.0,1436.0,719.0,990.0,700.0,60.0,6557.39990234375,1701.8399658203125
2013-09-24,1316.5,21.44,1422.0,713.0,1427.0,716.0,990.0,700.0,60.0,6571.5,1697.4200439453125
2013-09-25,1320.25,21.68,1426.0,719.0,1436.0,724.0,990.0,675.0,57.0,6551.5,1692.77001953125
2013-09-26,1332.5,21.97,1424.0,724.0,1427.0,724.0,990.0,675.0,57.0,6565.60009765625,1698.6700439453125
2013-09-27,1321.5,21.61,1416.0,725.0,1415.0,723.0,990.0,675.0,57.0,6512.7001953125,1691.75
2013-09-30,1335.75,21.68,1411.0,726.0,1421.0,731.0,990.0,675.0,57.0,6462.2001953125,1681.550048828125
2013-10-01,1332.25,21.7,1377.0,719.0,1410.0,728.0,990.0,675.0,57.0,6460.0,1695.0
2013-10-02,1293.75,21.14,1389.0,715.0,1387.0,718.0,990.0,650.0,57.0,6437.5,1693.8699951171875
2013-10-03,1309.0,21.57,1373.0,706.0,1394.0,721.0,990.0,650.0,57.0,6449.0,1678.6600341796875
2013-10-04,1316.0,21.65,1386.0,706.0,1380.0,703.0,990.0,650.0,57.0,6453.89990234375,1690.5
2013-10-07,1311.0,21.77,1386.0,697.0,1390.0,703.0,990.0,625.0,57.0,6437.2998046875,1676.1199951171875
2013-10-08,1321.0,22.3,1407.0,712.0,1406.0,708.0,990.0,625.0,57.0,6365.7998046875,1655.449951171875
2013-10-09,1309.5,22.1,1385.0,707.0,1400.0,711.0,990.0,600.0,57.0,6337.89990234375,1656.4000244140625
2013-10-10,1298.0,21.93,1385.0,705.0,1388.0,706.0,990.0,600.0,57.0,6430.5,1692.56005859375
2013-10-11,1285.75,21.52,1369.0,712.0,1389.0,710.0,990.0,600.0,57.0,6487.2001953125,1703.199951171875
2013-10-14,1276.0,21.52,1379.0,715.0,1376.0,715.0,990.0,600.0,57.0,6507.7001953125,1710.1400146484375
2013-10-15,1255.5,20.49,1372.0,707.0,1378.0,713.0,990.0,575.0,57.0,6549.10009765625,1698.06005859375
2013-10-16,1278.25,21.32,1392.0,708.0,1395.0,710.0,990.0,575.0,57.0,6571.60009765625,1721.5400390625
2013-10-17,1308.5,21.72,1420.0,723.0,1399.0,716.0,990.0,550.0,57.0,6576.2001953125,1733.1500244140625
2013-10-18,1317.0,21.87,1438.0,737.0,1445.0,742.0,990.0,550.0,57.0,6622.60009765625,1744.5
2013-10-21,1316.0,22.09,1438.0,746.0,1444.0,747.0,990.0,550.0,57.0,6654.2001953125,1744.6600341796875
2013-10-22,1311.75,22.06,1432.0,744.0,1437.0,751.0,990.0,550.0,57.0,6695.7001953125,1754.6700439453125
2013-10-23,1333.0,22.53,1440.0,748.0,1444.0,751.0,990.0,550.0,57.0,6674.5,1746.3800048828125
2013-10-24,1336.25,22.67,1447.0,749.0,1447.0,751.0,990.0,525.0,57.0,6713.2001953125,1752.0699462890625
2013-10-25,1341.75,22.35,1440.0,733.0,1443.0,744.0,980.0,500.0,57.0,6721.2998046875,1759.77001953125
2013-10-28,1351.0,22.54,1462.0,742.0,1452.0,743.0,980.0,500.0,57.0,6725.7998046875,1762.1099853515625
2013-10-29,1346.75,22.31,1466.0,744.0,1470.0,745.0,980.0,500.0,57.0,6774.7001953125,1771.949951171875
2013-10-30,1349.5,22.74,1477.0,749.0,1467.0,749.0,980.0,500.0,57.0,6777.7001953125,1763.31005859375
2013-10-31,1333.75,22.2,1450.0,742.0,1466.0,742.0,980.0,500.0,57.0,6731.39990234375,1756.5400390625
2013-11-01,1314.75,21.75,1453.0,737.0,1458.0,741.0,980.0,500.0,57.0,6734.7001953125,1761.6400146484375
2013-11-04,1314.25,21.85,1453.0,745.0,1455.0,742.0,980.0,475.0,57.0,6763.60009765625,1767.9300537109375
2013-11-05,1311.25,21.6,1451.0,745.0,1457.0,746.0,980.0,475.0,57.0,6746.7998046875,1762.969970703125
2013-11-06,1317.0,21.94,1465.0,758.0,1460.0,756.0,980.0,475.0,57.0,6741.7001953125,1770.489990234375
2013-11-07,1316.0,21.75,1453.0,755.5,1470.0,762.0,980.0,475.0,57.0,6697.2001953125,1747.1500244140625
2013-11-08,1309.0,21.7,1446.0,757.0,1462.0,763.0,980.0,475.0,57.0,6708.39990234375,1770.6099853515625
2013-11-11,1283.75,21.395,1430.0,749.0,1444.0,757.0,980.0,450.0,57.0,6728.39990234375,1771.8900146484375
2013-11-12,1281.0,21.1,1437.0,746.5,1438.0,753.0,980.0,450.0,57.0,6726.7998046875,1767.68994140625
2013-11-13,1276.0,20.7,1438.0,740.0,1436.0,741.0,980.0,450.0,57.0,6630.0,1782.0
2013-11-14,1283.25,20.78,1451.0,738.0,1449.0,738.0,970.0,450.0,57.0,6666.10009765625,1790.6199951171875
2013-11-15,1281.75,20.635,1438.0,729.0,1450.0,738.0,970.0,450.0,57.0,6693.39990234375,1798.1800537109375
2013-11-18,1283.5,20.64,1430.0,727.0,1443.0,730.0,970.0,450.0,57.0,6723.5,1791.530029296875
2013-11-19,1272.25,20.44,1410.0,718.5,1412.0,716.0,970.0,450.0,57.0,6698.0,1787.8699951171875
2013-11-20,1271.5,20.24,1404.0,715.0,1416.0,718.0,950.0,450.0,57.0,6681.10009765625,1781.3699951171875
2013-11-21,1248.5,19.97,1393.0,715.0,1398.0,712.0,935.0,425.0,57.0,6681.2998046875,1795.8499755859375
2013-11-22,1241.75,19.93,1396.0,721.0,1398.0,717.0,935.0,425.0,57.0,6674.2998046875,1804.760009765625
2013-11-25,1231.75,19.71,1383.0,718.0,1379.0,712.0,935.0,425.0,57.0,6694.60009765625,1802.47998046875
2013-11-26,1250.75,20.11,1381.0,720.0,1392.0,725.0,935.0,425.0,57.0,6636.2001953125,1802.75
2013-11-27,1250.75,19.98,1377.0,725.0,1380.0,720.0,920.0,425.0,57.0,6649.5,1807.22998046875
2013-11-28,1241.75,19.76,1357.0,717.0,1360.0,718.0,920.0,425.0,57.0,6654.5,1807.22998046875
2013-11-29,1245.25,19.93,1376.0,724.0,1372.0,723.0,920.0,425.0,57.0,6650.60009765625,1805.81005859375
2013-12-02,1237.5,19.75,1357.0,717.0,1370.0,720.0,920.0,410.0,57.0,6595.2998046875,1800.9000244140625
2013-12-03,1219.0,19.17,1345.0,711.0,1349.0,714.0,910.0,410.0,57.0,6532.39990234375,1795.1500244140625
2013-12-04,1213.0,19.05,1357.0,718.0,1351.0,715.0,900.0,400.0,57.0,6510.0,1792.81005859375
2013-12-05,1234.0,19.46,1364.0,728.0,1367.0,726.0,890.0,400.0,57.0,6498.2998046875,1785.030029296875
2013-12-06,1230.75,19.49,1367.0,741.0,1365.0,735.0,890.0,400.0,57.0,6552.0,1805.0899658203125
2013-12-09,1228.5,19.5,1373.0,739.0,1365.0,734.0,890.0,400.0,57.0,6559.5,1808.3699951171875
2013-12-10,1245.75,20.05,1393.0,743.0,1386.0,741.0,890.0,400.0,57.0,6523.2998046875,1802.6199951171875
2013-12-11,1255.25,20.39,1388.0,742.0,1390.0,740.0,890.0,400.0,57.0,6507.7001953125,1782.219970703125
2013-12-12,1243.5,19.8,1371.0,729.0,1389.0,738.0,910.0,400.0,57.0,6445.2998046875,1775.5
2013-12-13,1222.75,19.55,1367.0,723.0,1365.0,720.0,925.0,400.0,57.0,6440.0,1775.3199462890625
2013-12-16,1229.5,19.5,1355.0,717.0,1363.0,717.0,925.0,400.0,57.0,6522.2001953125,1786.5400390625
2013-12-17,1237.25,20.02,1354.0,713.0,1366.0,718.0,925.0,400.0,57.0,6486.2001953125,1781.0
2013-12-18,1233.25,19.94,1354.0,709.0,1354.0,703.0,925.0,400.0,57.0,6492.10009765625,1810.6500244140625
2013-12-19,1205.25,19.34,1321.0,700.0,1338.0,702.0,925.0,400.0,57.0,6584.7001953125,1809.5999755859375
2013-12-20,1195.0,19.33,1328.0,700.0,1325.0,700.0,925.0,400.0,57.0,6606.60009765625,1818.3199462890625
2013-12-23,1192.75,19.37,1332.0,700.0,1338.0,700.0,925.0,400.0,57.0,6678.60009765625,1827.989990234375
2013-12-24,1192.75,19.37,1332.0,700.0,1328.0,698.0,925.0,400.0,57.0,6694.2001953125,1833.3199462890625
2013-12-26,1192.75,19.37,1332.0,700.0,1328.0,698.0,925.0,400.0,57.0,6694.2001953125,1842.02001953125
2013-12-27,1209.25,19.92,1374.0,711.0,1365.0,700.0,925.0,400.0,57.0,6750.89990234375,1841.4000244140625
2013-12-30,1201.5,19.65,1357.0,716.0,1366.0,713.0,950.0,400.0,57.0,6731.2998046875,1841.0699462890625
2013-12-31,1201.5,19.65,1357.0,716.0,1361.0,714.0,975.0,400.0,57.0,6749.10009765625,1848.3599853515625
2014-01-02,1219.75,19.94,1388.0,723.0,1395.0,726.0,1000.0,400.0,57.0,6717.89990234375,1831.97998046875
2014-01-03,1232.25,20.18,1404.0,728.0,1410.0,733.0,1025.0,400.0,57.0,6730.7001953125,1831.3699951171875
2014-01-06,1238.0,20.04,1409.0,733.0,1405.0,733.0,1050.0,400.0,57.0,6730.7001953125,1826.77001953125
2014-01-07,1237.5,20.02,1414.0,737.0,1417.0,739.0,1050.0,400.0,57.0,6755.5,1837.8800048828125
2014-01-08,1226.5,19.52,1405.0,735.0,1412.0,738.0,1050.0,400.0,57.0,6721.7998046875,1837.489990234375
2014-01-09,1226.0,19.54,1415.0,736.0,1419.0,740.0,1050.0,400.0,57.0,6691.2998046875,1838.1300048828125
2014-01-10,1232.25,19.8,1425.0,737.0,1427.0,742.0,1050.0,400.0,57.0,6739.89990234375,1842.3699951171875
2014-01-13,1246.0,20.09,1436.0,740.0,1442.0,745.0,1050.0,420.0,57.0,6757.2001953125,1819.199951171875
2014-01-14,1248.75,20.27,1433.0,737.0,1442.0,742.0,1050.0,420.0,57.0,6766.89990234375,1838.8800048828125
2014-01-15,1238.0,20.09,1416.0,734.0,1423.0,737.0,1050.0,420.0,57.0,6819.89990234375,1848.3800048828125
2014-01-16,1237.25,20.0,1424.0,741.0,1430.0,744.0,1050.0,420.0,57.0,6815.39990234375,1845.8900146484375
2014-01-17,1241.0,20.01,1447.0,747.0,1436.0,745.0,1050.0,420.0,57.0,6829.2998046875,1838.699951171875
2014-01-20,1254.75,20.29,1470.0,749.0,1471.0,753.0,1050.0,420.0,59.0,6836.7001953125,1838.699951171875
2014-01-21,1247.75,20.03,1444.0,743.0,1458.0,748.0,1050.0,420.0,59.0,6834.2998046875,1843.800048828125
2014-01-22,1239.5,19.87,1458.0,747.0,1455.0,749.0,1050.0,420.0,59.0,6826.2998046875,1844.8599853515625
2014-01-23,1244.25,20.11,1454.0,746.0,1450.0,749.0,1050.0,420.0,59.0,6773.2998046875,1828.4599609375
2014-01-24,1259.25,20.19,1443.0,745.0,1454.0,749.0,1050.0,420.0,59.0,6663.7001953125,1790.2900390625
2014-01-27,1270.0,19.83,1421.0,731.0,1440.0,738.0,1050.0,420.0,59.0,6550.7001953125,1781.56005859375
2014-01-28,1253.5,19.72,1418.0,722.0,1425.0,728.0,1050.0,430.0,59.0,6572.2998046875,1792.5
2014-01-29,1254.75,19.68,1416.0,720.0,1412.0,720.0,1050.0,430.0,60.0,6544.2998046875,1774.199951171875
2014-01-30,1254.0,19.41,1388.0,713.0,1400.0,720.0,1050.0,430.0,60.0,6538.5,1794.18994140625
2014-01-31,1246.5,19.31,1382.0,707.0,1385.0,710.0,1050.0,440.0,60.0,6510.39990234375,1782.5899658203125
2014-02-03,1246.5,19.27,1386.0,710.0,1390.0,712.0,1050.0,440.0,60.0,6465.7001953125,1741.8900146484375
2014-02-04,1253.0,19.34,1374.0,702.0,1385.0,707.0,1050.0,440.0,60.0,6449.2998046875,1755.199951171875
2014-02-05,1257.0,19.63,1383.0,717.0,1385.0,709.0,1050.0,440.0,60.0,6457.89990234375,1751.6400146484375
2014-02-06,1258.5,20.14,1380.0,714.0,1385.0,715.0,1050.0,440.0,60.0,6558.2998046875,1773.4300537109375
2014-02-07,1260.0,19.87,1379.0,711.0,1391.0,718.0,1050.0,450.0,63.0,6571.7001953125,1797.02001953125
2014-02-10,1273.5,20.2,1390.0,721.0,1396.0,720.0,1050.0,450.0,63.0,6591.60009765625,1799.8399658203125
2014-02-11,1282.75,20.17,1380.0,719.0,1398.0,725.0,1050.0,460.0,63.0,6672.7001953125,1819.75
2014-02-12,1286.5,20.2,1403.0,722.0,1396.0,725.0,1050.0,460.0,63.0,6675.0,1819.260009765625
2014-02-13,1290.25,20.27,1397.0,725.0,1402.0,731.0,1070.0,460.0,65.0,6659.39990234375,1829.8299560546875
2014-02-14,1308.5,21.09,1426.0,740.0,1428.0,738.0,1070.0,460.0,65.0,6663.60009765625,1838.6300048828125
2014-02-17,1326.0,21.65,1429.0,739.0,1433.0,743.0,1070.0,475.0,65.0,6736.0,1838.6300048828125
2014-02-18,1314.0,21.37,1424.0,736.0,1425.0,740.0,1070.0,475.0,65.0,6796.39990234375,1840.760009765625
2014-02-19,1318.75,21.75,1424.0,738.0,1422.0,742.0,1070.0,485.0,65.0,6796.7001953125,1828.75
2014-02-20,1313.75,21.59,1413.0,736.0,1419.0,736.0,1085.0,485.0,65.0,6813.0,1839.780029296875
2014-02-21,1320.75,21.74,1422.5,739.0,1424.0,740.0,1085.0,485.0,65.0,6838.10009765625,1836.25
2014-02-24,1333.0,22.05,1430.0,741.0,1433.0,743.0,1085.0,485.0,65.0,6865.89990234375,1847.6099853515625
2014-02-25,1332.75,21.73,1435.0,739.0,1439.0,742.0,1085.0,485.0,65.0,6830.5,1845.1199951171875
2014-02-26,1340.0,21.845,1432.5,733.0,1443.0,739.0,1085.0,495.0,65.0,6799.2001953125,1845.1600341796875
2014-02-27,1331.0,21.38,1447.0,743.0,1428.0,737.0,1085.0,495.0,65.0,6810.2998046875,1854.2900390625
2014-02-28,1327.75,21.27,1455.0,746.0,1450.0,747.0,1085.0,495.0,65.0,6809.7001953125,1859.449951171875
2014-03-03,1344.25,21.46,1454.0,747.0,1460.0,751.0,1085.0,510.0,65.0,6708.39990234375,1845.72998046875
2014-03-04,1339.5,21.15,1449.0,749.0,1455.0,755.0,1085.0,510.0,65.0,6823.7998046875,1873.9100341796875
2014-03-05,1333.5,21.32,1481.0,778.0,1472.0,775.0,1085.0,510.0,65.0,6775.39990234375,1873.81005859375
2014-03-06,1334.25,21.11,1484.0,780.0,1480.0,779.0,1085.0,510.0,65.0,6788.5,1877.030029296875
2014-03-07,1348.25,21.38,1474.0,776.0,1483.0,780.0,1085.0,525.0,65.0,6712.7001953125,1878.0400390625
2014-03-10,1334.25,20.99,1476.0,774.5,1474.0,779.0,1085.0,525.0,67.0,6689.5,1877.1700439453125
2014-03-11,1348.0,21.25,1483.0,778.0,1484.0,782.0,1085.0,540.0,69.0,6685.5,1867.6300048828125
2014-03-12,1355.75,20.97,1473.0,772.0,1468.0,775.0,1085.0,540.0,69.0,6620.89990234375,1868.199951171875
2014-03-13,1371.0,21.24,1476.0,776.0,1483.0,785.0,1085.0,540.0,69.0,6553.7998046875,1846.3399658203125
2014-03-14,1370.0,21.36,1478.0,780.0,1480.0,786.0,1085.0,540.0,69.0,6527.89990234375,1841.1300048828125
2014-03-17,1379.0,21.22,1474.0,772.0,1485.0,789.0,1070.0,550.0,69.0,6568.39990234375,1858.8299560546875
2014-03-18,1362.5,20.94,1454.0,762.5,1460.0,777.0,1070.0,550.0,69.0,6605.2998046875,1872.25
2014-03-19,1346.0,20.75,1454.0,768.0,1467.0,779.0,1070.0,550.0,69.0,6573.10009765625,1860.77001953125
2014-03-20,1327.0,20.17,1436.0,754.0,1451.0,768.0,1070.0,550.0,69.0,6542.39990234375,1872.010009765625
2014-03-21,1338.5,20.55,1439.0,789.0,1446.0,784.0,1090.0,550.0,69.0,6557.2001953125,1866.52001953125
2014-03-24,1322.0,20.2,1433.0,792.5,1443.0,808.0,1100.0,560.0,69.0,6520.39990234375,1857.43994140625
2014-03-25,1314.75,20.0,1432.0,789.0,1440.0,798.0,1120.0,560.0,69.0,6604.89990234375,1865.6199951171875
2014-03-26,1314.5,20.03,1411.0,782.0,1430.0,796.0,1120.0,560.0,69.0,6605.2998046875,1852.56005859375
2014-03-27,1295.0,19.68,1404.0,766.0,1416.0,777.0,1120.0,560.0,69.0,6588.2998046875,1849.0400390625
2014-03-28,1295.75,19.71,1401.0,771.0,1412.0,773.0,1120.0,560.0,69.0,6615.60009765625,1857.6199951171875
2014-03-31,1294.0,19.97,1418.0,778.0,1425.0,785.0,1130.0,560.0,69.0,6598.39990234375,1872.3399658203125
2014-04-01,1286.5,19.8,1429.0,778.5,1430.0,783.0,1130.0,560.0,72.0,6652.60009765625,1885.52001953125
2014-04-02,1284.0,19.82,1434.0,787.5,1436.0,792.0,1165.0,560.0,72.0,6659.0,1890.9000244140625
2014-04-03,1287.25,19.83,1436.0,788.0,1447.0,800.0,1165.0,560.0,72.0,6649.10009765625,1888.77001953125
2014-04-04,1293.5,19.93,1444.0,789.0,1446.0,800.0,1165.0,560.0,72.0,6695.60009765625,1865.0899658203125
2014-04-07,1299.0,19.81,1435.0,785.0,1447.0,800.0,1165.0,580.0,72.0,6622.7998046875,1845.0400390625
2014-04-08,1314.75,20.15,1437.0,775.0,1444.0,790.0,1165.0,580.0,72.0,6590.7001953125,1851.9599609375
2014-04-09,1309.75,19.89,1435.0,775.0,1450.0,790.0,1165.0,580.0,72.0,6635.60009765625,1872.1800537109375
2014-04-10,1321.5,20.24,1455.0,790.0,1457.0,799.0,1165.0,580.0,72.0,6642.0,1833.0799560546875
2014-04-11,1317.25,20.09,1454.0,794.0,1463.0,800.0,1165.0,580.0,72.0,6561.7001953125,1815.68994140625
2014-04-14,1324.5,19.74,1466.0,813.0,1472.0,823.0,1165.0,580.0,72.0,6583.7998046875,1830.6099853515625
2014-04-15,1311.5,19.77,1435.0,791.0,1454.0,811.0,1150.0,580.0,72.0,6541.60009765625,1842.97998046875
2014-04-16,1299.0,19.6,1442.0,800.0,1444.0,807.0,1125.0,580.0,72.0,6584.2001953125,1862.31005859375
2014-04-17,1299.25,19.62,1437.0,801.0,1444.0,815.0,1125.0,580.0,72.0,6625.2998046875,1864.8499755859375
2014-04-21,1299.25,19.62,1437.0,801.0,1444.0,815.0,1125.0,580.0,72.0,6625.2998046875,1871.8900146484375
2014-04-22,1290.75,19.51,1403.0,787.0,1417.0,795.0,1125.0,580.0,72.0,6681.7998046875,1879.550048828125
2014-04-23,1283.5,19.46,1400.0,786.0,1410.0,800.0,1125.0,580.0,72.0,6674.7001953125,1875.3900146484375
2014-04-24,1283.5,19.06,1394.0,787.0,1407.0,799.0,1100.0,580.0,72.0,6703.0,1878.6099853515625
2014-04-25,1294.25,19.66,1418.0,805.0,1418.0,816.0,1100.0,580.0,72.0,6685.7001953125,1863.4000244140625
2014-04-28,1302.0,19.6,1428.0,812.0,1433.0,822.0,1100.0,580.0,72.0,6700.2001953125,1869.4300537109375
2014-04-29,1289.75,19.33,1424.0,799.5,1418.0,808.0,1080.0,580.0,72.0,6769.89990234375,1878.3299560546875
2014-04-30,1292.0,19.28,1424.0,803.0,1428.0,813.0,1080.0,580.0,72.0,6780.0,1883.949951171875
2014-05-01,1283.0,19.06,1412.0,815.0,1424.0,824.0,1080.0,580.0,72.0,6808.89990234375,1883.6800537109375
2014-05-02,1285.0,19.17,1425.0,816.0,1424.0,824.0,1060.0,580.0,72.0,6822.39990234375,1881.1400146484375
2014-05-05,1285.0,19.17,1425.0,816.0,1424.0,824.0,1060.0,580.0,72.0,6822.39990234375,1884.6600341796875
2014-05-06,1308.5,19.64,1450.0,817.0,1456.0,826.0,1050.0,580.0,72.0,6798.60009765625,1867.719970703125
2014-05-07,1311.0,19.64,1443.0,810.0,1460.0,828.0,1030.0,580.0,72.0,6796.39990234375,1878.2099609375
2014-05-08,1291.25,19.25,1435.0,805.0,1443.0,813.0,1030.0,580.0,72.0,6839.2998046875,1875.6300048828125
2014-05-09,1289.0,19.25,1429.0,804.0,1440.0,815.0,1030.0,580.0,72.0,6814.60009765625,1878.47998046875
2014-05-12,1292.75,19.46,1440.0,807.0,1436.0,814.0,1030.0,580.0,72.0,6851.7998046875,1896.6500244140625
2014-05-13,1292.75,19.44,1453.0,814.0,1442.0,816.0,1030.0,580.0,72.0,6873.10009765625,1897.449951171875
2014-05-14,1300.25,19.87,1472.5,823.0,1470.0,832.0,1030.0,580.0,72.0,6878.5,1888.530029296875
2014-05-15,1303.75,19.66,1471.0,821.0,1477.0,834.0,1030.0,580.0,72.0,6840.89990234375,1870.8499755859375
2014-05-16,1293.75,19.33,1464.0,816.0,1468.0,824.0,1030.0,580.0,72.0,6855.7998046875,1877.8599853515625
2014-05-19,1301.0,19.55,1483.0,822.0,1485.0,835.0,1030.0,580.0,72.0,6844.60009765625,1885.0799560546875
2014-05-20,1291.5,19.37,1469.0,820.0,1472.0,828.0,1030.0,580.0,72.0,6802.0,1872.8299560546875
2014-05-21,1292.0,19.31,1474.0,828.0,1485.0,840.0,1030.0,580.0,72.0,6821.0,1888.030029296875
2014-05-22,1294.5,19.56,1492.0,837.0,1485.0,842.0,1070.0,580.0,72.0,6820.60009765625,1892.489990234375
2014-05-23,1292.0,19.42,1483.0,828.0,1491.0,847.0,1150.0,580.0,72.0,6815.7998046875,1900.530029296875
2014-05-27,1283.0,19.25,1467.0,834.0,1480.0,846.0,1180.0,580.0,72.0,6844.89990234375,1911.9100341796875
2014-05-28,1265.25,19.125,1455.0,838.0,1467.0,843.0,1180.0,580.0,72.0,6851.2001953125,1909.780029296875
2014-05-29,1254.0,18.85,1447.0,830.0,1457.0,848.0,1180.0,580.0,72.0,6871.2998046875,1920.030029296875
2014-05-30,1254.0,19.0,1464.0,836.0,1468.0,845.0,1160.0,580.0,72.0,6844.5,1923.5699462890625
2014-06-02,1244.75,18.81,1437.0,833.0,1446.0,840.0,1140.0,590.0,72.0,6864.10009765625,1924.969970703125
2014-06-03,1244.25,18.87,1431.0,834.0,1443.0,843.0,1140.0,600.0,70.0,6836.2998046875,1924.239990234375
2014-06-04,1246.0,18.76,1422.0,834.0,1428.0,845.0,1125.0,600.0,70.0,6818.60009765625,1927.8800048828125
2014-06-05,1244.75,18.81,1440.0,839.0,1437.0,847.0,1125.0,600.0,70.0,6813.5,1940.4599609375
2014-06-06,1254.0,19.03,1453.0,840.0,1455.0,850.0,1125.0,600.0,70.0,6858.2001953125,1949.43994140625
2014-06-09,1255.0,19.11,1449.0,844.0,1457.0,857.0,1115.0,600.0,70.0,6875.0,1951.27001953125
2014-06-10,1253.5,19.0,1478.0,851.0,1470.0,858.0,1115.0,600.0,70.0,6873.60009765625,1950.7900390625
2014-06-11,1262.5,19.2,1483.0,856.0,1481.0,864.0,1100.0,600.0,70.0,6838.89990234375,1943.8900146484375
2014-06-12,1261.75,19.33,1438.0,831.0,1475.0,869.0,1100.0,600.0,70.0,6843.10009765625,1930.1099853515625
2014-06-13,1273.0,19.58,1437.0,816.0,1460.0,837.0,1110.0,600.0,70.0,6777.89990234375,1936.1600341796875
2014-06-16,1281.75,19.67,1441.0,814.0,1446.0,823.0,1125.0,600.0,70.0,6754.60009765625,1937.780029296875
2014-06-17,1264.5,19.55,1427.0,810.0,1440.0,826.0,1125.0,600.0,70.0,6766.7998046875,1941.989990234375
2014-06-18,1269.0,19.73,1451.0,827.0,1454.0,835.0,1125.0,600.0,70.0,6778.60009765625,1956.97998046875
2014-06-19,1282.0,19.94,1459.0,830.0,1463.0,836.0,1125.0,600.0,70.0,6808.10009765625,1959.47998046875
2014-06-20,1310.0,20.62,1456.0,829.0,1468.0,838.0,1125.0,600.0,70.0,6825.2001953125,1962.8699951171875
2014-06-23,1313.5,20.75,1453.0,817.0,1450.0,824.0,1125.0,600.0,70.0,6800.60009765625,1962.6099853515625
2014-06-24,1323.0,21.12,1469.0,828.0,1470.0,836.0,1125.0,600.0,70.0,6787.10009765625,1949.97998046875
2014-06-25,1312.0,20.78,1459.0,826.0,1465.0,835.0,1115.0,600.0,70.0,6733.60009765625,1959.530029296875
2014-06-26,1311.5,20.83,1466.0,835.0,1466.0,838.0,1115.0,600.0,70.0,6735.10009765625,1957.219970703125
2014-06-27,1315.25,21.04,1479.0,839.0,1478.0,849.0,1115.0,600.0,70.0,6757.7998046875,1960.9599609375
2014-06-30,1313.0,20.87,1480.0,844.0,1487.0,854.0,1115.0,600.0,70.0,6743.89990234375,1960.22998046875
2014-07-01,1325.75,21.08,1497.0,849.0,1490.0,853.0,1125.0,600.0,70.0,6802.89990234375,1973.3199462890625
2014-07-02,1326.75,21.04,1511.0,855.0,1512.0,862.0,1125.0,600.0,68.0,6816.39990234375,1974.6199951171875
2014-07-03,1322.5,21.0,1502.0,855.0,1504.0,865.0,1125.0,620.0,68.0,6865.2001953125,1985.43994140625
2014-07-04,1321.5,21.12,1503.0,866.0,1504.0,865.0,1125.0,620.0,68.0,6866.10009765625,1985.43994140625
2014-07-07,1313.25,20.95,1501.0,868.0,1505.0,875.0,1125.0,620.0,68.0,6823.5,1977.6500244140625
2014-07-08,1318.25,21.08,1499.0,871.0,1495.0,877.0,1125.0,620.0,68.0,6738.5,1963.7099609375
2014-07-09,1322.5,21.13,1504.0,873.0,1504.0,884.0,1125.0,620.0,68.0,6718.0,1972.8299560546875
2014-07-10,1343.25,21.5,1512.0,866.0,1520.0,885.0,1140.0,620.0,68.0,6672.39990234375,1964.6800537109375
2014-07-11,1336.5,21.415,1506.0,867.0,1515.0,881.0,1155.0,620.0,68.0,6690.2001953125,1967.5699462890625
2014-07-14,1321.25,21.13,1494.0,868.0,1505.0,881.0,1155.0,620.0,68.0,6746.10009765625,1977.0999755859375
2014-07-15,1312.0,20.93,1497.0,874.0,1502.0,881.0,1170.0,620.0,68.0,6710.5,1973.280029296875
2014-07-16,1297.5,20.7,1479.0,869.0,1486.0,879.0,1170.0,620.0,68.0,6784.7001953125,1981.5699462890625
2014-07-17,1302.75,20.78,1497.0,886.0,1498.0,890.0,1170.0,620.0,68.0,6738.2998046875,1958.1199951171875
2014-07-18,1310.25,20.94,1497.0,881.0,1500.0,890.0,1185.0,620.0,68.0,6749.5,1978.219970703125
2014-07-21,1312.75,20.93,1494.0,884.0,1500.0,892.0,1185.0,620.0,68.0,6728.39990234375,1973.6300048828125
2014-07-22,1307.0,20.81,1487.0,872.0,1490.0,881.0,1200.0,620.0,68.0,6795.2998046875,1983.530029296875
2014-07-23,1307.5,20.93,1486.0,874.0,1492.0,883.0,1225.0,620.0,68.0,6798.2001953125,1987.010009765625
2014-07-24,1300.0,20.84,1469.0,869.0,1481.0,880.0,1225.0,620.0,68.0,6821.5,1987.97998046875
2014-07-25,1292.5,20.46,1473.0,876.0,1477.0,883.0,1240.0,620.0,68.0,6791.60009765625,1978.3399658203125
2014-07-28,1305.0,20.63,1486.0,884.0,1486.0,890.0,1250.0,620.0,68.0,6788.10009765625,1978.9100341796875
2014-07-29,1307.5,20.64,1485.0,884.0,1493.0,891.0,1250.0,620.0,68.0,6807.7998046875,1969.949951171875
2014-07-30,1297.5,20.54,1480.0,878.0,1487.0,891.0,1270.0,620.0,68.0,6773.39990234375,1970.0699462890625
2014-07-31,1295.0,20.69,1472.0,880.0,1482.0,893.0,1285.0,620.0,68.0,6730.10009765625,1930.6700439453125
2014-08-01,1284.5,20.34,1462.0,871.0,1471.0,883.0,1285.0,620.0,68.0,6679.2001953125,1925.1500244140625
2014-08-04,1293.5,20.35,1465.0,867.0,1471.0,876.0,1285.0,620.0,68.0,6677.5,1938.989990234375
2014-08-05,1292.75,20.2,1454.0,843.0,1465.0,862.0,1310.0,630.0,68.0,6682.5,1920.2099609375
2014-08-06,1288.5,19.78,1457.0,845.0,1460.0,854.0,1310.0,630.0,68.0,6636.2001953125,1920.239990234375
2014-08-07,1302.0,20.07,1466.0,852.0,1471.0,862.0,1325.0,630.0,68.0,6597.39990234375,1909.5699462890625
2014-08-08,1317.5,20.13,1475.0,857.0,1485.0,865.0,1335.0,630.0,68.0,6567.39990234375,1931.5899658203125
2014-08-11,1308.25,19.85,1471.0,864.0,1474.0,865.0,1335.0,630.0,68.0,6632.7998046875,1936.9200439453125
2014-08-12,1311.0,20.08,1473.0,883.0,1476.0,882.0,1355.0,630.0,68.0,6632.39990234375,1933.75
2014-08-13,1309.25,19.9,1471.0,881.0,1472.0,884.0,1425.0,630.0,68.0,6656.7001953125,1946.719970703125
2014-08-14,1315.0,19.86,1468.0,882.0,1475.0,886.0,1450.0,630.0,68.0,6685.2998046875,1955.1800537109375
2014-08-15,1313.6,19.86,1446.0,878.0,1468.0,891.0,1475.0,630.0,68.0,6689.10009765625,1955.06005859375
2014-08-18,1302.75,19.59,1448.0,898.0,1458.0,903.0,1475.0,630.0,68.0,6741.2998046875,1971.739990234375
2014-08-19,1300.25,19.66,1443.0,896.0,1450.0,901.0,1475.0,630.0,68.0,6779.2998046875,1981.5999755859375
2014-08-20,1294.5,19.42,1428.0,868.0,1437.0,879.0,1475.0,630.0,68.0,6755.5,1986.510009765625
2014-08-21,1280.5,19.4,1419.0,877.0,1428.0,873.0,1450.0,630.0,68.0,6777.7001953125,1992.3699951171875
2014-08-22,1281.0,19.49,1416.0,883.0,1428.0,888.0,1400.0,630.0,68.0,6775.2998046875,1988.4000244140625
2014-08-25,1281.0,19.49,1416.0,883.0,1428.0,888.0,1400.0,630.0,68.0,6775.2998046875,1997.9200439453125
2014-08-26,1286.5,19.49,1423.0,888.0,1428.0,895.0,1375.0,630.0,68.0,6822.7998046875,2000.02001953125
2014-08-27,1285.0,19.32,1420.0,887.0,1428.0,896.0,1350.0,630.0,68.0,6830.7001953125,2000.1199951171875
2014-08-28,1288.0,19.75,1428.0,898.0,1430.0,902.0,1325.0,630.0,66.0,6805.7998046875,1996.739990234375
2014-08-29,1285.75,19.47,1424.0,898.0,1429.0,903.0,1325.0,630.0,66.0,6819.7998046875,2003.3699951171875
2014-09-01,1287.25,19.49,1423.0,911.0,1429.0,914.0,1325.0,630.0,66.0,6825.2998046875,2003.3699951171875
2014-09-02,1277.75,19.2,1412.0,887.0,1424.0,910.0,1325.0,630.0,66.0,6829.2001953125,2002.280029296875
2014-09-03,1268.5,19.1,1408.0,874.0,1416.0,890.0,1325.0,630.0,66.0,6873.60009765625,2000.719970703125
2014-09-04,1271.0,19.21,1406.0,885.0,1416.0,885.0,1315.0,630.0,66.0,6878.0,1997.6500244140625
2014-09-05,1264.0,19.13,1406.0,887.0,1410.0,892.0,1315.0,630.0,66.0,6855.10009765625,2007.7099609375
2014-09-08,1267.25,19.19,1404.0,884.0,1414.0,898.0,1315.0,630.0,66.0,6834.7998046875,2001.5400390625
2014-09-09,1256.0,19.0,1395.0,886.0,1398.0,885.0,1290.0,620.0,65.0,6829.0,1988.43994140625
2014-09-10,1254.25,19.01,1382.0,856.0,1389.0,860.0,1290.0,620.0,65.0,6830.10009765625,1995.68994140625
2014-09-11,1247.0,18.7,1378.0,846.0,1382.0,857.0,1275.0,610.0,65.0,6799.60009765625,1997.449951171875
2014-09-12,1237.25,18.64,1360.0,829.0,1370.0,835.0,1275.0,610.0,63.0,6807.0,1985.5400390625
2014-09-15,1234.75,18.64,1368.0,841.0,1376.0,852.0,1275.0,610.0,63.0,6804.2001953125,1984.1300048828125
2014-09-16,1238.75,18.75,1363.0,837.0,1371.0,844.0,1275.0,610.0,63.0,6792.2001953125,1998.97998046875
2014-09-17,1236.5,18.63,1365.0,842.0,1372.0,848.0,1285.0,610.0,63.0,6780.89990234375,2001.5699462890625
2014-09-18,1223.0,18.5,1344.0,822.0,1353.0,835.0,1325.0,610.0,63.0,6819.2998046875,2011.3599853515625
2014-09-19,1222.5,18.45,1344.0,823.0,1352.0,830.0,1335.0,610.0,63.0,6837.89990234375,2010.4000244140625
2014-09-22,1214.0,17.74,1329.0,807.0,1334.0,812.0,1350.0,610.0,63.0,6773.60009765625,1994.2900390625
2014-09-23,1225.0,17.92,1337.0,811.0,1340.0,811.0,1350.0,610.0,63.0,6676.10009765625,1982.77001953125
2014-09-24,1224.0,17.76,1328.0,821.0,1341.0,827.0,1350.0,600.0,61.0,6706.2998046875,1998.300048828125
2014-09-25,1210.5,17.52,1310.0,807.0,1305.0,802.0,1350.0,600.0,61.0,6639.7001953125,1965.989990234375
2014-09-26,1222.25,17.54,1304.0,802.0,1320.0,813.0,1335.0,600.0,61.0,6649.39990234375,1982.8499755859375
2014-09-29,1217.75,17.58,1306.0,786.0,1309.0,794.0,1325.0,600.0,61.0,6646.60009765625,1977.800048828125
2014-09-30,1210.0,17.11,1300.0,775.0,1312.0,793.0,1310.0,600.0,61.0,6622.7001953125,1972.2900390625
2014-10-01,1208.5,17.04,1277.0,771.0,1285.0,774.0,1290.0,600.0,61.0,6557.5,1946.1600341796875
2014-10-02,1214.5,17.09,1273.0,777.0,1287.0,786.0,1230.0,600.0,61.0,6446.39990234375,1946.1700439453125
2014-10-03,1207.5,16.97,1249.0,763.0,1255.0,772.0,1215.0,600.0,61.0,6527.89990234375,1967.9000244140625
2014-10-06,1193.25,17.02,1229.0,756.0,1215.0,755.0,1215.0,600.0,61.0,6563.7001953125,1964.8199462890625
2014-10-07,1207.5,17.36,1259.0,778.0,1271.0,778.0,1215.0,600.0,61.0,6495.60009765625,1935.0999755859375
2014-10-08,1220.0,17.35,1275.0,798.0,1285.0,800.0,1215.0,600.0,61.0,6482.2001953125,1968.8900146484375
2014-10-09,1227.5,17.64,1282.0,809.0,1292.0,811.0,1215.0,600.0,61.0,6431.89990234375,1928.2099609375
2014-10-10,1222.25,17.26,1256.0,784.0,1266.0,793.0,1230.0,580.0,58.0,6340.0,1906.1300048828125
2014-10-13,1228.0,17.41,1257.0,784.0,1268.0,795.0,1230.0,580.0,58.0,6366.2001953125,1874.739990234375
2014-10-14,1233.0,17.5,1268.0,793.0,1280.0,799.0,1230.0,580.0,58.0,6392.7001953125,1877.699951171875
2014-10-15,1223.5,17.01,1257.0,787.0,1256.0,785.0,1230.0,580.0,58.0,6211.60009765625,1862.489990234375
2014-10-16,1241.0,17.46,1242.0,743.0,1261.0,770.0,1230.0,580.0,58.0,6195.89990234375,1862.760009765625
2014-10-17,1238.0,17.36,1259.0,753.0,1261.0,750.0,1230.0,580.0,58.0,6310.2998046875,1886.760009765625
2014-10-20,1241.0,17.38,1268.0,756.0,1275.0,765.0,1230.0,580.0,58.0,6267.10009765625,1904.010009765625
2014-10-21,1251.75,17.36,1281.0,771.0,1280.0,770.0,1230.0,580.0,58.0,6372.2998046875,1941.280029296875
2014-10-22,1246.75,17.36,1270.0,774.0,1283.0,780.0,1230.0,580.0,58.0,6399.7001953125,1927.1099853515625
2014-10-23,1240.5,17.07,1261.0,773.0,1265.0,773.0,1230.0,580.0,58.0,6419.2001953125,1950.8199462890625
2014-10-24,1231.75,17.19,1254.0,784.0,1260.0,789.0,1230.0,580.0,58.0,6388.7001953125,1964.5799560546875
2014-10-27,1230.5,17.18,1253.0,788.0,1260.0,786.0,1230.0,580.0,58.0,6363.5,1961.6300048828125
2014-10-28,1228.25,17.18,1265.0,792.0,1262.0,791.0,1240.0,560.0,58.0,6402.2001953125,1985.050048828125
2014-10-29,1228.0,17.2,1269.5,798.0,1276.0,802.0,1240.0,560.0,58.0,6453.89990234375,1982.300048828125
2014-10-30,1205.75,16.78,1243.0,784.0,1258.0,794.0,1240.0,560.0,58.0,6463.60009765625,1994.6500244140625
2014-10-31,1173.25,16.2,1227.0,784.0,1244.0,786.0,1240.0,560.0,58.0,6546.5,2018.050048828125
2014-11-03,1170.75,16.15,1241.0,800.0,1240.0,805.0,1240.0,560.0,58.0,6488.0,2017.81005859375
2014-11-04,1169.25,16.12,1228.0,798.0,1235.0,805.0,1240.0,550.0,58.0,6454.0,2012.0999755859375
2014-11-05,1145.25,15.32,1203.0,763.0,1207.0,771.0,1240.0,550.0,58.0,6539.10009765625,2023.5699462890625
2014-11-06,1144.5,15.28,1193.0,755.0,1216.0,766.0,1230.0,540.0,58.0,6551.2001953125,2031.2099609375
2014-11-07,1145.0,15.42,1198.0,763.0,1205.0,760.0,1230.0,540.0,58.0,6567.2001953125,2031.9200439453125
2014-11-10,1172.0,15.67,1209.0,772.0,1218.0,775.0,1230.0,540.0,58.0,6611.2998046875,2038.260009765625
2014-11-11,1151.25,15.57,1195.0,765.0,1203.0,769.0,1230.0,540.0,58.0,6627.39990234375,2039.6800537109375
2014-11-12,1163.25,15.62,1204.0,776.0,1210.0,780.0,1230.0,540.0,58.0,6611.0,2038.25
2014-11-13,1161.0,15.74,1201.0,771.0,1212.0,785.0,1230.0,520.0,58.0,6635.5,2039.3299560546875
2014-11-14,1154.0,15.35,1178.0,760.0,1197.0,772.0,1230.0,520.0,58.0,6654.39990234375,2039.8199462890625
2014-11-17,1187.0,16.2,1202.0,771.0,1210.0,770.0,1230.0,520.0,58.0,6672.0,2041.3199462890625
2014-11-18,1202.0,16.27,1205.0,774.0,1218.0,780.0,1230.0,520.0,58.0,6709.10009765625,2051.800048828125
2014-11-19,1200.75,16.26,1206.0,780.0,1216.0,780.0,1230.0,520.0,58.0,6696.60009765625,2048.719970703125
2014-11-20,1194.0,16.2,1204.0,770.0,1200.0,771.0,1210.0,500.0,58.0,6678.89990234375,2052.75
2014-11-21,1193.25,16.3,1230.0,794.0,1223.0,782.0,1210.0,500.0,58.0,6750.7998046875,2063.5
2014-11-24,1196.0,16.33,1222.0,795.0,1225.0,796.0,1210.0,500.0,58.0,6729.7998046875,2069.409912109375
2014-11-25,1202.25,16.66,1213.0,797.0,1224.0,799.0,1210.0,500.0,58.0,6731.10009765625,2067.030029296875
2014-11-26,1195.75,16.61,1221.0,798.0,1233.0,805.0,1210.0,500.0,58.0,6729.2001953125,2072.830078125
2014-11-27,1196.5,16.42,1219.0,804.0,1226.0,801.0,1210.0,500.0,58.0,6723.39990234375,2072.830078125
2014-11-28,1184.5,15.97,1205.0,809.0,1222.0,809.0,1210.0,500.0,58.0,6722.60009765625,2067.56005859375
2014-12-01,1178.75,15.73,1208.0,804.0,1204.0,805.0,1210.0,500.0,58.0,6656.39990234375,2053.43994140625
2014-12-02,1197.0,16.16,1220.0,804.0,1230.0,809.0,1210.0,500.0,58.0,6742.10009765625,2066.550048828125
2014-12-03,1203.25,16.3,1223.0,804.0,1233.0,815.0,1190.0,500.0,58.0,6716.60009765625,2074.330078125
2014-12-04,1204.0,16.42,1239.0,798.0,1242.0,807.0,1190.0,500.0,58.0,6679.39990234375,2071.919921875
2014-12-05,1204.5,16.33,1231.0,806.0,1242.0,805.0,1175.0,500.0,58.0,6742.7998046875,2075.3701171875
2014-12-08,1195.25,16.26,1231.0,803.0,1235.0,809.0,1175.0,500.0,58.0,6672.2001953125,2060.31005859375
2014-12-09,1206.5,16.37,1244.0,809.0,1238.0,808.0,1175.0,500.0,58.0,6529.5,2059.820068359375
2014-12-10,1228.25,17.06,1241.0,815.0,1260.0,820.0,1175.0,520.0,58.0,6500.0,2026.1400146484375
2014-12-11,1219.5,16.98,1230.0,817.0,1252.0,824.0,1175.0,520.0,58.0,6461.7001953125,2035.3299560546875
2014-12-12,1223.5,17.07,1231.0,818.0,1246.0,824.0,1175.0,520.0,58.0,6300.60009765625,2002.3299560546875
2014-12-15,1210.75,16.85,1212.0,811.0,1231.0,817.0,1175.0,520.0,58.0,6182.7001953125,1989.6300048828125
2014-12-16,1199.25,16.29,1217.0,803.0,1218.0,804.0,1175.0,520.0,58.0,6331.7998046875,1972.739990234375
2014-12-17,1199.0,15.95,1202.0,787.0,1215.0,796.0,1200.0,520.0,58.0,6336.5,2012.8900146484375
2014-12-18,1210.75,16.08,1205.0,791.0,1213.0,792.0,1200.0,520.0,58.0,6466.0,2061.22998046875
2014-12-19,1197.5,15.86,1197.0,795.0,1209.0,798.0,1225.0,520.0,58.0,6545.2998046875,2070.64990234375
2014-12-22,1195.25,16.09,1195.0,810.0,1205.0,810.0,1225.0,520.0,58.0,6576.7001953125,2078.5400390625
2014-12-23,1179.5,15.71,1183.0,811.0,1196.0,819.0,1245.0,520.0,58.0,6598.2001953125,2082.169921875
2014-12-24,1179.5,15.71,1183.0,811.0,1200.0,820.0,1245.0,520.0,58.0,6609.89990234375,2081.8798828125
2014-12-26,1179.5,15.71,1183.0,811.0,1200.0,820.0,1245.0,520.0,58.0,6609.89990234375,2088.77001953125
2014-12-29,1194.0,16.0,1214.0,812.0,1225.0,823.0,1245.0,520.0,58.0,6633.5,2090.570068359375
2014-12-30,1186.5,15.79,1206.0,811.0,1215.0,817.0,1245.0,540.0,58.0,6547.0,2080.35009765625
2014-12-31,1186.5,15.79,1206.0,811.0,1220.0,810.0,1245.0,540.0,58.0,6566.10009765625,2058.89990234375
2015-01-02,1184.25,15.71,1193.0,791.0,1217.0,803.0,1245.0,540.0,58.0,6547.7998046875,2058.199951171875
2015-01-05,1192.0,15.88,1206.0,794.0,1221.0,807.0,1245.0,540.0,58.0,6417.2001953125,2020.5799560546875
2015-01-06,1211.0,16.29,1213.0,798.0,1225.0,805.0,1245.0,540.0,58.0,6366.5,2002.6099853515625
2015-01-07,1213.75,16.33,1218.0,795.0,1224.0,804.0,1230.0,540.0,56.0,6419.7998046875,2025.9000244140625
2015-01-08,1206.5,16.37,1221.0,791.0,1225.0,794.0,1220.0,540.0,56.0,6570.0,2062.139892578125
2015-01-09,1211.25,16.24,1225.0,795.0,1228.0,798.0,1210.0,540.0,56.0,6501.10009765625,2044.81005859375
2015-01-12,1222.0,16.52,1233.0,806.0,1238.0,807.0,1200.0,540.0,56.0,6501.39990234375,2028.260009765625
2015-01-13,1239.0,17.0,1244.0,817.0,1255.0,814.0,1200.0,540.0,56.0,6542.2001953125,2023.030029296875
2015-01-14,1228.75,16.64,1242.0,795.0,1237.0,800.0,1190.0,540.0,56.0,6388.5,2011.27001953125
2015-01-15,1235.25,17.12,1258.0,780.0,1237.0,784.0,1180.0,540.0,56.0,6498.7998046875,1992.6700439453125
2015-01-16,1258.25,16.92,1262.0,757.0,1261.0,776.0,1180.0,550.0,56.0,6550.2998046875,2019.4200439453125
2015-01-19,1275.5,17.65,1264.0,765.0,1272.0,760.0,1180.0,550.0,56.0,6585.5,2019.4200439453125
2015-01-20,1292.25,17.8,1267.0,778.0,1276.0,772.0,1180.0,550.0,56.0,6620.10009765625,2022.550048828125
2015-01-21,1298.0,18.22,1285.0,778.0,1290.0,784.0,1180.0,550.0,56.0,6728.0,2032.1199951171875
2015-01-22,1287.0,18.08,1279.0,766.0,1282.0,764.0,1180.0,550.0,56.0,6796.60009765625,2063.14990234375
2015-01-23,1293.5,18.23,1274.0,767.0,1285.0,776.0,1180.0,550.0,56.0,6832.7998046875,2051.820068359375
2015-01-26,1282.75,17.83,1256.0,772.0,1262.0,772.0,1180.0,550.0,56.0,6852.39990234375,2057.090087890625
2015-01-27,1279.0,17.87,1262.0,778.0,1264.0,789.0,1180.0,550.0,56.0,6811.60009765625,2029.550048828125
2015-01-28,1287.0,18.01,1257.0,787.0,1267.0,791.0,1180.0,550.0,56.0,6825.89990234375,2002.1600341796875
2015-01-29,1275.5,17.43,1233.0,786.0,1256.0,796.0,1180.0,550.0,56.0,6810.60009765625,2021.25
2015-01-30,1263.5,16.92,1221.0,775.0,1236.0,787.0,1180.0,550.0,56.0,6749.39990234375,1994.989990234375
2015-02-02,1274.25,17.22,1223.0,773.0,1235.0,776.0,1180.0,570.0,56.0,6782.60009765625,2020.8499755859375
2015-02-03,1281.0,17.59,1228.0,792.0,1245.0,800.0,1180.0,570.0,56.0,6871.7998046875,2050.030029296875
2015-02-04,1269.25,17.39,1238.0,792.0,1246.0,796.0,1180.0,570.0,56.0,6860.0,2041.510009765625
2015-02-05,1263.75,17.0,1235.0,788.0,1245.0,795.0,1180.0,570.0,56.0,6865.89990234375,2062.52001953125
2015-02-06,1264.0,17.22,1239.0,786.0,1260.0,800.0,1190.0,570.0,56.0,6853.39990234375,2055.469970703125
2015-02-09,1242.25,16.97,1215.0,778.0,1235.0,792.0,1190.0,570.0,56.0,6837.2001953125,2046.739990234375
2015-02-10,1237.5,16.8,1216.0,776.0,1225.0,785.0,1190.0,570.0,56.0,6829.10009765625,2068.590087890625
2015-02-11,1235.5,16.95,1200.0,771.0,1216.0,775.0,1190.0,570.0,56.0,6818.2001953125,2068.530029296875
2015-02-12,1225.25,16.89,1204.0,772.0,1206.0,778.0,1190.0,570.0,56.0,6828.10009765625,2088.47998046875
2015-02-13,1225.75,16.86,1201.0,786.0,1207.0,783.0,1190.0,570.0,56.0,6873.5,2096.989990234375
2015-02-16,1233.5,17.27,1206.0,787.0,1219.0,793.0,1190.0,570.0,56.0,6857.10009765625,2096.989990234375
2015-02-17,1221.75,16.82,1192.0,786.0,1200.0,787.0,1190.0,580.0,56.0,6898.10009765625,2100.340087890625
2015-02-18,1206.5,16.42,1172.0,779.0,1180.0,785.0,1190.0,580.0,56.0,6898.10009765625,2099.679931640625
2015-02-19,1217.75,16.73,1170.0,781.0,1183.0,782.0,1180.0,580.0,56.0,6888.89990234375,2097.449951171875
2015-02-20,1203.5,16.34,1166.0,783.0,1166.0,787.0,1180.0,580.0,56.0,6915.2001953125,2110.300048828125
2015-02-23,1193.5,16.2,1163.0,783.0,1162.0,782.0,1180.0,580.0,56.0,6912.2001953125,2109.659912109375
2015-02-24,1195.5,16.32,1160.0,788.0,1170.0,790.0,1180.0,580.0,56.0,6949.60009765625,2115.47998046875
2015-02-25,1206.5,16.51,1166.0,803.0,1177.0,807.0,1180.0,580.0,56.0,6935.39990234375,2113.860107421875
2015-02-26,1220.0,16.82,1181.0,813.0,1191.0,818.0,1180.0,580.0,56.0,6949.7001953125,2110.739990234375
2015-02-27,1205.0,16.53,1177.0,808.0,1175.0,810.0,1180.0,580.0,56.0,6946.7001953125,2104.5
2015-03-02,1216.75,16.63,1185.0,812.0,1190.0,820.0,1180.0,580.0,56.0,6940.60009765625,2117.389892578125
2015-03-03,1207.75,16.42,1185.0,831.0,1194.0,831.0,1180.0,580.0,56.0,6889.10009765625,2107.780029296875
2015-03-04,1204.25,16.32,1178.0,826.0,1188.0,833.0,1180.0,580.0,56.0,6919.2001953125,2098.530029296875
2015-03-05,1199.75,16.19,1186.0,828.0,1190.0,834.0,1180.0,580.0,56.0,6961.10009765625,2101.0400390625
2015-03-06,1196.5,15.99,1166.0,823.0,1183.0,832.0,1180.0,580.0,56.0,6911.7998046875,2071.260009765625
2015-03-09,1173.75,15.92,1152.0,823.0,1163.0,827.0,1180.0,580.0,56.0,6876.5,2079.429931640625
2015-03-10,1161.0,15.78,1139.0,808.0,1138.0,814.0,1180.0,580.0,56.0,6702.7998046875,2044.1600341796875
2015-03-11,1158.75,15.64,1123.0,797.0,1136.0,809.0,1180.0,580.0,56.0,6721.5,2040.239990234375
2015-03-12,1161.25,15.68,1118.0,789.0,1130.0,800.0,1160.0,580.0,56.0,6761.10009765625,2065.949951171875
2015-03-13,1156.5,15.5,1115.0,791.0,1128.0,800.0,1160.0,580.0,56.0,6740.60009765625,2053.39990234375
2015-03-16,1157.0,15.58,1113.0,789.0,1124.0,797.0,1160.0,580.0,56.0,6804.10009765625,2081.18994140625
2015-03-17,1154.75,15.56,1099.0,765.0,1110.0,785.0,1160.0,580.0,56.0,6837.60009765625,2074.280029296875
2015-03-18,1149.0,15.47,1088.0,761.0,1099.0,769.0,1150.0,580.0,56.0,6945.2001953125,2099.5
2015-03-19,1164.0,15.88,1115.0,770.0,1125.0,777.0,1150.0,580.0,54.0,6962.2998046875,2089.27001953125
2015-03-20,1171.75,16.17,1129.0,778.0,1130.0,774.0,1150.0,580.0,54.0,7022.5,2108.10009765625
2015-03-23,1181.4,16.73,1141.0,778.0,1142.0,783.0,1165.0,580.0,54.0,7037.7001953125,2104.419921875
2015-03-24,1193.25,16.97,1132.0,768.0,1150.0,780.0,1165.0,580.0,54.0,7019.7001953125,2091.5
2015-03-25,1192.55,16.94,1146.0,765.0,1150.0,772.0,1165.0,580.0,54.0,6991.0,2061.050048828125
2015-03-26,1209.4,17.13,1154.0,776.0,1165.0,782.0,1165.0,580.0,54.0,6895.2998046875,2056.14990234375
2015-03-27,1198.0,17.14,1138.0,748.0,1150.0,770.0,1165.0,580.0,54.0,6855.0,2061.02001953125
2015-03-30,1187.4,16.65,1119.0,735.0,1134.0,745.0,1165.0,580.0,54.0,6891.39990234375,2086.239990234375
2015-03-31,1179.25,16.6,1129.0,729.0,1126.0,741.0,1165.0,580.0,54.0,6773.0,2067.889892578125
2015-04-01,1181.25,16.56,1142.0,741.0,1147.0,745.0,1165.0,580.0,50.0,6809.5,2059.68994140625
2015-04-02,1201.5,16.84,1154.0,751.0,1166.0,756.0,1155.0,580.0,50.0,6833.5,2066.9599609375
2015-04-06,1201.5,16.84,1154.0,751.0,1166.0,756.0,1155.0,580.0,50.0,6833.5,2080.6201171875
2015-04-07,1208.5,16.86,1167.0,775.0,1180.0,784.0,1155.0,580.0,50.0,6961.7998046875,2076.330078125
2015-04-08,1211.1,16.84,1169.0,764.0,1183.0,777.0,1155.0,580.0,50.0,6937.39990234375,2081.89990234375
2015-04-09,1196.0,16.3,1162.0,761.0,1165.0,762.0,1155.0,580.0,50.0,7015.39990234375,2091.179931640625
2015-04-10,1201.9,16.55,1171.0,777.0,1167.0,771.0,1155.0,580.0,50.0,7089.7998046875,2102.06005859375
2015-04-13,1197.85,16.27,1154.0,779.0,1170.0,790.0,1155.0,580.0,50.0,7064.2998046875,2092.429931640625
2015-04-14,1191.45,16.08,1147.0,760.0,1158.0,770.0,1155.0,580.0,50.0,7075.2998046875,2095.840087890625
2015-04-15,1189.85,16.18,1148.0,763.0,1161.0,770.0,1145.0,580.0,50.0,7096.7998046875,2106.6298828125
2015-04-16,1204.6,16.47,1167.0,776.0,1176.0,776.0,1145.0,580.0,50.0,7060.5,2104.989990234375
2015-04-17,1204.55,16.36,1161.0,777.0,1170.0,786.0,1135.0,580.0,50.0,6994.60009765625,2081.179931640625
2015-04-20,1203.25,16.09,1150.0,773.0,1173.0,783.0,1135.0,580.0,50.0,7052.10009765625,2100.39990234375
2015-04-21,1197.7,16.08,1152.0,776.0,1158.0,780.0,1135.0,580.0,50.0,7062.89990234375,2097.2900390625
2015-04-22,1202.4,16.05,1138.0,766.0,1150.0,774.0,1135.0,580.0,50.0,7028.2001953125,2107.9599609375
2015-04-23,1187.75,15.86,1129.0,761.0,1136.0,762.0,1135.0,580.0,50.0,7053.7001953125,2112.929931640625
2015-04-24,1192.15,15.83,1128.0,774.0,1145.0,780.0,1135.0,580.0,50.0,7070.7001953125,2117.68994140625
2015-04-27,1182.75,15.84,1125.0,776.0,1130.0,775.0,1145.0,580.0,50.0,7104.0,2108.919921875
2015-04-28,1201.4,16.32,1144.0,771.0,1148.0,784.0,1145.0,580.0,50.0,7030.5,2114.760009765625
2015-04-29,1204.8,16.48,1158.0,776.0,1163.0,779.0,1145.0,580.0,50.0,6946.2998046875,2106.85009765625
2015-04-30,1204.3,16.52,1136.0,779.0,1160.0,790.0,1145.0,580.0,50.0,6960.60009765625,2085.510009765625
2015-05-01,1179.0,16.17,1127.0,772.0,1148.0,785.0,1145.0,580.0,50.0,6986.0,2108.2900390625
2015-05-04,1179.0,16.17,1127.0,772.0,1137.0,780.0,1145.0,580.0,50.0,6986.0,2114.489990234375
2015-05-05,1187.4,16.42,1156.0,794.0,1152.0,784.0,1145.0,580.0,50.0,6927.60009765625,2089.4599609375
2015-05-06,1191.25,16.41,1144.0,792.0,1153.0,799.0,1135.0,580.0,50.0,6933.7001953125,2080.14990234375
2015-05-07,1183.0,16.35,1130.0,789.0,1143.0,797.0,1135.0,580.0,50.0,6887.0,2088.0
2015-05-08,1185.25,16.31,1140.0,798.0,1145.0,795.0,1135.0,580.0,50.0,7046.7998046875,2116.10009765625
2015-05-11,1184.75,16.39,1132.0,783.0,1144.0,801.0,1120.0,580.0,50.0,7029.89990234375,2105.330078125
2015-05-12,1184.45,16.46,1134.0,786.0,1137.0,794.0,1110.0,580.0,50.0,6933.7998046875,2099.1201171875
2015-05-13,1193.0,16.65,1143.0,786.0,1141.0,795.0,1110.0,580.0,50.0,6949.60009765625,2098.47998046875
2015-05-14,1214.75,17.4,1152.0,779.0,1156.0,790.0,1110.0,580.0,50.0,6973.0,2121.10009765625
2015-05-15,1216.3,17.25,1158.0,785.0,1165.0,790.0,1110.0,580.0,50.0,6960.5,2122.72998046875
2015-05-18,1228.15,17.7,1174.0,797.0,1176.0,798.0,1100.0,580.0,50.0,6968.89990234375,2129.199951171875
2015-05-19,1219.65,17.4,1155.0,784.0,1172.0,790.0,1100.0,580.0,50.0,6995.10009765625,2127.830078125
2015-05-20,1206.75,17.07,1153.0,781.0,1160.0,788.0,1100.0,580.0,50.0,7007.2998046875,2125.85009765625
2015-05-21,1209.6,17.18,1146.0,776.0,1165.0,784.0,1100.0,580.0,50.0,7013.5,2130.820068359375
2015-05-22,1211.0,17.25,1143.0,769.0,1166.0,788.0,1080.0,580.0,50.0,7031.7001953125,2126.06005859375
2015-05-26,1194.0,16.79,1127.0,779.0,1145.0,790.0,1080.0,580.0,50.0,6949.0,2104.199951171875
2015-05-27,1187.85,16.66,1122.0,786.0,1135.0,792.0,1080.0,580.0,50.0,7033.2998046875,2123.47998046875
2015-05-28,1189.45,16.68,1115.0,784.0,1130.0,795.0,1080.0,580.0,50.0,7040.89990234375,2120.7900390625
2015-05-29,1190.4,16.67,1115.0,783.0,1125.0,787.0,1070.0,580.0,50.0,6984.39990234375,2107.389892578125
2015-06-01,1187.3,16.61,1109.0,773.0,1111.0,780.0,1070.0,580.0,50.0,6953.60009765625,2111.72998046875
2015-06-02,1188.75,16.7,1105.0,773.0,1110.0,778.0,1060.0,580.0,50.0,6928.2998046875,2109.60009765625
2015-06-03,1186.6,16.6,1109.0,764.0,1116.0,770.0,1050.0,580.0,50.0,6950.5,2114.070068359375
2015-06-04,1182.45,16.47,1100.0,759.0,1106.0,760.0,1040.0,580.0,50.0,6859.2001953125,2095.840087890625
2015-06-05,1175.9,16.15,1092.0,751.0,1104.0,761.0,1040.0,580.0,50.0,6804.60009765625,2092.830078125
2015-06-08,1173.4,16.06,1098.0,746.0,1105.0,756.0,1025.0,580.0,50.0,6790.0,2079.280029296875
2015-06-09,1181.0,16.13,1109.0,746.0,1114.0,752.0,1000.0,580.0,50.0,6753.7998046875,2080.14990234375
2015-06-10,1186.0,16.13,1117.0,749.0,1121.0,750.0,1000.0,580.0,50.0,6830.2998046875,2105.199951171875
2015-06-11,1180.5,15.87,1108.0,746.0,1115.0,746.0,1000.0,580.0,50.0,6846.7001953125,2108.860107421875
2015-06-12,1179.25,15.93,1095.0,739.0,1104.0,747.0,1000.0,580.0,50.0,6784.89990234375,2094.110107421875
2015-06-15,1178.25,15.93,1077.0,734.0,1089.0,739.0,990.0,580.0,50.0,6710.5,2084.429931640625
2015-06-16,1182.1,16.03,1084.0,739.0,1096.0,740.0,990.0,580.0,50.0,6710.10009765625,2096.2900390625
2015-06-17,1178.5,15.98,1073.0,731.0,1080.0,735.0,990.0,580.0,50.0,6680.60009765625,2100.43994140625
2015-06-18,1198.0,16.24,1088.0,724.0,1093.0,726.0,980.0,580.0,50.0,6707.89990234375,2121.239990234375
2015-06-19,1198.15,16.12,1085.0,718.0,1089.0,724.0,965.0,580.0,50.0,6710.5,2109.989990234375
2015-06-22,1193.7,16.19,1068.0,699.0,1080.0,707.0,965.0,565.0,47.0,6825.7001953125,2122.85009765625
2015-06-23,1183.35,15.96,1061.0,693.0,1076.0,707.0,965.0,565.0,47.0,6834.89990234375,2124.199951171875
2015-06-24,1175.75,15.89,1067.0,700.0,1074.0,705.0,955.0,565.0,47.0,6844.7998046875,2108.580078125
2015-06-25,1174.6,15.77,1075.0,679.0,1084.0,702.0,925.0,565.0,47.0,6807.7998046875,2102.31005859375
2015-06-26,1174.4,15.83,1074.0,676.0,1080.0,680.0,910.0,565.0,47.0,6753.7001953125,2101.489990234375
2015-06-29,1176.5,15.83,1081.0,673.0,1078.0,679.0,900.0,550.0,45.0,6620.5,2057.639892578125
2015-06-30,1175.0,15.7,1078.0,677.0,1085.0,672.0,875.0,550.0,45.0,6521.0,2063.110107421875
2015-07-01,1171.7,15.63,1082.0,699.0,1090.0,692.0,850.0,550.0,45.0,6608.60009765625,2077.419921875
2015-07-02,1164.3,15.61,1083.0,701.0,1082.0,709.0,825.0,550.0,45.0,6630.5,2076.780029296875
2015-07-03,1168.25,15.64,1082.0,685.0,1086.0,696.0,800.0,550.0,45.0,6585.7998046875,2076.780029296875
2015-07-06,1164.25,15.59,1047.0,670.0,1070.0,683.0,800.0,550.0,45.0,6535.7001953125,2068.760009765625
2015-07-07,1166.25,15.61,1046.0,661.0,1065.0,685.0,775.0,550.0,45.0,6432.2001953125,2081.340087890625
2015-07-08,1154.25,14.99,1016.0,642.0,1021.0,640.0,775.0,525.0,45.0,6490.7001953125,2046.6800537109375
2015-07-09,1162.1,15.38,1032.0,654.0,1039.0,665.0,800.0,525.0,45.0,6581.60009765625,2051.31005859375
2015-07-10,1162.4,15.45,1032.0,655.0,1037.0,654.0,820.0,525.0,45.0,6673.39990234375,2076.6201171875
2015-07-13,1154.95,15.45,1023.0,661.0,1028.0,657.0,850.0,525.0,45.0,6738.0,2099.60009765625
2015-07-14,1153.2,15.28,1030.0,664.0,1033.0,660.0,900.0,525.0,45.0,6753.7998046875,2108.949951171875
2015-07-15,1154.75,15.31,1019.0,652.0,1032.0,659.0,1000.0,525.0,45.0,6753.7998046875,2107.39990234375
2015-07-16,1145.1,14.93,1005.0,632.0,1017.0,648.0,1000.0,525.0,45.0,6796.5,2124.2900390625
2015-07-17,1143.0,15.01,998.0,621.0,1014.0,634.0,1000.0,525.0,45.0,6775.10009765625,2126.639892578125
2015-07-20,1115.0,14.84,981.0,609.0,989.0,614.0,960.0,525.0,45.0,6788.7001953125,2128.280029296875
2015-07-21,1108.0,14.75,982.0,616.0,987.0,618.0,850.0,525.0,45.0,6769.10009765625,2119.2099609375
2015-07-22,1096.8,14.78,964.0,615.0,978.0,625.0,850.0,525.0,45.0,6667.2998046875,2114.14990234375
2015-07-23,1101.65,14.88,987.0,631.0,1000.0,640.0,850.0,525.0,45.0,6655.0,2102.14990234375
2015-07-24,1083.75,14.49,979.0,616.0,983.0,626.0,850.0,525.0,45.0,6579.7998046875,2079.64990234375
2015-07-27,1098.6,14.69,976.0,623.0,987.0,625.0,850.0,500.0,42.0,6505.10009765625,2067.639892578125
2015-07-28,1095.6,14.54,976.0,617.0,984.0,621.0,850.0,500.0,42.0,6555.2998046875,2093.25
2015-07-29,1096.75,14.61,983.0,624.0,991.0,627.0,850.0,500.0,42.0,6631.0,2108.570068359375
2015-07-30,1085.65,14.64,984.0,621.0,991.0,624.0,850.0,500.0,42.0,6668.89990234375,2108.6298828125
2015-07-31,1080.05,14.56,979.0,610.0,984.0,619.0,825.0,500.0,42.0,6696.2998046875,2103.840087890625
2015-08-03,1093.0,14.73,971.0,622.0,984.0,616.0,775.0,500.0,42.0,6688.60009765625,2098.0400390625
2015-08-04,1092.6,14.54,955.0,598.0,964.0,605.0,775.0,500.0,42.0,6686.60009765625,2093.320068359375
2015-08-05,1086.5,14.52,951.0,597.0,955.0,599.0,775.0,500.0,42.0,6752.39990234375,2099.840087890625
2015-08-06,1085.0,14.59,948.0,599.0,954.0,600.0,800.0,500.0,42.0,6747.10009765625,2083.56005859375
2015-08-07,1091.35,14.75,946.0,602.0,957.0,604.0,850.0,500.0,42.0,6718.5,2077.570068359375
2015-08-10,1094.8,14.88,971.0,600.0,974.0,605.0,875.0,500.0,42.0,6736.2001953125,2104.179931640625
2015-08-11,1113.25,15.31,983.0,613.0,1004.0,618.0,875.0,500.0,42.0,6664.5,2084.070068359375
2015-08-12,1116.8,15.36,990.0,615.0,998.0,613.0,890.0,500.0,42.0,6571.2001953125,2086.050048828125
2015-08-13,1117.35,15.33,988.0,619.0,998.0,628.0,890.0,500.0,42.0,6568.2998046875,2083.389892578125
2015-08-14,1116.75,15.55,997.0,623.0,998.0,625.0,890.0,500.0,42.0,6550.7001953125,2091.5400390625
2015-08-17,1117.3,15.23,990.0,613.0,999.0,622.0,890.0,500.0,42.0,6550.2998046875,2102.43994140625
2015-08-18,1119.15,15.23,989.0,598.0,1000.0,614.0,890.0,500.0,42.0,6526.2998046875,2096.919921875
2015-08-19,1123.2,14.84,993.0,602.0,1000.0,601.0,890.0,500.0,42.0,6403.5,2079.610107421875
2015-08-20,1137.95,15.5,1017.0,617.0,1025.0,624.0,865.0,500.0,42.0,6367.89990234375,2035.72998046875
2015-08-21,1149.35,15.46,1028.0,610.0,1028.0,610.0,865.0,500.0,42.0,6187.7001953125,1970.8900146484375
2015-08-24,1153.5,14.94,986.0,577.0,1012.0,596.0,865.0,500.0,42.0,5898.89990234375,1893.2099609375
2015-08-25,1154.25,14.87,994.0,558.0,986.0,553.0,845.0,500.0,42.0,6081.2998046875,1867.6099853515625
2015-08-26,1134.4,14.41,973.0,524.0,985.0,540.0,835.0,500.0,42.0,5979.2001953125,1940.510009765625
2015-08-27,1128.5,14.27,990.0,548.0,1000.0,550.0,835.0,500.0,42.0,6192.0,1987.6600341796875
2015-08-28,1125.5,14.44,1003.0,573.0,1012.0,575.0,815.0,500.0,42.0,6247.89990234375,1988.8699951171875
2015-08-31,1125.5,14.44,1003.0,573.0,1012.0,575.0,815.0,500.0,42.0,6247.89990234375,1972.1800537109375
2015-09-01,1141.9,14.68,1005.0,598.0,1020.0,597.0,815.0,500.0,42.0,6058.5,1913.8499755859375
2015-09-02,1140.0,14.56,1007.0,584.0,1015.0,580.0,805.0,500.0,42.0,6083.2998046875,1948.8599853515625
2015-09-03,1130.05,14.71,1002.0,585.0,1015.0,588.0,790.0,500.0,42.0,6194.10009765625,1951.1300048828125
2015-09-04,1125.0,14.69,991.0,575.0,1010.0,578.0,790.0,500.0,42.0,6042.89990234375,1921.219970703125
2015-09-07,1121.0,14.54,986.0,582.0,1000.0,586.0,780.0,500.0,42.0,6074.5,1921.219970703125
2015-09-08,1120.85,14.63,998.0,595.0,998.0,588.0,780.0,500.0,42.0,6146.10009765625,1969.4100341796875
2015-09-09,1122.3,14.77,992.0,581.0,1008.0,593.0,780.0,500.0,42.0,6229.0,1942.0400390625
2015-09-10,1107.75,14.72,987.0,591.0,996.0,590.0,780.0,500.0,42.0,6155.7998046875,1952.2900390625
2015-09-11,1106.35,14.58,971.0,587.0,985.0,588.0,780.0,500.0,42.0,6117.7998046875,1961.050048828125
2015-09-14,1108.0,14.43,952.0,589.0,965.0,596.0,780.0,500.0,42.0,6084.60009765625,1953.030029296875
2015-09-15,1105.5,14.35,959.0,596.0,957.0,588.0,780.0,500.0,42.0,6137.60009765625,1978.0899658203125
2015-09-16,1109.75,14.51,964.0,598.0,970.0,603.0,780.0,500.0,42.0,6229.2001953125,1995.31005859375
2015-09-17,1118.15,14.76,960.0,602.0,975.0,613.0,765.0,510.0,42.0,6187.0,1990.199951171875
2015-09-18,1136.0,15.26,988.0,611.0,982.0,613.0,765.0,510.0,42.0,6104.10009765625,1958.030029296875
2015-09-21,1136.85,15.18,972.0,602.0,987.0,612.0,765.0,510.0,42.0,6108.7001953125,1966.969970703125
2015-09-22,1129.3,14.94,946.0,595.0,970.0,613.0,765.0,510.0,42.0,5935.7998046875,1942.739990234375
2015-09-23,1124.6,14.8,937.0,632.0,945.0,626.0,765.0,510.0,42.0,6032.2001953125,1938.760009765625
2015-09-24,1134.45,14.79,935.0,650.0,950.0,650.0,750.0,510.0,42.0,5961.5,1932.239990234375
2015-09-25,1145.5,14.99,945.0,672.0,953.0,665.0,750.0,510.0,42.0,6109.0,1931.3399658203125
2015-09-28,1137.5,14.7,922.0,651.0,937.0,659.0,760.0,510.0,42.0,5958.89990234375,1881.77001953125
2015-09-29,1124.6,14.56,911.0,650.0,908.0,649.0,760.0,520.0,42.0,5909.2001953125,1884.0899658203125
2015-09-30,1122.5,14.65,908.0,661.0,930.0,674.0,760.0,520.0,42.0,6061.60009765625,1920.030029296875
2015-10-01,1114.2,14.55,908.0,659.0,922.0,665.0,760.0,520.0,42.0,6072.5,1923.8199462890625
2015-10-02,1106.3,14.43,912.0,694.0,905.0,697.0,760.0,520.0,42.0,6130.0,1951.3599853515625
2015-10-05,1134.35,15.25,915.0,706.0,930.0,716.0,760.0,520.0,42.0,6298.89990234375,1987.050048828125
2015-10-06,1136.9,15.67,931.0,701.0,920.0,697.0,760.0,520.0,42.0,6326.2001953125,1979.9200439453125
2015-10-07,1147.9,15.82,945.0,696.0,945.0,710.0,760.0,520.0,42.0,6336.39990234375,1995.8299560546875
2015-10-08,1143.3,15.61,934.0,694.0,942.0,698.0,760.0,520.0,42.0,6374.7998046875,2013.4300537109375
2015-10-09,1151.5,15.99,978.0,723.0,978.0,716.0,745.0,520.0,42.0,6416.2001953125,2014.8900146484375
2015-10-12,1164.2,15.96,993.0,711.0,998.0,720.0,755.0,520.0,42.0,6371.2001953125,2017.4599609375
2015-10-13,1154.4,15.61,983.0,687.0,987.0,690.0,755.0,520.0,42.0,6342.2998046875,2003.68994140625
2015-10-14,1173.7,15.84,990.0,688.0,1000.0,694.0,755.0,520.0,42.0,6269.60009765625,1994.239990234375
2015-10-15,1183.35,16.18,988.0,708.0,1009.0,710.0,775.0,520.0,42.0,6338.7001953125,2023.8599853515625
2015-10-16,1176.35,16.04,1007.0,703.0,1003.0,699.0,775.0,520.0,42.0,6378.0,2033.1099853515625
2015-10-19,1171.65,15.86,1014.0,693.0,1014.0,693.0,785.0,520.0,42.0,6352.2998046875,2033.6600341796875
2015-10-20,1173.7,15.86,1013.0,691.0,1016.0,691.0,785.0,520.0,42.0,6345.10009765625,2030.77001953125
2015-10-21,1174.4,15.75,1007.0,680.0,1020.0,688.0,785.0,520.0,42.0,6348.39990234375,2018.93994140625
2015-10-22,1166.45,15.77,1000.0,672.0,1005.0,677.0,785.0,520.0,42.0,6376.2998046875,2052.510009765625
2015-10-23,1171.55,15.98,1006.0,699.0,1017.0,695.0,785.0,520.0,42.0,6444.10009765625,2075.14990234375
2015-10-26,1168.5,16.1,993.0,685.0,996.0,684.0,785.0,520.0,42.0,6417.0,2071.179931640625
2015-10-27,1165.75,15.8,989.0,682.0,991.0,680.0,785.0,520.0,42.0,6365.2998046875,2065.889892578125
2015-10-28,1171.5,16.03,1005.0,691.0,997.0,683.0,770.0,520.0,42.0,6437.7998046875,2090.35009765625
2015-10-29,1159.0,15.82,993.0,673.0,1000.0,674.0,770.0,520.0,42.0,6395.7998046875,2089.409912109375
2015-10-30,1147.75,15.63,988.0,677.0,1000.0,688.0,770.0,520.0,42.0,6361.10009765625,2079.360107421875
2015-11-02,1135.8,15.4,973.0,655.0,980.0,670.0,750.0,520.0,42.0,6361.7998046875,2104.050048828125
2015-11-03,1130.9,15.38,960.0,644.0,983.0,660.0,750.0,520.0,42.0,6383.60009765625,2109.7900390625
2015-11-04,1118.0,15.26,971.0,648.0,966.0,652.0,750.0,520.0,42.0,6412.89990234375,2102.31005859375
2015-11-05,1107.3,15.02,954.0,612.0,960.0,624.0,750.0,520.0,42.0,6364.89990234375,2099.929931640625
2015-11-06,1107.7,15.08,939.0,606.0,958.0,615.0,750.0,520.0,42.0,6353.7998046875,2099.199951171875
2015-11-09,1095.6,14.78,918.0,603.0,940.0,610.0,750.0,520.0,42.0,6295.2001953125,2078.580078125
2015-11-10,1092.5,14.55,903.0,601.0,921.0,612.0,740.0,520.0,42.0,6275.2998046875,2081.719970703125
2015-11-11,1088.6,14.44,889.0,588.0,906.0,602.0,740.0,520.0,42.0,6297.2001953125,2075.0
2015-11-12,1087.6,14.39,879.0,567.0,885.0,585.0,740.0,520.0,42.0,6178.7001953125,2045.969970703125
2015-11-13,1083.75,14.39,866.0,542.0,882.0,556.0,740.0,520.0,42.0,6118.2998046875,2023.0400390625
2015-11-16,1094.5,14.36,862.0,543.0,874.0,550.0,740.0,520.0,42.0,6146.39990234375,2053.18994140625
2015-11-17,1080.8,14.25,861.0,547.0,875.0,556.0,740.0,520.0,42.0,6268.7998046875,2050.43994140625
2015-11-18,1070.5,14.17,844.0,544.0,856.0,553.0,740.0,520.0,42.0,6279.0,2083.580078125
2015-11-19,1073.1,14.21,848.0,533.0,870.0,545.0,740.0,520.0,42.0,6329.89990234375,2081.239990234375
2015-11-20,1085.15,14.29,858.0,551.0,868.0,550.0,740.0,520.0,42.0,6334.60009765625,2089.169921875
2015-11-23,1068.35,13.98,847.0,548.0,855.0,558.0,740.0,520.0,42.0,6305.5,2086.590087890625
2015-11-24,1073.0,14.14,840.0,537.0,848.0,545.0,740.0,520.0,42.0,6277.2001953125,2089.139892578125
2015-11-25,1072.2,14.07,834.0,539.0,848.0,547.0,740.0,520.0,42.0,6337.60009765625,2088.8701171875
2015-11-26,1070.5,14.29,850.0,558.0,856.0,556.0,740.0,520.0,42.0,6393.10009765625,2088.8701171875
2015-11-27,1064.65,14.11,827.0,551.0,855.0,564.0,740.0,520.0,42.0,6375.2001953125,2090.110107421875
2015-11-30,1055.65,14.08,831.0,538.0,835.0,552.0,740.0,520.0,42.0,6356.10009765625,2080.409912109375
2015-12-01,1069.25,14.21,843.0,547.0,845.0,554.0,730.0,520.0,42.0,6395.7001953125,2102.6298828125
2015-12-02,1066.9,14.14,834.0,529.0,848.0,545.0,720.0,520.0,42.0,6420.89990234375,2079.510009765625
2015-12-03,1050.6,13.93,845.0,528.0,832.0,530.0,720.0,520.0,42.0,6275.0,2049.6201171875
2015-12-04,1063.0,14.13,859.0,542.0,856.0,544.0,720.0,520.0,42.0,6238.2998046875,2091.68994140625
2015-12-07,1082.7,14.49,878.0,557.0,886.0,565.0,720.0,520.0,42.0,6223.5,2077.070068359375
2015-12-08,1071.75,14.24,852.0,558.0,867.0,560.0,710.0,520.0,42.0,6135.2001953125,2063.590087890625
2015-12-09,1078.4,14.27,855.0,554.0,858.0,555.0,710.0,520.0,42.0,6126.7001953125,2047.6199951171875
2015-12-10,1072.0,14.17,857.0,556.0,867.0,560.0,710.0,520.0,42.0,6088.10009765625,2052.22998046875
2015-12-11,1067.2,13.92,836.0,543.0,862.0,550.0,710.0,520.0,42.0,5952.7998046875,2012.3699951171875
2015-12-14,1068.0,13.71,854.0,547.0,846.0,552.0,700.0,520.0,42.0,5874.10009765625,2021.93994140625
2015-12-15,1069.15,13.74,852.0,558.0,855.0,560.0,670.0,520.0,42.0,6017.7998046875,2043.4100341796875
2015-12-16,1065.75,13.74,876.0,573.0,868.0,570.0,640.0,520.0,42.0,6061.2001953125,2073.070068359375
2015-12-17,1065.85,14.08,848.0,568.0,870.0,564.0,640.0,520.0,42.0,6102.5,2041.8900146484375
2015-12-18,1055.25,13.82,852.0,553.0,850.0,555.0,660.0,520.0,42.0,6052.39990234375,2005.550048828125
2015-12-21,1071.15,14.2,873.0,558.0,872.0,565.0,660.0,520.0,42.0,6034.7998046875,2021.1500244140625
2015-12-22,1077.0,14.24,869.0,558.0,880.0,563.0,660.0,520.0,42.0,6083.10009765625,2038.969970703125
2015-12-23,1071.5,14.33,866.0,551.0,880.0,565.0,660.0,520.0,42.0,6241.0,2064.2900390625
2015-12-24,1071.5,14.33,866.0,551.0,878.0,560.0,660.0,520.0,42.0,6254.60009765625,2060.989990234375
2015-12-28,1071.5,14.33,866.0,551.0,878.0,560.0,660.0,520.0,42.0,6254.60009765625,2056.5
2015-12-29,1067.25,13.93,895.0,558.0,889.0,560.0,660.0,520.0,42.0,6314.60009765625,2078.360107421875
2015-12-30,1067.8,13.82,868.0,555.0,891.0,560.0,660.0,520.0,42.0,6274.10009765625,2063.360107421875
2015-12-31,1067.8,13.82,868.0,555.0,874.0,555.0,660.0,520.0,42.0,6242.2998046875,2043.93994140625
2016-01-04,1072.7,14.0,893.0,550.0,877.0,548.0,660.0,520.0,42.0,6093.39990234375,2012.6600341796875
2016-01-05,1078.0,14.01,893.0,544.0,891.0,546.0,650.0,520.0,42.0,6137.2001953125,2016.7099609375
2016-01-06,1083.85,14.005,873.0,519.0,890.0,535.0,650.0,520.0,42.0,6073.39990234375,1990.260009765625
2016-01-07,1096.0,14.03,865.0,486.0,871.0,502.0,650.0,520.0,42.0,5954.10009765625,1943.0899658203125
2016-01-08,1097.45,14.04,874.0,505.0,885.0,506.0,640.0,520.0,42.0,5912.39990234375,1922.030029296875
2016-01-11,1104.7,13.97,853.0,485.0,876.0,492.0,640.0,520.0,42.0,5871.7998046875,1923.6700439453125
2016-01-12,1094.85,13.88,843.0,470.0,840.0,466.0,640.0,520.0,42.0,5929.2001953125,1938.6800537109375
2016-01-13,1081.8,13.83,843.0,490.0,843.0,487.0,640.0,520.0,42.0,5961.0,1890.280029296875
2016-01-14,1090.75,14.02,835.0,485.0,852.0,491.0,650.0,520.0,42.0,5918.2001953125,1921.8399658203125
2016-01-15,1081.1,13.8,839.0,492.0,837.0,491.0,650.0,520.0,42.0,5804.10009765625,1880.3299560546875
2016-01-18,1090.45,13.88,816.0,495.0,830.0,494.0,660.0,520.0,42.0,5779.89990234375,1880.3299560546875
2016-01-19,1087.0,14.03,834.0,499.0,836.0,505.0,660.0,520.0,42.0,5876.7998046875,1881.3299560546875
2016-01-20,1093.2,14.05,820.0,486.0,821.0,491.0,660.0,520.0,42.0,5673.60009765625,1859.3299560546875
2016-01-21,1096.8,14.01,814.0,497.0,816.0,496.0,660.0,520.0,42.0,5773.7998046875,1868.989990234375
2016-01-22,1097.65,14.17,833.0,507.0,828.0,503.0,650.0,520.0,42.0,5900.0,1906.9000244140625
2016-01-25,1103.7,14.22,862.0,494.0,840.0,497.0,650.0,520.0,42.0,5877.0,1877.0799560546875
2016-01-26,1114.7,14.33,867.0,500.0,861.0,495.0,650.0,520.0,42.0,5911.5,1903.6300048828125
2016-01-27,1116.5,14.38,876.0,494.0,878.0,496.0,650.0,520.0,42.0,5990.39990234375,1882.949951171875
2016-01-28,1119.0,13.58,883.0,499.0,886.0,506.0,650.0,520.0,42.0,5931.7998046875,1893.3599853515625
2016-01-29,1112.9,14.08,866.0,501.0,866.0,498.0,650.0,520.0,42.0,6083.7998046875,1940.239990234375
2016-02-01,1122.0,14.33,867.0,502.0,873.0,503.0,650.0,520.0,42.0,6060.10009765625,1939.3800048828125
2016-02-02,1123.6,14.26,863.0,495.0,867.0,502.0,640.0,520.0,42.0,5922.0,1903.030029296875
2016-02-03,1130.0,14.41,861.0,493.0,867.0,502.0,640.0,520.0,42.0,5837.10009765625,1912.530029296875
2016-02-04,1146.25,14.74,897.0,509.0,890.0,511.0,640.0,520.0,42.0,5898.7998046875,1915.449951171875
2016-02-05,1158.5,14.91,899.0,509.0,908.0,520.0,640.0,520.0,42.0,5848.10009765625,1880.050048828125
2016-02-08,1173.4,14.94,913.0,496.0,914.0,506.0,640.0,520.0,42.0,5689.39990234375,1853.43994140625
2016-02-09,1188.9,15.34,932.0,517.0,927.0,515.0,640.0,520.0,42.0,5632.2001953125,1852.2099609375
2016-02-10,1183.4,15.12,926.0,519.0,930.0,516.0,640.0,520.0,42.0,5672.2998046875,1851.8599853515625
2016-02-11,1223.25,15.65,948.0,521.0,942.0,528.0,640.0,520.0,42.0,5537.0,1829.0799560546875
2016-02-12,1239.5,15.64,957.0,526.0,955.0,525.0,650.0,520.0,42.0,5707.60009765625,1864.780029296875
2016-02-15,1208.45,15.26,938.0,516.0,944.0,523.0,660.0,520.0,42.0,5824.2998046875,1864.780029296875
2016-02-16,1212.0,15.35,933.0,509.0,938.0,512.0,660.0,520.0,42.0,5862.2001953125,1895.5799560546875
2016-02-17,1202.4,15.25,939.0,513.0,939.0,513.0,660.0,520.0,42.0,6030.2998046875,1926.8199462890625
2016-02-18,1204.4,15.25,933.0,507.0,944.0,515.0,660.0,520.0,42.0,5972.0,1917.8299560546875
2016-02-19,1221.5,15.37,941.0,507.0,945.0,505.0,660.0,520.0,42.0,5950.2001953125,1917.780029296875
2016-02-22,1203.65,15.0,922.0,501.0,930.0,505.0,660.0,520.0,42.0,6037.7001953125,1945.5
2016-02-23,1218.75,15.21,929.0,498.0,931.0,500.0,660.0,520.0,42.0,5962.2998046875,1921.27001953125
2016-02-24,1232.25,15.32,950.0,498.0,942.0,500.0,660.0,520.0,42.0,5867.2001953125,1929.800048828125
2016-02-25,1235.4,15.16,930.0,487.0,947.0,497.0,670.0,520.0,42.0,6012.7998046875,1951.699951171875
2016-02-26,1231.0,15.17,928.0,492.0,923.0,486.0,670.0,520.0,42.0,6096.0,1948.050048828125
2016-02-29,1234.15,14.75,919.0,494.0,922.0,494.0,670.0,520.0,42.0,6097.10009765625,1932.22998046875
2016-03-01,1240.0,14.99,943.0,511.0,943.0,509.0,680.0,520.0,42.0,6152.89990234375,1978.3499755859375
2016-03-02,1229.35,14.82,931.0,517.0,942.0,522.0,680.0,520.0,42.0,6147.10009765625,1986.449951171875
2016-03-03,1241.95,14.97,940.0,524.0,941.0,522.0,680.0,520.0,42.0,6130.5,1993.4000244140625
2016-03-04,1271.5,15.43,960.0,550.0,962.0,547.0,680.0,520.0,42.0,6199.39990234375,1999.989990234375
2016-03-07,1267.6,15.66,1002.0,571.0,1000.0,563.0,695.0,520.0,42.0,6182.39990234375,2001.760009765625
2016-03-08,1274.1,15.66,1005.0,575.0,1008.0,573.0,700.0,520.0,42.0,6125.39990234375,1979.260009765625
2016-03-09,1258.25,15.27,980.0,564.0,981.0,556.0,700.0,520.0,42.0,6146.2998046875,1989.260009765625
2016-03-10,1247.25,15.27,979.0,571.0,983.0,568.0,700.0,520.0,42.0,6036.7001953125,1989.5699462890625
2016-03-11,1262.25,15.5,974.0,576.0,980.0,573.0,700.0,520.0,42.0,6139.7998046875,2022.18994140625
2016-03-14,1256.55,15.6,963.0,567.0,975.0,575.0,700.0,520.0,42.0,6174.60009765625,2019.6400146484375
2016-03-15,1233.6,15.32,956.0,566.0,960.0,566.0,700.0,520.0,42.0,6140.0,2015.9300537109375
2016-03-16,1233.1,15.29,963.0,574.0,965.0,568.0,700.0,520.0,42.0,6175.5,2027.219970703125
2016-03-17,1269.6,15.73,988.0,589.0,992.0,590.0,700.0,520.0,42.0,6201.10009765625,2040.5899658203125
2016-03-18,1254.5,15.94,972.0,593.0,984.0,596.0,700.0,520.0,42.0,6189.60009765625,2049.580078125
2016-03-21,1244.25,15.81,978.0,600.0,970.0,589.0,710.0,520.0,42.0,6184.60009765625,2051.60009765625
2016-03-22,1251.8,15.89,991.0,605.0,983.0,603.0,725.0,520.0,42.0,6192.7001953125,2049.800048828125
2016-03-23,1232.2,15.58,960.0,580.0,986.0,594.0,740.0,520.0,42.0,6199.10009765625,2036.7099609375
2016-03-24,1216.45,15.28,957.0,577.0,959.0,582.0,740.0,520.0,42.0,6106.5,2035.93994140625
2016-03-28,1216.45,15.28,957.0,577.0,959.0,582.0,740.0,520.0,42.0,6106.5,2037.050048828125
2016-03-29,1216.45,15.06,948.0,566.0,952.0,572.0,740.0,520.0,42.0,6105.89990234375,2055.010009765625
2016-03-30,1238.2,15.38,971.0,570.0,977.0,583.0,740.0,520.0,42.0,6203.2001953125,2063.949951171875
2016-03-31,1233.6,15.38,976.0,569.0,968.0,570.0,740.0,520.0,42.0,6174.89990234375,2059.739990234375
2016-04-01,1232.1,15.38,957.0,559.0,983.0,576.0,740.0,520.0,42.0,6146.10009765625,2072.780029296875
2016-04-04,1215.0,14.96,954.0,559.0,955.0,565.0,740.0,520.0,42.0,6164.7001953125,2066.1298828125
2016-04-05,1231.5,15.19,961.0,553.0,952.0,554.0,740.0,520.0,42.0,6091.2001953125,2045.1700439453125
2016-04-06,1225.75,15.07,942.0,542.0,956.0,554.0,740.0,520.0,42.0,6161.60009765625,2066.659912109375
2016-04-07,1237.5,15.22,955.0,536.0,952.0,543.0,740.0,520.0,42.0,6136.89990234375,2041.9100341796875
2016-04-08,1235.0,15.16,957.0,537.0,964.0,547.0,740.0,520.0,42.0,6204.39990234375,2047.5999755859375
2016-04-11,1247.25,15.56,981.0,547.0,983.0,550.0,740.0,520.0,42.0,6200.10009765625,2041.989990234375
2016-04-12,1259.2,15.96,990.0,546.0,996.0,557.0,740.0,520.0,42.0,6242.39990234375,2061.719970703125
2016-04-13,1245.75,15.98,994.0,541.0,999.0,552.0,740.0,520.0,42.0,6362.89990234375,2082.419921875
2016-04-14,1240.3,16.13,993.0,555.0,994.0,544.0,740.0,520.0,42.0,6365.10009765625,2082.780029296875
2016-04-15,1229.75,16.17,986.0,568.0,993.0,564.0,740.0,520.0,42.0,6343.7998046875,2080.72998046875
2016-04-18,1237.7,16.2,978.0,565.0,987.0,568.0,740.0,520.0,42.0,6353.5,2094.340087890625
2016-04-19,1241.7,16.62,999.0,582.0,994.0,575.0,740.0,520.0,42.0,6405.39990234375,2100.800048828125
2016-04-20,1247.75,16.97,1018.0,592.0,1013.0,585.0,740.0,520.0,42.0,6410.2998046875,2102.39990234375
2016-04-21,1257.65,17.32,1041.0,616.0,1030.0,600.0,740.0,520.0,42.0,6381.39990234375,2091.47998046875
2016-04-22,1245.4,17.19,1028.0,611.0,1035.0,611.0,740.0,520.0,42.0,6310.39990234375,2091.580078125
2016-04-25,1230.85,16.86,1015.0,606.0,1012.0,606.0,740.0,520.0,42.0,6260.89990234375,2087.7900390625
2016-04-26,1234.5,16.95,1005.0,597.0,1020.0,607.0,740.0,520.0,42.0,6284.5,2091.699951171875
2016-04-27,1244.75,17.34,1019.0,604.0,1020.0,610.0,740.0,520.0,42.0,6319.89990234375,2095.14990234375
2016-04-28,1256.6,17.35,1040.0,617.0,1038.0,617.0,740.0,520.0,42.0,6322.39990234375,2075.81005859375
2016-04-29,1274.5,17.855,1065.0,628.0,1068.0,634.0,740.0,520.0,42.0,6241.89990234375,2065.300048828125
2016-05-02,1274.5,17.855,1065.0,628.0,1068.0,634.0,740.0,520.0,42.0,6241.89990234375,2081.429931640625
2016-05-03,1296.5,17.49,1081.0,617.0,1095.0,628.0,740.0,520.0,42.0,6185.60009765625,2063.3701171875
2016-05-04,1280.3,17.18,1061.0,601.0,1065.0,608.0,740.0,520.0,42.0,6112.0,2051.1201171875
2016-05-05,1275.75,17.38,1064.0,607.0,1064.0,608.0,735.0,520.0,42.0,6117.2998046875,2050.6298828125
2016-05-06,1280.25,17.31,1072.0,604.0,1067.0,606.0,725.0,520.0,42.0,6125.7001953125,2057.139892578125
2016-05-09,1277.75,17.33,1053.0,591.0,1075.0,603.0,725.0,520.0,42.0,6114.7998046875,2058.68994140625
2016-05-10,1264.85,17.04,1043.0,583.0,1056.0,594.0,715.0,520.0,42.0,6156.7001953125,2084.389892578125
2016-05-11,1271.8,17.51,1067.0,605.0,1067.0,605.0,705.0,520.0,42.0,6162.5,2064.4599609375
2016-05-12,1268.3,17.23,1057.0,607.0,1067.0,611.0,690.0,520.0,42.0,6104.2001953125,2064.110107421875
2016-05-13,1275.15,17.09,1042.0,592.0,1062.0,603.0,675.0,520.0,42.0,6138.5,2046.6099853515625
2016-05-16,1281.0,17.32,1058.0,591.0,1061.0,600.0,675.0,520.0,42.0,6151.39990234375,2066.659912109375
2016-05-17,1270.1,17.08,1042.0,582.0,1060.0,597.0,675.0,520.0,42.0,6167.7998046875,2047.2099609375
2016-05-18,1270.9,17.05,1034.0,576.0,1050.0,585.0,675.0,520.0,42.0,6165.7998046875,2047.6300048828125
2016-05-19,1253.75,16.6,1010.0,565.0,1028.0,580.0,675.0,520.0,42.0,6053.39990234375,2040.0400390625
2016-05-20,1256.5,16.56,1025.0,567.0,1025.0,568.0,675.0,520.0,42.0,6156.2998046875,2052.320068359375
2016-05-23,1250.4,16.31,1007.0,549.0,1023.0,557.0,675.0,520.0,42.0,6136.39990234375,2048.0400390625
2016-05-24,1242.65,16.27,1006.0,544.0,1012.0,550.0,675.0,520.0,42.0,6219.2998046875,2076.06005859375
2016-05-25,1220.75,16.205,994.0,523.0,1005.0,540.0,675.0,520.0,42.0,6262.89990234375,2090.5400390625
2016-05-26,1226.65,16.46,1003.0,545.0,1008.0,550.0,665.0,520.0,42.0,6265.7001953125,2090.10009765625
2016-05-27,1221.25,16.3,984.0,546.0,1004.0,552.0,665.0,520.0,42.0,6270.7998046875,2099.06005859375
2016-05-31,1210.5,16.06,971.0,540.0,982.0,549.0,665.0,520.0,42.0,6230.7998046875,2096.949951171875
2016-06-01,1216.25,15.95,976.0,546.0,982.0,545.0,665.0,520.0,42.0,6191.89990234375,2099.330078125
2016-06-02,1215.5,15.98,965.0,538.0,978.0,549.0,665.0,520.0,42.0,6185.60009765625,2105.260009765625
2016-06-03,1211.0,16.1,979.0,554.0,969.0,545.0,660.0,520.0,42.0,6209.60009765625,2099.1298828125
2016-06-06,1240.55,16.4,989.0,556.0,992.0,559.0,660.0,520.0,42.0,6273.39990234375,2109.409912109375
2016-06-07,1241.1,16.31,986.0,550.0,1000.0,562.0,650.0,520.0,42.0,6284.5,2112.1298828125
2016-06-08,1252.4,16.75,1016.0,568.0,1010.0,563.0,650.0,520.0,42.0,6301.5,2119.1201171875
2016-06-09,1258.35,17.05,993.0,556.0,1005.0,558.0,650.0,520.0,42.0,6231.89990234375,2115.47998046875
2016-06-10,1266.6,17.32,996.0,554.0,1000.0,558.0,650.0,520.0,42.0,6115.7998046875,2096.070068359375
2016-06-13,1284.1,17.32,993.0,546.0,997.0,551.0,650.0,520.0,42.0,6045.0,2079.06005859375
2016-06-14,1279.4,17.25,985.0,540.0,990.0,544.0,650.0,520.0,42.0,5923.5,2075.320068359375
2016-06-15,1282.0,17.41,981.0,544.0,985.0,543.0,650.0,520.0,42.0,5966.7998046875,2071.5
2016-06-16,1307.0,17.71,985.0,540.0,985.0,538.0,650.0,520.0,42.0,5950.5,2077.989990234375
2016-06-17,1284.5,17.37,968.0,531.0,983.0,544.0,650.0,520.0,42.0,6021.10009765625,2071.219970703125
2016-06-20,1283.25,17.335,978.0,543.0,980.0,545.0,650.0,520.0,42.0,6204.0,2083.25
2016-06-21,1280.8,17.36,974.0,544.0,990.0,550.0,660.0,520.0,42.0,6226.60009765625,2088.89990234375
2016-06-22,1265.0,17.2,980.0,557.0,987.0,557.0,670.0,520.0,42.0,6261.2001953125,2085.449951171875
2016-06-23,1265.75,17.29,963.0,560.0,982.0,562.0,670.0,530.0,42.0,6338.10009765625,2113.320068359375
2016-06-24,1313.85,18.04,987.0,548.0,981.0,555.0,670.0,530.0,42.0,6138.7001953125,2037.4100341796875
2016-06-27,1324.6,17.7,986.0,554.0,998.0,560.0,670.0,530.0,42.0,5982.2001953125,2000.5400390625
2016-06-28,1312.0,17.57,975.0,568.0,986.0,566.0,670.0,530.0,42.0,6140.39990234375,2036.0899658203125
2016-06-29,1317.75,18.21,997.0,582.0,993.0,578.0,660.0,530.0,42.0,6360.10009765625,2070.77001953125
2016-06-30,1317.0,18.36,999.0,589.0,1009.0,593.0,650.0,530.0,42.0,6504.2998046875,2098.860107421875
2016-07-01,1331.75,19.24,1039.0,598.0,1037.0,598.0,650.0,530.0,42.0,6577.7998046875,2102.949951171875
2016-07-04,1348.75,20.36,1066.0,611.0,1063.0,610.0,650.0,530.0,42.0,6522.2998046875,2102.949951171875
2016-07-05,1344.75,19.73,1063.0,604.0,1063.0,605.0,650.0,530.0,42.0,6545.39990234375,2088.550048828125
2016-07-06,1370.0,20.43,1070.0,596.0,1073.0,603.0,650.0,530.0,42.0,6463.60009765625,2099.72998046875
2016-07-07,1367.1,19.95,1086.0,608.0,1090.0,611.0,650.0,530.0,42.0,6533.7998046875,2097.89990234375
2016-07-08,1356.1,19.72,1082.0,606.0,1085.0,608.0,650.0,530.0,42.0,6590.60009765625,2129.89990234375
2016-07-11,1358.25,20.47,1087.0,621.0,1100.0,621.0,650.0,530.0,42.0,6682.89990234375,2137.159912109375
2016-07-12,1352.85,20.35,1092.0,627.0,1110.0,629.0,650.0,530.0,42.0,6680.7001953125,2152.139892578125
2016-07-13,1340.25,20.29,1091.0,640.0,1100.0,642.0,650.0,530.0,42.0,6670.39990234375,2152.429931640625
2016-07-14,1325.7,20.25,1085.0,645.0,1093.0,650.0,650.0,530.0,42.0,6654.5,2163.75
2016-07-15,1330.5,20.14,1092.0,645.0,1105.0,654.0,650.0,540.0,42.0,6669.2001953125,2161.739990234375
2016-07-18,1326.15,19.72,1083.0,637.0,1090.0,640.0,650.0,540.0,42.0,6695.39990234375,2166.889892578125
2016-07-19,1332.2,19.99,1086.0,648.0,1093.0,647.0,650.0,540.0,42.0,6697.39990234375,2163.780029296875
2016-07-20,1325.6,19.7,1067.0,649.0,1090.0,657.0,650.0,540.0,42.0,6729.0,2173.02001953125
2016-07-21,1322.0,19.34,1089.0,676.0,1091.0,677.0,650.0,550.0,42.0,6699.89990234375,2165.169921875
2016-07-22,1323.2,19.7,1092.0,684.0,1098.0,683.0,650.0,550.0,42.0,6730.5,2175.030029296875
2016-07-25,1315.0,19.41,1068.0,682.0,1079.0,682.0,650.0,550.0,42.0,6710.10009765625,2168.47998046875
2016-07-26,1321.25,19.68,1087.0,687.0,1090.0,689.0,650.0,560.0,42.0,6724.0,2169.179931640625
2016-07-27,1320.8,19.58,1105.0,694.0,1098.0,691.0,640.0,560.0,42.0,6750.39990234375,2166.580078125
2016-07-28,1341.3,20.41,1143.0,702.0,1160.0,709.0,640.0,560.0,42.0,6721.10009765625,2170.06005859375
2016-07-29,1332.5,20.04,1143.0,707.0,1138.0,701.0,640.0,560.0,42.0,6724.39990234375,2173.60009765625
2016-08-01,1348.85,20.51,1150.0,721.0,1156.0,718.0,625.0,565.0,42.0,6694.0,2170.840087890625
2016-08-02,1358.15,20.71,1175.0,720.0,1168.0,719.0,625.0,565.0,42.0,6645.39990234375,2157.030029296875
2016-08-03,1364.4,20.59,1161.0,706.0,1166.0,714.0,625.0,575.0,42.0,6634.39990234375,2163.7900390625
2016-08-04,1351.15,20.16,1157.0,711.0,1159.0,710.0,625.0,575.0,42.0,6740.2001953125,2164.25
2016-08-05,1362.6,20.22,1146.0,699.0,1168.0,710.0,625.0,575.0,42.0,6793.5,2182.8701171875
2016-08-08,1330.0,19.66,1149.0,695.0,1147.0,698.0,625.0,575.0,42.0,6809.10009765625,2180.889892578125
2016-08-09,1332.9,19.7,1143.0,687.0,1147.0,692.0,625.0,575.0,42.0,6851.2998046875,2181.739990234375
2016-08-10,1351.85,20.335,1182.0,730.0,1184.0,734.0,625.0,575.0,42.0,6866.39990234375,2175.489990234375
2016-08-11,1344.55,20.21,1165.0,709.0,1177.0,727.0,625.0,585.0,42.0,6914.7001953125,2185.7900390625
2016-08-12,1336.7,19.87,1146.0,694.0,1149.0,696.0,635.0,585.0,42.0,6916.0,2184.050048828125
2016-08-15,1339.2,19.9,1112.0,684.0,1133.0,694.0,635.0,585.0,42.0,6941.2001953125,2190.14990234375
2016-08-16,1349.1,20.035,1124.0,701.0,1131.0,698.0,635.0,585.0,42.0,6893.89990234375,2178.14990234375
2016-08-17,1342.75,19.57,1109.0,698.0,1121.0,702.0,635.0,585.0,42.0,6859.2001953125,2182.219970703125
2016-08-18,1347.1,19.78,1122.0,701.0,1129.0,702.0,645.0,595.0,42.0,6869.0,2187.02001953125
2016-08-19,1346.85,19.415,1106.0,711.0,1122.0,709.0,645.0,595.0,42.0,6859.0,2183.8701171875
2016-08-22,1334.3,18.91,1110.0,707.0,1113.0,709.0,655.0,595.0,42.0,6828.5,2182.639892578125
2016-08-23,1338.5,18.98,1108.0,695.0,1110.0,697.0,655.0,595.0,42.0,6868.5,2186.89990234375
2016-08-24,1337.3,18.84,1090.0,692.0,1106.0,703.0,655.0,595.0,42.0,6835.7998046875,2175.43994140625
2016-08-25,1324.5,18.5,1074.0,685.0,1084.0,692.0,655.0,625.0,42.0,6816.89990234375,2172.469970703125
2016-08-26,1324.9,18.67,1077.0,690.0,1085.0,698.0,655.0,625.0,42.0,6838.10009765625,2169.0400390625
2016-08-29,1324.9,18.67,1077.0,690.0,1085.0,698.0,655.0,625.0,42.0,6838.10009765625,2180.3798828125
2016-08-30,1318.85,18.78,1067.0,690.0,1075.0,700.0,665.0,650.0,42.0,6820.7998046875,2176.1201171875
2016-08-31,1314.45,18.74,1050.0,674.0,1063.0,689.0,665.0,650.0,42.0,6781.5,2170.949951171875
2016-09-01,1305.7,18.65,1043.0,666.0,1055.0,675.0,665.0,650.0,42.0,6746.0,2170.860107421875
2016-09-02,1311.5,18.75,1052.0,670.0,1051.0,673.0,665.0,650.0,42.0,6894.60009765625,2179.97998046875
2016-09-05,1328.3,19.46,1065.0,676.0,1073.0,681.0,665.0,650.0,42.0,6879.39990234375,2179.97998046875
2016-09-06,1330.05,19.6,1087.0,689.0,1081.0,688.0,665.0,650.0,42.0,6826.10009765625,2186.47998046875
2016-09-07,1348.75,19.92,1097.0,698.0,1100.0,703.0,665.0,650.0,42.0,6846.60009765625,2186.159912109375
2016-09-08,1348.0,19.93,1088.0,694.0,1097.0,699.0,675.0,650.0,42.0,6858.7001953125,2181.300048828125
2016-09-09,1335.65,19.41,1073.0,678.0,1086.0,689.0,675.0,650.0,42.0,6777.0,2127.81005859375
2016-09-12,1327.5,18.72,1043.0,665.0,1058.0,673.0,675.0,650.0,42.0,6700.89990234375,2159.0400390625
2016-09-13,1328.5,19.16,1046.0,657.0,1062.0,668.0,675.0,650.0,42.0,6665.60009765625,2127.02001953125
2016-09-14,1323.2,19.04,1032.0,653.0,1046.0,665.0,675.0,650.0,42.0,6673.2998046875,2125.77001953125
2016-09-15,1320.1,18.96,1031.0,656.0,1037.0,658.0,675.0,650.0,42.0,6730.2998046875,2147.260009765625
2016-09-16,1314.25,18.91,1012.0,656.0,1033.0,659.0,675.0,650.0,42.0,6710.2998046875,2139.159912109375
2016-09-19,1315.05,19.12,1021.0,681.0,1029.0,679.0,675.0,650.0,42.0,6813.60009765625,2139.1201171875
2016-09-20,1315.4,19.17,1022.0,682.0,1034.0,691.0,675.0,650.0,42.0,6830.7998046875,2139.760009765625
2016-09-21,1319.6,19.43,1043.0,688.0,1044.0,691.0,675.0,650.0,42.0,6834.7998046875,2163.1201171875
2016-09-22,1332.45,19.875,1059.0,697.0,1050.0,691.0,675.0,650.0,42.0,6911.39990234375,2177.179931640625
2016-09-23,1335.9,19.82,1055.0,697.0,1061.0,696.0,675.0,650.0,42.0,6909.39990234375,2164.68994140625
2016-09-26,1336.3,19.44,1036.0,691.0,1045.0,695.0,675.0,650.0,42.0,6818.0,2146.10009765625
2016-09-27,1335.85,19.42,1033.0,691.0,1050.0,702.0,675.0,650.0,42.0,6807.7001953125,2159.929931640625
2016-09-28,1324.8,19.12,1018.0,701.0,1027.0,705.0,685.0,650.0,42.0,6849.39990234375,2171.3701171875
2016-09-29,1320.85,19.01,1021.0,709.0,1032.0,716.0,685.0,650.0,42.0,6919.39990234375,2151.1298828125
2016-09-30,1327.9,19.35,1034.0,722.0,1032.0,718.0,685.0,650.0,42.0,6899.2998046875,2168.27001953125
2016-10-03,1318.65,19.18,1013.0,722.0,1026.0,725.0,685.0,650.0,42.0,6983.5,2161.199951171875
2016-10-04,1309.15,18.74,998.0,705.0,1007.0,714.0,685.0,650.0,42.0,7074.2998046875,2150.489990234375
2016-10-05,1274.0,17.8,983.0,683.0,996.0,697.0,685.0,650.0,42.0,7033.2998046875,2159.72998046875
2016-10-06,1265.5,17.76,973.0,667.0,977.0,679.0,675.0,650.0,42.0,7000.0,2160.77001953125
2016-10-07,1255.0,17.33,975.0,674.0,968.0,671.0,665.0,650.0,42.0,7044.39990234375,2153.739990234375
2016-10-10,1262.1,17.78,967.0,667.0,978.0,677.0,665.0,650.0,42.0,7097.5,2163.659912109375
2016-10-11,1256.4,17.48,958.0,657.0,966.0,669.0,665.0,650.0,42.0,7070.89990234375,2136.72998046875
2016-10-12,1255.7,17.44,947.0,651.0,951.0,654.0,665.0,650.0,42.0,7024.0,2139.179931640625
2016-10-13,1258.0,17.59,935.0,640.0,947.0,646.0,665.0,650.0,42.0,6977.7001953125,2132.550048828125
2016-10-14,1256.15,17.47,933.0,642.0,939.0,641.0,675.0,650.0,42.0,7013.60009765625,2132.97998046875
2016-10-17,1252.7,17.4,932.0,641.0,941.0,650.0,685.0,650.0,42.0,6947.60009765625,2126.5
2016-10-18,1261.65,17.65,940.0,639.0,950.0,647.0,685.0,650.0,42.0,7000.10009765625,2139.60009765625
2016-10-19,1269.75,17.69,942.0,638.0,947.0,645.0,705.0,650.0,42.0,7021.89990234375,2144.2900390625
2016-10-20,1269.2,17.6,935.0,634.0,946.0,640.0,715.0,650.0,40.0,7026.89990234375,2141.340087890625
2016-10-21,1263.95,17.51,927.0,619.0,934.0,629.0,715.0,650.0,40.0,7020.5,2141.159912109375
2016-10-24,1267.0,17.64,947.0,628.0,944.0,634.0,715.0,650.0,40.0,6986.39990234375,2151.330078125
2016-10-25,1269.3,17.73,958.0,636.0,954.0,642.0,715.0,650.0,40.0,7017.60009765625,2143.159912109375
2016-10-26,1273.9,17.66,961.0,631.0,975.0,643.0,715.0,650.0,40.0,6958.10009765625,2139.429931640625
2016-10-27,1269.3,17.66,970.0,617.0,968.0,629.0,715.0,650.0,40.0,6986.60009765625,2133.0400390625
2016-10-28,1265.9,17.61,972.0,616.0,971.0,616.0,715.0,650.0,40.0,6996.2998046875,2126.409912109375
2016-10-31,1274.2,17.76,976.0,612.0,986.0,625.0,715.0,650.0,40.0,6954.2001953125,2126.14990234375
2016-11-01,1284.4,18.24,995.0,631.0,986.0,625.0,715.0,650.0,40.0,6917.10009765625,2111.719970703125
2016-11-02,1295.85,18.54,994.0,635.0,998.0,639.0,750.0,650.0,40.0,6845.39990234375,2097.93994140625
2016-11-03,1293.0,18.07,986.0,627.0,991.0,634.0,750.0,650.0,40.0,6790.5,2088.659912109375
2016-11-04,1301.7,18.3,1003.0,625.0,1000.0,627.0,780.0,675.0,40.0,6693.2998046875,2085.179931640625
2016-11-07,1286.8,18.22,995.0,632.0,997.0,630.0,800.0,675.0,40.0,6806.89990234375,2131.52001953125
2016-11-08,1284.0,18.26,1003.0,656.0,1012.0,657.0,815.0,675.0,40.0,6843.10009765625,2139.56005859375
2016-11-09,1304.55,18.81,1003.0,656.0,1010.0,665.0,815.0,675.0,40.0,6911.7998046875,2163.260009765625
2016-11-10,1280.9,18.75,984.0,690.0,1010.0,693.0,815.0,675.0,40.0,6828.0,2167.47998046875
2016-11-11,1255.65,18.59,974.0,685.0,975.0,687.0,815.0,675.0,40.0,6730.39990234375,2164.449951171875
2016-11-14,1222.6,17.195,936.0,683.0,950.0,671.0,815.0,675.0,40.0,6753.2001953125,2164.199951171875
2016-11-15,1228.9,17.0,933.0,708.0,950.0,705.0,815.0,675.0,40.0,6792.7001953125,2180.389892578125
2016-11-16,1225.7,16.95,937.0,716.0,941.0,706.0,805.0,675.0,40.0,6749.7001953125,2176.93994140625
2016-11-17,1232.0,17.04,935.0,718.0,950.0,725.0,800.0,675.0,40.0,6794.7001953125,2187.1201171875
2016-11-18,1206.1,16.51,923.0,718.0,934.0,723.0,795.0,675.0,40.0,6775.7998046875,2181.89990234375
2016-11-21,1214.95,16.68,929.0,730.0,937.0,736.0,795.0,675.0,40.0,6778.0,2198.179931640625
2016-11-22,1217.55,16.76,940.0,746.0,954.0,746.0,785.0,675.0,40.0,6819.7001953125,2202.93994140625
2016-11-23,1213.25,16.56,923.0,725.0,945.0,748.0,785.0,675.0,40.0,6817.7001953125,2204.719970703125
2016-11-24,1187.25,16.31,914.0,733.0,923.0,741.0,775.0,675.0,40.0,6829.2001953125,2204.719970703125
2016-11-25,1187.5,16.465,906.0,729.0,922.0,733.0,775.0,675.0,40.0,6840.7998046875,2213.35009765625
2016-11-28,1189.1,16.68,911.0,749.0,925.0,755.0,765.0,675.0,40.0,6799.5,2201.719970703125
2016-11-29,1187.3,16.54,917.0,761.0,930.0,761.0,765.0,675.0,40.0,6772.0,2204.659912109375
2016-11-30,1187.4,16.67,920.0,770.0,925.0,775.0,765.0,675.0,40.0,6783.7998046875,2198.81005859375
2016-12-01,1168.75,16.3,906.0,767.0,917.0,778.0,765.0,675.0,40.0,6752.89990234375,2191.080078125
2016-12-02,1171.65,16.35,918.0,743.0,924.0,755.0,765.0,675.0,40.0,6730.7001953125,2191.949951171875
2016-12-05,1164.9,16.62,930.0,732.0,931.0,735.0,765.0,675.0,40.0,6746.7998046875,2204.7099609375
2016-12-06,1171.15,16.79,941.0,747.0,946.0,751.0,765.0,675.0,40.0,6779.7998046875,2212.22998046875
2016-12-07,1171.25,16.77,944.0,734.0,935.0,734.0,765.0,675.0,40.0,6902.2001953125,2241.35009765625
2016-12-08,1174.75,17.13,940.0,725.0,955.0,740.0,765.0,675.0,40.0,6931.60009765625,2246.18994140625
2016-12-09,1168.9,16.95,925.0,744.0,941.0,747.0,765.0,675.0,40.0,6954.2001953125,2259.530029296875
2016-12-12,1154.4,16.86,923.0,734.5,918.0,736.0,765.0,675.0,40.0,6890.39990234375,2256.9599609375
2016-12-13,1157.35,17.01,934.0,733.0,931.0,731.0,780.0,675.0,40.0,6968.60009765625,2271.719970703125
2016-12-14,1160.95,17.11,942.0,733.0,942.0,733.0,800.0,675.0,40.0,6949.2001953125,2253.280029296875
2016-12-15,1132.45,16.14,914.0,727.0,929.0,730.0,825.0,675.0,40.0,6999.0,2262.030029296875
2016-12-16,1134.85,16.05,904.0,688.0,910.0,697.0,825.0,675.0,40.0,7011.60009765625,2258.070068359375
2016-12-19,1137.6,16.0,925.0,681.0,931.0,695.0,825.0,675.0,40.0,7017.2001953125,2262.530029296875
2016-12-20,1132.75,15.8,908.0,665.0,921.0,676.0,815.0,675.0,40.0,7044.0,2270.760009765625
2016-12-21,1134.4,16.03,912.0,659.0,921.0,668.0,800.0,675.0,40.0,7041.39990234375,2265.179931640625
2016-12-22,1130.55,15.77,906.0,655.0,917.0,660.0,785.0,675.0,40.0,7063.7001953125,2260.9599609375
2016-12-23,1130.55,15.77,906.0,655.0,914.0,664.0,785.0,675.0,40.0,7068.2001953125,2263.7900390625
2016-12-27,1130.55,15.77,906.0,655.0,914.0,664.0,785.0,675.0,40.0,7068.2001953125,2268.8798828125
2016-12-28,1139.75,15.8,899.0,675.0,908.0,680.0,785.0,675.0,40.0,7106.10009765625,2249.919921875
2016-12-29,1146.8,16.06,898.0,670.0,905.0,675.0,785.0,675.0,40.0,7120.2998046875,2249.260009765625
2016-12-30,1146.8,16.06,898.0,670.0,908.0,677.0,770.0,675.0,40.0,7142.7998046875,2238.830078125
2017-01-03,1148.65,15.95,929.0,706.0,911.0,689.0,770.0,675.0,40.0,7177.89990234375,2257.830078125
2017-01-04,1165.9,16.42,948.0,738.0,943.0,726.0,770.0,675.0,40.0,7189.7001953125,2270.75
2017-01-05,1173.05,16.59,967.0,738.0,960.0,741.0,800.0,700.0,40.0,7195.2998046875,2269.0
2017-01-06,1178.0,16.45,959.0,745.0,971.0,750.0,800.0,700.0,40.0,7210.10009765625,2276.97998046875
2017-01-09,1176.1,16.52,976.0,760.0,980.0,765.0,810.0,700.0,40.0,7237.7998046875,2268.89990234375
2017-01-10,1183.2,16.665,973.0,759.0,977.0,765.0,825.0,700.0,40.0,7275.5,2268.89990234375
2017-01-11,1187.55,16.79,977.0,748.0,985.0,770.0,835.0,700.0,40.0,7290.5,2275.320068359375
2017-01-12,1206.65,16.91,981.0,758.0,991.0,762.0,835.0,700.0,40.0,7292.39990234375,2270.43994140625
2017-01-13,1196.35,16.76,971.0,746.0,978.0,761.0,845.0,700.0,40.0,7337.7998046875,2274.639892578125
2017-01-16,1202.75,16.82,984.0,745.0,987.0,754.0,855.0,700.0,40.0,7327.10009765625,2274.639892578125
2017-01-17,1217.5,17.0,988.0,759.0,991.0,753.0,855.0,700.0,40.0,7220.39990234375,2267.889892578125
2017-01-18,1212.5,17.12,968.0,743.0,978.0,752.0,855.0,700.0,40.0,7247.60009765625,2271.889892578125
2017-01-19,1203.35,16.95,956.0,751.0,968.0,755.0,855.0,700.0,40.0,7208.39990234375,2263.68994140625
2017-01-20,1199.1,16.89,963.0,761.0,962.0,759.0,855.0,700.0,40.0,7198.39990234375,2271.31005859375
2017-01-23,1213.75,17.14,981.0,787.0,984.0,794.0,855.0,700.0,40.0,7151.2001953125,2265.199951171875
2017-01-24,1213.3,17.105,986.0,785.0,985.0,781.0,855.0,700.0,40.0,7150.2998046875,2280.070068359375
2017-01-25,1203.5,16.93,993.0,762.0,991.0,784.0,855.0,700.0,40.0,7164.39990234375,2298.3701171875
2017-01-26,1191.55,16.86,972.0,717.0,990.0,745.0,855.0,700.0,40.0,7161.5,2296.679931640625
2017-01-27,1184.2,16.7,965.0,722.0,974.0,720.0,845.0,700.0,40.0,7184.5,2294.68994140625
2017-01-30,1189.85,17.1,979.0,730.0,984.0,735.0,845.0,700.0,40.0,7118.5,2280.89990234375
2017-01-31,1198.8,17.29,991.0,756.0,991.0,751.0,845.0,700.0,40.0,7099.2001953125,2278.8701171875
2017-02-01,1210.0,17.6,994.0,759.0,1000.0,764.0,845.0,700.0,40.0,7107.7001953125,2279.550048828125
2017-02-02,1224.05,17.71,1004.0,767.0,1010.0,770.0,845.0,700.0,40.0,7140.7998046875,2280.85009765625
2017-02-03,1213.05,17.28,992.0,747.0,999.0,755.0,845.0,700.0,40.0,7188.2998046875,2297.419921875
2017-02-06,1221.85,17.6,1012.0,768.0,1013.0,769.0,845.0,700.0,40.0,7172.2001953125,2292.56005859375
2017-02-07,1231.0,17.6,1007.0,768.0,1013.0,767.0,845.0,700.0,40.0,7186.2001953125,2293.080078125
2017-02-08,1235.6,17.74,1016.0,769.0,1018.0,772.0,845.0,700.0,40.0,7188.7998046875,2294.669921875
2017-02-09,1241.75,17.715,1019.0,777.0,1024.0,778.0,845.0,700.0,40.0,7229.5,2307.8701171875
2017-02-10,1225.75,17.62,993.0,781.0,1007.0,779.0,845.0,700.0,40.0,7258.7998046875,2316.10009765625
2017-02-13,1229.4,17.97,999.0,778.0,1014.0,782.0,845.0,720.0,40.0,7278.89990234375,2328.25
2017-02-14,1229.65,17.905,1004.0,782.0,1002.0,783.0,845.0,720.0,40.0,7268.60009765625,2337.580078125
2017-02-15,1225.15,17.88,992.0,783.0,1002.0,785.0,875.0,735.0,40.0,7302.39990234375,2349.25
2017-02-16,1236.75,18.1,1013.0,791.0,1016.0,797.0,875.0,735.0,40.0,7277.89990234375,2347.219970703125
2017-02-17,1241.4,18.005,1010.0,793.0,1016.0,796.0,875.0,735.0,40.0,7300.0,2351.159912109375
2017-02-20,1235.35,17.98,1002.0,777.0,1005.0,780.0,900.0,735.0,40.0,7299.89990234375,2351.159912109375
2017-02-21,1228.7,17.89,988.0,767.0,1001.0,772.0,900.0,735.0,40.0,7274.7998046875,2365.3798828125
2017-02-22,1237.5,18.0,999.0,774.0,1005.0,785.0,900.0,735.0,40.0,7302.2998046875,2362.820068359375
2017-02-23,1237.35,18.0,1014.0,779.0,1000.0,773.0,900.0,735.0,40.0,7271.39990234375,2363.81005859375
2017-02-24,1255.35,18.27,1027.0,786.0,1018.0,782.0,900.0,735.0,40.0,7243.7001953125,2367.340087890625
2017-02-27,1256.25,18.34,1033.0,784.0,1031.0,778.0,920.0,745.0,40.0,7253.0,2369.75
2017-02-28,1251.9,18.28,1029.0,781.0,1032.0,786.0,920.0,745.0,40.0,7263.39990234375,2363.639892578125
2017-03-01,1246.05,18.33,1015.0,775.0,1028.0,782.0,920.0,745.0,40.0,7382.89990234375,2395.9599609375
2017-03-02,1243.3,18.33,1001.0,774.0,1017.0,779.0,920.0,745.0,40.0,7382.39990234375,2381.919921875
2017-03-03,1228.75,17.66,987.0,756.0,991.0,772.0,920.0,745.0,40.0,7374.2998046875,2383.1201171875
2017-03-06,1231.15,17.81,985.0,771.0,992.0,777.0,920.0,745.0,40.0,7350.10009765625,2375.31005859375
2017-03-07,1223.7,17.7,966.0,770.0,975.0,775.0,920.0,745.0,40.0,7339.0,2368.389892578125
2017-03-08,1213.3,17.4,952.0,766.0,958.0,771.0,920.0,755.0,40.0,7334.60009765625,2362.97998046875
2017-03-09,1204.6,17.14,944.0,754.0,948.0,765.0,930.0,755.0,40.0,7315.0,2364.8701171875
2017-03-10,1196.55,16.89,942.0,752.0,942.0,751.0,930.0,755.0,40.0,7343.10009765625,2372.60009765625
2017-03-13,1207.8,17.02,937.0,750.0,949.0,755.0,930.0,755.0,40.0,7367.10009765625,2373.469970703125
2017-03-14,1203.55,17.0,937.0,747.0,940.0,756.0,930.0,755.0,40.0,7357.89990234375,2365.449951171875
2017-03-15,1202.25,16.91,933.0,744.0,945.0,755.0,930.0,755.0,40.0,7368.60009765625,2385.260009765625
2017-03-16,1225.6,17.46,956.0,769.0,967.0,770.0,945.0,755.0,40.0,7416.0,2381.3798828125
2017-03-17,1228.75,17.4,960.0,778.0,959.0,772.0,945.0,770.0,40.0,7425.0,2378.25
2017-03-20,1233.0,17.23,962.0,777.0,968.0,779.0,960.0,770.0,40.0,7429.7998046875,2373.469970703125
2017-03-21,1232.05,17.31,973.0,788.0,965.0,788.0,960.0,770.0,40.0,7378.2998046875,2344.02001953125
2017-03-22,1246.1,17.58,967.0,793.0,974.0,791.0,975.0,770.0,40.0,7324.7001953125,2348.449951171875
2017-03-23,1247.9,17.55,963.0,803.0,966.0,798.0,990.0,770.0,40.0,7340.7001953125,2345.9599609375
2017-03-24,1244.0,17.63,964.0,816.0,961.0,807.0,1015.0,770.0,40.0,7336.7998046875,2343.97998046875
2017-03-27,1256.9,17.94,977.0,803.0,979.0,811.0,1015.0,770.0,43.0,7293.5,2341.590087890625
2017-03-28,1253.65,17.94,964.0,787.0,969.0,796.0,1015.0,780.0,43.0,7343.39990234375,2358.570068359375
2017-03-29,1252.9,18.13,953.0,788.0,957.0,796.0,1015.0,790.0,43.0,7373.7001953125,2361.1298828125
2017-03-30,1250.9,18.1,954.0,796.0,960.0,793.0,1015.0,790.0,43.0,7369.5,2368.06005859375
2017-03-31,1241.7,18.06,940.0,798.0,950.0,800.0,1025.0,800.0,45.0,7322.89990234375,2362.719970703125
2017-04-03,1246.25,18.16,948.0,797.0,955.0,802.0,1025.0,825.0,47.0,7282.7001953125,2358.840087890625
2017-04-04,1258.65,18.34,958.0,806.0,960.0,809.0,1025.0,825.0,47.0,7321.7998046875,2360.159912109375
2017-04-05,1252.5,18.26,963.0,816.0,971.0,813.0,1025.0,850.0,52.0,7331.7001953125,2352.949951171875
2017-04-06,1253.75,18.22,955.0,803.0,962.0,812.0,1025.0,850.0,52.0,7303.2001953125,2357.489990234375
2017-04-07,1264.3,18.4,967.0,806.0,966.0,811.0,1025.0,850.0,52.0,7349.39990234375,2355.5400390625
2017-04-10,1253.6,17.94,940.0,790.0,955.0,802.0,1025.0,850.0,52.0,7348.89990234375,2357.159912109375
2017-04-11,1255.7,17.94,943.0,791.0,948.0,797.0,1025.0,870.0,55.0,7365.5,2353.780029296875
2017-04-12,1272.3,18.31,962.0,794.0,971.0,806.0,1025.0,870.0,55.0,7349.0,2344.929931640625
2017-04-13,1286.1,18.56,975.0,807.0,977.0,810.0,1025.0,870.0,55.0,7327.60009765625,2328.949951171875
2017-04-17,1286.1,18.56,975.0,807.0,977.0,810.0,1025.0,870.0,55.0,7327.60009765625,2349.010009765625
2017-04-18,1285.0,18.42,985.0,789.0,986.0,794.0,1025.0,885.0,65.0,7147.5,2342.18994140625
2017-04-19,1282.05,18.22,979.0,779.0,980.0,781.0,1025.0,885.0,65.0,7114.39990234375,2338.169921875
2017-04-20,1279.9,18.19,976.0,794.0,973.0,791.0,1025.0,885.0,65.0,7118.5,2355.840087890625
2017-04-21,1281.5,17.98,979.0,803.0,979.0,806.0,1025.0,885.0,65.0,7114.60009765625,2348.68994140625
2017-04-24,1271.8,17.81,955.0,795.0,969.0,806.0,1025.0,885.0,65.0,7264.7001953125,2374.14990234375
2017-04-25,1270.5,17.84,954.0,795.0,961.0,796.0,1025.0,885.0,65.0,7275.60009765625,2388.610107421875
2017-04-26,1264.95,17.59,949.0,799.0,957.0,805.0,1025.0,905.0,65.0,7288.7001953125,2387.449951171875
2017-04-27,1264.3,17.46,944.0,810.0,952.0,810.0,1015.0,905.0,65.0,7237.2001953125,2388.77001953125
2017-04-28,1265.55,17.41,946.0,824.0,953.0,823.0,1015.0,905.0,65.0,7203.89990234375,2384.199951171875
2017-05-01,1265.55,17.41,946.0,824.0,953.0,823.0,1015.0,905.0,65.0,7203.89990234375,2388.330078125
2017-05-02,1255.8,16.95,924.0,819.0,935.0,817.0,1015.0,905.0,65.0,7250.10009765625,2391.169921875
2017-05-03,1253.95,16.85,911.0,801.0,924.0,825.0,1005.0,905.0,65.0,7234.5,2388.1298828125
2017-05-04,1235.85,16.5,897.0,796.0,906.0,807.0,995.0,905.0,65.0,7248.10009765625,2389.52001953125
2017-05-05,1239.4,16.27,909.0,809.0,914.0,810.0,985.0,935.0,65.0,7297.39990234375,2399.2900390625
2017-05-08,1229.7,16.38,912.0,819.0,921.0,819.0,980.0,945.0,65.0,7300.89990234375,2399.3798828125
2017-05-09,1225.15,16.22,903.0,798.0,918.0,815.0,970.0,945.0,65.0,7342.2001953125,2396.919921875
2017-05-10,1222.95,16.29,915.0,807.0,909.0,801.0,950.0,945.0,65.0,7385.2001953125,2399.6298828125
2017-05-11,1221.0,16.37,906.0,801.0,920.0,806.0,950.0,945.0,65.0,7386.60009765625,2394.43994140625
2017-05-12,1227.9,16.3,922.0,808.0,928.0,812.0,950.0,945.0,65.0,7435.39990234375,2390.89990234375
2017-05-15,1231.5,16.59,937.0,818.0,933.0,817.0,950.0,945.0,65.0,7454.39990234375,2402.320068359375
2017-05-16,1234.05,16.72,939.0,804.0,939.0,807.0,950.0,945.0,65.0,7522.0,2400.669921875
2017-05-17,1244.6,16.9,939.0,804.0,944.0,795.0,950.0,945.0,65.0,7503.5,2357.030029296875
2017-05-18,1261.35,16.81,944.0,781.0,942.0,785.0,950.0,945.0,65.0,7436.39990234375,2365.719970703125
2017-05-19,1251.85,16.77,943.0,770.0,938.0,770.0,950.0,945.0,65.0,7470.7001953125,2381.72998046875
2017-05-22,1255.25,16.95,939.0,753.0,942.0,764.0,940.0,945.0,65.0,7496.2998046875,2394.02001953125
2017-05-23,1259.9,17.14,939.0,753.0,950.0,772.0,940.0,945.0,65.0,7485.2998046875,2398.419921875
2017-05-24,1251.35,17.03,940.0,761.0,946.0,778.0,930.0,945.0,65.0,7514.89990234375,2404.389892578125
2017-05-25,1257.1,17.15,950.0,767.0,952.0,774.0,930.0,945.0,65.0,7517.7001953125,2415.070068359375
2017-05-26,1265.0,17.29,961.0,780.0,959.0,778.0,930.0,945.0,65.0,7547.60009765625,2415.820068359375
2017-05-30,1262.8,17.27,941.0,797.0,950.0,799.0,930.0,945.0,65.0,7526.5,2412.909912109375
2017-05-31,1263.8,17.31,947.0,814.0,945.0,814.0,930.0,945.0,65.0,7520.0,2411.800048828125
2017-06-01,1266.15,17.13,931.0,823.0,947.0,818.0,930.0,945.0,65.0,7543.7998046875,2430.06005859375
2017-06-02,1260.95,17.19,932.0,837.0,935.0,834.0,930.0,945.0,65.0,7547.60009765625,2439.070068359375
2017-06-05,1280.7,17.52,950.0,841.0,957.0,848.0,950.0,945.0,65.0,7525.7998046875,2436.10009765625
2017-06-06,1287.85,17.56,960.0,854.0,964.0,850.0,950.0,945.0,65.0,7525.0,2429.330078125
2017-06-07,1292.7,17.6,949.0,843.0,963.0,860.0,960.0,945.0,65.0,7478.60009765625,2433.139892578125
2017-06-08,1284.8,17.6,945.0,855.0,952.0,846.0,960.0,945.0,65.0,7450.0,2433.7900390625
2017-06-09,1274.25,17.35,939.0,896.0,944.0,864.0,960.0,945.0,65.0,7527.2998046875,2431.77001953125
2017-06-12,1269.25,17.13,944.0,898.0,947.0,907.0,960.0,945.0,65.0,7511.89990234375,2429.389892578125
2017-06-13,1261.3,16.82,929.0,886.0,949.0,908.0,970.0,945.0,65.0,7500.39990234375,2440.35009765625
2017-06-14,1268.25,16.96,942.0,891.0,930.0,883.0,970.0,945.0,65.0,7474.39990234375,2437.919921875
2017-06-15,1260.25,16.86,921.0,861.0,937.0,864.0,970.0,945.0,65.0,7419.39990234375,2432.4599609375
2017-06-16,1256.6,16.76,923.0,869.0,925.0,878.0,980.0,945.0,65.0,7463.5,2433.14990234375
2017-06-19,1251.1,16.67,918.0,871.0,928.0,875.0,980.0,945.0,65.0,7523.7998046875,2453.4599609375
2017-06-20,1246.5,16.59,921.0,863.0,930.0,870.0,990.0,960.0,65.0,7472.7001953125,2437.030029296875
2017-06-21,1247.05,16.51,917.0,882.0,923.0,873.0,990.0,960.0,65.0,7447.7998046875,2435.610107421875
2017-06-22,1251.4,16.58,933.0,889.0,932.0,889.0,1000.0,960.0,65.0,7439.2998046875,2434.5
2017-06-23,1256.3,16.71,927.0,886.0,935.0,899.0,1015.0,960.0,65.0,7424.10009765625,2438.300048828125
2017-06-26,1240.85,16.53,922.0,862.0,926.0,867.0,1015.0,960.0,65.0,7446.7998046875,2439.070068359375
2017-06-27,1250.4,16.66,920.0,865.0,928.0,878.0,1015.0,960.0,65.0,7434.39990234375,2419.3798828125
2017-06-28,1251.6,16.78,921.0,858.0,923.0,865.0,1030.0,960.0,65.0,7387.7998046875,2440.68994140625
2017-06-29,1246.6,16.83,910.0,857.0,924.0,867.0,1030.0,960.0,65.0,7350.2998046875,2419.699951171875
2017-06-30,1243.25,16.47,922.0,841.0,925.0,853.0,1040.0,960.0,65.0,7312.7001953125,2423.409912109375
2017-07-03,1235.2,16.48,911.0,838.0,924.0,853.0,1040.0,960.0,65.0,7377.10009765625,2429.010009765625
2017-07-04,1224.25,16.15,908.0,853.0,915.0,864.0,1040.0,960.0,65.0,7357.2001953125,2429.010009765625
2017-07-05,1221.9,15.95,901.0,841.0,912.0,863.0,1040.0,960.0,65.0,7367.60009765625,2432.5400390625
2017-07-06,1224.3,16.01,905.0,835.0,913.0,848.0,1040.0,960.0,65.0,7337.2998046875,2409.75
2017-07-07,1220.4,15.84,911.0,834.0,908.0,843.0,1040.0,960.0,65.0,7350.89990234375,2425.179931640625
2017-07-10,1207.55,15.22,895.0,830.0,905.0,841.0,1040.0,960.0,65.0,7370.0,2427.429931640625
2017-07-11,1211.9,15.51,891.0,839.0,900.0,849.0,1030.0,960.0,65.0,7329.7998046875,2425.530029296875
2017-07-12,1219.4,15.83,919.0,866.0,908.0,860.0,1030.0,960.0,65.0,7416.89990234375,2443.25
2017-07-13,1221.4,15.95,914.0,869.0,922.0,870.0,1030.0,960.0,65.0,7413.39990234375,2447.830078125
2017-07-14,1218.95,15.71,918.0,860.0,910.0,863.0,1030.0,970.0,65.0,7378.39990234375,2459.27001953125
2017-07-17,1229.85,16.07,927.0,858.0,927.0,863.0,1030.0,970.0,65.0,7404.10009765625,2459.139892578125
2017-07-18,1237.1,16.17,927.0,867.0,927.0,869.0,1030.0,970.0,65.0,7390.2001953125,2460.610107421875
2017-07-19,1239.85,16.23,925.0,870.0,924.0,868.0,1030.0,970.0,65.0,7430.89990234375,2473.830078125
2017-07-20,1236.55,16.18,918.0,849.0,922.0,862.0,1030.0,970.0,65.0,7487.89990234375,2473.449951171875
2017-07-21,1247.25,16.43,937.0,852.0,934.0,852.0,1020.0,970.0,65.0,7452.89990234375,2472.5400390625
2017-07-24,1255.85,16.5,937.0,847.0,937.0,847.0,1020.0,970.0,65.0,7377.7001953125,2469.909912109375
2017-07-25,1252.0,16.31,926.0,860.0,938.0,864.0,1010.0,970.0,65.0,7434.7998046875,2477.1298828125
2017-07-26,1245.4,16.37,920.0,860.0,927.0,867.0,1010.0,970.0,65.0,7452.2998046875,2477.830078125
2017-07-27,1262.05,16.79,930.0,879.0,935.0,885.0,1000.0,970.0,65.0,7443.0,2475.419921875
2017-07-28,1259.6,16.56,927.0,875.0,931.0,884.0,990.0,970.0,65.0,7368.39990234375,2472.10009765625
2017-07-31,1266.35,16.76,938.0,894.0,939.0,895.0,990.0,970.0,65.0,7372.0,2470.300048828125
2017-08-01,1267.05,16.74,941.0,894.0,945.0,894.0,990.0,970.0,65.0,7423.7001953125,2476.35009765625
2017-08-02,1266.65,16.67,940.0,900.0,946.0,900.0,990.0,970.0,65.0,7411.39990234375,2477.570068359375
2017-08-03,1261.8,16.47,956.0,895.0,949.0,896.0,990.0,970.0,65.0,7474.7998046875,2472.159912109375
2017-08-04,1269.3,16.7,966.0,884.0,969.0,890.0,1000.0,970.0,65.0,7511.7001953125,2476.830078125
2017-08-07,1257.55,16.13,966.0,872.0,964.0,882.0,1000.0,970.0,65.0,7531.89990234375,2480.909912109375
2017-08-08,1261.45,16.39,972.0,894.0,974.0,896.0,1010.0,970.0,65.0,7542.7001953125,2474.919921875
2017-08-09,1267.95,16.59,979.0,899.0,980.0,897.0,1020.0,970.0,65.0,7498.10009765625,2474.02001953125
2017-08-10,1278.9,17.08,982.0,904.0,979.0,898.0,1020.0,970.0,65.0,7389.89990234375,2438.2099609375
2017-08-11,1288.3,17.09,984.0,898.0,986.0,904.0,1030.0,970.0,65.0,7310.0,2441.320068359375
2017-08-14,1281.1,16.97,968.0,902.0,976.0,899.0,1040.0,970.0,65.0,7353.89990234375,2465.840087890625
2017-08-15,1274.6,16.89,952.0,887.0,966.0,901.0,1040.0,970.0,65.0,7383.89990234375,2464.610107421875
2017-08-16,1270.15,16.68,963.0,896.0,969.0,900.0,1040.0,970.0,65.0,7433.0,2468.110107421875
2017-08-17,1285.9,17.02,975.0,927.0,983.0,929.0,1050.0,970.0,65.0,7387.89990234375,2430.010009765625
2017-08-18,1295.25,17.15,985.0,932.0,988.0,936.0,1060.0,970.0,65.0,7324.0,2425.550048828125
2017-08-21,1287.6,17.02,982.0,934.0,984.0,935.0,1060.0,970.0,65.0,7318.89990234375,2428.3701171875
2017-08-22,1285.1,17.02,974.0,934.0,979.0,942.0,1070.0,970.0,65.0,7381.7001953125,2452.510009765625
2017-08-23,1286.45,17.06,979.0,935.0,980.0,935.0,1080.0,970.0,65.0,7382.7001953125,2444.0400390625
2017-08-24,1285.9,16.93,977.0,940.0,977.0,935.0,1090.0,970.0,65.0,7407.10009765625,2438.969970703125
2017-08-25,1287.05,17.02,975.0,930.0,980.0,941.0,1100.0,970.0,65.0,7401.5,2443.050048828125
2017-08-28,1287.05,17.02,975.0,930.0,980.0,941.0,1100.0,970.0,65.0,7401.5,2444.239990234375
2017-08-29,1323.4,17.6,1001.0,941.0,1001.0,952.0,1110.0,970.0,65.0,7337.39990234375,2446.300048828125
2017-08-30,1310.6,17.44,989.0,936.0,998.0,952.0,1125.0,970.0,65.0,7365.2998046875,2457.590087890625
2017-08-31,1305.8,17.34,986.0,935.0,993.0,940.0,1140.0,970.0,65.0,7430.60009765625,2471.64990234375
2017-09-01,1318.4,17.5,999.0,946.0,1000.0,942.0,1155.0,970.0,65.0,7438.5,2476.550048828125
2017-09-04,1334.6,17.8,1007.0,976.0,1015.0,996.0,1155.0,970.0,65.0,7411.5,2476.550048828125
2017-09-05,1331.15,17.88,1006.0,984.0,1006.0,983.0,1155.0,970.0,65.0,7372.89990234375,2457.85009765625
2017-09-06,1340.15,17.77,1011.0,957.0,1010.0,971.0,1155.0,970.0,65.0,7354.10009765625,2465.5400390625
2017-09-07,1340.45,17.79,1007.0,947.0,1009.0,952.0,1155.0,970.0,65.0,7397.0,2465.10009765625
2017-09-08,1350.9,18.21,1014.0,942.0,1021.0,960.0,1155.0,970.0,65.0,7377.60009765625,2461.429931640625
2017-09-11,1338.75,17.85,994.0,936.0,1008.0,957.0,1155.0,970.0,65.0,7413.60009765625,2488.110107421875
2017-09-12,1326.25,17.75,981.0,946.0,992.0,945.0,1160.0,970.0,65.0,7400.7001953125,2496.47998046875
2017-09-13,1332.25,17.91,982.0,947.0,990.0,956.0,1160.0,970.0,65.0,7379.7001953125,2498.3701171875
2017-09-14,1323.0,17.75,980.0,933.0,985.0,946.0,1160.0,970.0,65.0,7295.39990234375,2495.6201171875
2017-09-15,1325.0,17.7,976.0,924.0,984.0,933.0,1160.0,970.0,65.0,7215.5,2500.22998046875
2017-09-18,1314.4,17.53,960.0,931.0,969.0,941.0,1160.0,970.0,65.0,7253.2998046875,2503.8701171875
2017-09-19,1308.45,17.15,950.0,915.0,962.0,934.0,1160.0,970.0,65.0,7275.2998046875,2506.64990234375
2017-09-20,1314.9,17.38,945.0,907.0,958.0,915.0,1160.0,970.0,65.0,7272.0,2508.239990234375
2017-09-21,1297.35,16.95,933.0,916.0,944.0,916.0,1160.0,970.0,65.0,7263.89990234375,2500.60009765625
2017-09-22,1297.0,16.97,935.0,916.0,947.0,920.0,1160.0,970.0,65.0,7310.60009765625,2502.219970703125
2017-09-25,1295.5,16.95,927.0,917.0,935.0,927.0,1160.0,970.0,65.0,7301.2998046875,2496.659912109375
2017-09-26,1306.9,17.01,927.0,915.0,940.0,918.0,1160.0,970.0,65.0,7285.7001953125,2496.840087890625
2017-09-27,1291.3,16.89,917.0,917.0,928.0,921.0,1160.0,970.0,65.0,7313.5,2507.0400390625
2017-09-28,1284.3,16.82,918.0,928.0,922.0,936.0,1160.0,970.0,68.0,7322.7998046875,2510.06005859375
2017-09-29,1286.95,16.86,920.0,935.0,929.0,942.0,1175.0,970.0,70.0,7372.7998046875,2519.360107421875
2017-10-02,1273.1,16.58,912.0,935.0,914.0,939.0,1185.0,970.0,70.0,7438.7998046875,2529.1201171875
2017-10-03,1270.7,16.61,907.0,910.0,916.0,918.0,1185.0,970.0,70.0,7468.10009765625,2534.580078125
2017-10-04,1275.55,16.825,912.0,919.0,920.0,924.0,1200.0,970.0,70.0,7467.60009765625,2537.739990234375
2017-10-05,1278.4,16.66,912.0,930.0,918.0,930.0,1210.0,970.0,70.0,7508.0,2552.070068359375
2017-10-06,1268.2,16.625,911.0,943.0,922.0,947.0,1220.0,970.0,75.0,7522.89990234375,2549.330078125
2017-10-09,1282.15,16.92,914.0,926.0,921.0,931.0,1230.0,970.0,78.0,7507.89990234375,2544.72998046875
2017-10-10,1289.6,17.12,925.0,942.0,927.0,936.0,1240.0,970.0,78.0,7538.2998046875,2550.639892578125
2017-10-11,1290.2,17.15,929.0,945.0,936.0,944.0,1250.0,970.0,78.0,7533.7998046875,2555.239990234375
2017-10-12,1294.45,17.195,936.0,981.0,941.0,966.0,1270.0,970.0,78.0,7556.2001953125,2550.929931640625
2017-10-13,1293.9,17.2,941.0,996.0,943.0,984.0,1300.0,970.0,80.0,7535.39990234375,2553.169921875
2017-10-16,1305.15,17.41,945.0,1006.0,948.0,1013.0,1320.0,970.0,80.0,7527.0,2557.639892578125
2017-10-17,1289.7,17.11,928.0,985.0,935.0,989.0,1375.0,970.0,80.0,7516.2001953125,2559.360107421875
2017-10-18,1280.65,16.95,922.0,973.0,931.0,989.0,1440.0,970.0,80.0,7542.89990234375,2561.260009765625
2017-10-19,1283.4,17.025,921.0,951.0,928.0,966.0,1475.0,970.0,85.0,7523.0,2562.10009765625
2017-10-20,1280.25,17.075,916.0,976.0,922.0,971.0,1550.0,970.0,85.0,7523.2001953125,2575.2099609375
2017-10-23,1275.25,16.995,913.0,965.0,923.0,970.0,1575.0,970.0,88.0,7524.5,2564.97998046875
2017-10-24,1278.3,17.035,922.0,963.0,927.0,965.0,1605.0,970.0,90.0,7526.5,2569.1298828125
2017-10-25,1273.0,16.89,916.0,973.0,918.0,962.0,1650.0,970.0,90.0,7447.2001953125,2557.14990234375
2017-10-26,1278.0,16.97,927.0,970.0,924.0,972.0,1650.0,970.0,90.0,7486.5,2560.39990234375
2017-10-27,1267.8,16.72,917.0,972.0,921.0,969.0,1590.0,970.0,90.0,7505.0,2581.070068359375
2017-10-30,1272.75,16.735,918.0,986.0,921.0,980.0,1525.0,970.0,95.0,7487.7998046875,2572.830078125
2017-10-31,1274.4,16.82,915.0,977.0,925.0,979.0,1525.0,970.0,95.0,7493.10009765625,2575.260009765625
2017-11-01,1279.25,16.94,931.0,1002.0,931.0,1000.0,1480.0,970.0,105.0,7488.0,2579.360107421875
2017-11-02,1276.4,17.08,931.0,1002.0,933.0,1000.0,1480.0,970.0,105.0,7555.2998046875,2579.85009765625
2017-11-03,1275.3,17.085,922.0,995.0,928.0,1002.0,1425.0,970.0,120.0,7560.39990234375,2587.840087890625
2017-11-06,1271.6,16.915,919.0,994.0,927.0,1009.0,1380.0,970.0,120.0,7562.2998046875,2591.1298828125
2017-11-07,1276.35,17.005,926.0,1000.0,933.0,1003.0,1380.0,970.0,120.0,7513.10009765625,2590.639892578125
2017-11-08,1282.25,16.995,928.0,1005.5,933.0,1005.0,1330.0,970.0,125.0,7529.7001953125,2594.3798828125
2017-11-09,1284.0,17.1,934.0,1016.0,937.0,1026.0,1300.0,970.0,125.0,7484.10009765625,2584.6201171875
2017-11-10,1284.45,17.0,937.0,1000.0,941.0,1017.0,1300.0,970.0,125.0,7433.0,2582.300048828125
2017-11-13,1278.4,16.925,937.0,1000.0,934.0,1000.0,1350.0,970.0,125.0,7415.2001953125,2584.840087890625
2017-11-14,1273.7,16.935,926.0,987.0,933.0,997.0,1375.0,970.0,125.0,7414.39990234375,2578.8701171875
2017-11-15,1285.7,17.115,937.0,981.0,934.0,987.0,1450.0,970.0,125.0,7372.60009765625,2564.6201171875
2017-11-16,1277.7,17.04,931.0,983.0,936.0,992.0,1450.0,970.0,125.0,7386.89990234375,2585.639892578125
2017-11-17,1283.85,17.085,937.0,997.0,938.0,999.0,1500.0,970.0,130.0,7380.7001953125,2578.85009765625
2017-11-20,1292.35,17.145,935.0,1000.0,948.0,1002.0,1515.0,970.0,130.0,7389.5,2582.139892578125
2017-11-21,1280.0,17.0,927.0,994.0,933.0,998.0,1515.0,970.0,130.0,7411.2998046875,2599.030029296875
2017-11-22,1283.95,16.965,938.0,1001.0,938.0,1009.0,1500.0,970.0,130.0,7419.0,2597.080078125
2017-11-23,1290.15,17.095,933.0,1005.0,940.0,1009.0,1500.0,970.0,145.0,7417.2001953125,2597.080078125
2017-11-24,1289.15,17.05,935.0,1001.0,941.0,1017.0,1500.0,970.0,150.0,7409.60009765625,2602.419921875
2017-11-27,1294.7,17.1,948.0,1003.0,948.0,1002.0,1500.0,970.0,160.0,7383.89990234375,2601.419921875
2017-11-28,1293.9,17.07,955.0,1012.0,951.0,1006.0,1500.0,970.0,160.0,7460.7001953125,2627.0400390625
2017-11-29,1294.85,16.895,945.0,1014.0,956.0,1030.0,1500.0,970.0,160.0,7393.60009765625,2626.070068359375
2017-11-30,1282.15,16.57,940.0,1010.0,946.0,1020.0,1530.0,970.0,165.0,7326.7001953125,2647.580078125
2017-12-01,1277.25,16.42,934.0,1016.0,947.0,1018.0,1530.0,970.0,165.0,7300.5,2642.219970703125
2017-12-04,1279.1,16.33,928.0,1015.0,940.0,1026.0,1530.0,970.0,170.0,7339.0,2639.43994140625
2017-12-05,1275.9,16.285,918.0,992.0,927.0,1004.0,1540.0,970.0,175.0,7327.5,2629.570068359375
2017-12-06,1268.55,16.115,907.0,997.0,915.0,996.0,1540.0,970.0,185.0,7348.0,2629.27001953125
2017-12-07,1256.8,15.91,900.0,1013.0,902.0,1008.0,1540.0,970.0,190.0,7320.7998046875,2636.97998046875
2017-12-08,1245.85,15.825,892.0,1009.0,903.0,1024.0,1540.0,970.0,190.0,7394.0,2651.5
2017-12-11,1251.4,15.835,884.0,1007.0,896.0,1021.0,1540.0,970.0,190.0,7453.5,2659.989990234375
2017-12-12,1243.4,15.78,883.0,1006.0,890.0,1014.0,1540.0,970.0,190.0,7500.39990234375,2664.110107421875
2017-12-13,1241.6,15.705,877.0,1008.0,882.0,1020.0,1540.0,970.0,190.0,7496.5,2662.85009765625
2017-12-14,1255.6,16.01,879.0,1020.0,887.0,1025.0,1540.0,970.0,190.0,7448.10009765625,2652.010009765625
2017-12-15,1257.25,15.985,882.0,1028.0,886.0,1041.0,1550.0,970.0,190.0,7490.60009765625,2675.81005859375
2017-12-18,1258.65,16.09,902.0,1015.0,901.0,1030.0,1560.0,970.0,190.0,7537.0,2690.159912109375
2017-12-19,1263.1,16.155,914.0,1016.0,913.0,1026.0,1580.0,970.0,190.0,7544.10009765625,2681.469970703125
2017-12-20,1265.95,16.185,920.0,1031.0,922.0,1037.0,1610.0,970.0,190.0,7525.2001953125,2679.25
2017-12-21,1265.85,16.145,917.0,1033.0,920.0,1036.0,1675.0,970.0,190.0,7604.0,2684.570068359375
2017-12-22,1265.85,16.145,917.0,1033.0,923.0,1046.0,1685.0,970.0,190.0,7592.7001953125,2683.340087890625
2017-12-26,1265.85,16.145,917.0,1033.0,923.0,1046.0,1685.0,970.0,190.0,7592.7001953125,2680.5
2017-12-27,1285.4,16.5,919.0,1055.0,929.0,1071.0,1715.0,970.0,190.0,7620.7001953125,2682.6201171875
2017-12-28,1291.6,16.74,925.0,1057.0,930.0,1065.0,1715.0,970.0,190.0,7622.89990234375,2687.5400390625
2017-12-29,1291.6,16.74,925.0,1057.0,933.0,1070.0,1715.0,970.0,190.0,7687.7998046875,2673.610107421875
2018-01-02,1312.8,17.06,936.0,1087.0,940.0,1077.0,1715.0,970.0,190.0,7648.10009765625,2695.81005859375
2018-01-03,1314.6,17.125,951.0,1086.0,951.0,1095.0,1715.0,970.0,190.0,7671.10009765625,2713.06005859375
2018-01-04,1313.7,17.13,959.0,1100.0,954.0,1104.0,1700.0,970.0,190.0,7695.89990234375,2723.989990234375
2018-01-05,1317.9,17.155,966.0,1095.0,967.0,1104.0,1700.0,970.0,190.0,7724.2001953125,2743.14990234375
2018-01-08,1318.8,17.17,971.0,1090.0,972.0,1104.0,1700.0,970.0,190.0,7696.5,2747.7099609375
2018-01-09,1314.95,17.055,971.0,1108.0,967.0,1110.0,1700.0,970.0,190.0,7731.0,2751.2900390625
2018-01-10,1321.65,17.135,970.0,1095.0,965.0,1104.0,1700.0,970.0,190.0,7748.5,2748.22998046875
2018-01-11,1319.85,17.01,981.0,1078.0,981.0,1093.0,1700.0,970.0,190.0,7762.89990234375,2767.56005859375
2018-01-12,1332.9,17.12,991.0,1098.0,999.0,1094.0,1690.0,970.0,190.0,7778.60009765625,2786.239990234375
2018-01-15,1343.0,17.325,1002.0,1129.0,1004.0,1139.0,1690.0,970.0,190.0,7769.10009765625,2786.239990234375
2018-01-16,1334.95,17.095,994.5,1105.0,996.0,1123.0,1690.0,970.0,190.0,7755.89990234375,2776.419921875
2018-01-17,1337.35,17.21,1002.0,1104.0,1004.0,1110.0,1690.0,970.0,195.0,7725.39990234375,2802.56005859375
2018-01-18,1329.75,17.09,1003.0,1107.0,1002.0,1113.0,1690.0,970.0,195.0,7701.0,2798.030029296875
2018-01-19,1335.8,17.04,1011.0,1112.0,1016.0,1118.0,1690.0,970.0,195.0,7730.7998046875,2810.300048828125
2018-01-22,1334.15,17.035,1017.0,1092.0,1021.0,1111.0,1690.0,970.0,195.0,7715.39990234375,2832.969970703125
2018-01-23,1337.1,16.98,998.0,1087.0,995.0,1095.0,1690.0,970.0,195.0,7731.7998046875,2839.1298828125
2018-01-24,1350.5,17.19,1016.0,1099.0,1015.0,1106.0,1690.0,970.0,195.0,7643.39990234375,2837.5400390625
2018-01-25,1360.25,17.52,1020.0,1100.0,1022.0,1113.0,1690.0,970.0,195.0,7615.7998046875,2839.25
2018-01-26,1354.35,17.4,1017.0,1087.0,1025.0,1106.0,1710.0,970.0,195.0,7665.5,2872.8701171875
2018-01-29,1348.4,17.335,1011.0,1085.0,1010.0,1095.0,1725.0,970.0,195.0,7671.5,2853.530029296875
2018-01-30,1345.7,17.295,1004.0,1083.0,999.0,1088.0,1775.0,970.0,195.0,7588.0,2822.429931640625
2018-01-31,1343.35,17.23,1003.0,1051.0,1005.0,1066.0,1800.0,970.0,195.0,7533.60009765625,2823.81005859375
2018-02-01,1341.1,17.19,996.0,1039.0,996.0,1027.0,1825.0,970.0,195.0,7490.39990234375,2821.97998046875
2018-02-02,1345.0,17.135,997.0,1047.0,1006.0,1047.0,1860.0,970.0,195.0,7443.39990234375,2762.1298828125
2018-02-05,1337.1,16.875,995.0,1041.0,996.0,1038.0,1860.0,970.0,195.0,7335.0,2648.93994140625
2018-02-06,1344.65,16.805,987.0,1014.0,1000.0,1033.0,1860.0,970.0,195.0,7141.39990234375,2695.139892578125
2018-02-07,1328.5,16.69,981.0,994.0,994.0,1014.0,1860.0,970.0,195.0,7279.39990234375,2681.659912109375
2018-02-08,1311.05,16.345,975.0,985.0,977.0,991.0,1850.0,970.0,195.0,7170.7001953125,2581.0
2018-02-09,1316.05,16.355,969.0,969.0,974.0,968.0,1840.0,970.0,195.0,7092.39990234375,2619.550048828125
2018-02-12,1321.7,16.425,965.0,985.0,973.0,992.0,1840.0,970.0,195.0,7177.10009765625,2656.0
2018-02-13,1329.4,16.605,969.0,993.0,979.0,989.0,1830.0,970.0,195.0,7168.0,2662.93994140625
2018-02-14,1330.75,16.58,972.0,993.0,980.0,994.0,1830.0,970.0,195.0,7214.0,2698.6298828125
2018-02-15,1353.7,16.825,999.0,1017.0,1011.0,1026.0,1830.0,970.0,197.0,7234.7998046875,2731.199951171875
2018-02-16,1358.6,16.835,1005.0,1037.0,1017.0,1032.0,1840.0,970.0,197.0,7294.7001953125,2732.219970703125
2018-02-19,1347.4,16.72,1007.0,1034.0,1019.0,1056.0,1850.0,970.0,197.0,7247.7001953125,2732.219970703125
2018-02-20,1337.4,16.57,1000.0,1034.0,1006.0,1035.0,1850.0,970.0,197.0,7246.7998046875,2716.260009765625
2018-02-21,1328.6,16.435,998.0,1028.0,1001.0,1032.0,1850.0,980.0,200.0,7281.60009765625,2701.330078125
2018-02-22,1323.5,16.465,990.0,1033.0,993.0,1034.0,1850.0,980.0,200.0,7252.39990234375,2703.9599609375
2018-02-23,1328.9,16.61,990.0,1041.0,1001.0,1048.0,1850.0,980.0,200.0,7244.39990234375,2747.300048828125
2018-02-26,1339.05,16.67,997.0,1062.0,1010.0,1067.0,1860.0,980.0,200.0,7289.60009765625,2779.60009765625
2018-02-27,1332.75,16.61,994.0,1062.0,1004.0,1068.0,1860.0,980.0,200.0,7282.5,2744.280029296875
2018-02-28,1320.3,16.44,979.0,1041.0,985.0,1050.0,1870.0,980.0,200.0,7231.89990234375,2713.830078125
2018-03-01,1311.25,16.315,969.0,1011.0,977.0,1034.0,1870.0,990.0,200.0,7175.60009765625,2677.669921875
2018-03-02,1316.75,16.445,968.0,993.0,967.0,999.0,1870.0,990.0,200.0,7069.89990234375,2691.25
2018-03-05,1326.3,16.51,957.0,983.0,972.0,996.0,1870.0,990.0,200.0,7116.0,2720.93994140625
2018-03-06,1324.95,16.62,966.0,996.0,965.0,989.0,1870.0,990.0,200.0,7146.7998046875,2728.1201171875
2018-03-07,1332.5,16.645,959.0,980.0,967.0,984.0,1860.0,1000.0,200.0,7157.7998046875,2726.800048828125
2018-03-08,1325.4,16.48,954.0,985.0,953.0,975.0,1860.0,1000.0,200.0,7203.2001953125,2738.969970703125
2018-03-09,1319.35,16.485,949.0,984.0,958.0,980.0,1860.0,1000.0,200.0,7224.5,2786.570068359375
2018-03-12,1317.25,16.455,958.0,986.0,965.0,993.0,1860.0,1000.0,200.0,7214.7998046875,2783.02001953125
2018-03-13,1318.7,16.51,967.0,993.0,966.0,985.0,1860.0,1000.0,200.0,7138.7998046875,2765.31005859375
2018-03-14,1324.95,16.605,964.0,1007.0,974.0,1006.0,1875.0,1000.0,200.0,7132.7001953125,2749.47998046875
2018-03-15,1323.35,16.52,959.0,987.0,962.0,996.0,1890.0,1000.0,200.0,7139.7998046875,2747.330078125
2018-03-16,1320.05,16.475,950.0,987.0,959.0,990.0,1920.0,1010.0,205.0,7164.10009765625,2752.010009765625
2018-03-19,1311.7,16.285,956.0,999.0,948.0,1001.0,1945.0,1010.0,205.0,7042.89990234375,2712.919921875
2018-03-20,1312.75,16.25,945.0,982.0,958.0,1000.0,1945.0,1010.0,205.0,7061.2998046875,2716.93994140625
2018-03-21,1316.35,16.245,947.0,988.0,951.0,994.0,1985.0,1020.0,210.0,7039.0,2711.929931640625
2018-03-22,1328.85,16.52,950.0,984.0,964.0,996.0,1995.0,1020.0,210.0,6952.60009765625,2643.68994140625
2018-03-23,1342.35,16.53,954.0,986.0,960.0,990.0,1995.0,1020.0,210.0,6921.89990234375,2588.260009765625
2018-03-26,1348.4,16.61,950.0,976.0,954.0,985.0,1995.0,1020.0,210.0,6888.7001953125,2658.550048828125
2018-03-27,1350.65,16.64,949.0,980.0,965.0,986.0,2010.0,1020.0,210.0,7000.10009765625,2612.6201171875
2018-03-28,1341.05,16.455,939.0,977.0,947.0,981.0,2040.0,1020.0,210.0,7044.7001953125,2605.0
2018-03-29,1323.9,16.28,936.0,970.0,941.0,977.0,2040.0,1020.0,215.0,7056.60009765625,2640.8701171875
2018-04-02,1323.9,16.28,936.0,970.0,941.0,977.0,2040.0,1020.0,215.0,7056.60009765625,2581.8798828125
2018-04-03,1336.6,16.52,927.0,946.0,939.0,944.0,2040.0,1020.0,215.0,7030.5,2614.449951171875
2018-04-04,1343.15,16.46,919.0,923.0,927.0,936.0,2040.0,1020.0,215.0,7034.0,2644.68994140625
2018-04-05,1327.05,16.305,911.0,912.0,915.0,935.0,2040.0,1020.0,215.0,7199.5,2662.840087890625
2018-04-06,1325.6,16.275,911.0,909.0,913.0,910.0,2040.0,1020.0,215.0,7183.60009765625,2604.469970703125
2018-04-09,1328.5,16.34,923.0,930.0,925.0,921.0,2040.0,1020.0,215.0,7194.7998046875,2613.159912109375
2018-04-10,1335.95,16.49,929.0,950.0,940.0,941.0,2050.0,1030.0,220.0,7266.7998046875,2656.8701171875
2018-04-11,1345.2,16.565,933.0,958.0,938.0,962.0,2050.0,1030.0,220.0,7257.10009765625,2642.18994140625
2018-04-12,1345.9,16.655,928.0,955.0,933.0,964.0,2070.0,1030.0,220.0,7258.2998046875,2663.989990234375
2018-04-13,1340.75,16.505,929.0,986.0,934.0,986.0,2095.0,1030.0,220.0,7264.60009765625,2656.300048828125
2018-04-16,1344.4,16.6,930.0,1002.0,935.0,995.0,2095.0,1040.0,225.0,7198.2001953125,2677.840087890625
2018-04-17,1342.95,16.625,925.0,1002.0,933.0,1006.0,2095.0,1040.0,225.0,7226.10009765625,2706.389892578125
2018-04-18,1346.55,16.945,946.0,1034.0,949.0,1025.0,2095.0,1040.0,225.0,7317.2998046875,2708.639892578125
2018-04-19,1347.9,17.195,943.0,1036.0,956.0,1061.0,2100.0,1040.0,225.0,7328.89990234375,2693.1298828125
2018-04-20,1340.15,17.11,933.0,1031.0,937.0,1025.0,2120.0,1060.0,230.0,7368.2001953125,2670.139892578125
2018-04-23,1328.0,16.935,920.0,981.0,930.0,1038.0,2120.0,1060.0,230.0,7398.89990234375,2670.2900390625
2018-04-24,1327.35,16.595,919.0,967.0,924.0,974.0,2110.0,1070.0,235.0,7425.39990234375,2634.56005859375
2018-04-25,1325.7,16.565,916.0,968.0,928.0,977.0,2090.0,1070.0,235.0,7379.2998046875,2639.39990234375
2018-04-26,1321.9,16.575,912.0,975.0,914.0,979.0,2060.0,1080.0,240.0,7421.39990234375,2666.93994140625
2018-04-27,1317.7,16.53,911.0,983.0,914.0,991.0,2060.0,1090.0,245.0,7502.2001953125,2669.909912109375
2018-04-30,1316.25,16.38,905.0,963.0,911.0,976.0,2060.0,1110.0,250.0,7509.2998046875,2648.050048828125
2018-05-01,1309.2,16.25,899.0,952.0,905.0,965.0,2045.0,1130.0,250.0,7520.39990234375,2654.800048828125
2018-05-02,1304.2,16.35,897.0,968.0,904.0,962.0,2030.0,1140.0,250.0,7543.2001953125,2635.669921875
2018-05-03,1313.3,16.465,902.0,971.0,905.0,979.0,2030.0,1140.0,250.0,7502.7001953125,2629.72998046875
2018-05-04,1309.35,16.415,901.0,963.0,905.0,971.0,2030.0,1140.0,250.0,7567.10009765625,2663.419921875
2018-05-07,1309.35,16.415,901.0,963.0,905.0,971.0,2030.0,1140.0,250.0,7567.10009765625,2672.6298828125
2018-05-08,1310.05,16.445,911.0,971.0,916.0,979.0,2030.0,1140.0,250.0,7565.7998046875,2671.919921875
2018-05-09,1306.85,16.44,913.0,976.0,916.0,981.0,2030.0,1150.0,250.0,7662.5,2697.7900390625
2018-05-10,1314.8,16.6,923.0,991.0,920.0,984.0,2030.0,1175.0,250.0,7701.0,2723.070068359375
2018-05-11,1324.8,16.76,926.0,1004.0,930.0,1006.0,2055.0,1225.0,250.0,7724.60009765625,2727.719970703125
2018-05-14,1320.7,16.645,921.0,1005.0,931.0,1002.0,2090.0,1240.0,250.0,7711.0,2730.1298828125
2018-05-15,1310.05,16.41,901.0,970.0,913.0,985.0,2100.0,1250.0,250.0,7723.0,2711.449951171875
2018-05-16,1291.75,16.255,894.0,987.0,905.0,991.0,2100.0,1270.0,250.0,7734.2001953125,2722.4599609375
2018-05-17,1288.85,16.385,890.0,991.0,895.0,991.0,2160.0,1295.0,250.0,7788.0,2720.1298828125
2018-05-18,1287.2,16.39,884.0,981.0,894.0,990.0,2175.0,1295.0,250.0,7778.7998046875,2712.969970703125
2018-05-21,1285.85,16.34,885.0,978.0,884.0,976.0,2225.0,1335.0,250.0,7859.2001953125,2733.010009765625
2018-05-22,1293.9,16.58,906.0,1001.0,908.0,1004.0,2240.0,1350.0,250.0,7877.5,2724.43994140625
2018-05-23,1294.0,16.53,903.0,972.0,908.0,994.0,2240.0,1350.0,250.0,7788.39990234375,2733.2900390625
2018-05-24,1296.35,16.51,909.0,972.0,913.0,986.0,2240.0,1375.0,250.0,7716.7001953125,2727.760009765625
2018-05-25,1303.95,16.67,908.0,978.0,917.0,986.0,2240.0,1375.0,250.0,7730.2998046875,2721.330078125
2018-05-29,1302.05,16.475,904.0,982.0,909.0,985.0,2240.0,1375.0,250.0,7632.60009765625,2689.860107421875
2018-05-30,1298.6,16.37,906.0,979.0,912.0,985.0,2240.0,1375.0,250.0,7689.60009765625,2724.010009765625
2018-05-31,1303.5,16.55,907.0,986.0,919.0,993.0,2240.0,1375.0,250.0,7678.2001953125,2705.27001953125
2018-06-01,1299.15,16.42,903.0,991.0,917.0,996.0,2240.0,1375.0,250.0,7701.7998046875,2734.6201171875
2018-06-04,1294.65,16.44,906.0,1009.0,906.0,1016.0,2250.0,1395.0,250.0,7741.2998046875,2746.8701171875
2018-06-05,1292.25,16.385,897.0,984.0,902.0,998.0,2250.0,1395.0,250.0,7686.7998046875,2748.800048828125
2018-06-06,1295.25,16.545,901.0,1008.0,909.0,1002.0,2250.0,1410.0,250.0,7712.39990234375,2772.35009765625
2018-06-07,1298.3,16.745,905.0,1027.0,911.0,1025.0,2250.0,1410.0,250.0,7704.39990234375,2770.3701171875
2018-06-08,1299.2,16.72,901.0,1015.0,905.0,1020.0,2250.0,1410.0,250.0,7681.10009765625,2779.030029296875
2018-06-11,1296.05,16.76,906.0,1019.0,911.0,1020.0,2250.0,1410.0,250.0,7737.39990234375,2782.0
2018-06-12,1298.3,16.855,907.0,1025.0,911.0,1026.0,2250.0,1410.0,250.0,7703.7998046875,2786.85009765625
2018-06-13,1294.4,16.905,900.0,1013.0,900.0,1024.0,2250.0,1410.0,250.0,7703.7001953125,2775.6298828125
2018-06-14,1305.3,17.125,909.0,1010.0,910.0,1020.0,2250.0,1410.0,250.0,7765.7998046875,2782.489990234375
2018-06-15,1300.1,17.225,898.0,995.0,909.0,1014.0,2260.0,1410.0,250.0,7633.89990234375,2779.659912109375
2018-06-18,1281.25,16.605,884.0,986.0,890.0,995.0,2260.0,1410.0,250.0,7631.2998046875,2773.75
2018-06-19,1279.0,16.355,871.0,982.0,885.0,987.0,2260.0,1410.0,250.0,7603.89990234375,2762.590087890625
2018-06-20,1273.25,16.285,867.0,972.0,865.0,979.0,2260.0,1410.0,250.0,7627.39990234375,2767.320068359375
2018-06-21,1263.7,16.245,866.0,962.0,869.0,969.0,2260.0,1410.0,250.0,7556.39990234375,2749.760009765625
2018-06-22,1269.7,16.425,867.0,956.0,869.0,963.0,2260.0,1415.0,250.0,7682.2998046875,2754.8798828125
2018-06-25,1269.8,16.375,868.0,949.0,878.0,962.0,2260.0,1415.0,250.0,7509.7998046875,2717.070068359375
2018-06-26,1257.15,16.225,864.0,939.0,866.0,947.0,2260.0,1415.0,250.0,7537.89990234375,2723.06005859375
2018-06-27,1256.8,16.21,860.0,946.0,869.0,957.0,2260.0,1415.0,250.0,7621.7001953125,2699.6298828125
2018-06-28,1250.5,16.11,852.0,945.0,857.0,955.0,2260.0,1415.0,250.0,7615.60009765625,2716.31005859375
2018-06-29,1250.55,16.03,851.0,953.0,855.0,956.0,2260.0,1415.0,250.0,7636.89990234375,2718.3701171875
2018-07-02,1249.0,15.98,839.0,941.0,844.0,955.0,2260.0,1415.0,250.0,7547.89990234375,2726.7099609375
2018-07-03,1245.85,15.93,838.0,954.0,824.0,953.0,2260.0,1415.0,250.0,7593.2998046875,2713.219970703125
2018-07-04,1256.9,16.045,834.0,948.0,843.0,953.0,2260.0,1415.0,250.0,7573.10009765625,2713.219970703125
2018-07-05,1252.5,15.95,845.5,947.0,846.0,953.0,2260.0,1415.0,250.0,7603.2001953125,2736.610107421875
2018-07-06,1254.2,15.995,838.0,947.0,843.0,948.0,2260.0,1415.0,250.0,7617.7001953125,2759.820068359375
2018-07-09,1262.6,16.205,849.0,965.0,860.0,966.0,2260.0,1415.0,250.0,7688.0,2784.169921875
2018-07-10,1253.7,15.93,843.0,950.0,851.0,958.0,2260.0,1415.0,250.0,7692.0,2793.840087890625
2018-07-11,1250.0,15.915,838.0,940.0,847.0,946.0,2260.0,1415.0,250.0,7592.0,2774.02001953125
2018-07-12,1244.85,15.84,838.0,938.0,837.0,949.0,2270.0,1415.0,250.0,7651.2998046875,2798.2900390625
2018-07-13,1240.5,15.81,831.0,944.0,838.0,948.0,2270.0,1415.0,250.0,7661.89990234375,2801.31005859375
2018-07-16,1244.9,15.81,826.0,933.0,835.0,947.0,2270.0,1415.0,250.0,7600.5,2798.429931640625
2018-07-17,1243.65,15.77,825.0,915.0,834.0,928.0,2285.0,1415.0,250.0,7626.2998046875,2809.550048828125
2018-07-18,1223.45,15.44,810.0,910.0,812.0,914.0,2285.0,1415.0,250.0,7676.2998046875,2815.6201171875
2018-07-19,1217.4,15.26,798.0,886.0,809.0,908.0,2315.0,1415.0,250.0,7684.0,2804.489990234375
2018-07-20,1224.85,15.37,824.0,892.0,818.0,898.0,2330.0,1420.0,250.0,7678.7998046875,2801.830078125
2018-07-23,1229.45,15.485,829.0,900.0,832.0,894.0,2340.0,1420.0,250.0,7655.7998046875,2806.97998046875
2018-07-24,1224.3,15.51,839.0,924.0,837.0,923.0,2350.0,1420.0,250.0,7709.10009765625,2820.39990234375
2018-07-25,1230.55,15.565,841.0,934.0,839.0,922.0,2350.0,1420.0,250.0,7658.2998046875,2846.070068359375
2018-07-26,1228.35,15.535,835.0,931.0,842.0,942.0,2350.0,1420.0,250.0,7663.2001953125,2837.43994140625
2018-07-27,1219.15,15.355,829.0,930.0,832.0,937.0,2340.0,1420.0,250.0,7701.2998046875,2818.820068359375
2018-07-30,1222.05,15.49,826.0,928.0,830.0,933.0,2340.0,1420.0,250.0,7700.89990234375,2802.60009765625
2018-07-31,1219.2,15.43,831.0,928.0,830.0,933.0,2340.0,1420.0,250.0,7748.7998046875,2816.2900390625
2018-08-01,1222.75,15.475,825.0,927.0,835.0,934.0,2325.0,1420.0,250.0,7652.89990234375,2813.360107421875
2018-08-02,1217.6,15.45,823.0,921.0,822.0,926.0,2325.0,1420.0,250.0,7575.89990234375,2827.219970703125
2018-08-03,1207.7,15.36,832.0,920.0,826.0,921.0,2335.0,1420.0,250.0,7659.10009765625,2840.35009765625
2018-08-06,1212.0,15.345,825.0,905.0,837.0,921.0,2335.0,1420.0,250.0,7663.7998046875,2850.39990234375
2018-08-07,1215.4,15.465,835.0,920.0,837.0,916.0,2335.0,1420.0,250.0,7718.5,2858.449951171875
2018-08-08,1212.35,15.345,824.0,900.0,836.0,910.0,2335.0,1420.0,250.0,7776.7001953125,2857.699951171875
2018-08-09,1215.5,15.48,837.0,898.0,834.0,904.0,2335.0,1420.0,250.0,7741.7998046875,2853.580078125
2018-08-10,1211.65,15.375,828.0,911.0,833.0,907.0,2345.0,1420.0,255.0,7667.0,2833.280029296875
2018-08-13,1204.4,15.185,814.0,905.0,820.0,906.0,2345.0,1420.0,255.0,7642.5,2821.929931640625
2018-08-14,1195.3,15.035,806.0,894.0,808.0,901.0,2345.0,1420.0,255.0,7611.60009765625,2839.9599609375
2018-08-15,1186.7,14.825,775.0,849.0,793.0,895.0,2350.0,1420.0,255.0,7497.89990234375,2818.3701171875
2018-08-16,1179.65,14.605,781.0,885.0,780.0,864.0,2360.0,1420.0,255.0,7556.39990234375,2840.68994140625
2018-08-17,1176.7,14.66,779.0,895.0,791.0,910.0,2360.0,1420.0,255.0,7558.60009765625,2850.1298828125
2018-08-20,1188.75,14.755,792.0,922.0,802.0,929.0,2370.0,1420.0,255.0,7591.2998046875,2857.050048828125
2018-08-21,1194.1,14.785,795.0,912.0,806.0,927.0,2380.0,1420.0,255.0,7565.7001953125,2862.9599609375
2018-08-22,1196.85,14.81,798.0,923.0,794.0,920.0,2380.0,1420.0,255.0,7574.2001953125,2861.820068359375
2018-08-23,1187.3,14.625,782.5,915.0,786.0,924.0,2380.0,1420.0,255.0,7563.2001953125,2856.97998046875
2018-08-24,1189.95,14.62,786.0,932.0,791.0,933.0,2380.0,1430.0,255.0,7577.5,2874.68994140625
2018-08-27,1189.95,14.62,786.0,932.0,791.0,933.0,2380.0,1430.0,255.0,7577.5,2896.739990234375
2018-08-28,1212.75,14.9,805.0,953.0,813.0,956.0,2380.0,1430.0,255.0,7617.2001953125,2897.52001953125
2018-08-29,1204.3,14.69,793.0,950.0,796.0,950.0,2390.0,1440.0,260.0,7563.2001953125,2914.0400390625
2018-08-30,1202.35,14.665,792.0,980.0,800.0,975.0,2390.0,1440.0,260.0,7516.0,2901.1298828125
2018-08-31,1206.85,14.655,792.0,979.0,804.0,986.0,2390.0,1440.0,260.0,7432.39990234375,2901.52001953125
2018-09-03,1201.7,14.525,788.0,980.0,796.0,995.0,2390.0,1440.0,260.0,7504.60009765625,2901.52001953125
2018-09-04,1195.75,14.25,772.0,967.0,785.0,976.0,2390.0,1440.0,260.0,7457.89990234375,2896.719970703125
2018-09-05,1194.7,14.17,774.0,988.0,780.0,988.0,2390.0,1440.0,260.0,7383.2998046875,2888.60009765625
2018-09-06,1204.3,14.265,790.0,978.0,791.0,982.0,2390.0,1440.0,260.0,7319.0,2878.050048828125
2018-09-07,1200.75,14.185,776.0,982.0,799.0,984.0,2400.0,1440.0,260.0,7277.7001953125,2871.679931640625
2018-09-10,1195.8,14.215,797.0,994.0,789.0,990.0,2400.0,1440.0,260.0,7279.2998046875,2877.1298828125
2018-09-11,1194.0,14.125,784.5,972.0,798.0,988.0,2400.0,1440.0,260.0,7273.5,2887.889892578125
2018-09-12,1197.8,14.155,788.0,979.0,796.0,982.0,2410.0,1440.0,260.0,7313.39990234375,2888.919921875
2018-09-13,1206.65,14.225,810.0,982.0,811.0,983.0,2420.0,1450.0,262.0,7281.60009765625,2904.179931640625
2018-09-14,1206.2,14.215,805.0,987.0,815.0,990.0,2420.0,1460.0,262.0,7304.0,2904.97998046875
2018-09-17,1196.8,14.17,801.0,982.0,800.0,987.0,2420.0,1460.0,262.0,7302.10009765625,2888.800048828125
2018-09-18,1199.4,14.21,814.0,999.0,807.0,999.0,2440.0,1460.0,262.0,7300.2001953125,2904.31005859375
2018-09-19,1203.0,14.185,817.0,1025.0,821.0,1020.0,2460.0,1460.0,262.0,7331.10009765625,2907.949951171875
2018-09-20,1203.0,14.23,826.0,1050.0,830.0,1050.0,2530.0,1460.0,262.0,7367.2998046875,2930.75
2018-09-21,1207.6,14.33,829.0,1045.0,842.0,1063.0,2555.0,1460.0,262.0,7490.2001953125,2929.669921875
2018-09-24,1198.75,14.315,830.0,1058.0,834.0,1060.0,2575.0,1460.0,262.0,7458.39990234375,2919.3701171875
2018-09-25,1199.45,14.29,827.0,1065.0,834.0,1062.0,2575.0,1460.0,265.0,7507.60009765625,2915.56005859375
2018-09-26,1198.8,14.475,824.0,1065.0,829.0,1064.0,2580.0,1460.0,265.0,7511.5,2905.969970703125
2018-09-27,1196.0,14.42,812.0,1067.0,834.0,1081.0,2580.0,1460.0,265.0,7545.39990234375,2914.0
2018-09-28,1183.5,14.305,815.0,1094.0,815.0,1095.0,2580.0,1460.0,265.0,7510.2001953125,2913.97998046875
2018-10-01,1185.3,14.55,817.0,1053.0,822.0,1076.0,2580.0,1460.0,265.0,7495.7001953125,2924.590087890625
2018-10-02,1192.65,14.505,828.0,1060.0,828.0,1062.0,2580.0,1460.0,265.0,7474.60009765625,2923.429931640625
2018-10-03,1203.5,14.735,832.0,1050.0,837.0,1060.0,2580.0,1460.0,265.0,7510.2998046875,2925.510009765625
2018-10-04,1199.45,14.63,830.0,1060.0,831.0,1062.0,2580.0,1460.0,265.0,7418.2998046875,2901.610107421875
2018-10-05,1201.1,14.635,824.0,1061.0,830.0,1063.0,2580.0,1460.0,265.0,7318.5,2885.570068359375
2018-10-08,1194.8,14.465,814.0,1066.0,820.0,1066.0,2575.0,1460.0,265.0,7233.2998046875,2884.429931640625
2018-10-09,1187.4,14.325,820.0,1076.0,826.0,1084.0,2570.0,1460.0,265.0,7237.60009765625,2880.340087890625
2018-10-10,1186.4,14.375,820.0,1075.0,830.0,1082.0,2570.0,1460.0,265.0,7145.7001953125,2785.679931640625
2018-10-11,1201.1,14.4,824.0,1083.0,828.0,1078.0,2555.0,1460.0,265.0,7006.89990234375,2728.3701171875
2018-10-12,1218.75,14.6,838.0,1084.0,844.0,1093.0,2515.0,1460.0,265.0,6995.89990234375,2767.1298828125
2018-10-15,1233.0,14.74,845.0,1084.0,849.0,1082.0,2515.0,1460.0,265.0,7029.2001953125,2750.7900390625
2018-10-16,1228.85,14.755,842.0,1084.0,850.0,1092.0,2500.0,1460.0,265.0,7059.39990234375,2809.919921875
2018-10-17,1226.75,14.65,838.0,1080.0,841.0,1083.0,2490.0,1460.0,265.0,7054.60009765625,2809.2099609375
2018-10-18,1224.6,14.515,828.0,1075.0,839.0,1080.0,2490.0,1460.0,265.0,7027.0,2768.780029296875
2018-10-19,1228.25,14.61,835.0,1086.0,835.0,1092.0,2490.0,1460.0,265.0,7049.7998046875,2767.780029296875
2018-10-22,1222.9,14.63,830.0,1105.0,840.0,1095.0,2490.0,1470.0,265.0,7042.7998046875,2755.8798828125
2018-10-23,1235.6,14.715,831.0,1141.0,834.0,1145.0,2480.0,1470.0,265.0,6955.2001953125,2740.68994140625
2018-10-24,1231.65,14.745,827.0,1125.0,835.0,1150.0,2480.0,1470.0,265.0,6963.0,2656.10009765625
2018-10-25,1232.15,14.74,832.0,1105.0,835.0,1122.0,2470.0,1470.0,265.0,7004.10009765625,2705.570068359375
2018-10-26,1236.05,14.69,825.0,1093.0,833.0,1108.0,2450.0,1480.0,265.0,6939.60009765625,2658.68994140625
2018-10-29,1230.75,14.65,837.0,1116.0,835.0,1111.0,2450.0,1480.0,265.0,7026.2998046875,2641.25
2018-10-30,1220.0,14.425,836.0,1082.0,838.0,1097.0,2425.0,1480.0,265.0,7035.89990234375,2682.6298828125
2018-10-31,1217.7,14.34,834.0,1082.0,838.0,1084.0,2425.0,1480.0,265.0,7128.10009765625,2711.739990234375
2018-11-01,1223.25,14.45,852.0,1091.0,854.0,1092.0,2425.0,1480.0,265.0,7114.7001953125,2740.3701171875
2018-11-02,1235.5,14.82,866.0,1114.0,868.0,1111.0,2425.0,1480.0,265.0,7094.10009765625,2723.06005859375
2018-11-05,1231.6,14.735,863.0,1126.0,874.0,1129.0,2425.0,1480.0,270.0,7103.7998046875,2738.31005859375
2018-11-06,1234.85,14.7,874.0,1129.0,876.0,1141.0,2425.0,1480.0,270.0,7040.7001953125,2755.449951171875
2018-11-07,1235.05,14.67,873.0,1133.5,882.0,1129.0,2440.0,1480.0,270.0,7117.2998046875,2813.889892578125
2018-11-08,1223.45,14.49,866.0,1118.0,878.0,1132.0,2440.0,1480.0,270.0,7140.7001953125,2806.830078125
2018-11-09,1219.05,14.34,858.0,1122.0,867.0,1131.0,2460.0,1480.0,270.0,7105.2998046875,2781.010009765625
2018-11-12,1207.05,14.16,852.0,1114.0,858.0,1112.0,2485.0,1480.0,270.0,7053.10009765625,2726.219970703125
2018-11-13,1197.55,14.02,843.0,1112.0,851.0,1112.0,2500.0,1480.0,270.0,7053.7998046875,2722.179931640625
2018-11-14,1201.45,13.97,835.0,1123.0,837.0,1114.0,2515.0,1480.0,270.0,7033.7998046875,2701.580078125
2018-11-15,1210.6,14.13,833.0,1130.0,842.0,1139.0,2515.0,1480.0,270.0,7038.0,2730.199951171875
2018-11-16,1215.8,14.285,842.0,1178.0,847.0,1171.0,2515.0,1480.0,270.0,7013.89990234375,2736.27001953125
2018-11-19,1223.55,14.36,844.0,1172.0,851.0,1190.0,2540.0,1480.0,270.0,7000.89990234375,2690.72998046875
2018-11-20,1223.1,14.44,845.0,1155.0,856.0,1176.0,2550.0,1480.0,270.0,6947.89990234375,2641.889892578125
2018-11-21,1224.0,14.42,846.0,1152.0,851.0,1162.0,2560.0,1480.0,270.0,7050.2001953125,2649.929931640625
2018-11-22,1228.25,14.52,845.0,1149.0,850.0,1160.0,2570.0,1480.0,270.0,6960.2998046875,2649.929931640625
2018-11-23,1222.15,14.255,838.0,1141.0,846.0,1153.0,2575.0,1480.0,270.0,6952.89990234375,2632.56005859375
2018-11-26,1226.65,14.38,841.0,1144.0,852.0,1147.0,2575.0,1480.0,270.0,7036.0,2673.449951171875
2018-11-27,1225.05,14.275,843.0,1143.0,845.0,1147.0,2575.0,1480.0,270.0,7016.89990234375,2682.169921875
2018-11-28,1213.2,14.15,831.0,1181.0,838.0,1165.0,2585.0,1480.0,270.0,7004.5,2743.7900390625
2018-11-29,1226.45,14.265,820.0,1174.0,828.0,1187.0,2590.0,1480.0,270.0,7039.0,2737.800048828125
2018-11-30,1220.45,14.235,805.0,1205.0,816.0,1197.0,2600.0,1480.0,270.0,6980.2001953125,2760.169921875
2018-12-03,1231.05,14.385,804.0,1213.0,817.0,1205.0,2600.0,1480.0,270.0,7062.39990234375,2790.3701171875
2018-12-04,1239.25,14.545,804.0,1243.0,813.0,1234.0,2600.0,1480.0,270.0,7022.7998046875,2700.06005859375
2018-12-05,1236.15,14.48,794.0,1255.0,806.0,1262.0,2600.0,1480.0,270.0,6921.7998046875,2700.06005859375
2018-12-06,1236.45,14.38,788.0,1221.0,800.0,1233.0,2600.0,1480.0,270.0,6704.10009765625,2695.949951171875
2018-12-07,1241.2,14.485,789.0,1208.0,795.0,1218.0,2600.0,1480.0,270.0,6778.10009765625,2633.080078125
2018-12-10,1246.8,14.53,786.0,1234.0,794.0,1230.0,2600.0,1480.0,270.0,6721.5,2637.719970703125
2018-12-11,1248.25,14.64,786.0,1256.0,786.0,1247.0,2580.0,1480.0,270.0,6806.89990234375,2636.780029296875
2018-12-12,1244.75,14.655,790.0,1260.0,790.0,1265.0,2570.0,1480.0,270.0,6880.2001953125,2651.070068359375
2018-12-13,1244.45,14.68,794.0,1262.0,809.0,1280.0,2570.0,1480.0,270.0,6877.5,2650.5400390625
2018-12-14,1239.15,14.58,784.0,1233.0,798.0,1252.0,2545.0,1480.0,270.0,6845.2001953125,2599.949951171875
2018-12-17,1239.1,14.6,782.0,1258.0,790.0,1255.0,2530.0,1480.0,270.0,6773.2001953125,2545.93994140625
2018-12-18,1248.8,14.655,785.0,1266.0,796.0,1265.0,2515.0,1480.0,270.0,6701.60009765625,2546.159912109375
2018-12-19,1248.6,14.645,791.0,1253.0,795.0,1260.0,2510.0,1480.0,270.0,6765.89990234375,2506.9599609375
2018-12-20,1255.0,14.77,791.0,1271.0,794.0,1278.0,2500.0,1480.0,270.0,6711.89990234375,2467.419921875
2018-12-21,1257.6,14.69,790.0,1242.0,799.0,1265.0,2490.0,1480.0,270.0,6721.2001953125,2416.6201171875
2018-12-24,1257.6,14.69,790.0,1242.0,800.0,1247.0,2480.0,1480.0,270.0,6686.0,2351.10009765625
2018-12-26,1257.6,14.69,790.0,1242.0,800.0,1247.0,2480.0,1480.0,270.0,6686.0,2467.699951171875
2018-12-27,1271.1,15.055,793.0,1256.0,799.0,1262.0,2470.0,1480.0,270.0,6584.7001953125,2488.830078125
2018-12-28,1277.25,15.295,788.0,1270.0,800.0,1274.0,2460.0,1480.0,270.0,6734.0,2485.739990234375
2018-12-31,1281.65,15.465,788.0,1270.0,800.0,1264.0,2460.0,1480.0,270.0,6728.10009765625,2506.85009765625
2019-01-02,1287.2,15.44,785.0,1267.0,798.0,1267.0,2460.0,1480.0,270.0,6734.2001953125,2510.030029296875
2019-01-03,1287.95,15.535,794.0,1269.0,800.0,1268.0,2460.0,1480.0,270.0,6692.7001953125,2447.889892578125
2019-01-04,1290.35,15.705,800.0,1269.0,808.0,1275.0,2460.0,1480.0,270.0,6837.39990234375,2531.93994140625
2019-01-07,1291.5,15.75,823.0,1313.0,830.0,1314.0,2460.0,1480.0,270.0,6810.89990234375,2549.68994140625
2019-01-08,1283.9,15.64,820.0,1309.0,827.0,1315.0,2460.0,1480.0,270.0,6861.60009765625,2574.409912109375
2019-01-09,1281.3,15.62,821.0,1337.0,828.0,1340.0,2460.0,1480.0,270.0,6906.60009765625,2584.9599609375
2019-01-10,1292.4,15.705,821.0,1328.0,831.0,1329.0,2460.0,1480.0,270.0,6942.89990234375,2596.639892578125
2019-01-11,1292.8,15.68,822.0,1327.0,828.0,1330.0,2460.0,1480.0,270.0,6918.2001953125,2596.260009765625
2019-01-14,1293.7,15.615,807.0,1337.0,808.0,1320.0,2460.0,1480.0,270.0,6855.0,2582.610107421875
2019-01-15,1289.35,15.6,802.0,1328.0,808.0,1338.0,2460.0,1480.0,270.0,6895.0,2610.300048828125
2019-01-16,1290.5,15.54,800.0,1345.0,803.0,1336.0,2460.0,1480.0,270.0,6862.7001953125,2616.10009765625
2019-01-17,1294.0,15.575,805.0,1392.0,808.0,1391.0,2460.0,1480.0,270.0,6834.89990234375,2635.9599609375
2019-01-18,1285.05,15.47,801.0,1375.0,813.0,1427.0,2470.0,1480.0,270.0,6968.2998046875,2670.7099609375
2019-01-21,1278.7,15.26,798.0,1353.0,800.0,1404.0,2480.0,1480.0,270.0,6970.60009765625,2670.7099609375
2019-01-22,1284.75,15.26,793.0,1337.0,795.0,1355.0,2485.0,1480.0,270.0,6901.39990234375,2632.89990234375
2019-01-23,1284.9,15.385,790.0,1348.0,793.0,1364.0,2485.0,1480.0,270.0,6842.89990234375,2638.699951171875
2019-01-24,1279.75,15.3,795.0,1316.0,797.0,1361.0,2495.0,1480.0,270.0,6819.0,2642.330078125
2019-01-25,1282.95,15.375,812.0,1331.0,808.0,1330.0,2495.0,1480.0,270.0,6809.2001953125,2664.760009765625
2019-01-28,1301.0,15.685,811.0,1342.0,817.0,1358.0,2495.0,1480.0,270.0,6747.10009765625,2643.85009765625
2019-01-29,1308.35,15.855,816.0,1342.0,821.0,1344.0,2495.0,1480.0,270.0,6833.89990234375,2640.0
2019-01-30,1312.95,15.915,812.0,1344.0,821.0,1350.0,2495.0,1480.0,270.0,6941.60009765625,2681.050048828125
2019-01-31,1322.5,16.075,821.0,1380.0,820.0,1370.0,2500.0,1480.0,270.0,6968.89990234375,2704.10009765625
2019-02-01,1320.75,16.01,825.0,1368.0,825.0,1356.0,2510.0,1480.0,270.0,7020.2001953125,2706.530029296875
2019-02-04,1311.0,15.745,816.0,1362.0,823.0,1360.0,2510.0,1480.0,270.0,7034.10009765625,2724.8701171875
2019-02-05,1314.0,15.865,822.0,1377.0,823.0,1379.0,2520.0,1480.0,270.0,7177.39990234375,2737.699951171875
2019-02-06,1313.35,15.73,819.0,1378.0,819.0,1382.0,2520.0,1480.0,270.0,7173.10009765625,2731.610107421875
2019-02-07,1306.6,15.71,805.0,1398.0,805.0,1377.0,2520.0,1480.0,270.0,7093.60009765625,2706.050048828125
2019-02-08,1311.1,15.78,799.0,1394.0,798.0,1403.0,2525.0,1480.0,270.0,7071.2001953125,2707.8798828125
2019-02-11,1306.75,15.705,791.0,1388.0,799.0,1386.0,2525.0,1480.0,270.0,7129.10009765625,2709.800048828125
2019-02-12,1311.6,15.81,786.0,1400.0,793.0,1398.0,2550.0,1480.0,270.0,7133.10009765625,2744.72998046875
2019-02-13,1311.15,15.695,788.0,1408.0,790.0,1416.0,2565.0,1480.0,270.0,7190.7998046875,2753.030029296875
2019-02-14,1305.65,15.58,782.0,1403.0,789.0,1416.0,2575.0,1480.0,270.0,7197.0,2745.72998046875
2019-02-15,1318.0,15.675,788.0,1437.0,791.0,1422.0,2600.0,1480.0,270.0,7236.7001953125,2775.60009765625
2019-02-18,1323.95,15.765,808.0,1456.0,807.0,1451.0,2655.0,1480.0,270.0,7219.5,2775.60009765625
2019-02-19,1329.55,15.78,811.0,1470.0,813.0,1494.0,2665.0,1480.0,270.0,7179.2001953125,2779.760009765625
2019-02-20,1345.75,16.035,822.0,1491.0,824.0,1500.0,2710.0,1480.0,270.0,7228.60009765625,2784.699951171875
2019-02-21,1335.05,15.91,826.0,1481.0,826.0,1485.0,2725.0,1480.0,270.0,7167.39990234375,2774.8798828125
2019-02-22,1322.25,15.87,830.0,1482.0,834.0,1492.0,2725.0,1480.0,270.0,7178.60009765625,2792.669921875
2019-02-25,1329.15,15.955,853.0,1528.0,853.0,1520.0,2725.0,1480.0,270.0,7183.7001953125,2796.110107421875
2019-02-26,1327.55,15.83,853.0,1540.0,853.0,1547.0,2725.0,1480.0,270.0,7151.10009765625,2793.89990234375
2019-02-27,1326.45,15.86,868.0,1558.0,866.0,1558.0,2740.0,1480.0,270.0,7107.2001953125,2792.3798828125
2019-02-28,1325.45,15.815,871.0,1544.0,874.0,1554.0,2760.0,1480.0,270.0,7074.7001953125,2784.489990234375
2019-03-01,1309.95,15.56,863.0,1553.0,865.0,1542.0,2825.0,1480.0,270.0,7106.7001953125,2803.68994140625
2019-03-04,1287.45,15.16,844.0,1546.0,852.0,1554.0,2830.0,1480.0,270.0,7134.39990234375,2792.81005859375
2019-03-05,1285.0,15.11,840.0,1521.0,843.0,1518.0,2870.0,1480.0,270.0,7183.39990234375,2789.64990234375
2019-03-06,1285.55,15.095,828.0,1510.0,835.0,1519.0,2950.0,1480.0,270.0,7196.0,2771.449951171875
2019-03-07,1286.4,15.075,824.0,1532.0,833.0,1553.0,2975.0,1480.0,270.0,7157.60009765625,2748.929931640625
2019-03-08,1294.1,15.115,818.0,1509.0,823.0,1528.0,3010.0,1480.0,270.0,7104.2998046875,2743.070068359375
2019-03-11,1296.35,15.295,814.0,1521.0,818.0,1524.0,3100.0,1480.0,270.0,7130.60009765625,2783.300048828125
2019-03-12,1296.95,15.445,834.0,1547.0,837.0,1550.0,3150.0,1480.0,270.0,7151.2001953125,2791.52001953125
2019-03-13,1308.4,15.52,845.0,1544.0,845.0,1550.0,3160.0,1480.0,270.0,7159.2001953125,2810.919921875
2019-03-14,1299.2,15.235,831.0,1549.0,840.0,1554.0,3170.0,1480.0,270.0,7185.39990234375,2808.47998046875
2019-03-15,1302.65,15.355,831.0,1555.0,838.0,1565.0,3190.0,1480.0,270.0,7228.2998046875,2822.47998046875
2019-03-18,1305.35,15.38,831.0,1567.0,834.0,1566.0,3210.0,1480.0,270.0,7299.2001953125,2832.93994140625
2019-03-19,1308.35,15.41,850.0,1585.0,843.0,1605.0,3230.0,1480.0,270.0,7324.0,2832.570068359375
2019-03-20,1303.0,15.32,859.0,1602.0,861.0,1604.0,3250.0,1480.0,270.0,7291.0,2824.22998046875
2019-03-21,1317.3,15.54,872.0,1604.0,871.0,1614.0,3280.0,1480.0,270.0,7355.2998046875,2854.8798828125
2019-03-22,1311.1,15.46,853.0,1554.0,858.0,1593.0,3300.0,1480.0,270.0,7207.60009765625,2800.7099609375
2019-03-25,1319.35,15.525,852.0,1565.0,854.0,1550.0,3345.0,1480.0,270.0,7177.60009765625,2798.360107421875
2019-03-26,1315.25,15.44,858.0,1548.0,856.0,1565.0,3345.0,1480.0,270.0,7196.2998046875,2818.4599609375
2019-03-27,1318.25,15.4,861.0,1491.0,865.0,1525.0,3345.0,1480.0,270.0,7194.2001953125,2805.3701171875
2019-03-28,1306.9,15.195,841.0,1352.0,865.0,1430.0,3345.0,1480.0,270.0,7234.2998046875,2815.43994140625
2019-03-29,1291.15,15.1,850.0,1390.0,850.0,1400.0,3250.0,1480.0,270.0,7279.2001953125,2834.39990234375
2019-04-01,1291.9,15.07,853.0,1403.0,855.0,1393.0,3140.0,1480.0,270.0,7317.39990234375,2867.18994140625
2019-04-02,1287.2,15.025,850.0,1431.0,851.0,1422.0,3070.0,1480.0,270.0,7391.10009765625,2867.239990234375
2019-04-03,1291.85,15.165,862.0,1406.0,867.0,1453.0,3050.0,1480.0,267.0,7418.2998046875,2873.39990234375
2019-04-04,1291.6,15.085,882.0,1367.0,884.0,1417.0,3050.0,1480.0,267.0,7401.89990234375,2879.389892578125
2019-04-05,1288.9,15.195,903.0,1352.0,905.0,1375.0,3050.0,1480.0,267.0,7446.89990234375,2892.739990234375
2019-04-08,1297.1,15.14,914.0,1371.0,920.0,1393.0,3050.0,1480.0,267.0,7451.89990234375,2895.77001953125
2019-04-09,1301.85,15.255,904.0,1396.0,910.0,1398.0,3050.0,1480.0,267.0,7425.60009765625,2878.199951171875
2019-04-10,1304.8,15.245,891.0,1386.0,896.0,1395.0,3030.0,1480.0,267.0,7421.89990234375,2888.2099609375
2019-04-11,1304.65,15.16,898.0,1379.0,910.0,1388.0,3015.0,1480.0,267.0,7418.0,2888.320068359375
2019-04-12,1296.15,15.065,899.0,1365.0,902.0,1380.0,3000.0,1480.0,267.0,7437.10009765625,2907.409912109375
2019-04-15,1286.75,14.935,883.0,1364.0,890.0,1376.0,2980.0,1480.0,267.0,7436.89990234375,2905.580078125
2019-04-16,1283.75,14.945,888.0,1364.0,896.0,1372.0,2950.0,1480.0,267.0,7469.89990234375,2907.06005859375
2019-04-17,1276.1,15.0,886.0,1370.0,895.0,1373.0,2930.0,1480.0,267.0,7471.2998046875,2900.449951171875
2019-04-18,1276.5,14.955,890.0,1395.0,890.0,1395.0,2940.0,1480.0,267.0,7459.89990234375,2905.030029296875
2019-04-22,1276.5,14.955,890.0,1395.0,890.0,1395.0,2940.0,1480.0,267.0,7459.89990234375,2907.969970703125
2019-04-23,1273.45,14.975,886.0,1378.0,900.0,1385.0,2950.0,1480.0,267.0,7523.10009765625,2933.679931640625
2019-04-24,1273.8,14.805,885.0,1407.0,895.0,1398.0,2950.0,1480.0,267.0,7471.7998046875,2927.25
2019-04-25,1277.85,14.865,878.0,1418.0,890.0,1430.0,2950.0,1480.0,267.0,7434.10009765625,2926.169921875
2019-04-26,1281.5,15.0,889.0,1431.0,895.0,1423.0,2950.0,1480.0,267.0,7428.2001953125,2939.8798828125
2019-04-29,1282.15,14.97,896.0,1437.0,897.0,1466.0,2950.0,1480.0,267.0,7440.7001953125,2943.030029296875
2019-04-30,1285.15,14.985,889.0,1366.0,904.0,1376.0,2950.0,1480.0,267.0,7418.2001953125,2945.830078125
2019-05-01,1281.8,14.88,882.0,1363.0,890.0,1381.0,2950.0,1480.0,267.0,7385.2998046875,2923.72998046875
2019-05-02,1271.45,14.675,857.0,1358.0,867.0,1355.0,2950.0,1480.0,267.0,7351.2998046875,2917.52001953125
2019-05-03,1270.05,14.655,855.0,1359.0,860.0,1363.0,2950.0,1480.0,267.0,7380.60009765625,2945.639892578125
2019-05-06,1270.05,14.655,855.0,1359.0,860.0,1363.0,2950.0,1480.0,267.0,7380.60009765625,2932.469970703125
2019-05-07,1281.3,14.83,871.0,1332.0,884.0,1357.0,2950.0,1480.0,267.0,7260.5,2884.050048828125
2019-05-08,1287.75,14.93,868.0,1322.0,875.0,1330.0,2950.0,1480.0,267.0,7271.0,2879.419921875
2019-05-09,1284.1,14.82,851.0,1274.0,865.0,1315.0,2950.0,1480.0,267.0,7207.39990234375,2870.719970703125
2019-05-10,1285.4,14.795,857.0,1312.0,862.0,1315.0,2935.0,1480.0,267.0,7203.2998046875,2881.39990234375
2019-05-13,1282.95,14.66,860.0,1329.0,857.0,1341.0,2935.0,1480.0,267.0,7163.7001953125,2811.8701171875
2019-05-14,1297.6,14.755,857.0,1330.0,865.0,1336.0,2925.0,1480.0,267.0,7241.60009765625,2834.409912109375
2019-05-15,1298.9,14.815,846.0,1311.0,860.0,1336.0,2905.0,1480.0,267.0,7297.0,2850.9599609375
2019-05-16,1295.55,14.795,842.0,1335.0,855.0,1349.0,2905.0,1480.0,267.0,7353.5,2876.320068359375
2019-05-17,1285.8,14.48,823.0,1316.0,832.0,1329.0,2890.0,1480.0,267.0,7348.60009765625,2859.530029296875
2019-05-20,1275.25,14.415,812.0,1317.0,830.0,1330.0,2890.0,1480.0,267.0,7310.89990234375,2840.22998046875
2019-05-21,1276.0,14.43,811.0,1329.0,818.0,1343.0,2875.0,1480.0,267.0,7328.89990234375,2864.360107421875
2019-05-22,1274.0,14.435,805.0,1307.0,815.0,1325.0,2875.0,1480.0,267.0,7334.2001953125,2856.27001953125
2019-05-23,1275.95,14.48,798.0,1311.0,806.0,1318.0,2875.0,1480.0,267.0,7231.0,2822.239990234375
2019-05-24,1281.5,14.55,800.0,1329.0,810.0,1339.0,2860.0,1480.0,265.0,7277.7001953125,2826.06005859375
2019-05-28,1283.9,14.48,804.0,1342.0,815.0,1350.0,2840.0,1480.0,265.0,7269.0,2802.389892578125
2019-05-29,1283.5,14.375,796.0,1344.0,804.0,1353.0,2840.0,1480.0,265.0,7185.2998046875,2783.02001953125
2019-05-30,1276.45,14.4,791.0,1345.0,795.0,1346.0,2840.0,1480.0,265.0,7218.2001953125,2788.860107421875
2019-05-31,1296.0,14.48,791.0,1370.0,790.0,1374.0,2840.0,1480.0,265.0,7161.7001953125,2752.06005859375
2019-06-03,1313.95,14.705,800.0,1340.0,804.0,1348.0,2840.0,1480.0,260.0,7184.7998046875,2744.449951171875
2019-06-04,1323.6,14.72,816.0,1347.0,828.0,1333.0,2840.0,1480.0,258.0,7214.2998046875,2803.27001953125
2019-06-05,1337.75,14.84,827.0,1346.0,833.0,1356.0,2850.0,1480.0,253.0,7220.2001953125,2826.14990234375
2019-06-06,1336.65,14.955,802.0,1341.0,813.0,1348.0,2890.0,1480.0,253.0,7259.89990234375,2843.489990234375
2019-06-07,1334.3,14.91,804.0,1356.0,810.0,1363.0,2910.0,1480.0,253.0,7331.89990234375,2873.340087890625
2019-06-10,1328.6,14.745,803.0,1357.0,805.0,1360.0,2930.0,1480.0,253.0,7375.5,2886.72998046875
2019-06-11,1322.65,14.695,809.0,1398.0,807.0,1388.0,2980.0,1480.0,253.0,7398.5,2885.719970703125
2019-06-12,1336.65,14.79,812.0,1403.0,824.0,1399.0,3170.0,1480.0,253.0,7367.60009765625,2879.840087890625
2019-06-13,1335.8,14.795,809.0,1438.0,819.0,1424.0,3350.0,1480.0,253.0,7368.60009765625,2891.639892578125
2019-06-14,1352.45,15.025,806.0,1447.0,816.0,1460.0,3500.0,1480.0,253.0,7345.7998046875,2886.97998046875
2019-06-17,1333.2,14.78,795.0,1452.0,805.0,1470.0,3500.0,1480.0,253.0,7357.2998046875,2889.669921875
2019-06-18,1344.55,14.895,801.0,1491.0,800.0,1488.0,3430.0,1480.0,253.0,7443.0,2917.75
2019-06-19,1342.4,14.945,803.0,1505.0,806.0,1503.0,3390.0,1480.0,253.0,7403.5,2926.4599609375
2019-06-20,1381.65,15.33,815.0,1522.0,823.0,1527.0,3320.0,1480.0,253.0,7424.39990234375,2954.179931640625
2019-06-21,1388.35,15.29,803.0,1500.0,809.0,1489.0,3280.0,1480.0,253.0,7407.5,2950.4599609375
2019-06-24,1405.45,15.37,812.0,1518.0,816.0,1522.0,3215.0,1480.0,253.0,7416.7001953125,2945.35009765625
2019-06-25,1429.55,15.4,812.0,1525.0,817.0,1542.0,3185.0,1480.0,253.0,7422.39990234375,2917.3798828125
2019-06-26,1406.75,15.255,806.0,1536.0,810.0,1535.0,3170.0,1480.0,253.0,7416.39990234375,2913.780029296875
2019-06-27,1402.25,15.25,811.0,1531.0,817.0,1531.0,3170.0,1480.0,253.0,7402.2998046875,2924.919921875
2019-06-28,1413.2,15.22,818.0,1524.0,820.0,1547.0,3300.0,1480.0,253.0,7425.60009765625,2941.760009765625
2019-07-01,1390.05,15.26,843.0,1552.0,837.0,1549.0,3350.0,1480.0,253.0,7497.5,2964.330078125
2019-07-02,1393.1,15.17,830.0,1550.0,840.0,1562.0,3350.0,1480.0,253.0,7559.2001953125,2973.010009765625
2019-07-03,1425.1,15.31,833.0,1557.0,834.0,1564.0,3350.0,1480.0,253.0,7609.2998046875,2995.820068359375
2019-07-04,1415.25,15.28,836.0,1557.0,841.0,1570.0,3350.0,1480.0,253.0,7603.60009765625,2995.820068359375
2019-07-05,1414.4,15.21,833.0,1557.0,839.0,1573.0,3350.0,1480.0,253.0,7553.10009765625,2990.409912109375
2019-07-08,1404.9,15.07,833.0,1557.0,819.0,1576.0,3390.0,1480.0,253.0,7549.2998046875,2975.949951171875
2019-07-09,1387.9,15.025,809.0,1555.0,814.0,1549.0,3430.0,1480.0,253.0,7536.5,2979.6298828125
2019-07-10,1395.45,15.095,823.0,1580.0,815.0,1556.0,3500.0,1480.0,253.0,7530.7001953125,2993.070068359375
2019-07-11,1423.1,15.265,825.0,1577.0,834.0,1606.0,3565.0,1480.0,253.0,7509.7998046875,2999.909912109375
2019-07-12,1405.6,15.14,818.0,1554.0,832.0,1563.0,3575.0,1480.0,253.0,7506.0,3013.77001953125
2019-07-15,1416.25,15.32,843.0,1564.0,846.0,1570.0,3560.0,1480.0,253.0,7531.7001953125,3014.300048828125
2019-07-16,1416.1,15.395,844.0,1552.0,846.0,1562.0,3560.0,1480.0,253.0,7577.2001953125,3004.0400390625
2019-07-17,1400.8,15.61,837.0,1540.0,844.0,1529.0,3560.0,1480.0,253.0,7535.5,2984.419921875
2019-07-18,1420.9,16.03,844.0,1518.0,854.0,1547.0,3550.0,1480.0,253.0,7493.10009765625,2995.110107421875
2019-07-19,1437.05,16.315,854.0,1534.0,860.0,1529.0,3540.0,1480.0,253.0,7508.7001953125,2976.610107421875
2019-07-22,1424.45,16.385,849.0,1498.0,855.0,1515.0,3530.0,1480.0,253.0,7514.89990234375,2985.030029296875
2019-07-23,1417.55,16.43,853.0,1523.0,851.0,1526.0,3515.0,1480.0,253.0,7556.89990234375,3005.469970703125
2019-07-24,1425.55,16.535,869.0,1527.0,863.0,1536.0,3515.0,1480.0,253.0,7501.5,3019.56005859375
2019-07-25,1426.35,16.535,873.0,1528.0,886.0,1546.0,3515.0,1480.0,253.0,7489.10009765625,3003.669921875
2019-07-26,1418.25,16.44,865.0,1531.0,870.0,1539.0,3515.0,1480.0,253.0,7549.10009765625,3025.860107421875
2019-07-29,1418.95,16.39,869.0,1526.0,871.0,1540.0,3515.0,1480.0,253.0,7686.60009765625,3020.969970703125
2019-07-30,1428.45,16.455,877.0,1547.0,884.0,1553.0,3560.0,1480.0,253.0,7646.7998046875,3013.179931640625
2019-07-31,1430.55,16.475,873.0,1533.0,879.0,1535.0,3610.0,1480.0,250.0,7586.7998046875,2980.3798828125
2019-08-01,1406.4,16.005,844.0,1451.0,854.0,1517.0,3660.0,1480.0,250.0,7584.89990234375,2953.56005859375
2019-08-02,1436.05,16.195,841.0,1389.0,850.0,1436.0,3660.0,1480.0,250.0,7407.10009765625,2932.050048828125
2019-08-05,1457.45,16.485,856.0,1438.0,858.0,1427.0,3645.0,1480.0,250.0,7223.89990234375,2844.739990234375
2019-08-06,1461.85,16.385,852.0,1444.0,858.0,1441.0,3630.0,1480.0,250.0,7171.7001953125,2881.77001953125
2019-08-07,1487.65,16.82,851.0,1407.0,859.0,1449.0,3630.0,1480.0,250.0,7198.7001953125,2883.97998046875
2019-08-08,1497.4,17.02,850.0,1420.0,862.0,1425.0,3690.0,1480.0,250.0,7285.89990234375,2938.090087890625
2019-08-09,1503.5,17.0,863.0,1432.0,866.0,1434.0,3720.0,1480.0,250.0,7253.89990234375,2918.64990234375
2019-08-12,1501.95,16.955,857.0,1429.0,862.0,1437.0,3750.0,1480.0,250.0,7226.7001953125,2882.699951171875
2019-08-13,1527.2,17.445,857.0,1423.0,869.0,1446.0,3760.0,1480.0,250.0,7250.89990234375,2926.320068359375
2019-08-14,1500.35,17.115,851.0,1434.0,853.0,1456.0,3810.0,1480.0,250.0,7147.89990234375,2840.60009765625
2019-08-15,1517.65,17.29,837.0,1443.0,848.0,1442.0,3840.0,1480.0,250.0,7067.0,2847.60009765625
2019-08-16,1509.05,17.16,833.0,1458.0,841.0,1460.0,3885.0,1480.0,250.0,7117.2001953125,2888.679931640625
2019-08-19,1499.35,16.925,845.0,1460.0,853.0,1464.0,3910.0,1480.0,250.0,7189.7001953125,2923.64990234375
2019-08-20,1502.65,17.02,847.0,1493.0,860.0,1489.0,3930.0,1480.0,250.0,7125.0,2900.510009765625
2019-08-21,1499.65,17.11,853.0,1491.0,847.0,1499.0,3955.0,1480.0,250.0,7204.0,2924.429931640625
2019-08-22,1498.7,16.96,855.0,1478.0,856.0,1473.0,3955.0,1480.0,250.0,7128.2001953125,2922.949951171875
2019-08-23,1495.5,17.05,851.0,1460.0,865.0,1498.0,4025.0,1480.0,250.0,7095.0,2847.110107421875
2019-08-26,1495.5,17.05,851.0,1460.0,865.0,1498.0,4025.0,1480.0,250.0,7095.0,2878.3798828125
2019-08-27,1531.85,17.725,861.0,1484.0,860.0,1484.0,4140.0,1480.0,250.0,7089.60009765625,2869.159912109375
2019-08-28,1541.75,18.365,876.0,1463.0,876.0,1488.0,4360.0,1480.0,250.0,7114.7001953125,2887.93994140625
2019-08-29,1536.65,18.48,923.0,1483.0,918.0,1490.0,4530.0,1480.0,250.0,7184.2998046875,2924.580078125
2019-08-30,1536.65,18.48,923.0,1483.0,932.0,1495.0,4900.0,1480.0,250.0,7207.2001953125,2926.4599609375
2019-09-02,1523.35,18.35,928.0,1523.0,942.0,1547.0,5050.0,1480.0,250.0,7281.89990234375,2926.4599609375
2019-09-03,1532.45,18.475,941.0,1525.0,941.0,1545.0,5050.0,1480.0,250.0,7268.2001953125,2906.27001953125
2019-09-04,1538.8,19.305,977.0,1560.0,970.0,1552.0,5050.0,1480.0,250.0,7311.2998046875,2937.780029296875
2019-09-05,1542.6,19.22,976.0,1567.0,987.0,1566.0,4900.0,1480.0,250.0,7271.2001953125,2976.0
2019-09-06,1504.95,18.145,947.0,1541.0,946.0,1558.0,4625.0,1480.0,250.0,7282.2998046875,2978.7099609375
2019-09-09,1509.95,18.17,959.0,1562.0,953.0,1552.0,4400.0,1480.0,250.0,7235.7998046875,2978.429931640625
2019-09-10,1494.6,17.99,939.0,1565.0,944.0,1550.0,4400.0,1480.0,250.0,7268.0,2979.389892578125
2019-09-11,1493.65,18.165,940.0,1584.0,943.0,1572.0,4475.0,1480.0,250.0,7338.0,3000.929931640625
2019-09-12,1502.95,18.19,948.0,1600.0,958.0,1604.0,4800.0,1480.0,250.0,7344.7001953125,3009.570068359375
2019-09-13,1506.3,18.145,956.0,1600.0,954.0,1615.0,5000.0,1480.0,250.0,7367.5,3007.389892578125
2019-09-16,1502.05,17.835,947.0,1603.0,960.0,1633.0,5000.0,1480.0,250.0,7321.39990234375,2997.9599609375
2019-09-17,1499.3,17.84,938.0,1595.0,938.0,1607.0,5000.0,1480.0,250.0,7320.39990234375,3005.699951171875
2019-09-18,1502.2,17.85,939.0,1594.0,940.0,1603.0,4900.0,1480.0,250.0,7314.10009765625,3006.72998046875
2019-09-19,1498.4,17.755,935.0,1608.0,935.0,1602.0,4900.0,1480.0,250.0,7356.39990234375,3006.7900390625
2019-09-20,1504.1,17.88,940.0,1646.0,950.0,1650.0,5325.0,1480.0,250.0,7344.89990234375,2992.070068359375
2019-09-23,1519.5,18.38,956.0,1651.0,958.0,1665.0,5400.0,1480.0,250.0,7326.10009765625,2991.780029296875
2019-09-24,1520.25,18.56,954.0,1664.0,960.0,1665.0,5400.0,1480.0,250.0,7291.39990234375,2966.60009765625
2019-09-25,1530.85,18.57,945.0,1628.0,955.0,1680.0,5400.0,1480.0,250.0,7290.0,2984.8701171875
2019-09-26,1507.05,17.97,932.0,1663.0,934.0,1657.0,5370.0,1480.0,250.0,7351.10009765625,2977.6201171875
2019-09-27,1496.15,17.52,925.0,1670.0,934.0,1665.0,5350.0,1480.0,250.0,7426.2001953125,2961.7900390625
2019-09-30,1487.6,17.255,900.0,1674.0,934.0,1704.0,5300.0,1480.0,250.0,7408.2001953125,2976.739990234375
2019-10-01,1466.1,17.11,881.0,1660.0,885.0,1675.0,5300.0,1480.0,250.0,7360.2998046875,2940.25
2019-10-02,1484.05,17.26,879.0,1676.0,879.0,1648.0,5250.0,1480.0,250.0,7122.5,2887.610107421875
2019-10-03,1504.0,17.6,893.0,1670.0,893.0,1698.0,5250.0,1480.0,250.0,7077.60009765625,2910.6298828125
2019-10-04,1509.5,17.605,873.0,1661.0,890.0,1666.0,5200.0,1480.0,250.0,7155.39990234375,2952.010009765625
2019-10-07,1502.15,17.425,885.0,1662.0,880.0,1666.0,5200.0,1480.0,250.0,7197.89990234375,2938.7900390625
2019-10-08,1500.0,17.555,887.0,1642.0,888.0,1660.0,5150.0,1480.0,250.0,7143.2001953125,2893.06005859375
2019-10-09,1503.4,17.78,883.0,1687.0,893.0,1674.0,5150.0,1480.0,250.0,7166.5,2919.39990234375
2019-10-10,1508.2,17.75,891.0,1694.0,894.0,1690.0,5150.0,1480.0,250.0,7186.39990234375,2938.1298828125
2019-10-11,1498.35,17.6,888.0,1700.0,908.0,1706.0,5300.0,1480.0,250.0,7247.10009765625,2970.27001953125
2019-10-14,1494.2,17.605,898.0,1697.0,895.0,1710.0,5300.0,1480.0,250.0,7213.5,2966.14990234375
2019-10-15,1494.75,17.67,891.0,1741.0,895.0,1727.0,5340.0,1480.0,250.0,7211.60009765625,2995.679931640625
2019-10-16,1482.55,17.255,888.0,1763.0,886.0,1744.0,5450.0,1480.0,250.0,7168.0,2989.68994140625
2019-10-17,1484.45,17.45,886.0,1762.0,887.0,1787.0,5550.0,1480.0,250.0,7182.2998046875,2997.949951171875
2019-10-18,1487.5,17.435,886.0,1763.0,888.0,1768.0,5550.0,1480.0,250.0,7150.60009765625,2986.199951171875
2019-10-21,1490.85,17.725,895.0,1771.0,897.0,1774.0,5550.0,1480.0,250.0,7163.60009765625,3006.719970703125
2019-10-22,1487.45,17.625,887.0,1754.0,892.0,1766.0,5550.0,1480.0,250.0,7212.5,2995.989990234375
2019-10-23,1494.25,17.535,896.0,1753.0,896.0,1764.0,5525.0,1480.0,250.0,7260.7001953125,3004.52001953125
2019-10-24,1488.85,17.53,927.0,1764.0,925.0,1757.0,5500.0,1480.0,250.0,7328.2998046875,3010.2900390625
2019-10-25,1504.65,18.125,931.0,1778.0,936.0,1785.0,5490.0,1480.0,250.0,7324.5,3022.550048828125
2019-10-28,1505.05,18.055,921.0,1790.0,933.0,1788.0,5450.0,1480.0,250.0,7331.2998046875,3039.419921875
2019-10-29,1492.75,17.66,918.0,1780.0,923.0,1805.0,5425.0,1480.0,250.0,7306.2998046875,3036.889892578125
2019-10-30,1490.15,17.955,917.0,1788.0,926.0,1800.0,5410.0,1480.0,250.0,7330.7998046875,3046.77001953125
2019-10-31,1506.4,18.055,936.0,1794.0,933.0,1818.0,5390.0,1480.0,250.0,7248.39990234375,3037.56005859375
2019-11-01,1509.85,18.12,935.0,1801.0,937.0,1800.0,5375.0,1480.0,250.0,7302.39990234375,3066.909912109375
2019-11-04,1509.2,18.185,947.0,1797.0,960.0,1823.0,5375.0,1480.0,250.0,7369.7001953125,3078.27001953125
2019-11-05,1504.6,18.045,925.0,1774.0,939.0,1787.0,5375.0,1480.0,250.0,7388.10009765625,3074.6201171875
2019-11-06,1488.55,17.54,930.0,1798.0,933.0,1783.0,5375.0,1480.0,250.0,7396.7001953125,3076.780029296875
2019-11-07,1484.1,17.53,929.0,1804.0,939.0,1810.0,5400.0,1480.0,250.0,7406.39990234375,3085.179931640625
2019-11-08,1466.85,16.81,888.0,1768.0,903.0,1802.0,5500.0,1480.0,250.0,7359.39990234375,3093.080078125
2019-11-11,1465.5,16.88,881.0,1706.0,895.0,1754.0,5525.0,1480.0,250.0,7328.5,3087.010009765625
2019-11-12,1455.0,16.735,869.0,1698.0,880.0,1703.0,5550.0,1480.0,250.0,7365.39990234375,3091.840087890625
2019-11-13,1463.45,16.95,867.0,1706.0,880.0,1734.0,5550.0,1480.0,250.0,7351.2001953125,3094.0400390625
2019-11-14,1467.65,17.035,872.0,1722.0,881.0,1738.0,5600.0,1480.0,250.0,7292.7998046875,3096.6298828125
2019-11-15,1465.6,16.87,883.0,1725.0,882.0,1741.0,5825.0,1480.0,250.0,7302.89990234375,3120.4599609375
2019-11-18,1458.4,16.795,887.0,1716.0,890.0,1721.0,5950.0,1480.0,250.0,7307.7001953125,3122.030029296875
2019-11-19,1464.9,17.125,902.0,1758.0,901.0,1726.0,6000.0,1480.0,250.0,7323.7998046875,3120.179931640625
2019-11-20,1475.7,17.115,914.0,1767.0,920.0,1775.0,6000.0,1480.0,250.0,7262.5,3108.4599609375
2019-11-21,1468.9,17.09,919.0,1764.0,919.0,1768.0,6000.0,1480.0,250.0,7238.60009765625,3103.5400390625
2019-11-22,1471.3,17.175,901.0,1765.0,918.0,1773.0,6000.0,1480.0,250.0,7326.7998046875,3110.2900390625
2019-11-25,1459.45,16.87,892.0,1794.0,898.0,1794.0,6000.0,1480.0,250.0,7396.2998046875,3133.639892578125
2019-11-26,1457.65,16.935,900.0,1792.0,905.0,1818.0,6000.0,1480.0,250.0,7403.10009765625,3140.52001953125
2019-11-27,1459.8,17.055,901.0,1803.0,908.0,1813.0,5975.0,1480.0,250.0,7429.7998046875,3153.6298828125
2019-11-28,1457.55,16.945,890.0,1833.0,897.0,1839.0,5950.0,1480.0,250.0,7416.39990234375,3153.6298828125
2019-11-29,1456.35,16.965,894.0,1832.0,899.0,1848.0,5900.0,1480.0,250.0,7346.5,3140.97998046875
2019-12-02,1457.5,16.875,897.0,1858.0,899.0,1848.0,5900.0,1480.0,250.0,7285.89990234375,3113.8701171875
2019-12-03,1470.4,17.01,899.0,1849.0,906.0,1866.0,5900.0,1480.0,250.0,7158.7998046875,3093.199951171875
2019-12-04,1475.85,17.13,908.0,1860.0,918.0,1871.0,5900.0,1480.0,250.0,7188.5,3112.760009765625
2019-12-05,1474.6,16.87,889.0,1850.0,897.0,1871.0,5925.0,1480.0,250.0,7137.89990234375,3117.429931640625
2019-12-06,1474.85,16.94,898.0,1872.0,903.0,1877.0,5950.0,1480.0,250.0,7239.7001953125,3145.909912109375
2019-12-09,1463.6,16.62,898.0,1891.0,895.0,1884.0,6030.0,1480.0,250.0,7233.89990234375,3135.9599609375
2019-12-10,1464.45,16.675,918.0,1897.0,908.0,1898.0,6050.0,1480.0,250.0,7213.7998046875,3132.52001953125
2019-12-11,1468.05,16.66,926.0,1912.0,925.0,1907.0,6050.0,1480.0,250.0,7216.2998046875,3141.6298828125
2019-12-12,1474.7,16.865,944.0,1937.0,943.0,1930.0,6050.0,1480.0,250.0,7273.5,3168.570068359375
2019-12-13,1470.6,16.935,933.0,1971.0,943.0,1987.0,6150.0,1480.0,250.0,7353.39990234375,3168.800048828125
2019-12-16,1477.4,17.02,932.0,1964.0,937.0,1969.0,6150.0,1480.0,250.0,7519.10009765625,3191.449951171875
2019-12-17,1478.4,17.06,928.0,1950.0,934.0,2003.0,6150.0,1480.0,250.0,7525.2998046875,3192.52001953125
2019-12-18,1478.9,16.995,926.0,1936.0,934.0,1962.0,6150.0,1480.0,250.0,7540.7998046875,3191.139892578125
2019-12-19,1474.4,16.94,933.0,1929.0,931.0,1936.0,6100.0,1480.0,250.0,7573.7998046875,3205.3701171875
2019-12-20,1476.9,17.035,936.0,1930.0,936.0,1953.0,6075.0,1480.0,250.0,7582.5,3221.219970703125
2019-12-23,1483.95,17.375,916.0,1853.0,927.0,1884.0,6075.0,1480.0,250.0,7623.60009765625,3224.010009765625
2019-12-24,1483.95,17.375,916.0,1853.0,945.0,1885.0,6075.0,1480.0,250.0,7632.2001953125,3223.3798828125
2019-12-26,1483.95,17.375,916.0,1853.0,945.0,1885.0,6075.0,1480.0,250.0,7632.2001953125,3239.909912109375
2019-12-27,1510.6,17.825,946.0,1901.0,953.0,1917.0,6075.0,1480.0,250.0,7644.89990234375,3240.02001953125
2019-12-30,1511.5,17.825,952.0,1905.0,958.0,1915.0,6060.0,1480.0,250.0,7587.10009765625,3221.2900390625
2019-12-31,1523.0,18.045,952.0,1905.0,977.0,1926.0,6050.0,1480.0,250.0,7542.39990234375,3230.780029296875
2020-01-02,1520.55,17.925,987.0,1946.0,984.0,1962.0,6050.0,1480.0,250.0,7604.2998046875,3257.85009765625
2020-01-03,1547.4,18.21,983.0,1977.0,992.0,1975.0,6150.0,1480.0,250.0,7622.39990234375,3234.85009765625
2020-01-06,1576.85,18.44,983.0,2016.0,990.0,2024.0,6350.0,1480.0,250.0,7575.2998046875,3246.280029296875
2020-01-07,1566.5,18.145,961.0,2030.0,973.0,2034.0,6925.0,1480.0,250.0,7573.89990234375,3237.179931640625
2020-01-08,1582.85,18.42,972.0,2103.0,968.0,2087.0,7950.0,1480.0,250.0,7574.89990234375,3253.050048828125
2020-01-09,1547.85,17.91,958.0,2119.0,959.0,2110.0,8200.0,1480.0,250.0,7598.10009765625,3274.699951171875
2020-01-10,1548.8,17.915,969.0,2110.0,977.0,2133.0,8000.0,1480.0,250.0,7587.89990234375,3265.35009765625
2020-01-13,1550.35,17.985,977.0,2134.0,974.0,2125.0,7975.0,1480.0,250.0,7617.60009765625,3288.1298828125
2020-01-14,1544.95,17.77,972.0,2152.0,974.0,2153.0,7925.0,1480.0,250.0,7622.39990234375,3283.14990234375
2020-01-15,1551.9,17.85,1013.0,2231.0,1009.0,2226.0,7950.0,1480.0,250.0,7642.7998046875,3289.2900390625
2020-01-16,1555.2,18.01,1017.0,2323.0,1029.0,2330.0,8100.0,1480.0,250.0,7609.7998046875,3316.81005859375
2020-01-17,1556.5,18.06,1016.0,2465.0,1019.0,2390.0,8750.0,1480.0,250.0,7674.60009765625,3329.6201171875
2020-01-20,1559.25,18.055,1016.0,2533.0,1034.0,2580.0,9100.0,1480.0,250.0,7651.39990234375,3329.6201171875
2020-01-21,1556.25,17.985,994.0,2420.0,1008.0,2507.0,9800.0,1480.0,250.0,7610.7001953125,3320.7900390625
2020-01-22,1558.1,17.77,1003.0,2425.0,1006.0,2480.0,9985.0,1480.0,250.0,7571.89990234375,3321.75
2020-01-23,1554.05,17.6,1001.0,2410.0,1013.0,2505.0,9985.0,1480.0,250.0,7507.7001953125,3325.5400390625
2020-01-24,1561.85,17.83,1013.0,2455.0,1014.0,2487.0,9985.0,1480.0,250.0,7586.0,3295.469970703125
2020-01-27,1583.45,18.295,988.0,2330.0,1002.0,2391.0,9985.0,1480.0,250.0,7412.10009765625,3243.6298828125
2020-01-28,1579.6,17.975,982.0,2261.0,994.0,2330.0,9985.0,1480.0,250.0,7480.7001953125,3276.239990234375
2020-01-29,1571.2,17.47,984.0,2279.0,998.0,2330.0,9985.0,1480.0,250.0,7483.60009765625,3273.39990234375
2020-01-30,1580.4,17.725,974.0,2279.0,974.0,2301.0,10025.0,1480.0,250.0,7382.0,3283.659912109375
2020-01-31,1580.85,17.885,959.0,2295.0,983.0,2328.0,10175.0,1480.0,250.0,7286.0,3225.52001953125
2020-02-03,1578.85,17.77,966.0,2300.0,958.0,2285.0,10350.0,1490.0,250.0,7326.2998046875,3248.919921875
2020-02-04,1571.2,17.73,964.0,2400.0,987.0,2428.0,10525.0,1490.0,250.0,7439.7998046875,3297.590087890625
2020-02-05,1552.2,17.62,974.0,2439.0,976.0,2500.0,10775.0,1490.0,250.0,7482.5,3334.68994140625
2020-02-06,1564.75,17.765,977.0,2416.0,984.0,2447.0,10775.0,1490.0,250.0,7504.7998046875,3345.780029296875
2020-02-07,1568.3,17.77,971.0,2298.0,969.0,2356.0,10775.0,1490.0,250.0,7466.7001953125,3327.7099609375
2020-02-10,1574.05,17.785,967.0,2366.0,978.0,2370.0,10775.0,1490.0,250.0,7446.89990234375,3352.090087890625
2020-02-11,1567.7,17.705,964.0,2334.0,970.0,2365.0,10775.0,1490.0,250.0,7499.39990234375,3357.75
2020-02-12,1566.75,17.56,962.0,2343.0,972.0,2347.0,10850.0,1500.0,250.0,7534.39990234375,3379.449951171875
2020-02-13,1575.0,17.64,965.0,2412.0,972.0,2410.0,10975.0,1500.0,250.0,7452.0,3373.93994140625
2020-02-14,1576.35,17.705,972.0,2458.0,977.0,2456.0,11075.0,1500.0,250.0,7409.10009765625,3380.159912109375
2020-02-17,1580.3,17.8,967.0,2492.0,974.0,2460.0,11600.0,1500.0,250.0,7433.2998046875,3380.159912109375
2020-02-18,1588.2,17.885,980.0,2540.0,982.0,2540.0,11800.0,1500.0,250.0,7382.0,3370.2900390625
2020-02-19,1609.5,18.345,1005.0,2781.0,1016.0,2835.0,12300.0,1510.0,250.0,7457.0,3386.14990234375
2020-02-20,1610.35,18.385,986.0,2708.0,1000.0,2730.0,12700.0,1510.0,250.0,7436.60009765625,3373.22998046875
2020-02-21,1633.7,18.56,976.0,2691.0,986.0,2718.0,12700.0,1510.0,250.0,7403.89990234375,3337.75
2020-02-24,1682.35,18.775,964.0,2663.0,980.0,2725.0,12800.0,1510.0,250.0,7156.7998046875,3225.889892578125
2020-02-25,1655.9,18.33,960.0,2670.0,973.0,2722.0,12900.0,1510.0,250.0,7017.89990234375,3128.2099609375
2020-02-26,1647.95,18.075,919.0,2710.0,939.0,2762.0,12950.0,1510.0,250.0,7042.5,3116.389892578125
2020-02-27,1646.6,18.05,912.0,2755.0,925.0,2840.0,12950.0,1510.0,250.0,6796.39990234375,2978.760009765625
2020-02-28,1626.35,17.185,871.0,2719.0,890.0,2805.0,12950.0,1510.0,250.0,6580.60009765625,2954.219970703125
2020-03-02,1609.7,16.915,857.0,2523.0,886.0,2695.0,12600.0,1510.0,250.0,6654.89990234375,3090.22998046875
2020-03-03,1599.05,16.81,862.0,2470.0,876.0,2582.0,12300.0,1510.0,250.0,6718.2001953125,3003.3701171875
2020-03-04,1644.8,17.25,877.0,2443.0,882.0,2480.0,12300.0,1510.0,250.0,6815.60009765625,3130.1201171875
2020-03-05,1647.45,17.2,866.0,2482.0,872.0,2530.0,12200.0,1510.0,250.0,6705.39990234375,3023.93994140625
2020-03-06,1687.0,17.48,895.0,2571.0,873.0,2535.0,12200.0,1510.0,250.0,6462.60009765625,2972.3701171875
2020-03-09,1676.6,16.885,870.0,2489.0,877.0,2420.0,13300.0,1510.0,250.0,5965.7998046875,2746.56005859375
2020-03-10,1657.4,17.07,869.0,2435.0,884.0,2530.0,13800.0,1510.0,250.0,5960.2001953125,2882.22998046875
2020-03-11,1662.5,17.02,879.0,2379.0,884.0,2395.0,13800.0,1510.0,250.0,5876.5,2741.3798828125
2020-03-12,1636.65,16.525,809.0,2040.0,861.0,2277.0,13800.0,1510.0,250.0,5237.5,2480.639892578125
2020-03-13,1588.15,15.77,782.0,1744.0,805.0,2010.0,13200.0,1510.0,250.0,5366.10009765625,2711.02001953125
2020-03-16,1504.65,12.965,677.0,1557.0,738.0,1832.0,12400.0,1510.0,250.0,5151.10009765625,2386.1298828125
2020-03-17,1472.35,12.44,651.0,1602.0,646.0,1615.0,10750.0,1510.0,250.0,5294.89990234375,2529.18994140625
2020-03-18,1506.0,12.42,631.0,1598.0,670.0,1630.0,9000.0,1510.0,250.0,5080.60009765625,2398.10009765625
2020-03-19,1480.7,12.005,593.0,1709.0,621.0,1613.0,7000.0,1510.0,250.0,5151.60009765625,2409.389892578125
2020-03-20,1504.45,12.63,614.0,1635.0,634.0,1720.0,6500.0,1510.0,250.0,5190.7998046875,2304.919921875
2020-03-23,1494.5,12.51,623.0,1650.0,623.0,1660.0,6000.0,1510.0,250.0,4993.89990234375,2237.39990234375
2020-03-24,1599.5,13.625,684.0,1955.0,678.0,1875.0,5500.0,1510.0,250.0,5446.0,2447.330078125
2020-03-25,1620.95,13.965,722.0,2045.0,737.0,2050.0,6700.0,1510.0,250.0,5688.2001953125,2475.56005859375
2020-03-26,1620.1,14.415,742.0,2267.0,725.0,2330.0,8500.0,1510.0,250.0,5815.7001953125,2630.070068359375
2020-03-27,1621.2,14.315,742.0,2253.0,748.0,2405.0,10500.0,1510.0,250.0,5510.2998046875,2541.469970703125
2020-03-30,1624.45,14.055,726.0,2242.0,728.0,2278.0,10700.0,1510.0,250.0,5563.7001953125,2626.64990234375
2020-03-31,1604.65,13.93,727.0,2307.0,730.0,2310.0,10700.0,1520.0,260.0,5672.0,2584.590087890625
2020-04-01,1594.25,14.015,714.0,2236.0,730.0,2330.0,10700.0,1520.0,260.0,5454.60009765625,2470.5
2020-04-02,1588.05,14.175,727.0,2123.0,730.0,2352.0,10200.0,1520.0,260.0,5480.2001953125,2526.89990234375
2020-04-03,1609.75,14.39,714.0,2140.0,730.0,2260.0,9900.0,1520.0,260.0,5415.5,2488.64990234375
2020-04-06,1636.6,14.555,733.0,2110.0,743.0,2252.0,8900.0,1520.0,260.0,5582.39990234375,2663.679931640625
2020-04-07,1652.2,15.075,741.0,2175.0,748.0,2210.0,8300.0,1520.0,260.0,5704.5,2659.409912109375
2020-04-08,1649.05,15.065,741.0,2180.0,748.0,2238.0,7700.0,1525.0,265.0,5677.7001953125,2749.97998046875
2020-04-09,1662.5,15.175,735.0,2166.0,749.0,2218.0,7200.0,1525.0,270.0,5842.7001953125,2789.820068359375
2020-04-13,1662.5,15.175,735.0,2166.0,749.0,2218.0,7200.0,1525.0,270.0,5842.7001953125,2761.6298828125
2020-04-14,1715.85,15.51,761.0,2189.0,776.0,2274.0,7200.0,1525.0,270.0,5791.2998046875,2846.06005859375
2020-04-15,1712.25,15.57,778.0,2152.0,778.0,2260.0,8000.0,1525.0,270.0,5597.7001953125,2783.360107421875
2020-04-16,1717.85,15.5,790.0,2139.0,800.0,2247.0,9400.0,1540.0,270.0,5628.39990234375,2799.550048828125
2020-04-17,1693.15,15.16,780.0,2154.0,786.0,2207.0,9400.0,1540.0,270.0,5787.0,2874.56005859375
2020-04-20,1684.95,15.15,779.0,2150.0,790.0,2235.0,9400.0,1560.0,270.0,5812.7998046875,2823.159912109375
2020-04-21,1678.6,14.97,715.0,1850.0,777.0,2180.0,9200.0,1560.0,270.0,5641.0,2736.56005859375
2020-04-22,1702.65,14.91,764.0,1955.0,760.0,1990.0,8100.0,1575.0,270.0,5770.60009765625,2799.31005859375
2020-04-23,1727.55,15.305,765.0,1990.0,770.0,1998.0,8200.0,1575.0,270.0,5826.60009765625,2797.800048828125
2020-04-24,1727.25,15.315,763.0,2005.0,778.0,2038.0,8200.0,1575.0,270.0,5752.2001953125,2836.739990234375
2020-04-27,1717.25,15.205,764.0,1943.0,772.0,2050.0,8200.0,1575.0,270.0,5846.7998046875,2878.47998046875
2020-04-28,1708.1,15.145,775.0,1888.0,770.0,1987.0,8200.0,1575.0,270.0,5958.5,2863.389892578125
2020-04-29,1706.0,15.165,780.0,1932.0,788.0,2011.0,8300.0,1575.0,270.0,6115.2998046875,2939.510009765625
2020-04-30,1706.0,15.165,780.0,1932.0,787.0,2033.0,7900.0,1575.0,270.0,5901.2001953125,2912.429931640625
2020-05-01,1673.05,14.845,765.0,1934.0,774.0,1950.0,7500.0,1575.0,270.0,5763.10009765625,2830.7099609375
2020-05-04,1703.7,14.93,765.0,1895.0,768.0,1942.0,7500.0,1575.0,270.0,5753.7998046875,2842.739990234375
2020-05-05,1696.3,14.75,761.0,1770.0,770.0,1875.0,7300.0,1575.0,270.0,5849.39990234375,2868.43994140625
2020-05-06,1698.9,15.075,745.0,1785.0,780.0,1840.0,7000.0,1575.0,270.0,5853.7998046875,2848.419921875
2020-05-07,1688.65,14.98,758.0,1810.0,764.0,1860.0,7000.0,1575.0,270.0,5936.0,2881.18994140625
2020-05-08,1688.65,14.98,758.0,1810.0,764.0,1860.0,7000.0,1575.0,270.0,5936.0,2929.800048828125
2020-05-11,1698.8,15.445,757.0,1830.0,780.0,1960.0,7000.0,1575.0,270.0,5939.7001953125,2930.18994140625
2020-05-12,1703.45,15.485,767.0,1835.0,774.0,1895.0,7250.0,1575.0,270.0,5994.7998046875,2870.1201171875
2020-05-13,1699.85,15.56,768.0,1830.0,767.0,1885.0,7250.0,1575.0,270.0,5904.10009765625,2820.0
2020-05-14,1716.4,15.53,758.0,1785.0,776.0,1862.0,7250.0,1575.0,270.0,5741.5,2852.5
2020-05-15,1734.85,16.25,768.0,1840.0,784.0,1863.0,7250.0,1575.0,270.0,5799.7998046875,2863.699951171875
2020-05-18,1756.9,17.35,814.0,2000.0,822.0,2020.0,7250.0,1575.0,270.0,6048.60009765625,2953.909912109375
2020-05-19,1735.25,17.12,823.0,2033.0,830.0,2060.0,7400.0,1585.0,270.0,6002.2001953125,2922.93994140625
2020-05-20,1750.05,17.47,844.0,2083.0,861.0,2080.0,8575.0,1610.0,270.0,6067.2001953125,2971.610107421875
2020-05-21,1732.8,17.205,851.0,2078.0,862.0,2115.0,8700.0,1620.0,270.0,6015.2998046875,2948.510009765625
2020-05-22,1732.45,17.0,835.0,1915.0,845.0,2044.0,8600.0,1620.0,270.0,5993.2998046875,2955.449951171875
2020-05-26,1722.75,17.3,832.0,1939.0,868.0,2060.0,8600.0,1620.0,270.0,6067.7998046875,2991.77001953125
2020-05-27,1705.15,17.19,818.0,1936.0,852.0,2012.0,8700.0,1620.0,270.0,6144.2998046875,3036.1298828125
2020-05-28,1723.3,17.34,821.0,1920.0,850.0,2010.0,8950.0,1630.0,270.0,6218.7998046875,3029.72998046875
2020-05-29,1725.65,17.59,825.0,1920.0,853.0,1960.0,9000.0,1630.0,270.0,6076.60009765625,3044.31005859375
2020-06-01,1734.8,18.16,831.0,1925.0,857.0,1995.0,9000.0,1635.0,270.0,6166.39990234375,3055.72998046875
2020-06-02,1740.25,18.27,845.0,1968.0,858.0,1987.0,8900.0,1635.0,270.0,6220.10009765625,3080.820068359375
2020-06-03,1717.6,17.86,826.0,1955.0,855.0,1990.0,8600.0,1635.0,270.0,6382.39990234375,3122.8701171875
2020-06-04,1706.45,17.75,834.0,1915.0,847.0,1968.0,8500.0,1635.0,270.0,6341.39990234375,3112.35009765625
2020-06-05,1709.55,17.58,823.0,1925.0,852.0,1964.0,8500.0,1635.0,270.0,6484.2998046875,3193.929931640625
2020-06-08,1692.0,17.63,838.0,1995.0,845.0,1959.0,8500.0,1635.0,270.0,6472.60009765625,3232.389892578125
2020-06-09,1707.5,17.63,833.0,1960.0,843.0,2016.0,8750.0,1635.0,270.0,6335.7001953125,3207.179931640625
2020-06-10,1717.65,17.715,838.0,1970.0,858.0,1985.0,8750.0,1635.0,270.0,6329.10009765625,3190.139892578125
2020-06-11,1731.9,17.875,820.0,1915.0,842.0,1958.0,8850.0,1635.0,270.0,6076.7001953125,3002.10009765625
2020-06-12,1735.85,17.625,822.0,1935.0,830.0,1962.0,8850.0,1635.0,270.0,6105.2001953125,3041.31005859375
2020-06-15,1710.4,17.085,796.0,1900.0,823.0,1946.0,8850.0,1635.0,270.0,6064.7001953125,3066.590087890625
2020-06-16,1728.35,17.41,823.0,1952.0,830.0,1990.0,8850.0,1635.0,270.0,6242.7998046875,3124.739990234375
2020-06-17,1717.3,17.47,819.0,1903.0,833.0,1960.0,8650.0,1635.0,270.0,6253.2998046875,3113.489990234375
2020-06-18,1732.65,17.615,814.0,1919.0,828.0,1973.0,8500.0,1635.0,270.0,6224.10009765625,3115.340087890625
2020-06-19,1728.55,17.525,820.0,1888.0,823.0,1946.0,8200.0,1640.0,270.0,6292.60009765625,3097.739990234375
2020-06-22,1745.45,17.86,820.0,1894.0,823.0,1943.0,8200.0,1640.0,270.0,6244.60009765625,3117.860107421875
2020-06-23,1756.6,17.81,822.0,1930.0,834.0,1970.0,8000.0,1640.0,270.0,6320.10009765625,3131.2900390625
2020-06-24,1775.7,17.855,811.0,1910.0,839.0,1946.0,8000.0,1640.0,270.0,6123.7001953125,3050.330078125
2020-06-25,1758.55,17.53,797.0,1836.0,810.0,1902.0,8000.0,1640.0,270.0,6147.10009765625,3083.760009765625
2020-06-26,1762.1,17.83,799.0,1847.0,816.0,1893.0,8000.0,1640.0,270.0,6159.2998046875,3009.050048828125
2020-06-29,1768.8,17.905,812.0,1905.0,815.0,1912.0,8000.0,1640.0,270.0,6225.7998046875,3053.239990234375
2020-06-30,1770.7,17.845,814.0,1905.0,821.0,1931.0,8000.0,1640.0,270.0,6169.7001953125,3100.2900390625
2020-07-01,1787.4,18.22,823.0,1920.0,843.0,1968.0,8000.0,1645.0,270.0,6158.0,3115.860107421875
2020-07-02,1771.85,17.925,813.0,1905.0,835.0,1955.0,8000.0,1645.0,270.0,6240.39990234375,3130.010009765625
2020-07-03,1774.65,18.02,808.0,1905.0,825.0,1925.0,8000.0,1645.0,270.0,6157.2998046875,3130.010009765625
2020-07-06,1774.4,18.255,827.0,1925.0,830.0,1960.0,8150.0,1645.0,270.0,6285.89990234375,3179.719970703125
2020-07-07,1775.5,18.02,830.0,1920.0,830.0,1946.0,8450.0,1645.0,270.0,6189.89990234375,3145.320068359375
2020-07-08,1799.35,18.485,844.0,1940.0,854.0,1953.0,8600.0,1645.0,270.0,6156.2001953125,3169.93994140625
2020-07-09,1812.45,18.835,856.0,1970.0,863.0,1974.0,8750.0,1645.0,270.0,6049.60009765625,3152.050048828125
2020-07-10,1805.75,18.77,835.0,1944.0,840.0,1970.0,8750.0,1645.0,270.0,6095.39990234375,3185.0400390625
2020-07-13,1808.05,19.095,845.0,1991.0,848.0,2015.0,8750.0,1645.0,270.0,6176.2001953125,3155.219970703125
2020-07-14,1798.2,18.895,823.0,1978.0,838.0,2000.0,8400.0,1645.0,270.0,6179.7998046875,3197.52001953125
2020-07-15,1809.3,19.33,833.0,1957.0,843.0,1997.0,8450.0,1645.0,270.0,6292.7001953125,3226.56005859375
2020-07-16,1804.6,19.245,822.0,1992.0,833.0,2007.0,8525.0,1645.0,270.0,6250.7001953125,3215.570068359375
2020-07-17,1802.9,19.16,824.0,2023.0,830.0,1994.0,8700.0,1645.0,270.0,6290.2998046875,3224.72998046875
2020-07-20,1810.3,19.44,845.0,2040.0,850.0,2048.0,8800.0,1645.0,270.0,6261.5,3251.840087890625
2020-07-21,1823.2,20.555,873.0,2160.0,856.0,2097.0,8900.0,1645.0,270.0,6269.7001953125,3257.300048828125
2020-07-22,1851.0,22.245,892.0,2142.0,883.0,2176.0,8900.0,1645.0,270.0,6207.10009765625,3276.02001953125
2020-07-23,1882.35,22.86,906.0,2126.0,933.0,2192.0,8850.0,1645.0,270.0,6211.39990234375,3235.659912109375
2020-07-24,1893.85,22.475,925.0,2185.0,917.0,2149.0,8725.0,1645.0,270.0,6123.7998046875,3215.6298828125
2020-07-27,1940.55,24.375,928.0,2304.0,951.0,2260.0,8675.0,1645.0,270.0,6104.89990234375,3239.409912109375
2020-07-28,1931.65,23.545,943.0,2267.0,935.0,2316.0,8750.0,1645.0,270.0,6129.2998046875,3218.43994140625
2020-07-29,1954.35,24.335,940.0,2215.0,951.0,2292.0,8850.0,1645.0,270.0,6131.5,3258.43994140625
2020-07-30,1952.2,23.16,890.0,2055.0,930.0,2146.0,8925.0,1645.0,270.0,5990.0,3246.219970703125
2020-07-31,1974.7,24.07,905.0,2065.0,921.0,2138.0,8900.0,1645.0,270.0,5897.7998046875,3271.1201171875
2020-08-03,1972.95,24.23,909.0,2120.0,907.0,2118.0,8900.0,1645.0,270.0,6032.89990234375,3294.610107421875
2020-08-04,1972.25,24.33,911.0,2101.0,933.0,2128.0,8900.0,1645.0,270.0,6036.0,3306.510009765625
2020-08-05,2034.45,26.945,965.0,2178.0,956.0,2204.0,8950.0,1645.0,270.0,6104.7001953125,3327.77001953125
2020-08-06,2049.15,27.885,976.0,2222.0,976.0,2214.0,9200.0,1645.0,270.0,6026.89990234375,3349.159912109375
2020-08-07,2061.5,28.33,979.0,2150.0,985.0,2221.0,9750.0,1645.0,270.0,6032.2001953125,3351.280029296875
2020-08-10,2030.3,28.27,986.0,2220.0,982.0,2222.0,10200.0,1645.0,270.0,6050.60009765625,3360.469970703125
2020-08-11,1996.6,28.28,944.0,2113.0,973.0,2231.0,10975.0,1645.0,270.0,6154.2998046875,3333.68994140625
2020-08-12,1931.7,25.81,940.0,2162.0,958.0,2220.0,10975.0,1645.0,270.0,6280.10009765625,3380.35009765625
2020-08-13,1931.0,26.25,948.0,2190.0,948.0,2160.0,10975.0,1645.0,270.0,6185.60009765625,3373.429931640625
2020-08-14,1948.3,26.705,952.0,2146.0,962.0,2178.0,11200.0,1645.0,270.0,6090.0,3372.85009765625
2020-08-17,1949.85,26.915,950.0,2202.0,962.0,2185.0,11450.0,1645.0,270.0,6127.39990234375,3381.989990234375
2020-08-18,2005.15,28.325,957.0,2195.0,975.0,2238.0,12000.0,1645.0,270.0,6076.60009765625,3389.780029296875
2020-08-19,1993.15,27.44,946.0,2165.0,953.0,2195.0,12200.0,1645.0,270.0,6112.0,3374.85009765625
2020-08-20,1928.05,26.915,916.0,2163.0,940.0,2188.0,12500.0,1645.0,270.0,6013.2998046875,3385.510009765625
2020-08-21,1932.85,26.85,900.0,2190.0,925.0,2205.0,12500.0,1645.0,270.0,6001.89990234375,3397.159912109375
2020-08-24,1947.55,26.885,930.0,2195.0,932.0,2194.0,12500.0,1645.0,270.0,6104.7001953125,3431.280029296875
2020-08-25,1925.45,26.495,930.0,2163.0,933.0,2193.0,12400.0,1645.0,270.0,6037.0,3443.6201171875
2020-08-26,1918.5,26.395,916.0,2176.0,926.0,2195.0,12300.0,1645.0,270.0,6045.60009765625,3478.72998046875
2020-08-27,1938.8,27.245,930.0,2168.0,944.0,2214.0,12200.0,1645.0,270.0,6000.0,3484.550048828125
2020-08-28,1955.85,27.35,930.0,2176.0,938.0,2214.0,12200.0,1645.0,270.0,5963.60009765625,3508.010009765625
2020-08-31,1955.85,27.35,930.0,2176.0,938.0,2214.0,12200.0,1645.0,270.0,5963.60009765625,3500.31005859375
2020-09-01,1987.95,28.885,956.0,2317.0,960.0,2318.0,12200.0,1645.0,270.0,5862.10009765625,3526.64990234375
2020-09-02,1969.0,27.705,920.0,2261.0,940.0,2286.0,12400.0,1645.0,270.0,5941.0,3580.840087890625
2020-09-03,1934.1,26.9,898.0,2353.0,918.0,2300.0,13000.0,1645.0,270.0,5850.89990234375,3455.06005859375
2020-09-04,1937.6,26.815,903.0,2290.0,914.0,2310.0,13300.0,1645.0,270.0,5799.10009765625,3426.9599609375
2020-09-07,1928.4,26.83,898.0,2310.0,912.0,2340.0,13300.0,1645.0,270.0,5937.39990234375,3426.9599609375
2020-09-08,1920.6,26.675,901.0,2300.0,922.0,2334.0,13300.0,1645.0,270.0,5930.2998046875,3331.840087890625
2020-09-09,1928.4,26.535,916.0,2270.0,912.0,2314.0,13300.0,1645.0,270.0,6012.7998046875,3398.9599609375
2020-09-10,1944.8,27.105,930.0,2311.0,927.0,2320.0,13300.0,1645.0,270.0,6003.2998046875,3339.18994140625
2020-09-11,1944.5,26.875,929.0,2301.0,932.0,2310.0,13300.0,1645.0,270.0,6032.10009765625,3340.969970703125
2020-09-14,1942.3,26.885,947.0,2339.0,946.0,2340.0,13700.0,1645.0,270.0,6026.2998046875,3383.5400390625
2020-09-15,1963.55,27.545,975.0,2343.0,972.0,2347.0,14400.0,1645.0,270.0,6105.5,3401.199951171875
2020-09-16,1964.8,27.38,971.0,2407.0,985.0,2424.0,14500.0,1645.0,270.0,6078.5,3385.489990234375
2020-09-17,1936.1,26.745,940.0,2343.0,955.0,2390.0,14500.0,1645.0,270.0,6049.89990234375,3357.010009765625
2020-09-18,1954.75,27.06,939.0,2321.0,946.0,2358.0,14300.0,1645.0,270.0,6007.10009765625,3319.469970703125
2020-09-21,1930.9,26.36,907.0,2316.0,940.0,2395.0,14200.0,1645.0,270.0,5804.2998046875,3281.06005859375
2020-09-22,1903.1,24.3,878.0,2282.0,890.0,2282.0,14200.0,1645.0,270.0,5829.5,3315.570068359375
2020-09-23,1888.1,23.595,852.0,2245.0,862.0,2215.0,14000.0,1645.0,270.0,5899.2998046875,3236.919921875
2020-09-24,1850.75,22.22,831.0,2212.0,848.0,2240.0,13900.0,1645.0,270.0,5822.7998046875,3246.590087890625
2020-09-25,1870.05,22.63,841.0,2204.0,864.0,2250.0,13750.0,1645.0,270.0,5842.7001953125,3298.4599609375
2020-09-28,1850.95,22.89,862.0,2257.0,859.0,2240.0,13700.0,1645.0,270.0,5927.89990234375,3351.60009765625
2020-09-29,1882.4,23.835,880.0,2275.0,885.0,2298.0,13700.0,1645.0,270.0,5897.5,3335.469970703125
2020-09-30,1883.4,23.725,884.0,2335.0,876.0,2338.0,13900.0,1645.0,270.0,5866.10009765625,3363.0
2020-10-01,1895.55,23.62,898.0,2334.0,910.0,2345.0,14000.0,1645.0,270.0,5879.5,3380.800048828125
2020-10-02,1906.4,23.865,891.0,2312.0,900.0,2330.0,14000.0,1645.0,270.0,5902.10009765625,3348.419921875
2020-10-05,1899.65,23.915,888.0,2354.0,883.0,2322.0,14000.0,1645.0,270.0,5942.89990234375,3408.60009765625
2020-10-06,1912.5,24.3,878.0,2370.0,900.0,2385.0,13800.0,1645.0,270.0,5949.89990234375,3360.969970703125
2020-10-07,1888.0,23.53,868.0,2358.0,877.0,2380.0,13600.0,1645.0,270.0,5946.2998046875,3419.43994140625
2020-10-08,1891.35,23.96,871.0,2400.0,872.0,2388.0,13400.0,1645.0,270.0,5978.0,3446.830078125
2020-10-09,1912.4,24.315,892.0,2450.0,886.0,2424.0,13100.0,1645.0,270.0,6016.7001953125,3477.139892578125
2020-10-12,1919.8,25.06,885.0,2437.0,894.0,2466.0,13500.0,1645.0,270.0,6001.39990234375,3534.219970703125
2020-10-13,1920.8,24.935,869.0,2330.0,872.0,2437.0,13900.0,1645.0,270.0,5969.7001953125,3511.929931640625
2020-10-14,1896.45,24.175,873.0,2358.0,878.0,2380.0,13900.0,1645.0,270.0,5935.10009765625,3488.669921875
2020-10-15,1891.7,23.935,846.0,2331.0,866.0,2375.0,13900.0,1645.0,270.0,5832.5,3483.340087890625
2020-10-16,1908.2,24.36,870.0,2331.0,867.0,2372.0,13850.0,1645.0,270.0,5919.60009765625,3483.81005859375
2020-10-19,1910.0,24.84,868.0,2342.0,874.0,2370.0,13800.0,1645.0,270.0,5884.7001953125,3426.919921875
2020-10-20,1906.35,24.63,868.0,2352.0,860.0,2368.0,14000.0,1645.0,270.0,5889.2001953125,3443.1201171875
2020-10-21,1918.95,25.02,894.0,2405.0,886.0,2430.0,14650.0,1645.0,270.0,5776.5,3435.56005859375
2020-10-22,1916.85,24.915,870.0,2362.0,897.0,2426.0,14700.0,1645.0,270.0,5785.7001953125,3453.489990234375
2020-10-23,1910.6,24.76,917.0,2394.0,895.0,2410.0,14650.0,1645.0,270.0,5860.2998046875,3465.389892578125
2020-10-26,1901.6,24.28,878.0,2364.0,896.0,2376.0,14550.0,1645.0,270.0,5792.0,3400.969970703125
2020-10-27,1898.9,24.435,880.0,2351.0,882.0,2392.0,14400.0,1645.0,270.0,5729.0,3390.679931640625
2020-10-28,1896.85,23.925,862.0,2225.0,885.0,2353.0,14400.0,1645.0,270.0,5582.7998046875,3271.030029296875
2020-10-29,1876.85,23.015,860.0,2206.0,869.0,2255.0,13900.0,1645.0,270.0,5581.7998046875,3310.110107421875
2020-10-30,1875.8,23.625,852.0,2228.0,853.0,2232.0,13500.0,1645.0,270.0,5577.2998046875,3269.9599609375
2020-11-02,1886.75,23.975,855.0,2203.0,857.0,2256.0,13400.0,1645.0,270.0,5655.0,3310.239990234375
2020-11-03,1899.85,24.17,875.0,2301.0,873.0,2265.0,13700.0,1645.0,270.0,5786.7998046875,3369.159912109375
2020-11-04,1888.55,23.975,873.0,2296.0,864.0,2273.0,14000.0,1660.0,270.0,5883.2998046875,3443.43994140625
2020-11-05,1916.8,24.57,897.0,2404.0,890.0,2352.0,14000.0,1660.0,270.0,5906.2001953125,3510.449951171875
2020-11-06,1947.95,25.78,911.0,2450.0,904.0,2418.0,14600.0,1660.0,270.0,5910.0,3509.43994140625
2020-11-09,1957.45,25.105,866.0,2475.0,909.0,2484.0,14700.0,1660.0,270.0,6186.2998046875,3550.5
2020-11-10,1874.9,24.195,870.0,2465.0,886.0,2512.0,15000.0,1660.0,270.0,6296.89990234375,3545.530029296875
2020-11-11,1876.2,24.21,866.0,2357.0,892.0,2480.0,15000.0,1660.0,270.0,6382.10009765625,3572.659912109375
2020-11-12,1868.0,24.215,875.0,2348.0,878.0,2360.0,14900.0,1660.0,270.0,6338.89990234375,3537.010009765625
2020-11-13,1878.2,24.245,897.0,2332.0,896.0,2370.0,14700.0,1660.0,270.0,6316.39990234375,3585.14990234375
2020-11-16,1892.6,24.265,909.0,2340.0,915.0,2365.0,14700.0,1660.0,270.0,6421.2998046875,3626.909912109375
2020-11-17,1885.4,24.63,935.0,2338.0,930.0,2342.0,14800.0,1660.0,270.0,6365.2998046875,3609.530029296875
2020-11-18,1877.2,24.315,937.0,2337.0,942.0,2352.0,15100.0,1660.0,270.0,6385.2001953125,3567.7900390625
2020-11-19,1857.4,23.98,944.0,2310.0,941.0,2325.0,15450.0,1660.0,270.0,6334.39990234375,3581.8701171875
2020-11-20,1867.0,24.165,956.0,2337.0,964.0,2350.0,15900.0,1670.0,270.0,6351.5,3557.5400390625
2020-11-23,1863.8,23.905,946.0,2338.0,955.0,2350.0,16100.0,1670.0,270.0,6333.7998046875,3577.590087890625
2020-11-24,1818.1,23.155,936.0,2329.0,945.0,2353.0,16100.0,1670.0,270.0,6432.2001953125,3635.409912109375
2020-11-25,1808.55,23.41,955.0,2332.0,969.0,2353.0,16100.0,1670.0,270.0,6391.10009765625,3629.64990234375
2020-11-26,1814.85,23.36,958.0,2364.0,972.0,2383.0,16100.0,1670.0,270.0,6362.89990234375,3629.64990234375
2020-11-27,1808.05,23.135,949.0,2362.0,967.0,2414.0,16100.0,1670.0,270.0,6367.60009765625,3638.35009765625
2020-11-30,1771.95,22.15,979.0,2400.0,966.0,2413.0,16100.0,1670.0,270.0,6266.2001953125,3621.6298828125
2020-12-01,1796.2,23.535,990.0,2427.0,992.0,2420.0,16100.0,1670.0,270.0,6384.7001953125,3662.449951171875
2020-12-02,1832.95,23.98,1010.0,2402.0,1010.0,2438.0,16100.0,1670.0,270.0,6463.39990234375,3669.010009765625
2020-12-03,1834.8,24.17,1023.0,2398.0,1032.0,2432.0,16100.0,1670.0,270.0,6490.2998046875,3666.719970703125
2020-12-04,1839.3,24.225,1060.0,2350.0,1054.0,2360.0,16200.0,1685.0,270.0,6550.2001953125,3699.1201171875
2020-12-07,1832.8,23.75,1023.0,2336.0,1045.0,2362.0,16200.0,1685.0,270.0,6555.39990234375,3691.9599609375
2020-12-08,1864.5,24.475,1024.0,2318.0,1035.0,2353.0,16200.0,1685.0,270.0,6558.7998046875,3702.25
2020-12-09,1859.8,24.085,1023.0,2318.0,1038.0,2337.0,16250.0,1695.0,270.0,6564.2998046875,3672.820068359375
2020-12-10,1834.2,23.885,1038.0,2362.0,1013.0,2303.0,16250.0,1695.0,270.0,6599.7998046875,3668.10009765625
2020-12-11,1833.65,23.815,1009.0,2332.0,1027.0,2357.0,16300.0,1710.0,270.0,6546.7998046875,3663.4599609375
2020-12-14,1820.25,23.855,1027.0,2314.0,1025.0,2350.0,16350.0,1710.0,270.0,6531.7998046875,3647.489990234375
2020-12-15,1844.3,24.215,1027.0,2350.0,1023.0,2336.0,16400.0,1720.0,270.0,6513.2998046875,3694.6201171875
2020-12-16,1861.35,25.13,1031.0,2323.0,1054.0,2351.0,16400.0,1745.0,270.0,6570.89990234375,3701.169921875
2020-12-17,1871.95,25.74,1045.0,2325.0,1060.0,2372.0,16500.0,1760.0,270.0,6551.10009765625,3722.47998046875
2020-12-18,1878.95,25.815,1038.0,2331.0,1046.0,2357.0,16550.0,1760.0,270.0,6529.2001953125,3709.409912109375
2020-12-21,1869.25,26.155,989.0,2318.0,1042.0,2350.0,16650.0,2050.0,270.0,6416.2998046875,3694.919921875
2020-12-22,1873.3,25.77,1019.0,2355.0,1008.0,2335.0,16650.0,2550.0,270.0,6416.2998046875,3687.260009765625
2020-12-23,1867.1,25.315,1009.0,2330.0,1023.0,2344.0,16650.0,2550.0,270.0,6495.7998046875,3690.010009765625
2020-12-24,1872.55,25.78,1009.0,2330.0,1035.0,2350.0,16650.0,2550.0,270.0,6502.10009765625,3703.06005859375
2020-12-28,1872.55,25.78,1009.0,2330.0,1035.0,2350.0,16650.0,2550.0,270.0,6502.10009765625,3735.360107421875
2020-12-29,1873.9,26.15,1039.0,2325.0,1043.0,2383.0,16650.0,2550.0,270.0,6602.7001953125,3727.0400390625
2020-12-30,1877.55,26.305,1068.0,2342.0,1067.0,2362.0,16800.0,2550.0,270.0,6555.7998046875,3732.0400390625
2020-12-31,1891.1,26.485,1068.0,2342.0,1078.0,2380.0,17000.0,2550.0,270.0,6460.5,3756.070068359375
2021-01-04,1930.8,27.27,1118.0,2454.0,1113.0,2481.0,17300.0,2600.0,270.0,6571.89990234375,3700.64990234375
2021-01-05,1946.55,27.51,1081.0,2423.0,1075.0,2400.0,17800.0,2600.0,270.0,6612.2998046875,3726.860107421875
2021-01-06,1957.2,27.525,1087.0,2400.0,1113.0,2483.0,18500.0,2700.0,270.0,6841.89990234375,3748.139892578125
2021-01-07,1911.05,27.13,1103.0,2415.0,1110.0,2455.0,18700.0,2700.0,270.0,6857.0,3803.7900390625
2021-01-08,1891.3,26.645,1112.0,2435.0,1111.0,2420.0,18850.0,2700.0,270.0,6873.2998046875,3824.679931640625
2021-01-11,1847.8,25.02,1016.0,2359.0,1056.0,2383.0,18950.0,2850.0,270.0,6798.5,3799.610107421875
2021-01-12,1861.85,25.525,1049.0,2376.0,1066.0,2386.0,19200.0,2950.0,270.0,6754.10009765625,3801.18994140625
2021-01-13,1852.4,25.335,1083.0,2386.0,1085.0,2416.0,20200.0,3000.0,280.0,6745.5,3809.840087890625
2021-01-14,1840.25,25.25,1108.0,2394.0,1117.0,2408.0,20600.0,3100.0,280.0,6802.0,3795.5400390625
2021-01-15,1853.85,25.245,1085.0,2423.0,1105.0,2405.0,21200.0,3200.0,280.0,6735.7001953125,3768.25
2021-01-18,1833.95,24.865,1076.0,2377.0,1086.0,2396.0,21600.0,3200.0,280.0,6720.7001953125,3768.25
2021-01-19,1843.1,25.295,1091.0,2370.0,1107.0,2398.0,21800.0,3200.0,280.0,6713.0,3798.909912109375
2021-01-20,1854.6,25.295,1106.0,2377.0,1105.0,2394.0,21900.0,3300.0,280.0,6740.39990234375,3851.85009765625
2021-01-21,1867.65,25.865,1129.0,2394.0,1128.0,2400.0,21500.0,3300.0,280.0,6715.39990234375,3853.070068359375
2021-01-22,1853.6,25.32,1093.0,2355.0,1118.0,2378.0,20500.0,3300.0,285.0,6695.10009765625,3841.469970703125
2021-01-25,1855.6,25.635,1109.0,2347.0,1107.0,2375.0,20000.0,3600.0,295.0,6638.89990234375,3855.360107421875
2021-01-26,1853.2,25.4,1105.0,2324.0,1096.0,2350.0,19500.0,3900.0,320.0,6654.0,3849.6201171875
2021-01-27,1846.4,25.185,1068.0,2312.0,1098.0,2338.0,19000.0,3900.0,320.0,6567.39990234375,3750.77001953125
2021-01-28,1839.65,25.205,1090.0,2314.0,1060.0,2318.0,19000.0,3900.0,320.0,6526.2001953125,3787.3798828125
2021-01-29,1852.7,27.415,1110.0,2327.0,1088.0,2358.0,19300.0,3900.0,320.0,6407.5,3714.239990234375
2021-02-01,1857.8,29.585,1118.0,2266.0,1130.0,2290.0,20000.0,4000.0,320.0,6466.39990234375,3773.860107421875
2021-02-02,1847.1,27.325,1102.0,2258.0,1105.0,2280.0,20300.0,4000.0,320.0,6516.7001953125,3826.31005859375
2021-02-03,1834.7,26.8,1103.0,2260.0,1102.0,2265.0,20800.0,4000.0,320.0,6507.7998046875,3830.169921875
2021-02-04,1811.55,26.4,1084.0,2258.0,1095.0,2284.0,21500.0,4100.0,320.0,6503.7001953125,3871.739990234375
2021-02-05,1808.55,26.53,1121.0,2338.0,1123.0,2330.0,21800.0,4200.0,320.0,6489.2998046875,3886.830078125
2021-02-08,1811.65,27.18,1161.0,2346.0,1151.0,2355.0,21800.0,4200.0,320.0,6523.5,3915.590087890625
2021-02-09,1846.55,27.635,1184.0,2323.0,1190.0,2370.0,21800.0,4400.0,320.0,6531.60009765625,3911.22998046875
2021-02-10,1843.45,27.23,1239.0,2378.0,1216.0,2360.0,21500.0,4400.0,320.0,6524.39990234375,3909.8798828125
2021-02-11,1841.7,27.125,1236.0,2353.0,1275.0,2390.0,21400.0,4400.0,320.0,6528.7001953125,3916.3798828125
2021-02-12,1818.0,27.07,1221.0,2355.0,1233.0,2370.0,21800.0,4400.0,320.0,6589.7998046875,3934.830078125
2021-02-15,1817.45,27.57,1288.0,2392.0,1295.0,2428.0,21900.0,4400.0,320.0,6756.10009765625,3934.830078125
2021-02-16,1823.45,27.575,1265.0,2362.0,1325.0,2418.0,22300.0,4400.0,320.0,6748.89990234375,3932.590087890625
2021-02-17,1788.85,27.115,1239.0,2373.0,1240.0,2398.0,22600.0,4400.0,320.0,6710.89990234375,3931.330078125
2021-02-18,1782.8,27.165,1266.0,2370.0,1275.0,2395.0,22900.0,4400.0,320.0,6617.2001953125,3913.969970703125
2021-02-19,1773.75,26.95,1294.0,2363.0,1274.0,2370.0,23400.0,4400.0,320.0,6624.0,3906.7099609375
2021-02-22,1798.8,27.445,1268.0,2395.0,1276.0,2410.0,23800.0,4400.0,330.0,6612.2001953125,3876.5
2021-02-23,1809.5,27.965,1251.0,2363.0,1270.0,2425.0,23900.0,4400.0,330.0,6625.89990234375,3881.3701171875
2021-02-24,1807.25,27.745,1242.0,2339.0,1270.0,2395.0,24500.0,4400.0,330.0,6659.0,3925.429931640625
2021-02-25,1792.1,27.925,1248.0,2465.0,1260.0,2450.0,25450.0,4400.0,335.0,6652.0,3829.340087890625
2021-02-26,1765.1,26.685,1204.0,2362.0,1225.0,2430.0,26600.0,4650.0,340.0,6483.39990234375,3811.14990234375
2021-03-01,1746.95,26.89,1208.0,2358.0,1228.0,2380.0,27400.0,4800.0,345.0,6588.5,3901.820068359375
2021-03-02,1728.5,26.26,1188.0,2354.0,1185.0,2397.0,27900.0,4800.0,345.0,6613.7998046875,3870.2900390625
2021-03-03,1727.05,26.585,1184.0,2347.0,1215.0,2392.0,28450.0,4800.0,350.0,6675.5,3819.719970703125
2021-03-04,1710.05,25.955,1162.0,2362.0,1168.0,2391.0,29200.0,5000.0,365.0,6650.89990234375,3768.469970703125
2021-03-05,1696.05,25.355,1123.0,2348.0,1130.0,2370.0,29200.0,5100.0,365.0,6630.5,3841.93994140625
2021-03-08,1694.45,25.155,1138.0,2332.0,1141.0,2376.0,29000.0,5100.0,365.0,6719.10009765625,3821.35009765625
2021-03-09,1702.85,25.755,1166.0,2303.0,1175.0,2354.0,28500.0,5300.0,365.0,6730.2998046875,3875.43994140625
2021-03-10,1711.5,25.645,1177.0,2296.0,1176.0,2332.0,27500.0,5400.0,365.0,6725.60009765625,3898.81005859375
2021-03-11,1736.35,26.25,1208.0,2355.0,1227.0,2350.0,25700.0,5500.0,370.0,6737.0,3939.340087890625
2021-03-12,1703.85,25.475,1186.0,2358.0,1185.0,2360.0,24900.0,5500.0,370.0,6761.5,3943.340087890625
2021-03-15,1727.9,26.1,1213.0,2390.0,1225.0,2398.0,24500.0,5500.0,375.0,6749.7001953125,3968.93994140625
2021-03-16,1732.3,26.08,1209.0,2496.0,1220.0,2413.0,24600.0,5600.0,375.0,6803.60009765625,3962.7099609375
2021-03-17,1736.95,25.85,1194.0,2488.0,1215.0,2516.0,25500.0,5750.0,380.0,6762.7001953125,3974.1201171875
2021-03-18,1734.1,26.13,1216.0,2678.0,1216.0,2626.0,27600.0,5900.0,390.0,6779.7001953125,3915.4599609375
2021-03-19,1737.2,26.175,1173.0,2615.0,1218.0,2708.0,29200.0,6000.0,390.0,6708.7001953125,3913.10009765625
2021-03-22,1733.4,25.74,1183.0,2642.0,1175.0,2604.0,29600.0,6000.0,390.0,6726.10009765625,3940.590087890625
2021-03-23,1739.25,25.62,1186.0,2643.0,1186.0,2612.0,29800.0,6000.0,390.0,6699.2001953125,3910.52001953125
2021-03-24,1734.05,25.195,1175.0,2630.0,1183.0,2630.0,28900.0,6000.0,390.0,6712.89990234375,3889.139892578125
2021-03-25,1729.2,24.67,1174.0,2648.0,1175.0,2662.0,28000.0,6000.0,390.0,6674.7998046875,3909.52001953125
2021-03-26,1727.85,25.055,1161.0,2638.0,1168.0,2665.0,27500.0,6000.0,395.0,6740.60009765625,3974.5400390625
2021-03-29,1723.95,24.83,1191.0,2572.0,1190.0,2628.0,26500.0,6000.0,395.0,6736.2001953125,3971.090087890625
2021-03-30,1696.7,24.34,1166.0,2568.0,1185.0,2575.0,26250.0,6000.0,395.0,6772.10009765625,3958.550048828125
2021-03-31,1685.35,24.0,1182.0,2625.0,1186.0,2645.0,26200.0,6000.0,400.0,6713.60009765625,3972.889892578125
2021-04-01,1715.85,24.315,1199.0,2640.0,1205.0,2644.0,26700.0,6000.0,400.0,6737.2998046875,4019.8701171875
2021-04-05,1715.85,24.315,1199.0,2640.0,1205.0,2644.0,26700.0,6000.0,400.0,6737.2998046875,4077.909912109375
2021-04-06,1731.05,25.04,1221.0,2664.0,1217.0,2700.0,28500.0,6000.0,400.0,6823.60009765625,4073.93994140625
2021-04-07,1736.0,24.985,1241.0,2632.0,1245.0,2678.0,29000.0,6100.0,400.0,6885.2998046875,4079.949951171875
2021-04-08,1743.7,25.33,1223.0,2650.0,1240.0,2646.0,29100.0,6100.0,400.0,6942.2001953125,4097.169921875
2021-04-09,1747.95,25.225,1203.0,2644.0,1223.0,2638.0,28900.0,6150.0,405.0,6915.7998046875,4128.7998046875
2021-04-12,1741.55,25.16,1181.0,2657.0,1193.0,2650.0,28400.0,6200.0,410.0,6889.10009765625,4127.990234375
2021-04-13,1728.1,24.95,1167.0,2702.0,1180.0,2713.0,28100.0,6200.0,410.0,6890.5,4141.58984375
2021-04-14,1743.3,25.33,1180.0,2689.0,1183.0,2706.0,28100.0,6200.0,410.0,6939.60009765625,4124.66015625
2021-04-15,1748.0,25.585,1189.0,2738.0,1195.0,2738.0,28600.0,6250.0,415.0,6983.5,4170.419921875
2021-04-16,1766.45,26.14,1199.0,2765.0,1206.0,2763.0,29000.0,6250.0,415.0,7019.5,4185.47021484375
2021-04-19,1788.4,26.105,1222.0,2806.0,1227.0,2810.0,29500.0,6250.0,420.0,7000.10009765625,4163.259765625
2021-04-20,1765.5,25.88,1185.0,2778.0,1216.0,2820.0,29500.0,6250.0,420.0,6859.89990234375,4134.93994140625
2021-04-21,1781.05,25.91,1191.0,2790.0,1204.0,2800.0,29200.0,6250.0,420.0,6895.2998046875,4173.419921875
2021-04-22,1785.65,26.3,1214.0,2879.0,1216.0,2866.0,28800.0,6250.0,420.0,6938.2001953125,4134.97998046875
2021-04-23,1785.3,26.125,1244.0,2910.0,1218.0,2856.0,28800.0,6250.0,420.0,6938.60009765625,4180.169921875
2021-04-26,1779.65,26.11,1230.0,2913.0,1250.0,2914.0,28800.0,6250.0,420.0,6963.10009765625,4187.6201171875
2021-04-27,1780.9,26.285,1243.0,2924.0,1246.0,2950.0,28600.0,6250.0,430.0,6945.0,4186.72021484375
2021-04-28,1764.15,25.87,1215.0,2930.0,1230.0,2946.0,29000.0,6300.0,440.0,6963.7001953125,4183.18017578125
2021-04-29,1774.65,26.285,1216.0,2965.0,1229.0,2964.0,29400.0,6300.0,440.0,6961.5,4211.47021484375
2021-04-30,1768.8,25.875,1218.0,2981.0,1215.0,2990.0,29500.0,6300.0,440.0,6969.7998046875,4181.169921875
2021-05-03,1768.8,25.875,1218.0,2981.0,1215.0,2990.0,29500.0,6300.0,440.0,6969.7998046875,4192.66015625
2021-05-04,1784.95,26.825,1248.00,3000.00,1248.0,3005.0,29500.0,6300.0,440.0,6923.2001953125,4164.66015625
2021-05-05,1778.05,26.295,1221.00,2979.00,1234.0,3016.0,29300.0,6300.0,455.0,7039.2998046875,4167.58984375
2021-05-06,1793.15,26.725,1232.00,2913.00,1242.0,2992.0,29300.0,6300.0,455.0,7076.2001953125,4201.6201171875
2021-05-07,1820.5,27.375,1244.00,2858.00,1254.0,2961.0,28700.0,6300.0,455.0,7129.7001953125,4232.60009765625
2021-05-10,1834.15,27.735,1267.00,2985.00,1270.0,2962.0,28100.0,6300.0,455.0,7123.7001953125,4188.43017578125
2021-05-11,1837.15,27.48,1225.00,2921.00,1251.0,2980.0,27700.0,6300.0,490.0,6948.0,4152.10009765625
2021-05-12,1833.6,27.41,1241.00,2938.00,1250.0,2956.0,28000.0,6300.0,500.0,7004.60009765625,4063.0400390625
2021-05-13,1814.3,26.82,1204.00,2840.00,1216.0,2880.0,28400.0,6300.0,500.0,6963.2998046875,4112.5
2021-05-14,1833.5,27.23,1226.00,2861.00,1231.0,2935.0,28400.0,6300.0,520.0,7043.60009765625,4173.85009765625
2021-05-17,1848.45,27.61,1227.00,2886.00,1242.0,2916.0,28400.0,6300.0,600.0,7032.89990234375,4163.2900390625
2021-05-18,1867.4,28.475,1221.00,2910.00,1247.0,2935.0,28200.0,6300.0,675.0,7034.2001953125,4127.830078125
2021-05-19,1860.0,27.675,1197.00,2888.00,1233.0,2902.0,28200.0,6300.0,675.0,6950.2001953125,4115.68017578125
2021-05-20,1869.35,27.74,1199.00,2857.00,1218.0,2895.0,28000.0,6300.0,690.0,7019.7998046875,4159.1201171875
2021-05-21,1877.65,27.8,1198.00,2832.00,1206.0,2837.0,27600.0,6300.0,775.0,7018.10009765625,4155.85986328125
2021-05-24,1876.85,27.645,1174.00,2771.00,1174.0,2810.0,26750.0,6300.0,800.0,7051.60009765625,4197.0498046875
2021-05-25,1882.8,27.555,1186.00,2739.00,1192.0,2771.0,24000.0,6300.0,800.0,7029.7998046875,4188.1298828125
2021-05-26,1904.3,28.12,1201.00,2762.00,1214.0,2813.0,22000.0,6300.0,800.0,7026.89990234375,4195.990234375
2021-05-27,1895.05,27.655,1185.00,2780.00,1206.0,2790.0,22750.0,6300.0,800.0,7019.7001953125,4200.8798828125
2021-05-28,1892.45,27.63,1170.00,2817.00,1185.0,2832.0,25300.0,6300.0,800.0,7022.60009765625,4204.10986328125
2021-06-01,1907.7,28.21,1185.00,2826.00,1198.0,2870.0,25500.0,6300.0,800.0,7080.5,4202.0400390625
2021-06-02,1895.9,27.745,1190.00,2857.00,1193.0,2860.0,25100.0,6300.0,800.0,7108.0,4208.1201171875
2021-06-03,1892.15,27.755,1170.00,2809.00,1190.0,2853.0,24100.0,6300.0,800.0,7064.39990234375,4192.85009765625
2021-06-04,1869.55,27.365,1160.00,2840.00,1163.0,2845.0,23000.0,6300.0,800.0,7069.0,4229.89013671875
2021-06-07,1882.05,27.58,1172.00,2835.00,1173.0,2855.0,22500.0,6300.0,800.0,7077.2001953125,4226.52001953125
2021-06-08,1892.05,27.715,1166.00,2798.00,1172.0,2835.0,22000.0,6300.0,780.0,7095.10009765625,4227.259765625
2021-06-09,1890.45,27.58,1159.00,2809.00,1165.0,2810.0,21400.0,6300.0,770.0,7081.0,4219.5498046875
2021-06-10,1882.0,27.66,1142.00,2766.00,1150.0,2782.0,21500.0,6300.0,770.0,7088.2001953125,4239.18017578125
2021-06-11,1891.95,28.14,1153.00,2787.00,1165.0,2797.0,22300.0,6100.0,770.0,7134.10009765625,4247.43994140625
2021-06-14,1859.75,27.73,1154.00,2752.00,1152.0,2775.0,22500.0,6100.0,760.0,7146.7001953125,4255.14990234375
2021-06-15,1863.85,27.625,1155.00,2750.00,1167.0,2760.0,22800.0,6100.0,750.0,7172.5,4246.58984375
2021-06-16,1858.1,27.71,1148.00,2799.00,1156.0,2770.0,23000.0,6100.0,750.0,7185.0,4223.7001953125
2021-06-17,1806.75,26.595,1094.00,2689.00,1123.0,2773.0,22500.0,6100.0,750.0,7153.39990234375,4221.85986328125
2021-06-18,1792.35,26.385,1070.00,2551.00,1092.0,2604.0,21750.0,6100.0,750.0,7017.5,4166.4501953125
2021-06-21,1782.45,25.955,1040.00,2523.00,1047.0,2505.0,20900.0,6100.0,750.0,7062.2998046875,4224.7900390625
2021-06-22,1779.1,25.97,1057.00,2577.00,1066.0,2618.0,20000.0,6100.0,750.0,7090.0,4246.43994140625
2021-06-23,1782.9,25.945,1090.00,2590.00,1095.0,2611.0,19500.0,6100.0,750.0,7074.10009765625,4241.83984375
2021-06-24,1780.2,25.99,1090.00,2634.00,1086.0,2625.0,19250.0,6000.0,750.0,7110.0,4266.490234375
2021-06-25,1783.25,26.13,1101.00,2636.00,1110.0,2668.0,19250.0,5900.0,750.0,7136.10009765625,4280.7001953125
2021-06-28,1774.25,26.09,1103.00,2659.00,1116.0,2660.0,19500.0,5900.0,750.0,7073.0,4290.60986328125
2021-06-29,1769.6,25.955,1070.00,2673.00,1095.0,2686.0,20100.0,5750.0,750.0,7087.60009765625,4291.7998046875
2021-06-30,1757.8,25.765,1059.00,2707.00,1066.0,2685.0,20100.0,5750.0,750.0,7037.5,4297.5
2021-07-01,1774.0,26.26,1086.00,2788.00,1089.0,2774.0,19900.0,5750.0,750.0,7125.2001953125,4319.93994140625
2021-07-02,1783.5,26.17,1091.00,2779.00,1098.0,2798.0,19000.0,5750.0,750.0,7123.2998046875,4352.33984375
2021-07-05,1790.95,26.545,1099.00,2813.00,1110.0,2813.0,19000.0,5650.0,750.0,7164.89990234375,4352.33984375
2021-07-06,1807.8,26.61,1106.00,2869.00,1117.0,2842.0,18900.0,5650.0,750.0,7100.89990234375,4343.5400390625
2021-07-07,1804.25,26.385,1094.00,2833.00,1105.0,2847.0,18700.0,5650.0,750.0,7151.0,4358.1298828125
2021-07-08,1810.25,26.105,1072.00,2784.00,1088.0,2847.0,18000.0,5650.0,750.0,7030.7001953125,4320.81982421875
2021-07-09,1803.4,26.01,1090.00,2800.00,1087.0,2830.0,17500.0,5650.0,750.0,7121.89990234375,4369.5498046875
2021-07-12,1802.95,25.925,1105.00,2815.00,1102.0,2818.0,17900.0,5650.0,750.0,7125.39990234375,4384.6298828125
2021-07-13,1807.85,26.105,1105.00,2840.00,1125.0,2852.0,19300.0,5650.0,750.0,7124.7001953125,4369.2099609375
2021-07-14,1813.05,26.17,1132.00,2838.00,1117.0,2842.0,19700.0,5650.0,750.0,7091.2001953125,4374.2998046875
2021-07-15,1832.0,26.205,1130.00,2770.00,1143.0,2823.0,19700.0,5600.0,750.0,7012.0,4360.02978515625
2021-07-16,1822.0,26.105,1134.00,2706.00,1138.0,2733.0,19700.0,5600.0,750.0,7008.10009765625,4327.16015625
2021-07-19,1803.25,25.325,1084.00,2606.00,1100.0,2640.0,19100.0,5600.0,750.0,6844.39990234375,4258.490234375
2021-07-20,1815.3,25.095,1071.00,2593.00,1086.0,2623.0,18700.0,5600.0,750.0,6881.10009765625,4323.06005859375
2021-07-21,1805.9,25.105,1067.00,2653.00,1080.0,2670.0,18700.0,5600.0,750.0,6998.2998046875,4358.68994140625
2021-07-22,1797.4,25.07,1078.00,2671.00,1083.0,2679.0,18700.0,5600.0,750.0,6968.2998046875,4367.47998046875
2021-07-23,1803.05,25.165,1075.00,2728.00,1095.0,2745.0,18400.0,5600.0,750.0,7027.60009765625,4411.7900390625
2021-07-26,1808.15,25.365,1065.00,2690.00,1063.0,2674.0,18400.0,5600.0,750.0,7025.39990234375,4422.2998046875
2021-07-27,1797.15,25.115,1065.00,2635.00,1062.0,2645.0,18400.0,5600.0,750.0,6996.10009765625,4401.4599609375
2021-07-28,1799.3,24.795,1048.00,2606.00,1063.0,2630.0,18400.0,5600.0,750.0,7016.60009765625,4400.64013671875
2021-07-29,1819.45,25.45,1074.00,2665.00,1085.0,2660.0,18400.0,5600.0,750.0,7078.39990234375,4419.14990234375
2021-07-30,1828.25,25.49,1044.00,2658.00,1065.0,2666.0,18400.0,5600.0,750.0,7032.2998046875,4395.259765625
2021-08-02,1807.55,25.405,1061.00,2681.00,1062.0,2690.0,18500.0,5400.0,750.0,7081.7001953125,4387.16015625
2021-08-03,1809.7,25.46,1052.00,2681.00,1058.0,2688.0,18900.0,5400.0,750.0,7105.7001953125,4423.14990234375
2021-08-04,1812.45,25.67,1055.00,2664.00,1054.0,2673.0,19000.0,5400.0,750.0,7123.89990234375,4402.66015625
2021-08-05,1811.2,25.45,1013.00,2642.00,1025.0,2666.0,19000.0,5400.0,750.0,7120.39990234375,4429.10009765625
2021-08-06,1799.45,24.975,997.00,2661.00,1009.0,2665.0,19000.0,5400.0,750.0,7123.0,4436.52001953125
2021-08-09,1741.5,23.84,979.00,2620.00,979.0,2637.0,19000.0,5300.0,750.0,7132.2998046875,4432.35009765625
2021-08-10,1729.55,23.39,985.00,2616.00,998.0,2629.0,19000.0,5300.0,750.0,7161.0,4436.75
2021-08-11,1734.05,23.415,1008.00,2650.00,1006.0,2653.0,19000.0,5300.0,750.0,7220.10009765625,4442.41015625
2021-08-12,1755.5,23.415,1016.00,2637.00,1023.0,2647.0,19000.0,5300.0,750.0,7193.2001953125,4460.830078125
2021-08-13,1757.65,23.385,1025.00,2646.00,1028.0,2633.0,19000.0,5300.0,750.0,7218.7001953125,4468.0
2021-08-16,1775.75,23.54,1017.00,2634.00,1018.0,2636.0,19000.0,5300.0,750.0,7154.0,4479.7099609375
2021-08-17,1794.05,23.9,1018.00,2567.00,1026.0,2606.0,19000.0,5200.0,750.0,7181.10009765625,4448.080078125
2021-08-18,1788.1,23.67,1002.00,2508.00,1015.0,2541.0,19000.0,5200.0,725.0,7169.2998046875,4400.27001953125
2021-08-19,1788.2,23.34,972.00,2355.00,981.0,2418.0,19000.0,5200.0,725.0,7058.89990234375,4405.7998046875
2021-08-20,1782.95,23.205,976.00,2296.00,985.0,2333.0,18300.0,5200.0,725.0,7087.89990234375,4441.669921875
2021-08-23,1786.9,23.43,1009.00,2339.00,1022.0,2325.0,17500.0,5200.0,725.0,7109.0,4479.52978515625
2021-08-24,1802.95,23.76,1006.00,2456.00,1020.0,2435.0,17000.0,5200.0,725.0,7125.7998046875,4486.22998046875
2021-08-25,1794.7,23.755,1000.00,2481.00,1006.0,2446.0,17100.0,5200.0,725.0,7150.10009765625,4496.18994140625
2021-08-26,1783.8,23.675,991.00,2392.00,999.0,2412.0,17300.0,5200.0,725.0,7125.0,4470.0
2021-08-27,1795.5,23.61,991.00,2421.00,1000.0,2440.0,17400.0,5200.0,725.0,7148.0,4509.3701171875
2021-08-30,1795.5,23.61,991.00,2421.00,1000.0,2440.0,17400.0,5200.0,725.0,7148.0,4528.7900390625
2021-08-31,1814.3,24.045,1001.00,2492.00,1020.0,2514.0,17600.0,5200.0,725.0,7119.7001953125,4522.68017578125
2021-09-01,1813.9,23.92,1012.00,2470.00,1020.0,2504.0,17600.0,5200.0,705.0,7149.7998046875,4524.08984375
2021-09-02,1815.15,24.165,1000.00,2414.00,1008.0,2440.0,17200.0,5200.0,695.0,7163.89990234375,4536.9501953125
2021-09-03,1812.05,24.055,1006.00,2407.00,1008.0,2430.0,17000.0,5200.0,695.0,7138.39990234375,4535.43017578125
2021-09-06,1823.85,24.705,1017.00,2394.00,1035.0,2450.0,17000.0,5200.0,695.0,7187.2001953125,4535.43017578125
2021-09-07,1810.75,24.245,1011.00,2387.00,1025.0,2410.0,17000.0,5000.0,695.0,7149.39990234375,4520.02978515625
2021-09-08,1797.95,24.315,997.00,2347.00,1008.0,2378.0,16850.0,5000.0,695.0,7095.5,4514.06982421875
2021-09-09,1795.35,24.145,984.00,2239.00,990.0,2279.0,16250.0,5000.0,695.0,7024.2001953125,4493.27978515625
2021-09-10,1799.9,24.025,977.00,2199.00,994.0,2211.0,15700.0,5000.0,695.0,7029.2001953125,4458.580078125
2021-09-13,1787.85,23.58,958.00,2150.00,964.0,2152.0,15250.0,5000.0,695.0,7068.39990234375,4468.72998046875
2021-09-14,1788.65,23.6,951.00,1980.00,964.0,2080.0,13600.0,5000.0,695.0,7034.10009765625,4443.0498046875
2021-09-15,1801.4,23.835,941.00,1994.00,944.0,1972.0,11500.0,5000.0,675.0,7016.5,4480.7001953125
2021-09-16,1781.45,23.47,937.00,2030.00,954.0,2040.0,11250.0,5000.0,675.0,7027.5,4473.75
2021-09-17,1766.1,23.01,953.00,2023.00,950.0,2035.0,12350.0,5000.0,675.0,6963.60009765625,4432.990234375
2021-09-20,1757.15,22.395,931.00,1953.00,930.0,1985.0,12600.0,5000.0,675.0,6903.89990234375,4357.72998046875
2021-09-21,1766.45,22.555,936.00,1901.00,930.0,1916.0,13150.0,5000.0,675.0,6981.0,4354.18994140625
2021-09-22,1775.35,22.735,988.00,1985.00,975.0,1966.0,13400.0,5000.0,675.0,7083.39990234375,4395.64013671875
2021-09-23,1771.05,22.74,983.00,1963.00,1015.0,2068.0,13700.0,5000.0,675.0,7078.39990234375,4448.97998046875
2021-09-24,1755.15,22.66,969.00,1943.00,988.0,2013.0,14400.0,5000.0,675.0,7051.5,4455.47998046875
2021-09-27,1749.15,22.555,986.00,1949.00,996.0,1995.0,14500.0,5000.0,675.0,7063.39990234375,4443.10986328125
2021-09-28,1739.65,22.2,987.00,1944.00,985.0,1960.0,14500.0,5000.0,675.0,7028.10009765625,4352.6298828125
2021-09-29,1741.65,22.325,967.00,1897.00,976.0,1914.0,14300.0,5000.0,675.0,7108.2001953125,4359.4599609375
2021-09-30,1730.95,21.525,963.00,1899.00,968.0,1898.0,13700.0,5000.0,675.0,7086.39990234375,4307.5400390625
2021-10-01,1755.6,22.095,972.00,1911.00,972.0,1904.0,13400.0,5000.0,675.0,7027.10009765625,4357.0400390625
2021-10-04,1751.85,22.31,950.00,1918.00,969.0,1919.0,13400.0,5000.0,675.0,7011.0,4300.4599609375
2021-10-05,1758.0,22.485,956.00,1898.00,970.0,1927.0,13400.0,5000.0,675.0,7077.10009765625,4345.72021484375
2021-10-06,1748.25,22.295,965.00,1871.00,958.0,1908.0,13700.0,5000.0,675.0,6995.89990234375,4363.5498046875
2021-10-07,1758.55,22.69,979.00,1884.00,995.0,1916.0,14300.0,4900.0,650.0,7078.0,4399.759765625
2021-10-08,1757.5,22.55,1029.00,2044.00,998.0,2013.0,14300.0,4900.0,650.0,7095.60009765625,4391.33984375
2021-10-11,1752.55,22.52,1029.00,2120.00,1042.0,2183.0,13800.0,4900.0,650.0,7146.89990234375,4361.18994140625
2021-10-12,1759.1,22.64,1009.00,2050.00,1020.0,2115.0,13800.0,4900.0,650.0,7130.2001953125,4350.64990234375
2021-10-13,1767.45,22.885,1009.00,2051.00,1020.0,2088.0,13800.0,4800.0,650.0,7141.7998046875,4363.7998046875
2021-10-14,1797.15,23.34,1033.00,2160.00,1037.0,2162.0,13800.0,4700.0,650.0,7207.7001953125,4438.259765625
2021-10-15,1781.45,23.24,1049.00,2121.00,1064.0,2135.0,14100.0,4700.0,650.0,7234.0,4471.3701171875
2021-10-18,1762.45,23.22,1039.00,1986.00,1057.0,2072.0,14200.0,4600.0,650.0,7203.7998046875,4486.4599609375
2021-10-19,1779.4,23.73,1047.00,2093.00,1064.0,2110.0,14000.0,4600.0,630.0,7217.5,4519.6298828125
2021-10-20,1778.15,23.955,1043.00,2058.00,1054.0,2115.0,14000.0,4600.0,630.0,7223.10009765625,4536.18994140625
2021-10-21,1785.3,24.23,1043.00,2026.00,1055.0,2075.0,14000.0,4600.0,630.0,7190.2998046875,4549.77978515625
2021-10-22,1792.3,24.31,1062.00,2015.00,1065.0,2042.0,14000.0,4600.0,620.0,7204.60009765625,4544.89990234375
2021-10-25,1799.2,24.375,1046.00,2032.00,1052.0,2045.0,14000.0,4600.0,620.0,7222.7998046875,4566.47998046875
2021-10-26,1801.9,24.315,1050.00,2012.00,1060.0,2059.0,14100.0,4500.0,620.0,7277.60009765625,4574.7900390625
2021-10-27,1783.85,23.955,1023.00,1963.00,1024.0,1988.0,14100.0,4500.0,620.0,7253.2998046875,4551.68017578125
2021-10-28,1798.2,24.075,1017.00,2001.00,1025.0,2000.0,14100.0,4500.0,620.0,7249.5,4596.419921875
2021-10-29,1796.3,24.01,1009.00,1972.00,1025.0,2010.0,14100.0,4500.0,620.0,7237.60009765625,4605.3798828125
2021-11-01,1786.55,23.865,1061.00,2055.00,1036.0,1996.0,14100.0,4500.0,620.0,7288.60009765625,4613.669921875
2021-11-02,1791.5,23.865,1049.00,2023.00,1064.0,2053.0,14100.0,4500.0,620.0,7274.7998046875,4630.64990234375
2021-11-03,1781.85,23.58,1021.00,1984.00,1055.0,2035.0,14100.0,4500.0,620.0,7248.89990234375,4660.56982421875
2021-11-04,1778.1,23.73,1042.00,2028.00,1055.0,2066.0,14100.0,4500.0,620.0,7279.89990234375,4680.06005859375
2021-11-05,1793.2,23.82,1028.00,2028.00,1040.0,2042.0,14100.0,4500.0,620.0,7304.0,4697.52978515625
2021-11-08,1818.0,24.28,1055.00,2035.00,1045.0,2055.0,14350.0,4500.0,620.0,7300.39990234375,4701.7001953125
2021-11-09,1824.4,24.375,1060.00,2069.00,1060.0,2090.0,14350.0,4500.0,610.0,7274.0,4685.25
2021-11-10,1824.95,24.175,1084.00,2038.00,1064.0,2034.0,14350.0,4500.0,610.0,7340.2001953125,4646.7099609375
2021-11-11,1859.25,24.98,1088.00,2072.00,1093.0,2062.0,14350.0,4500.0,610.0,7384.2001953125,4649.27001953125
2021-11-12,1850.0,24.955,1075.00,2059.00,1080.0,2046.0,14350.0,4400.0,610.0,7347.89990234375,4682.85009765625
2021-11-15,1863.8,25.21,1088.00,2135.00,1080.0,2103.0,14350.0,4400.0,610.0,7351.89990234375,4682.7998046875
2021-11-16,1872.25,25.27,1094.00,2143.00,1106.0,2180.0,14350.0,4400.0,610.0,7327.0,4700.89990234375
2021-11-17,1858.45,25.04,1065.00,2166.00,1080.0,2175.0,14350.0,4400.0,610.0,7291.2001953125,4688.669921875
2021-11-18,1860.5,24.97,1066.00,2171.00,1072.0,2184.0,14350.0,4400.0,600.0,7256.0,4704.5400390625
2021-11-19,1861.4,24.785,1036.00,2079.00,1056.0,2146.0,14350.0,4400.0,600.0,7223.60009765625,4697.9599609375
2021-11-22,1841.1,24.69,1031.00,2041.00,1044.0,2080.0,14350.0,4400.0,600.0,7255.5,4682.93994140625
2021-11-23,1797.3,23.815,986.00,1935.00,1020.0,1968.0,14200.0,4400.0,600.0,7266.7001953125,4690.7001953125
2021-11-24,1790.8,23.495,978.00,1870.00,986.0,1910.0,13850.0,4300.0,590.0,7286.2998046875,4701.4599609375
2021-11-25,1790.65,23.69,988.00,1856.00,1002.0,1912.0,13750.0,4300.0,590.0,7310.39990234375,4701.4599609375
2021-11-26,1809.8,23.63,978.00,1798.00,978.0,1818.0,13700.0,4300.0,590.0,7044.0,4594.6201171875
2021-11-29,1795.0,23.235,970.00,1797.00,978.0,1800.0,13700.0,4300.0,590.0,7110.0,4655.27001953125
2021-11-30,1797.6,22.865,944.00,1767.00,958.0,1794.0,13900.0,4300.0,590.0,7059.5,4567.0
2021-12-01,1786.8,22.86,1576.51,1751.00,954.0,1760.0,13900.0,4150.0,580.0,7168.7001953125,4513.0400390625
2021-12-02,1775.7,22.395,938.00,1722.00,950.0,1745.0,14000.0,4150.0,580.0,7129.2001953125,4577.10009765625
2021-12-03,1773.5,22.35,940.00,1812.00,952.0,1810.0,14000.0,4150.0,570.0,7122.2998046875,4538.43017578125
2021-12-06,1781.25,22.34,932.00,1786.00,946.0,1796.0,14000.0,4150.0,570.0,7232.2998046875,4591.669921875
2021-12-07,1779.65,22.435,946.00,1866.00,960.0,1883.0,14000.0,4150.0,570.0,7339.89990234375,4686.75
2021-12-08,1789.8,22.425,947.00,1848.00,970.0,1874.0,14000.0,4150.0,570.0,7337.39990234375,4701.2099609375
2021-12-09,1783.4,22.25,946.00,1817.00,958.0,1865.0,14000.0,4150.0,570.0,7321.2998046875,4667.4501953125
2021-12-10,1771.9,21.895,945.00,1770.00,954.0,1813.0,14000.0,4150.0,570.0,7291.7998046875,4712.02001953125
2021-12-13,1784.45,22.22,935.00,1762.00,953.0,1775.0,14000.0,4050.0,560.0,7231.39990234375,4668.97021484375
2021-12-14,1782.35,22.17,911.00,1622.00,938.0,1694.0,14000.0,4050.0,560.0,7218.60009765625,4634.08984375
2021-12-15,1769.4,21.805,911.00,1576.00,925.0,1619.0,14000.0,4050.0,560.0,7170.7998046875,4709.85009765625
2021-12-16,1785.15,22.175,930.00,1671.00,936.0,1665.0,14000.0,4050.0,560.0,7260.60009765625,4668.669921875
2021-12-17,1807.5,22.645,935.00,1779.00,946.0,1776.0,14000.0,4000.0,560.0,7269.89990234375,4620.64013671875
2021-12-20,1797.4,22.295,926.00,1739.00,932.0,1735.0,14000.0,4000.0,560.0,7198.0,4568.02001953125
2021-12-21,1795.85,22.745,939.00,1828.00,948.0,1818.0,14000.0,4000.0,560.0,7297.39990234375,4649.22998046875
2021-12-22,1789.9,22.66,949.00,1834.00,944.0,1818.0,14100.0,4000.0,560.0,7341.7001953125,4696.56005859375
2021-12-23,1805.55,22.815,971.00,1890.00,975.0,1878.0,14100.0,4000.0,550.0,7373.2998046875,4725.7900390625
2021-12-24,1786.05,22.665,971.00,1890.00,986.0,1955.0,14100.0,4000.0,550.0,7372.10009765625,4725.7900390625
2021-12-27,1786.05,22.665,971.00,1890.00,986.0,1955.0,14100.0,4000.0,550.0,7372.10009765625,4791.18994140625
2021-12-28,1786.05,22.665,971.00,1890.00,986.0,1955.0,14100.0,4000.0,550.0,7372.10009765625,4786.35009765625
2021-12-29,1796.35,22.835,962.00,1953.00,984.0,1998.0,14100.0,4000.0,550.0,7420.7001953125,4793.06005859375
2021-12-30,1799.25,22.765,959.00,1973.00,976.0,1995.0,14100.0,4000.0,550.0,7403.0,4778.72998046875
2021-12-31,1820.1,23.085,959.00,1973.00,972.0,1958.0,14100.0,4000.0,550.0,7384.5,4766.18017578125
2022-01-03,1820.1,23.085,959.00,1973.00,972.0,1958.0,14100.0,4000.0,550.0,7384.5,4796.56005859375
2022-01-04,1809.05,22.89,975.00,1893.00,962.0,1884.0,14250.0,4000.0,550.0,7505.2001953125,4793.5400390625
2022-01-05,1818.5,23.055,987.00,1902.00,984.0,1930.0,14800.0,4000.0,550.0,7516.89990234375,4700.580078125
2022-01-06,1804.95,22.245,967.00,1854.00,975.0,1865.0,16300.0,4000.0,550.0,7450.39990234375,4696.0498046875
2022-01-07,1792.2,22.24,960.00,1904.00,972.0,1887.0,17000.0,4000.0,550.0,7485.2998046875,4677.02978515625
2022-01-10,1800.55,22.455,931.00,1897.00,970.0,1963.0,17500.0,4000.0,550.0,7445.2998046875,4670.2900390625
2022-01-11,1805.2,22.59,947.00,1918.00,957.0,1940.0,17500.0,4000.0,550.0,7491.39990234375,4713.06982421875
2022-01-12,1816.4,22.745,982.00,1927.00,976.0,1926.0,16750.0,4000.0,550.0,7551.7001953125,4726.35009765625
2022-01-13,1822.4,23.245,976.00,1901.00,982.0,1888.0,16400.0,4000.0,550.0,7563.89990234375,4659.02978515625
2022-01-14,1822.25,23.1,979.00,1870.00,992.0,1886.0,16400.0,4000.0,550.0,7543.0,4662.85009765625
2022-01-17,1820.05,23.015,975.00,1895.00,983.0,1904.0,16400.0,4000.0,550.0,7611.2001953125,4662.85009765625
2022-01-18,1810.8,22.915,982.00,1906.00,976.0,1892.0,16500.0,4000.0,550.0,7563.60009765625,4577.10986328125
2022-01-19,1817.5,23.775,1014.00,1976.00,992.0,1905.0,16500.0,4000.0,540.0,7589.7001953125,4532.759765625
2022-01-20,1836.7,24.225,1055.00,2039.00,1045.0,2048.0,16600.0,3950.0,530.0,7585.0,4482.72998046875
2022-01-21,1834.25,24.32,1046.00,2112.00,1042.0,2054.0,16600.0,3950.0,530.0,7494.10009765625,4397.93994140625
2022-01-24,1838.25,24.065,1017.00,2147.00,1045.0,2127.0,16650.0,3950.0,530.0,7297.2001953125,4410.1298828125
2022-01-25,1835.65,23.665,1019.00,2175.00,1024.0,2190.0,16700.0,3950.0,530.0,7371.5,4356.4501953125
2022-01-26,1845.2,23.86,1052.00,2307.00,1050.0,2238.0,16800.0,3950.0,530.0,7469.7998046875,4349.93017578125
2022-01-27,1815.5,23.17,1021.00,2279.00,1038.0,2365.0,16800.0,3950.0,530.0,7554.2998046875,4326.509765625
2022-01-28,1790.2,22.5,1003.00,2328.00,1018.0,2318.0,16850.0,3950.0,530.0,7466.10009765625,4431.85009765625
2022-01-31,1790.6,22.495,1022.00,2445.00,1025.0,2400.0,16850.0,3950.0,530.0,7464.39990234375,4515.5498046875
2022-02-01,1806.5,22.88,1043.00,2385.00,1045.0,2408.0,16850.0,3950.0,530.0,7535.7998046875,4546.5400390625
2022-02-02,1802.0,22.78,1037.00,2402.00,1042.0,2400.0,16850.0,3950.0,530.0,7583.0,4589.3798828125
2022-02-03,1803.75,22.36,1026.00,2377.00,1041.0,2382.0,16850.0,3950.0,530.0,7528.7998046875,4477.43994140625
2022-02-04,1814.55,22.505,1016.00,2287.00,1040.0,2365.0,16850.0,3950.0,530.0,7516.39990234375,4500.52978515625
2022-02-07,1811.15,22.86,1015.00,2230.00,1028.0,2300.0,16850.0,3950.0,530.0,7573.5,4483.8701171875
2022-02-08,1821.0,22.86,1029.00,2261.00,1021.0,2247.0,17100.0,3900.0,525.0,7567.10009765625,4521.5400390625
2022-02-09,1828.1,23.25,1030.00,2267.00,1041.0,2258.0,18000.0,3900.0,525.0,7643.39990234375,4587.18017578125
2022-02-10,1832.3,23.355,1027.00,2292.00,1036.0,2300.0,18350.0,3900.0,525.0,7672.39990234375,4504.080078125
2022-02-11,1826.25,22.895,1023.00,2224.00,1037.0,2258.0,18350.0,3900.0,525.0,7661.0,4418.64013671875
2022-02-14,1855.8,23.69,1039.00,2290.00,1040.0,2344.0,18350.0,3900.0,525.0,7531.60009765625,4401.669921875
2022-02-15,1855.1,23.285,1015.00,2252.00,1035.0,2314.0,18200.0,3900.0,525.0,7608.89990234375,4471.06982421875
2022-02-16,1854.4,23.5,1043.00,2280.00,1040.0,2292.0,18100.0,3900.0,525.0,7603.7998046875,4475.009765625
2022-02-17,1886.55,23.585,1079.00,2372.00,1085.0,2355.0,18100.0,3900.0,525.0,7537.39990234375,4380.259765625
2022-02-18,1886.95,23.77,1091.00,2360.00,1104.0,2356.0,18200.0,3900.0,525.0,7513.60009765625,4348.8701171875
2022-02-21,1895.45,23.735,1078.00,2374.00,1092.0,2362.0,18300.0,3900.0,525.0,7484.2998046875,4348.8701171875
2022-02-22,1895.0,24.01,1087.00,2417.00,1088.0,2388.0,18400.0,3900.0,525.0,7494.2001953125,4304.759765625
2022-02-23,1895.7,24.105,1091.00,2423.00,1090.0,2375.0,18550.0,3900.0,525.0,7498.2001953125,4225.5
2022-02-24,1968.35,25.315,1101.00,2680.00,1126.0,2610.0,19200.0,3900.0,525.0,7207.0,4288.7001953125
2022-02-25,1912.15,24.21,1055.00,2320.00,1074.0,2496.0,20000.0,3900.0,525.0,7489.5,4384.64990234375
2022-02-28,1903.3,24.35,1063.00,2509.00,1070.0,2495.0,20000.0,3900.0,525.0,7458.2998046875,4373.93994140625
2022-03-01,1920.45,24.64,1064.00,2691.00,1066.0,2558.0,19500.0,3900.0,525.0,7330.2001953125,4306.259765625
2022-03-02,1926.0,25.075,1062.00,2595.00,1066.0,2675.0,19500.0,4200.0,525.0,7429.60009765625,4386.5400390625
2022-03-03,1935.4,25.31,1085.00,2764.00,1100.0,2770.0,19750.0,4400.0,525.0,7238.89990234375,4363.490234375
2022-03-04,1943.8,25.15,1092.00,2965.00,1084.0,2825.0,20400.0,4400.0,525.0,6987.10009765625,4328.8701171875
2022-03-07,1999.25,25.74,1127.00,3015.00,1158.0,3340.0,21600.0,4600.0,550.0,6959.5,4201.08984375
2022-03-08,2007.0,26.12,1151.00,3000.00,1155.0,3050.0,22000.0,4600.0,550.0,6964.10009765625,4170.7001953125
2022-03-09,2017.15,26.175,1107.00,2970.00,1166.0,3110.0,21500.0,4900.0,600.0,7190.7001953125,4277.8798828125
2022-03-10,1997.65,25.945,1088.00,2930.00,1088.0,2954.0,19300.0,4900.0,610.0,7099.10009765625,4259.52001953125
2022-03-11,1991.45,25.655,1057.00,2766.00,1080.0,2990.0,19000.0,4900.0,620.0,7155.60009765625,4204.31005859375
2022-03-14,1961.6,25.375,1039.00,2374.00,1060.0,2660.0,18500.0,5000.0,620.0,7193.5,4173.10986328125
2022-03-15,1928.75,24.635,1006.00,2417.00,1030.0,2450.0,18500.0,5100.0,625.0,7175.7001953125,4262.4501953125
2022-03-16,1918.75,24.945,1014.00,2440.00,1017.0,2492.0,18700.0,5100.0,625.0,7291.7001953125,4357.85986328125
2022-03-17,1941.4,25.34,1024.00,2478.00,1035.0,2470.0,19000.0,5100.0,625.0,7385.2998046875,4411.669921875
2022-03-18,1932.9,25.235,1034.00,2535.00,1042.0,2612.0,19000.0,5100.0,625.0,7404.7001953125,4463.1201171875
2022-03-21,1925.05,25.035,1037.00,2547.00,1045.0,2590.0,18800.0,5100.0,625.0,7442.39990234375,4461.18017578125
2022-03-22,1929.35,25.085,1020.00,2504.00,1038.0,2582.0,18800.0,5100.0,625.0,7476.7001953125,4511.60986328125
2022-03-23,1932.15,25.015,1025.00,2526.00,1032.0,2592.0,18600.0,5100.0,625.0,7460.60009765625,4456.240234375
2022-03-24,1945.9,25.315,1020.00,2511.00,1025.0,2570.0,18600.0,5100.0,625.0,7467.39990234375,4520.16015625
2022-03-25,1956.65,25.62,1011.00,2498.00,1033.0,2555.0,18500.0,5100.0,625.0,7483.39990234375,4543.06005859375
2022-03-28,1927.0,24.905,993.00,2253.00,1008.0,2277.0,18800.0,5100.0,625.0,7473.10009765625,4575.52001953125
2022-03-29,1911.05,24.64,964.00,2111.00,996.0,2282.0,19000.0,5100.0,625.0,7537.2998046875,4631.60009765625
2022-03-30,1917.8,24.755,992.00,2255.00,995.0,2165.0,19400.0,5100.0,625.0,7578.7998046875,4602.4501953125
2022-03-31,1924.1,24.815,983.00,2259.00,1000.0,2284.0,19500.0,5100.0,625.0,7515.7001953125,4530.41015625
2022-04-01,1933.35,24.69,995.00,2323.00,998.0,2305.0,19500.0,5100.0,625.0,7537.89990234375,4545.85986328125
2022-04-04,1927.1,24.665,985.00,2297.00,1005.0,2342.0,19500.0,5100.0,625.0,7558.89990234375,4582.64013671875
2022-04-05,1929.45,24.675,981.00,2294.00,994.0,2320.0,19500.0,5100.0,625.0,7613.7001953125,4525.1201171875
2022-04-06,1929.0,24.265,963.00,2240.00,982.0,2273.0,19300.0,5100.0,625.0,7587.7001953125,4481.14990234375
2022-04-07,1926.4,24.38,957.00,2258.00,957.0,2248.0,19300.0,5100.0,625.0,7551.7998046875,4500.2099609375
2022-04-08,1931.2,24.625,972.00,2442.00,975.0,2295.0,19000.0,5100.0,625.0,7669.60009765625,4488.27978515625
2022-04-11,1956.85,25.05,984.00,2495.00,996.0,2538.0,19000.0,5100.0,625.0,7618.2998046875,4412.52978515625
2022-04-12,1951.4,25.005,967.00,2350.00,984.0,2410.0,19200.0,5100.0,625.0,7576.7001953125,4397.4501953125
2022-04-13,1975.25,25.64,980.00,2386.00,992.0,2415.0,19200.0,5100.0,625.0,7580.7998046875,4446.58984375
2022-04-14,1970.6,25.655,977.00,2381.00,1000.0,2408.0,19100.0,5100.0,625.0,7616.39990234375,4392.58984375
2022-04-18,1970.6,25.655,977.00,2381.00,1000.0,2408.0,19100.0,5100.0,625.0,7616.39990234375,4391.68994140625
2022-04-19,1975.95,25.915,1011.00,2358.00,1028.0,2440.0,18900.0,5100.0,625.0,7601.2998046875,4462.2099609375
2022-04-20,1947.55,25.2,985.00,2405.00,985.0,2420.0,18750.0,5100.0,625.0,7629.2001953125,4459.4501953125
2022-04-21,1945.95,24.645,978.00,2432.00,995.0,2510.0,18750.0,5100.0,625.0,7628.0,4393.66015625
2022-04-22,1942.0,24.345,940.00,2405.00,975.0,2466.0,18650.0,5100.0,625.0,7521.7001953125,4271.77978515625
2022-04-25,1918.7,23.515,917.00,2115.00,935.0,2328.0,18400.0,5100.0,625.0,7380.5,4296.1201171875
2022-04-26,1903.4,23.77,915.00,2186.00,930.0,2170.0,18200.0,5100.0,625.0,7386.2001953125,4175.2001953125
2022-04-27,1896.15,23.635,930.00,2254.00,924.0,2210.0,18200.0,5100.0,625.0,7425.60009765625,4183.9599609375
2022-04-28,1890.0,23.16,915.00,2249.00,932.0,2298.0,18200.0,5100.0,625.0,7509.2001953125,4287.5
2022-04-29,1915.45,23.445,932.00,2312.00,944.0,2310.0,18200.0,5100.0,625.0,7544.60009765625,4131.93017578125
2022-05-02,1915.45,23.445,932.00,2312.00,944.0,2310.0,18200.0,5100.0,625.0,7544.60009765625,4155.3798828125
2022-05-03,1857.9,22.63,962.00,2230.00,948.0,2250.0,18200.0,5000.0,625.0,7561.2998046875,4175.47998046875
2022-05-04,1868.7,22.595,972.00,2227.00,982.0,2310.0,18200.0,5000.0,625.0,7493.5,4300.169921875
2022-05-05,1895.2,22.915,992.00,2230.00,1002.0,2285.0,17300.0,5000.0,625.0,7503.2998046875,4146.8701171875
2022-05-06,1884.3,22.485,966.00,2108.00,968.0,2155.0,16800.0,5000.0,625.0,7387.89990234375,4123.33984375
2022-05-09,1865.4,21.865,948.00,2049.00,968.0,2118.0,16500.0,5000.0,625.0,7216.60009765625,3991.239990234375
2022-05-10,1862.25,21.865,987.00,2058.00,988.0,2180.0,16000.0,5000.0,625.0,7243.2001953125,4001.050048828125
2022-05-11,1851.75,21.785,975.00,2048.00,1000.0,2085.0,15400.0,5000.0,625.0,7347.7001953125,3935.179931640625
2022-05-12,1850.75,20.985,962.00,1912.00,990.0,2010.0,15400.0,5000.0,625.0,7233.2998046875,3930.080078125
2022-05-13,1824.2,20.84,943.00,1932.00,972.0,1994.0,15575.0,5000.0,625.0,7418.2001953125,4023.889892578125
2022-05-16,1805.8,21.17,945.00,1970.00,945.0,1955.0,16000.0,5000.0,625.0,7464.7998046875,4008.010009765625
2022-05-17,1828.05,21.78,957.00,2079.00,953.0,2050.0,16100.0,5000.0,625.0,7518.39990234375,4088.85009765625
2022-05-18,1818.5,21.665,948.00,2080.00,972.0,2115.0,16100.0,5000.0,625.0,7438.10009765625,3923.679931640625
2022-05-19,1825.55,21.56,950.00,1980.00,937.0,2000.0,15500.0,5000.0,625.0,7302.7001953125,3900.7900390625
2022-05-20,1846.3,22.03,960.00,2004.00,976.0,2035.0,15500.0,5000.0,625.0,7390.0,3901.360107421875
2022-05-23,1864.3,22.085,969.00,2004.00,980.0,2055.0,15300.0,5000.0,625.0,7513.39990234375,3973.75
2022-05-24,1858.6,21.925,955.00,1997.00,974.0,2042.0,15300.0,5000.0,625.0,7484.39990234375,3941.47998046875
2022-05-25,1859.05,21.83,945.00,1993.00,956.0,2016.0,15600.0,5000.0,625.0,7522.7998046875,3978.72998046875
2022-05-26,1845.15,21.885,942.00,1993.00,958.0,2025.0,15600.0,5000.0,625.0,7564.89990234375,4057.840087890625
2022-05-27,1858.95,22.275,955.00,2044.00,962.0,2054.0,15400.0,4900.0,625.0,7585.5,4158.240234375
2022-05-30,1857.25,22.035,954.00,2039.00,968.0,2095.0,15400.0,4900.0,625.0,7600.10009765625,4158.240234375
2022-05-31,1854.4,21.77,963.00,2032.00,976.0,2108.0,15400.0,4900.0,625.0,7607.7001953125,4132.14990234375
2022-06-01,1829.7,21.61,990.00,2014.00,982.0,2052.0,15250.0,4900.0,625.0,7533.0,4101.22998046875
2022-06-02,1829.7,21.61,990.00,2014.00,982.0,2052.0,15250.0,4900.0,625.0,7533.0,4176.81982421875
2022-06-03,1829.7,21.61,990.00,2014.00,982.0,2052.0,15250.0,4900.0,625.0,7533.0,4108.5400390625
2022-06-06,1851.5,22.255,1029.00,2015.00,1040.0,2060.0,15000.0,4900.0,625.0,7608.2001953125,4121.43017578125
2022-06-07,1846.8,22.09,1007.00,1950.00,1014.0,2036.0,14650.0,4900.0,625.0,7598.89990234375,4160.68017578125
2022-06-08,1848.35,21.92,1002.00,1950.00,1020.0,2016.0,14350.0,4900.0,625.0,7593.0,4115.77001953125
2022-06-09,1849.25,21.93,986.00,1921.00,992.0,1984.0,14350.0,4900.0,625.0,7476.2001953125,4017.820068359375
2022-06-10,1843.35,21.59,969.00,1912.00,979.0,1966.0,13800.0,4900.0,625.0,7317.5,3900.860107421875
2022-06-13,1855.95,21.56,950.00,1860.00,960.0,1915.0,13800.0,4900.0,625.0,7205.7998046875,3749.6298828125
2022-06-14,1823.65,21.235,933.00,1810.00,950.0,1868.0,13450.0,4900.0,620.0,7187.5,3735.47998046875
2022-06-15,1823.15,21.46,945.00,1865.00,945.0,1848.0,13450.0,4900.0,620.0,7273.39990234375,3789.989990234375
2022-06-16,1831.55,21.435,943.00,1866.00,950.0,1875.0,13450.0,4900.0,620.0,7045.0,3666.77001953125
2022-06-17,1849.85,21.845,943.00,1860.00,960.0,1920.0,13450.0,4900.0,615.0,7016.2998046875,3674.840087890625
2022-06-20,1841.2,21.655,941.00,1870.00,947.0,1876.0,13450.0,4900.0,615.0,7121.7998046875,3674.840087890625
2022-06-21,1836.5,21.67,938.00,1885.00,955.0,1900.0,13450.0,4900.0,615.0,7152.10009765625,3764.7900390625
2022-06-22,1827.3,21.42,931.00,1865.00,940.0,1897.0,13600.0,4900.0,615.0,7089.2001953125,3759.889892578125
2022-06-23,1831.4,21.185,919.00,1882.00,936.0,1912.0,13900.0,4900.0,615.0,7020.5,3795.72998046875
2022-06-24,1826.5,20.86,911.00,1861.00,927.0,1900.0,14000.0,4900.0,615.0,7208.7998046875,3911.739990234375
2022-06-27,1838.05,21.46,909.00,1919.00,923.0,1946.0,14000.0,4900.0,615.0,7258.2998046875,3900.110107421875
2022-06-28,1827.0,21.235,924.00,1876.00,925.0,1920.0,14000.0,4900.0,610.0,7323.39990234375,3821.550048828125
2022-06-29,1811.85,20.975,933.00,1990.00,934.0,1928.0,14000.0,4900.0,610.0,7312.2998046875,3818.830078125
2022-06-30,1813.6,20.415,907.00,1888.00,924.0,1990.0,14000.0,4850.0,605.0,7169.2998046875,3785.3798828125
2022-07-01,1795.65,19.725,872.00,1914.00,892.0,1960.0,14000.0,4850.0,605.0,7168.7001953125,3825.330078125
2022-07-04,1807.05,19.855,885.00,1955.00,895.0,1970.0,13600.0,4850.0,600.0,7232.7001953125,3825.330078125
2022-07-05,1804.4,19.84,868.00,1898.00,893.0,1944.0,13450.0,4850.0,600.0,7025.5,3831.389892578125
2022-07-06,1766.65,19.22,867.00,1957.00,874.0,1965.0,13500.0,4850.0,600.0,7107.7998046875,3845.080078125
2022-07-07,1743.45,19.425,870.00,1970.00,877.0,1955.0,13650.0,4850.0,600.0,7189.10009765625,3902.6201171875
2022-07-08,1737.05,19.2,879.00,2069.00,885.0,2015.0,13900.0,4850.0,600.0,7196.2001953125,3899.3798828125
2022-07-11,1737.4,19.21,874.00,2153.00,897.0,2160.0,13900.0,4800.0,600.0,7196.60009765625,3854.429931640625
2022-07-12,1734.35,18.865,850.00,2123.00,863.0,2158.0,13900.0,4800.0,600.0,7209.89990234375,3818.800048828125
2022-07-13,1728.9,18.955,841.00,2016.00,853.0,2010.0,13900.0,4800.0,595.0,7156.39990234375,3801.780029296875
2022-07-14,1716.15,18.76,831.00,1917.00,850.0,1968.0,13900.0,4750.0,590.0,7039.7998046875,3790.3798828125
2022-07-15,1702.55,18.46,851.00,1864.00,846.0,1914.0,13900.0,4750.0,590.0,7159.0,3863.159912109375
2022-07-18,1723.65,18.88,862.00,1873.00,873.0,1895.0,14000.0,4700.0,585.0,7223.2001953125,3830.85009765625
2022-07-19,1712.95,18.9,881.00,1872.00,876.0,1900.0,14650.0,4700.0,585.0,7296.2998046875,3936.68994140625
2022-07-20,1712.65,18.78,868.00,1874.00,888.0,1894.0,14900.0,4700.0,585.0,7264.2998046875,3959.89990234375
2022-07-21,1686.55,18.265,869.00,1874.00,860.0,1886.0,15250.0,4700.0,585.0,7270.5,3998.949951171875
2022-07-22,1725.0,18.81,882.00,1945.00,883.0,1910.0,15400.0,4650.0,585.0,7276.39990234375,3961.6298828125
2022-07-25,1731.95,18.755,881.00,2003.00,883.0,2004.0,15400.0,4650.0,585.0,7306.2998046875,3966.840087890625
2022-07-26,1719.85,18.54,878.00,1980.00,892.0,2034.0,14850.0,4650.0,585.0,7306.2998046875,3921.050048828125
2022-07-27,1723.95,18.765,882.00,2016.00,884.0,2027.0,14650.0,4600.0,580.0,7348.2001953125,4023.610107421875
2022-07-28,1746.6,19.325,890.00,2069.00,902.0,2107.0,14450.0,4600.0,580.0,7345.2998046875,4072.429931640625
2022-07-29,1758.9,20.065,889.00,2093.00,902.0,2100.0,14350.0,4500.0,565.0,7423.39990234375,4130.2900390625
2022-08-01,1766.75,20.405,908.00,2182.00,907.0,2150.0,14350.0,4500.0,565.0,7413.39990234375,4118.6298828125
2022-08-02,1772.9,20.335,915.00,2194.00,918.0,2208.0,14650.0,4500.0,560.0,7409.10009765625,4091.18994140625
2022-08-03,1766.6,19.92,902.00,2020.00,902.0,2100.0,14900.0,4500.0,560.0,7445.7001953125,4155.169921875
2022-08-04,1777.9,20.265,915.00,2078.00,909.0,2056.0,14900.0,4500.0,560.0,7448.10009765625,4151.93994140625
2022-08-05,1786.75,20.06,930.00,2096.00,945.0,2134.0,14800.0,4500.0,560.0,7439.7001953125,4145.18994140625
2022-08-08,1775.7,20.195,938.00,2221.00,940.0,2160.0,14800.0,4500.0,560.0,7482.39990234375,4140.06005859375
2022-08-09,1790.6,20.6,940.00,2236.00,946.0,2210.0,14800.0,4500.0,550.0,7488.2001953125,4122.47021484375
2022-08-10,1793.5,20.435,942.00,2230.00,937.0,2210.0,14800.0,4400.0,540.0,7507.10009765625,4210.240234375
2022-08-11,1789.7,20.54,967.00,2278.00,964.0,2263.0,14800.0,4400.0,540.0,7465.89990234375,4207.27001953125
2022-08-12,1788.45,20.265,957.00,2260.00,967.0,2284.0,14800.0,4400.0,540.0,7500.89990234375,4280.14990234375
2022-08-15,1781.45,20.33,941.00,2157.00,957.0,2228.0,14800.0,4400.0,535.0,7509.2001953125,4297.14013671875
2022-08-16,1776.15,20.125,932.00,2122.00,940.0,2145.0,14650.0,4400.0,535.0,7536.10009765625,4305.2001953125
2022-08-17,1773.65,19.905,929.00,2139.00,942.0,2162.0,14350.0,4300.0,530.0,7515.7998046875,4274.0400390625
2022-08-18,1765.6,19.825,926.00,2170.00,930.0,2155.0,14250.0,4300.0,530.0,7541.89990234375,4283.740234375
2022-08-19,1752.9,19.23,904.00,2126.00,917.0,2162.0,14250.0,4300.0,530.0,7550.39990234375,4228.47998046875
2022-08-22,1732.8,18.895,875.00,2011.00,894.0,2140.0,14250.0,4300.0,530.0,7533.7998046875,4137.990234375
2022-08-23,1739.45,18.99,868.00,1996.00,886.0,2042.0,13950.0,4300.0,530.0,7488.10009765625,4128.72998046875
2022-08-24,1752.0,19.0,876.00,2013.00,887.0,2004.0,13950.0,4300.0,530.0,7471.5,4140.77001953125
2022-08-25,1762.4,19.325,884.00,2093.00,891.0,2084.0,13950.0,4250.0,530.0,7479.7001953125,4199.1201171875
2022-08-26,1752.1,19.215,877.00,2153.00,894.0,2174.0,13950.0,4250.0,525.0,7427.2998046875,4057.659912109375
2022-08-29,1752.1,19.215,877.00,2153.00,894.0,2174.0,13950.0,4250.0,525.0,7427.2998046875,4030.610107421875
2022-08-30,1734.0,18.695,858.00,2109.00,874.0,2178.0,14100.0,4250.0,525.0,7361.60009765625,3986.159912109375
2022-08-31,1712.4,17.945,845.00,2080.00,858.0,2136.0,14100.0,4250.0,525.0,7284.2001953125,3955.0
2022-09-01,1706.0,17.77,838.00,2033.00,853.0,2108.0,13800.0,4250.0,525.0,7148.5,3966.85009765625
2022-09-02,1706.9,17.915,840.00,2018.00,843.0,2062.0,13800.0,4250.0,515.0,7281.2001953125,3924.260009765625
2022-09-05,1711.95,18.23,848.00,2018.00,855.0,2070.0,13800.0,4250.0,515.0,7287.39990234375,3924.260009765625
2022-09-06,1712.5,18.395,852.00,2033.00,862.0,2098.0,14000.0,4250.0,515.0,7300.39990234375,3908.18994140625
2022-09-07,1705.05,18.17,855.00,2009.00,867.0,2037.0,14200.0,4250.0,515.0,7237.7998046875,3979.8701171875
2022-09-08,1720.25,18.625,874.00,2088.00,881.0,2079.0,14300.0,4150.0,505.0,7262.10009765625,4006.179931640625
2022-09-09,1726.95,18.765,881.00,2161.00,894.0,2172.0,15200.0,4150.0,505.0,7351.10009765625,4067.360107421875
2022-09-12,1726.5,19.215,903.00,2255.00,905.0,2200.0,15000.0,4150.0,505.0,7473.0,4110.41015625
2022-09-13,1727.05,19.925,895.00,2150.00,914.0,2218.0,14700.0,4150.0,505.0,7385.89990234375,3932.68994140625
2022-09-14,1703.8,19.505,906.00,2124.00,902.0,2136.0,14400.0,4150.0,505.0,7277.2998046875,3946.010009765625
2022-09-15,1689.0,19.37,917.00,2177.00,917.0,2170.0,14200.0,4150.0,505.0,7282.10009765625,3901.35009765625
2022-09-16,1664.3,18.995,892.00,2089.00,904.0,2120.0,14200.0,4150.0,505.0,7236.7001953125,3873.330078125
2022-09-19,1664.3,18.995,892.00,2089.00,904.0,2120.0,14200.0,4150.0,505.0,7236.7001953125,3899.889892578125
2022-09-20,1667.9,19.315,931.00,2155.00,934.0,2208.0,14200.0,4150.0,505.0,7192.7001953125,3855.929931640625
2022-09-21,1674.45,19.51,927.00,2171.00,935.0,2178.0,14200.0,4050.0,495.0,7237.60009765625,3789.929931640625
2022-09-22,1671.85,19.585,911.00,2169.00,906.0,2138.0,14000.0,4050.0,495.0,7159.5,3757.989990234375
2022-09-23,1661.45,19.0,874.00,2098.00,902.0,2166.0,14000.0,4050.0,495.0,7018.60009765625,3693.22998046875
2022-09-26,1647.0,18.635,864.00,2067.00,872.0,2110.0,14000.0,4050.0,495.0,7021.0,3655.0400390625
2022-09-27,1632.6,18.68,859.00,2090.00,880.0,2075.0,14000.0,4050.0,495.0,6984.60009765625,3647.2900390625
2022-09-28,1618.2,18.255,849.00,2093.00,854.0,2072.0,14000.0,4050.0,495.0,7005.39990234375,3719.0400390625
2022-09-29,1646.6,18.67,865.00,2206.00,857.0,2156.0,14000.0,4050.0,495.0,6881.60009765625,3640.469970703125
2022-09-30,1672.75,19.02,864.00,2214.00,890.0,2250.0,14000.0,4050.0,495.0,6893.7998046875,3585.6201171875
2022-10-03,1660.8,19.415,880.00,2202.00,876.0,2188.0,14000.0,4050.0,495.0,6908.7998046875,3678.429931640625
2022-10-04,1709.15,20.925,925.00,2315.00,923.0,2303.0,14000.0,4050.0,495.0,7086.5,3790.929931640625
2022-10-05,1712.15,20.435,920.00,2278.00,932.0,2348.0,14000.0,4050.0,495.0,7052.60009765625,3783.280029296875
2022-10-06,1716.0,20.54,926.00,2302.00,934.0,2296.0,14000.0,4050.0,495.0,6997.2998046875,3744.52001953125
2022-10-07,1711.5,20.625,930.00,2256.00,936.0,2284.0,14000.0,4050.0,495.0,6991.10009765625,3639.659912109375
2022-10-10,1680.05,19.825,912.00,2253.00,917.0,2202.0,14000.0,4050.0,495.0,6959.2998046875,3612.389892578125
2022-10-11,1664.15,19.395,895.00,2187.00,902.0,2196.0,14000.0,4050.0,495.0,6885.2001953125,3588.840087890625
2022-10-12,1672.3,19.185,890.00,2125.00,900.0,2178.0,13900.0,4050.0,495.0,6826.2001953125,3577.030029296875
2022-10-13,1676.4,19.175,873.00,2060.00,890.0,2157.0,13700.0,4050.0,490.0,6850.2998046875,3669.909912109375
2022-10-14,1655.15,18.765,911.00,2086.00,920.0,2152.0,13700.0,3950.0,490.0,6858.7998046875,3583.070068359375
2022-10-17,1658.0,18.595,920.00,2031.00,924.0,2050.0,13700.0,3950.0,490.0,6920.2001953125,3677.949951171875
2022-10-18,1652.25,18.695,921.00,2026.00,932.0,2045.0,13800.0,3950.0,490.0,6936.7001953125,3719.97998046875
2022-10-19,1640.7,18.435,894.00,1970.00,908.0,2038.0,14100.0,3950.0,490.0,6925.0,3695.159912109375
2022-10-20,1633.2,18.785,893.00,2019.00,895.0,2018.0,14100.0,3950.0,490.0,6943.89990234375,3665.780029296875
2022-10-21,1624.55,18.385,905.00,1998.00,920.0,2065.0,14100.0,3950.0,490.0,6969.7001953125,3752.75
2022-10-24,1646.35,19.215,930.00,2002.00,943.0,2052.0,14100.0,3950.0,490.0,7014.0,3797.340087890625
2022-10-25,1642.85,18.88,911.00,1890.00,928.0,2012.0,14100.0,3950.0,490.0,7013.5,3859.110107421875
2022-10-26,1670.8,19.59,935.00,1965.00,942.0,1988.0,14100.0,3950.0,490.0,7056.10009765625,3830.60009765625
2022-10-27,1663.3,19.37,952.00,1944.00,958.0,1996.0,14100.0,3950.0,490.0,7073.7001953125,3807.300048828125
2022-10-28,1649.25,19.225,950.00,1908.00,960.0,1967.0,14100.0,3950.0,490.0,7047.7001953125,3901.06005859375
2022-10-31,1638.85,19.165,935.00,1839.00,940.0,1926.0,14100.0,3950.0,490.0,7094.5,3871.97998046875
2022-11-01,1652.55,20.0,950.00,1919.00,952.0,1895.0,14000.0,3950.0,490.0,7186.2001953125,3856.10009765625
2022-11-02,1656.45,19.78,958.00,1857.00,968.0,1925.0,14000.0,3950.0,490.0,7144.10009765625,3759.68994140625
2022-11-03,1620.65,18.92,917.00,1786.00,935.0,1867.0,13750.0,3950.0,490.0,7188.60009765625,3719.889892578125
2022-11-04,1648.8,19.965,947.00,1889.00,946.0,1852.0,13500.0,3950.0,485.0,7334.7998046875,3770.550048828125
2022-11-07,1679.9,20.67,971.00,1859.00,978.0,1922.0,13500.0,3950.0,485.0,7300.0,3806.800048828125
2022-11-08,1670.8,20.75,980.00,1870.00,983.0,1886.0,13500.0,3950.0,485.0,7306.10009765625,3828.110107421875
2022-11-09,1705.15,21.32,993.00,1888.00,1012.0,1962.0,13350.0,3950.0,485.0,7296.2998046875,3748.570068359375
2022-11-10,1705.65,21.09,1018.00,1893.00,1000.0,1883.0,13150.0,3950.0,485.0,7375.2998046875,3956.3701171875
2022-11-11,1764.75,21.48,1040.00,2032.00,1070.0,2055.0,13150.0,3950.0,485.0,7318.0,3992.929931640625
2022-11-14,1757.35,21.47,1013.00,2004.00,1032.0,2050.0,13550.0,3950.0,485.0,7385.2001953125,3957.25
2022-11-15,1775.1,21.94,1031.00,2084.00,1042.0,2080.0,13550.0,3950.0,485.0,7369.39990234375,3991.72998046875
2022-11-16,1783.2,21.95,1017.00,2070.00,1028.0,2105.0,13550.0,3950.0,485.0,7351.2001953125,3958.7900390625
2022-11-17,1764.55,21.075,988.00,1983.00,1020.0,2070.0,13550.0,3950.0,485.0,7346.5,3946.56005859375
2022-11-18,1764.75,21.095,986.00,1967.00,998.0,2008.0,13250.0,3950.0,485.0,7385.5,3965.340087890625
2022-11-21,1739.65,20.64,985.00,1888.00,984.0,1920.0,13250.0,3950.0,485.0,7376.89990234375,3949.93994140625
2022-11-22,1747.0,21.27,997.00,1879.00,1002.0,1906.0,13300.0,3950.0,485.0,7452.7998046875,4003.580078125
2022-11-23,1735.75,21.265,982.00,1880.00,1008.0,1906.0,13300.0,3950.0,485.0,7465.2001953125,4027.260009765625
2022-11-24,1755.25,21.56,988.00,1900.00,1007.0,1926.0,13300.0,3950.0,485.0,7466.60009765625,4027.260009765625
2022-11-25,1753.55,21.335,979.00,1812.00,996.0,1900.0,13300.0,3950.0,485.0,7486.7001953125,4026.1201171875
2022-11-28,1762.9,21.475,1000.00,1855.00,1005.0,1880.0,13300.0,3950.0,485.0,7474.0,3963.93994140625
2022-11-29,1755.35,21.365,993.00,1831.00,1015.0,1882.0,13300.0,3950.0,485.0,7512.0,3957.6298828125
2022-11-30,1759.65,21.56,1025.00,1908.00,1025.0,1898.0,13300.0,3950.0,475.0,7573.10009765625,4080.110107421875
2022-12-01,1779.6,22.135,1041.00,1904.00,1050.0,1935.0,13300.0,3950.0,475.0,7558.5,4076.570068359375
2022-12-02,1800.75,22.605,1007.00,1874.00,1054.0,1956.0,13300.0,3950.0,475.0,7556.2001953125,4071.699951171875
2022-12-05,1794.35,22.985,1014.00,1905.00,1035.0,1950.0,13300.0,3950.0,475.0,7567.5,3998.840087890625
2022-12-06,1773.35,22.54,998.00,1872.00,1005.0,1894.0,13300.0,3950.0,475.0,7521.39990234375,3941.260009765625
2022-12-07,1771.85,22.385,1003.00,1842.00,998.0,1890.0,13150.0,4050.0,475.0,7489.2001953125,3933.919921875
2022-12-08,1782.45,22.695,1004.00,1859.00,1018.0,1885.0,12900.0,4100.0,475.0,7472.2001953125,3963.510009765625
2022-12-09,1793.0,23.11,1001.00,1923.00,1012.0,1946.0,12800.0,4500.0,475.0,7476.60009765625,3934.3798828125
2022-12-12,1790.6,23.39,1006.00,1895.00,1040.0,1970.0,12600.0,4700.0,475.0,7446.0,3990.56005859375
2022-12-13,1785.15,23.395,1037.00,1952.00,1017.0,1923.0,12600.0,4800.0,475.0,7502.89990234375,4019.64990234375
2022-12-14,1808.2,23.61,1025.00,1919.00,1046.0,1950.0,12400.0,4800.0,475.0,7495.89990234375,3995.320068359375
2022-12-15,1775.95,23.165,1014.00,1895.00,1023.0,1912.0,12300.0,4800.0,475.0,7426.2001953125,3895.75
2022-12-16,1780.15,22.83,997.00,1730.00,1007.0,1798.0,12300.0,4800.0,475.0,7332.10009765625,3852.360107421875
2022-12-19,1796.5,23.24,992.00,1726.00,1016.0,1758.0,12300.0,4800.0,475.0,7361.2998046875,3817.659912109375
2022-12-20,1806.35,23.74,991.00,1675.00,1008.0,1722.0,12300.0,4800.0,475.0,7370.60009765625,3821.6201171875
2022-12-21,1813.5,23.89,997.00,1700.00,1010.0,1756.0,12300.0,4800.0,475.0,7497.2998046875,3878.43994140625
2022-12-22,1815.2,23.735,984.00,1692.00,1016.0,1753.0,12300.0,4800.0,475.0,7469.2998046875,3822.389892578125
2022-12-23,1797.4,23.735,-,-,1008.0,1686.0,12300.0,4800.0,475.0,7473.0,3844.820068359375
2022-12-27,1797.4,23.735,-,-,1008.0,1686.0,12300.0,4800.0,475.0,7473.0,3829.25
2022-12-28,1802.65,23.855,1017.00,1795.00,1030.0,1845.0,12250.0,4800.0,475.0,7497.2001953125,3783.219970703125
2022-12-29,1805.4,23.855,1031.00,1775.00,1028.0,1800.0,12250.0,4800.0,475.0,7512.7001953125,3849.280029296875
2022-12-30,1812.35,23.945,-,-,1065.0,1825.0,12250.0,4800.0,475.0,7451.7001953125,3839.5
2023-01-03,1835.05,24.295,1082.00,1795.00,1088.0,1815.0,12250.0,4800.0,475.0,7554.10009765625,3824.139892578125
2023-01-04,1857.55,24.29,1080.00,1736.00,1102.0,1750.0,12250.0,4800.0,475.0,7585.2001953125,3852.969970703125
2023-01-05,1850.25,23.41,1062.00,1783.00,1084.0,1812.0,12400.0,4800.0,475.0,7633.5,3808.10009765625
2023-01-06,1834.5,23.455,1073.00,1784.00,1072.0,1770.0,12400.0,4800.0,475.0,7699.5,3895.080078125
2023-01-09,1873.8,23.85,1092.00,1793.00,1107.0,1855.0,12400.0,4750.0,475.0,7724.89990234375,3892.090087890625
2023-01-10,1875.2,23.515,1084.00,1802.00,1090.0,1804.0,12300.0,4750.0,475.0,7694.5,3919.25
2023-01-11,1884.25,23.87,1100.00,1764.00,1100.0,1810.0,12200.0,4600.0,465.0,7725.0,3969.610107421875
2023-01-12,1883.1,23.7,1082.00,1777.00,1082.0,1800.0,12200.0,4600.0,465.0,7794.0,3983.169921875
2023-01-13,1904.05,23.675,1057.00,1739.00,1084.0,1822.0,12200.0,4600.0,465.0,7844.10009765625,3999.090087890625
2023-01-16,1915.1,24.17,1059.00,1755.00,1072.0,1780.0,12250.0,4600.0,465.0,7860.10009765625,3999.090087890625
2023-01-17,1904.95,24.1,1053.00,1728.00,1075.0,1770.0,12250.0,4600.0,465.0,7851.0,3990.969970703125
2023-01-18,1911.55,24.185,1068.00,1778.00,1060.0,1775.0,12250.0,4600.0,465.0,7830.7001953125,3928.860107421875
2023-01-19,1907.5,23.445,1025.00,1683.00,1052.0,1725.0,12250.0,4600.0,465.0,7747.2998046875,3898.85009765625
2023-01-20,1928.75,23.87,1024.00,1731.00,1048.0,1760.0,12250.0,4600.0,465.0,7770.60009765625,3972.610107421875
2023-01-23,1927.2,23.675,1037.00,1708.00,1060.0,1760.0,12250.0,4600.0,465.0,7784.7001953125,4019.81005859375
2023-01-24,1936.5,23.71,1048.00,1704.00,1065.0,1728.0,12250.0,4600.0,465.0,7757.39990234375,4016.949951171875
2023-01-25,1925.85,23.43,1039.00,1732.00,1060.0,1742.0,12250.0,4600.0,465.0,7744.89990234375,4016.219970703125
2023-01-26,1936.45,23.71,1032.00,1697.00,1050.0,1710.0,12250.0,4600.0,465.0,7761.10009765625,4060.429931640625
2023-01-27,1928.25,23.725,1010.00,1642.00,1027.0,1688.0,12150.0,4600.0,465.0,7765.2001953125,4070.56005859375
2023-01-30,1926.75,23.635,1013.00,1630.00,1025.0,1662.0,12000.0,4600.0,465.0,7784.89990234375,4017.77001953125
2023-01-31,1905.2,22.9950,1004.00,1618.00,1015.0,1645.0,12000.0,4600.0,465.0,7771.7001953125,4076.60009765625
2023-02-01,1925.6,23.4950,1008.00,1686.00,1020.0,1668.0,12000.0,4600.0,465.0,7761.10009765625,4119.2099609375
2023-02-02,1954.9,24.4350,1032.00,1680.00,1030.0,1700.0,12000.0,4600.0,465.0,7820.2001953125,4179.759765625
2023-02-03,1910.0,23.4900,1005.00,1625.00,1037.0,1712.0,12050.0,4600.0,465.0,7901.7998046875,4136.47998046875
2023-02-06,1873.5,22.3800,980.00,1572.00,993.0,1640.0,12050.0,4600.0,465.0,7836.7001953125,4111.080078125
2023-02-07,1873.8,22.2050,970.00,1636.00,987.0,1600.0,12050.0,4600.0,465.0,7864.7001953125,4164.0
2023-02-08,1880.75,22.4500,985.00,1660.00,1001.0,1696.0,12050.0,4600.0,465.0,7885.2001953125,4117.85986328125
2023-02-09,1882.1,22.4650,972.00,1647.00,995.0,1692.0,12050.0,4600.0,465.0,7911.2001953125,4081.5
2023-02-10,1864.1,22.1150,966.00,1553.00,975.0,1645.0,12100.0,4600.0,465.0,7882.5,4090.4599609375
2023-02-13,1858.5,21.9850,944.00,1555.00,955.0,1565.0,12100.0,4600.0,465.0,7947.60009765625,4137.2900390625
2023-02-14,1860.5,21.7100,952.00,1580.00,970.0,1575.0,12100.0,4600.0,465.0,7953.89990234375,4136.1298828125
2023-02-15,1835.45,21.4700,926.00,1448.00,940.0,1500.0,12100.0,4600.0,465.0,7997.7998046875,4147.60009765625
2023-02-16,1837.3,21.5650,912.00,1468.00,930.0,1480.0,12100.0,4600.0,465.0,8012.5,4090.409912109375
2023-02-17,1824.5,21.2150,913.00,1481.00,933.0,1495.0,11550.0,4600.0,465.0,8004.39990234375,4079.090087890625
2023-02-20,1844.2,21.7100,936.00,1515.00,940.0,1525.0,11550.0,4600.0,465.0,8014.2998046875,4079.090087890625
2023-02-21,1833.2,21.7750,934.00,1525.00,940.0,1515.0,11550.0,4600.0,465.0,7977.7998046875,3997.340087890625
2023-02-22,1833.45,21.8600,956.00,1513.00,955.0,1515.0,11550.0,4600.0,465.0,7930.60009765625,3991.050048828125
2023-02-23,1826.95,21.5200,957.00,1462.00,967.0,1485.0,11450.0,4600.0,465.0,7907.7001953125,4012.320068359375
2023-02-24,1824.1,21.0900,928.00,1394.00,955.0,1470.0,11150.0,4600.0,465.0,7878.7001953125,3970.0400390625
2023-02-27,1809.05,20.7300,950.00,1465.00,927.0,1430.0,10700.0,4600.0,465.0,7935.10009765625,3982.239990234375
2023-02-28,1810.2,20.5250,951.00,1413.00,950.0,1452.0,10200.0,4600.0,465.0,7876.2998046875,3970.14990234375
2023-03-01,1833.5,20.9950,960.00,1416.00,980.0,1455.0,9400.0,4600.0,465.0,7914.89990234375,3951.389892578125
2023-03-02,1831.75,20.8000,953.00,1421.00,970.0,1455.0,9400.0,4600.0,465.0,7944.0,3981.35009765625
2023-03-03,1845.55,21.0900,978.00,1451.00,980.0,1475.0,9850.0,4600.0,465.0,7947.10009765625,4045.639892578125
2023-03-06,1851.7,21.0850,965.00,1420.00,985.0,1457.0,10100.0,4600.0,465.0,7929.7998046875,4048.419921875
2023-03-07,1843.05,20.9100,957.00,-,985.0,1450.0,10100.0,4600.0,465.0,7919.5,3986.3701171875
2023-03-08,1813.35,20.1050,944.00,1407.00,955.0,1415.0,9850.0,4600.0,465.0,7929.89990234375,3992.010009765625
2023-03-09,1817.5,20.1200,953.00,1361.00,955.0,1380.0,9700.0,4600.0,465.0,7880.0,3918.320068359375
2023-03-10,1834.95,20.0900,-,1389.00,952.0,1400.0,9700.0,4600.0,465.0,7748.39990234375,3861.590087890625
2023-03-13,1882.1,21.0950,988.00,1432.00,985.0,1420.0,9300.0,4600.0,465.0,7548.60009765625,3855.760009765625
2023-03-14,1901.45,21.6400,985.00,1495.00,1005.0,1475.0,9300.0,4600.0,465.0,7637.10009765625,3919.2900390625
2023-03-15,1906.0,22.0950,965.00,1437.00,985.0,1508.0,9300.0,4600.0,465.0,7344.5,3891.929931640625
2023-03-16,1919.4,22.0100,964.00,-,982.0,1480.0,9300.0,4600.0,465.0,7410.0,3960.280029296875
2023-03-17,1930.9,21.8850,979.00,1389.00,997.0,1455.0,9000.0,4600.0,465.0,7335.39990234375,3916.639892578125
2023-03-20,1981.95,22.4950,985.00,1398.00,983.0,1425.0,9000.0,4600.0,465.0,7403.89990234375,3951.570068359375
2023-03-21,1965.95,22.4650,983.00,1406.00,997.0,1440.0,8700.0,4600.0,465.0,7536.2001953125,4002.8701171875
2023-03-22,1941.85,22.3450,985.00,1428.00,992.0,1412.0,8300.0,4600.0,465.0,7566.7998046875,3936.969970703125
2023-03-23,1977.55,22.9000,989.00,1435.00,1000.0,1485.0,8300.0,4600.0,465.0,7499.60009765625,3948.719970703125
2023-03-24,1996.15,23.1700,976.00,1418.00,997.0,1435.0,8300.0,4600.0,465.0,7405.5,3970.989990234375
2023-03-27,1960.25,22.8900,-,1406.00,983.0,1420.0,8350.0,4600.0,465.0,7471.7998046875,3977.530029296875
2023-03-28,1949.85,23.0450,966.00,1416.00,980.0,1435.0,8350.0,4600.0,465.0,7484.2998046875,3971.27001953125
2023-03-29,1965.85,23.2550,962.00,1431.00,975.0,1438.0,8350.0,4600.0,465.0,7564.2998046875,4027.81005859375
2023-03-30,1968.1,23.7100,977.00,1495.00,980.0,1460.0,8200.0,4600.0,465.0,7620.39990234375,4050.830078125
2023-03-31,1978.8,23.8850,981.00,1490.00,998.0,1510.0,7900.0,4600.0,465.0,7631.7001953125,4109.31005859375
2023-04-03,1963.1,23.9250,990.00,1482.00,998.0,1484.0,7300.0,4600.0,465.0,7673.0,4124.509765625
2023-04-04,1982.25,24.0150,1011.00,-,1002.0,1490.0,7300.0,4600.0,465.0,7634.5,4100.60009765625
2023-04-05,2022.3,24.7400,1016.00,1467.00,1037.0,1480.0,7350.0,4600.0,465.0,7662.89990234375,4090.3798828125
2023-04-06,2017.25,24.9350,999.00,1445.00,1025.0,1450.0,7900.0,4600.0,465.0,7741.60009765625,4105.02001953125
2023-04-10,2017.25,24.9350,999.00,1445.00,1025.0,1450.0,7900.0,4600.0,465.0,7741.60009765625,4109.10986328125
2023-04-11,2001.5,25.0550,1001.00,1432.00,1025.0,1460.0,8000.0,4600.0,465.0,7785.7001953125,4108.93994140625
2023-04-12,2008.9,25.1450,1020.00,1452.00,1018.0,1480.0,7800.0,4600.0,465.0,7824.7998046875,4091.949951171875
2023-04-13,2027.1,25.6200,1036.00,1482.00,1034.0,1480.0,7500.0,4600.0,465.0,7843.39990234375,4146.22021484375
2023-04-14,2035.65,26.0250,1043.00,1484.00,1062.0,1510.0,7500.0,4600.0,465.0,7871.89990234375,4137.64013671875
2023-04-17,2009.8,25.3900,1055.00,1520.00,1058.0,1520.0,7500.0,4600.0,465.0,7879.5,4151.31982421875
2023-04-18,1999.3,25.0900,1073.00,1628.00,1068.0,1647.0,7900.0,4600.0,465.0,7909.39990234375,4154.8701171875
2023-04-19,1976.1,24.7500,1075.00,1609.00,1085.0,1650.0,7900.0,4600.0,465.0,7898.7998046875,4154.52001953125
2023-04-20,1994.05,25.4000,1094.00,1618.00,1098.0,1615.0,7900.0,4600.0,465.0,7902.60009765625,4129.7900390625
2023-04-21,1986.1,25.1550,1128.00,1628.00,1105.0,1604.0,7900.0,4600.0,465.0,7914.10009765625,4133.52001953125
2023-04-24,1986.15,25.0300,1091.00,1545.00,1115.0,1616.0,7900.0,4600.0,465.0,7912.2001953125,4137.0400390625
2023-04-25,1990.2,24.8950,1080.00,1494.00,1105.0,1535.0,8000.0,4600.0,465.0,7891.10009765625,4071.6298828125
2023-04-26,1999.05,24.8500,1093.00,1509.00,1112.0,1525.0,8400.0,4600.0,465.0,7852.60009765625,4055.989990234375
2023-04-27,1997.65,25.1450,1085.00,1496.00,1110.0,1550.0,8650.0,4600.0,465.0,7831.60009765625,4135.35009765625
2023-04-28,1982.7,24.7650,1074.00,1497.00,1085.0,1522.0,8850.0,4600.0,465.0,7870.60009765625,4169.47998046875
2023-05-01,1982.7,24.7650,1074.00,1497.00,1085.0,1522.0,8850.0,4600.0,465.0,7870.60009765625,4167.8701171875
2023-05-02,1980.9,24.7700,1049.00,1453.00,1063.0,1480.0,8500.0,4600.0,465.0,7773.0,4119.580078125
2023-05-03,2016.9,25.2500,1060.00,1441.00,1080.0,1455.0,8050.0,4600.0,465.0,7788.39990234375,4090.75
2023-05-04,2036.05,25.6250,1053.00,1426.00,1062.0,1465.0,7950.0,4600.0,465.0,7702.60009765625,4061.219970703125
2023-05-05,2038.9,25.8400,1044.00,1455.00,1055.0,1470.0,7850.0,4600.0,465.0,7778.39990234375,4136.25
2023-05-08,2038.9,25.8400,1044.00,1455.00,1055.0,1470.0,7850.0,4600.0,465.0,7778.39990234375,4138.1201171875
2023-05-09,2025.6,25.5650,1085.00,1570.00,1086.0,1567.0,7850.0,4600.0,465.0,7764.10009765625,4119.169921875
2023-05-10,2029.6,25.5200,1123.00,1620.00,1115.0,1595.0,7600.0,4600.0,465.0,7741.2998046875,4137.64013671875
2023-05-11,2025.75,24.8850,1119.00,1607.00,1115.0,1596.0,7400.0,4600.0,465.0,7730.60009765625,4130.6201171875
2023-05-12,2006.65,23.8550,1081.00,1546.00,1107.0,1582.0,7450.0,4600.0,465.0,7754.60009765625,4124.080078125
2023-05-15,2015.3,23.8900,1061.00,1534.00,1082.0,1550.0,7500.0,4600.0,465.0,7777.7001953125,4136.27978515625
2023-05-16,2009.9,23.7850,1070.00,1521.00,1082.0,1547.0,7300.0,4600.0,465.0,7751.10009765625,4109.89990234375
2023-05-17,1985.75,23.6850,1075.00,1490.00,1082.0,1515.0,7000.0,4600.0,465.0,7723.2001953125,4158.77001953125
2023-05-18,1976.95,23.5200,1067.00,1464.00,1085.0,1495.0,6900.0,4600.0,465.0,7742.2998046875,4198.0498046875
2023-05-19,1965.55,23.6600,1071.00,1518.00,1075.0,1485.0,6900.0,4600.0,465.0,7756.89990234375,4191.97998046875
2023-05-22,1981.2,23.8500,1074.00,1513.00,1082.0,1525.0,7000.0,4600.0,465.0,7771.0,4192.6298828125
2023-05-23,1959.65,23.1600,1066.00,1460.00,1078.0,1495.0,7000.0,4600.0,465.0,7763.0,4145.580078125
2023-05-24,1976.8,23.4150,1042.00,1425.00,1062.0,1467.0,7000.0,4600.0,465.0,7627.10009765625,4115.240234375
2023-05-25,1962.3,23.0050,1023.00,1414.00,1042.0,1430.0,6900.0,4600.0,465.0,7570.89990234375,4151.27978515625
2023-05-26,1953.5,23.1450,1025.00,1442.00,1050.0,1460.0,6900.0,4600.0,465.0,7627.2001953125,4205.4501953125
2023-05-30,1949.5,23.2550,1027.00,1417.00,1041.0,1457.0,6900.0,4600.0,465.0,7522.10009765625,4205.52001953125
2023-05-31,1959.0,-,1003.00,1390.00,1035.0,1427.0,6900.0,4600.0,465.0,7446.10009765625,4179.830078125
2023-06-01,1958.75,23.4900,1004.00,1372.00,1020.0,1405.0,6900.0,4600.0,465.0,7490.2998046875,4221.02001953125
2023-06-02,1981.0,23.8850,1007.00,1419.00,1025.0,1415.0,6600.0,4600.0,465.0,7607.2998046875,4282.3701171875
2023-06-05,1942.5,23.4750,1017.00,1410.00,1023.0,1462.0,6400.0,4600.0,465.0,7600.0,4273.7900390625
2023-06-06,1961.9,23.6450,1028.00,1407.00,1050.0,1445.0,6400.0,4600.0,465.0,7628.10009765625,4283.85009765625
2023-06-07,1963.05,23.5850,1035.00,1411.00,1050.0,1432.0,6300.0,4600.0,465.0,7624.2998046875,4267.52001953125
2023-06-08,1947.25,23.67,1020.0,1381.0,1043.0,1420.0,6200.0,4600.0,465.0,7599.7001953125,4293.93017578125
2023-06-09,1963.55,24.315,1001.0,1324.0,1030.0,1382.0,6200.0,4600.0,465.0,7562.39990234375,4298.85986328125
2023-06-12,1964.15,24.21,993.0,1330.0,1020.0,1342.0,6200.0,4600.0,465.0,7570.7001953125,4338.93017578125
2023-06-13,1964.0,24.19,992.0,1372.0,1010.0,1375.0,6100.0,4600.0,465.0,7594.7998046875,4369.009765625
2023-06-14,1951.9,23.825,978.0,1395.0,996.0,1380.0,6100.0,4600.0,465.0,7602.7001953125,4372.58984375
2023-06-15,1934.65,23.405,979.0,1368.0,985.0,1405.0,6100.0,4600.0,465.0,7628.2998046875,4425.83984375
2023-06-16,1964.1,23.99,987.0,1398.0,1005.0,1415.0,6100.0,4600.0,465.0,7642.7001953125,4409.58984375
2023-06-19,1954.35,23.95,983.0,1393.0,1000.0,1436.0,6100.0,4600.0,465.0,7588.5,4409.58984375
2023-06-20,1953.85,23.77,964.0,1398.0,990.0,1420.0,6100.0,4600.0,465.0,7569.2998046875,4388.7099609375
2023-06-21,1935.25,23.075,949.0,1343.0,968.0,1373.0,5950.0,4600.0,465.0,7559.2001953125,4365.68994140625
2023-06-22,1927.95,22.62,938.0,1319.0,958.0,1362.0,5600.0,4600.0,465.0,7502.0,4381.89013671875
2023-06-23,1919.35,22.34,924.0,1279.0,939.0,1306.0,5500.0,4600.0,465.0,7461.89990234375,4348.330078125
2023-06-26,1930.55,22.8,923.0,1322.0,950.0,1315.0,5450.0,4600.0,465.0,7453.60009765625,4328.81982421875
2023-06-27,1923.95,22.835,925.0,1315.0,945.0,1335.0,5200.0,4600.0,465.0,7461.5,4378.41015625
2023-06-28,1909.85,22.61,910.0,1225.0,935.0,1290.0,5000.0,4600.0,465.0,7500.5,4376.85986328125
2023-06-29,1904.05,22.83,900.0,1223.0,935.0,1275.0,4900.0,4600.0,465.0,7471.7001953125,4396.43994140625
2023-06-30,1903.55,22.47,897.0,1254.0,910.0,1260.0,4500.0,4600.0,465.0,7531.5,4450.3798828125
2023-07-03,1913.75,22.775,911.0,1233.0,910.0,1240.0,4000.0,4600.0,465.0,7527.2998046875,4455.58984375
2023-07-04,1929.75,23.005,918.0,1241.0,940.0,1275.0,4000.0,4600.0,465.0,7519.7001953125,4455.58984375
2023-07-05,1928.3,22.81,917.0,1246.0,930.0,1255.0,4000.0,4600.0,465.0,7442.10009765625,4446.81982421875
2023-07-06,1919.15,23.17,906.0,1249.0,935.0,1275.0,4000.0,4600.0,465.0,7280.5,4411.58984375
2023-07-07,1915.65,22.715,907.0,1239.0,925.0,1255.0,4000.0,4600.0,465.0,7256.89990234375,4398.9501953125
2023-07-10,1925.05,23.04,912.0,1200.0,925.0,1265.0,4000.0,4600.0,465.0,7273.7998046875,4409.52978515625
2023-07-11,1936.2,23.135,927.0,1236.0,945.0,1260.0,4000.0,4600.0,465.0,7282.5,4439.259765625
2023-07-12,1935.75,23.16,944.0,1279.0,944.0,1266.0,4300.0,4600.0,465.0,7416.10009765625,4472.16015625
2023-07-13,1959.6,24.26,969.0,1280.0,975.0,1322.0,4350.0,4600.0,465.0,7440.2001953125,4510.0400390625
2023-07-14,1956.5,24.77,977.0,1267.0,980.0,1292.0,4350.0,4600.0,465.0,7434.60009765625,4505.419921875
2023-07-17,1955.05,24.81,971.0,1270.0,985.0,1285.0,4350.0,4600.0,465.0,7406.39990234375,4522.7900390625
2023-07-18,1961.95,24.885,983.0,1318.0,995.0,1310.0,4350.0,4600.0,465.0,7453.7001953125,4554.97998046875
2023-07-19,1978.15,25.015,985.0,1309.0,998.0,1327.0,4250.0,4600.0,465.0,7588.2001953125,4565.72021484375
2023-07-20,1981.5,25.175,970.0,1297.0,984.0,1312.0,4150.0,4600.0,465.0,7646.10009765625,4534.8701171875
2023-07-21,1963.8,24.73,961.0,1298.0,972.0,1300.0,4050.0,4600.0,465.0,7663.7001953125,4536.33984375
2023-07-24,1964.75,24.59,962.0,1287.0,972.0,1295.0,4000.0,4600.0,465.0,7678.60009765625,4554.64013671875
2023-07-25,1963.1,24.555,967.0,1290.0,978.0,1302.0,4000.0,4600.0,465.0,7691.7998046875,4567.4599609375
2023-07-26,1972.0,24.67,960.0,1254.0,980.0,1296.0,4100.0,4600.0,465.0,7676.89990234375,4566.75
2023-07-27,1975.2,25.01,958.0,1246.0,983.0,1280.0,4100.0,4600.0,465.0,7692.7998046875,4537.41015625
2023-07-28,1950.15,24.225,933.0,1241.0,952.0,1250.0,4100.0,4600.0,465.0,7694.2998046875,4582.22998046875
2023-07-31,1955.55,24.355,949.0,1274.0,941.0,1258.0,4100.0,4600.0,465.0,7699.39990234375,4588.9599609375
2023-08-01,1956.75,24.515,930.0,1238.0,958.0,1286.0,4100.0,4600.0,465.0,7666.2998046875,4576.72998046875
2023-08-02,1949.7,24.41,929.0,1244.0,938.0,1242.0,4100.0,4600.0,465.0,7561.60009765625,4513.39013671875
2023-08-03,1936.9,23.555,921.0,1250.0,934.0,1247.0,4100.0,4600.0,465.0,7529.2001953125,4501.89013671875
2023-08-04,1934.0,23.45,919.0,1258.0,927.0,1265.0,4100.0,4600.0,465.0,7564.39990234375,4478.02978515625
2023-08-07,1936.9,23.395,930.0,1261.0,937.0,1279.0,4100.0,4600.0,465.0,7554.5,4518.43994140625
2023-08-08,1934.8,23.04,906.0,1214.0,927.0,1247.0,4100.0,4600.0,465.0,7527.39990234375,4499.3798828125
2023-08-09,1928.4,22.705,894.0,1222.0,919.0,1236.0,4100.0,4600.0,465.0,7587.2998046875,4467.7099609375
2023-08-10,1920.1,22.8,901.0,1269.0,914.0,1262.0,4100.0,4600.0,465.0,7618.60009765625,4468.830078125
2023-08-11,1918.05,22.69,911.0,1324.0,926.0,1307.0,4100.0,4600.0,465.0,7524.2001953125,4464.0498046875
2023-08-14,1913.5,22.725,902.0,1275.0,930.0,1325.0,4100.0,4550.0,465.0,7507.2001953125,4489.72021484375
2023-08-15,1904.1,22.41,890.0,1246.0,910.0,1270.0,4100.0,4550.0,465.0,7389.60009765625,4437.85986328125
2023-08-16,1906.8,22.695,887.0,1218.0,905.0,1262.0,4100.0,4550.0,465.0,7356.89990234375,4404.330078125
2023-08-17,1893.95,22.705,910.0,1233.0,905.0,1235.0,4100.0,4500.0,465.0,7310.2001953125,4370.35986328125
2023-08-18,1891.75,22.79,904.0,1229.0,915.0,1245.0,4100.0,4500.0,465.0,7262.39990234375,4369.7099609375
2023-08-21,1890.1,22.88,911.0,1240.0,923.0,1265.0,4100.0,4500.0,465.0,7257.7998046875,4399.77001953125
2023-08-22,1901.85,23.39,928.0,1289.0,935.0,1272.0,4100.0,4500.0,465.0,7270.7998046875,4387.5498046875
2023-08-23,1904.55,23.75,929.0,1282.0,940.0,1285.0,4100.0,4500.0,465.0,7320.5,4436.009765625
2023-08-24,1920.7,24.185,933.0,1244.0,945.0,1283.0,4100.0,4500.0,465.0,7333.60009765625,4376.31005859375
2023-08-25,1917.85,24.185,949.0,1233.0,955.0,1255.0,4100.0,4500.0,465.0,7338.60009765625,4405.7099609375
2023-08-28,1917.85,24.185,949.0,1233.0,955.0,1255.0,4100.0,4500.0,465.0,7338.60009765625,4433.31005859375
2023-08-29,1923.5,24.22,979.0,1224.0,980.0,1270.0,4100.0,4500.0,465.0,7465.0,4497.6298828125
2023-08-30,1938.35,24.62,984.0,1237.0,992.0,1260.0,4100.0,4500.0,465.0,7473.7001953125,4514.8701171875
2023-08-31,1944.2,24.535,980.0,1225.0,995.0,1255.0,4100.0,4500.0,465.0,7439.10009765625,4507.66015625
2023-09-01,1944.3,24.645,983.0,1227.0,990.0,1240.0,4100.0,4500.0,465.0,7464.5,4515.77001953125
2023-09-04,1942.05,24.035,960.0,1231.0,973.0,1240.0,4100.0,4500.0,465.0,7452.7998046875,4515.77001953125
2023-09-05,1931.8,23.545,945.0,1205.0,960.0,1230.0,4100.0,4500.0,465.0,7437.89990234375,4496.830078125
2023-09-06,1923.45,23.475,915.0,1201.0,930.0,1210.0,4100.0,4500.0,465.0,7426.10009765625,4465.47998046875
2023-09-07,1919.85,23.01,904.0,1207.0,920.0,1210.0,4100.0,4500.0,465.0,7441.7001953125,4451.14013671875
2023-09-08,1925.55,23.01,900.0,1207.0,917.0,1238.0,4100.0,4500.0,465.0,7478.2001953125,4457.490234375
2023-09-11,1926.6,23.105,903.0,1215.0,912.0,1220.0,4100.0,4500.0,465.0,7496.89990234375,4487.4599609375
2023-09-12,1918.9,22.9,900.0,1212.0,912.0,1228.0,4100.0,4500.0,465.0,7527.5,4461.89990234375
2023-09-13,1912.15,22.905,901.0,1234.0,919.0,1256.0,4100.0,4500.0,465.0,7526.0,4467.43994140625
2023-09-14,1906.45,22.64,903.0,1259.0,912.0,1266.0,4100.0,4500.0,465.0,7673.10009765625,4505.10009765625
2023-09-15,1918.7,23.06,927.0,1270.0,928.0,1274.0,4100.0,4500.0,465.0,7711.39990234375,4450.31982421875
2023-09-18,1926.4,23.195,935.0,1247.0,943.0,1263.0,4100.0,4500.0,465.0,7652.89990234375,4453.52978515625
2023-09-19,1935.0,23.33,948.0,1272.0,945.0,1250.0,4100.0,4500.0,465.0,7660.2001953125,4443.9501953125
2023-09-20,1930.15,23.275,943.0,1292.0,955.0,1285.0,4100.0,4500.0,465.0,7731.7001953125,4402.2001953125
2023-09-21,1923.4,23.24,917.0,1242.0,935.0,1275.0,4100.0,4500.0,465.0,7678.60009765625,4330.0
2023-09-22,1926.2,23.65,940.0,1275.0,938.0,1285.0,4100.0,4550.0,465.0,7683.89990234375,4320.06005859375
2023-09-25,1922.55,23.56,919.0,1241.0,938.0,1265.0,4100.0,4550.0,465.0,7624.0,4337.43994140625
2023-09-26,1912.3,23.015,906.0,1213.0,920.0,1236.0,4100.0,4600.0,465.0,7625.7001953125,4273.52978515625
2023-09-27,1895.55,22.79,905.0,1241.0,920.0,1260.0,4100.0,4650.0,465.0,7593.2001953125,4274.509765625
2023-09-28,1874.1,22.55,901.0,1245.0,903.0,1240.0,4100.0,4650.0,465.0,7601.89990234375,4299.7001953125
2023-09-29,1871.6,23.075,923.0,1289.0,928.0,1295.0,4100.0,4700.0,465.0,7608.10009765625,4288.0498046875
2023-10-02,1831.85,21.62,901.0,1214.0,920.0,1255.0,4100.0,4700.0,465.0,7510.7001953125,4288.39013671875
2023-10-03,1828.3,21.055,881.0,1183.0,890.0,1222.0,4100.0,4700.0,465.0,7470.2001953125,4229.4501953125
2023-10-04,1823.25,21.105,874.0,1177.0,883.0,1180.0,4100.0,4700.0,465.0,7412.5,4263.75
2023-10-05,1822.75,21.13,864.0,1157.0,882.0,1190.0,4100.0,4700.0,465.0,7451.5,4258.18994140625
2023-10-06,1821.9,21.115,858.0,1146.0,875.0,1165.0,4100.0,4700.0,465.0,7494.60009765625,4308.5
2023-10-09,1852.3,21.65,880.0,1132.0,898.0,1175.0,4100.0,4700.0,465.0,7492.2001953125,4335.66015625
2023-10-10,1852.3,21.65,880.0,1132.0,903.0,1160.0,4100.0,4700.0,465.0,7628.2001953125,4358.240234375
2023-10-11,1870.0,22.07,880.0,1162.0,903.0,1202.0,4100.0,4700.0,465.0,7620.0,4376.9501953125
2023-10-12,1881.15,22.14,883.0,1164.0,900.0,1185.0,4400.0,4725.0,465.0,7644.7998046875,4349.60986328125
2023-10-13,1887.0,22.08,881.0,1141.0,887.0,1162.0,4900.0,4725.0,465.0,7599.60009765625,4327.77978515625
2023-10-16,1914.65,22.6,883.0,1135.0,900.0,1170.0,5250.0,4750.0,465.0,7630.60009765625,4373.6298828125
2023-10-17,1923.45,22.68,895.0,1135.0,910.0,1160.0,5250.0,4850.0,465.0,7675.2001953125,4373.2001953125
2023-10-18,1943.85,23.21,898.0,1130.0,921.0,1160.0,5400.0,4950.0,465.0,7588.0,4314.60009765625
2023-10-19,1948.65,22.89,888.0,1107.0,898.0,1123.0,5500.0,5000.0,465.0,7499.5,4278.0
2023-10-20,1984.2,23.22,895.0,1101.0,907.0,1123.0,5500.0,5000.0,465.0,7402.10009765625,4224.16015625
2023-10-23,1980.95,23.19,898.0,1113.0,908.0,1112.0,5350.0,5000.0,465.0,7374.7998046875,4217.0400390625
2023-10-24,1967.4,22.74,887.0,1120.0,914.0,1146.0,4750.0,5000.0,465.0,7389.7001953125,4247.68017578125
2023-10-25,1970.15,22.81,896.0,1136.0,898.0,1132.0,4300.0,5000.0,465.0,7414.2998046875,4186.77001953125
2023-10-26,1991.45,22.97,912.0,1123.0,917.0,1141.0,4300.0,5000.0,465.0,7354.60009765625,4137.22998046875
2023-10-27,1987.6,22.76,903.0,1139.0,923.0,1158.0,4450.0,5000.0,465.0,7291.2998046875,4117.3701171875
2023-10-30,1996.15,23.15,927.0,1146.0,923.0,1145.0,4450.0,5000.0,465.0,7327.39990234375,4166.81982421875
2023-10-31,1997.6,23.2,940.0,1136.0,950.0,1151.0,4450.0,5000.0,465.0,7321.7001953125,4193.7998046875
2023-11-01,1982.5,22.67,929.0,1129.0,940.0,1133.0,4250.0,5000.0,465.0,7342.39990234375,4237.85986328125
2023-11-02,1986.7,23.04,921.0,1117.0,948.0,1125.0,4200.0,5000.0,465.0,7446.5,4317.77978515625
2023-11-03,1988.5,22.64,931.0,1110.0,943.0,1140.0,4100.0,5000.0,465.0,7417.7001953125,4358.33984375
2023-11-06,1987.1,23.21,927.0,1123.0,942.0,1141.0,4150.0,5000.0,465.0,7417.7998046875,4365.97998046875
2023-11-07,1967.8,22.54,899.0,1070.0,913.0,1110.0,4300.0,5000.0,465.0,7410.0,4378.3798828125
2023-11-08,1960.1,22.44,880.0,1016.0,898.0,1044.0,4550.0,5000.0,465.0,7401.7001953125,4382.77978515625
2023-11-09,1946.75,22.55,868.0,1025.0,880.0,1058.0,4550.0,5000.0,465.0,7455.7001953125,4347.35009765625
2023-11-10,1953.45,22.5,853.0,970.0,869.0,983.0,4500.0,5000.0,465.0,7360.60009765625,4415.240234375
2023-11-13,1937.45,22.08,850.0,963.0,860.0,985.0,4350.0,5000.0,465.0,7425.7998046875,4411.5498046875
2023-11-14,1946.55,22.35,877.0,1000.0,882.0,996.0,4300.0,5000.0,465.0,7440.5,4495.7001953125
2023-11-15,1973.4,23.41,897.0,1021.0,900.0,1040.0,4350.0,5000.0,465.0,7486.89990234375,4502.8798828125
2023-11-16,1966.5,23.67,900.0,1031.0,917.0,1063.0,4400.0,5000.0,465.0,7411.0,4508.240234375
2023-11-17,1992.15,24.0,901.0,1040.0,911.0,1056.0,4500.0,5000.0,465.0,7504.2998046875,4514.02001953125
2023-11-20,1976.05,23.39,899.0,1073.0,913.0,1068.0,4400.0,5000.0,465.0,7496.39990234375,4547.3798828125
2023-11-21,1988.55,23.53,931.0,1075.0,931.0,1095.0,4350.0,5000.0,465.0,7482.0,4538.18994140625
2023-11-22,1999.9,23.84,931.0,1066.0,949.0,1085.0,4350.0,5000.0,465.0,7469.5,4556.6201171875
2023-11-23,1992.6,23.66,921.0,1057.0,937.0,1073.0,4350.0,5000.0,465.0,7483.60009765625,4556.6201171875
2023-11-24,1995.2,23.71,916.0,1048.0,932.0,1067.0,4400.0,5000.0,465.0,7488.2001953125,4559.33984375
2023-11-27,2011.7,24.76,924.0,1064.0,951.0,1098.0,4500.0,5000.0,465.0,7460.7001953125,4550.43017578125
2023-11-28,2014.0,24.65,928.0,1059.0,939.0,1083.0,4500.0,5000.0,465.0,7455.2001953125,4554.89013671875
2023-11-29,2037.6,24.97,932.0,1024.0,951.0,1066.0,4500.0,5000.0,465.0,7423.5,4550.580078125
2023-11-30,2037.85,25.02,937.0,1025.0,942.0,1026.0,4500.0,5000.0,465.0,7453.7998046875,4567.7998046875
2023-12-01,2044.55,25.16,929.0,1009.0,947.0,1035.0,4400.0,5000.0,465.0,7529.39990234375,4594.6298828125
2023-12-04,2066.95,25.17,930.0,972.0,939.0,1002.0,4400.0,5000.0,465.0,7513.0,4569.77978515625
2023-12-05,2023.45,24.27,908.0,965.0,927.0,995.0,4400.0,5000.0,465.0,7489.7998046875,4567.18017578125
2023-12-06,2021.4,24.1,905.0,957.0,916.0,962.0,4400.0,5000.0,465.0,7515.39990234375,4549.33984375
2023-12-07,2033.3,23.91,909.0,976.0,910.0,967.0,4400.0,5000.0,465.0,7513.7001953125,4585.58984375
2023-12-08,2030.0,23.79,917.0,975.0,931.0,995.0,4400.0,5000.0,465.0,7554.5,4604.3701171875
2023-12-11,1991.95,22.92,926.0,958.0,935.0,961.0,4400.0,5000.0,465.0,7544.89990234375,4622.43994140625
2023-12-12,1986.9,22.96,921.0,980.0,930.0,986.0,4400.0,5000.0,450.0,7542.7998046875,4643.7001953125
2023-12-13,1981.55,22.73,923.0,979.0,939.0,991.0,4400.0,5000.0,450.0,7548.39990234375,4707.08984375
2023-12-14,2034.1,23.99,944.0,1032.0,955.0,1025.0,4400.0,5000.0,450.0,7649.0,4719.5498046875
2023-12-15,2043.65,24.19,946.0,1130.0,976.0,1149.0,4400.0,5000.0,450.0,7576.39990234375,4719.18994140625
2023-12-18,2020.95,23.94,958.0,1182.0,965.0,1195.0,4425.0,5000.0,450.0,7614.5,4740.56005859375
2023-12-19,2026.0,23.91,950.0,1201.0,960.0,1201.0,4425.0,5000.0,450.0,7638.0,4768.3701171875
2023-12-20,2036.35,23.97,964.0,1221.0,973.0,1228.0,4425.0,5000.0,450.0,7715.7001953125,4698.35009765625
2023-12-21,2034.3,24.19,958.0,1208.0,978.0,1224.0,4425.0,5000.0,450.0,7694.7001953125,4746.75
2023-12-22,2055.6,24.46,0.0,0.0,978.0,1233.0,4425.0,5000.0,450.0,7697.5,4754.6298828125
2023-12-26,2055.6,24.46,0.0,0.0,978.0,1233.0,4425.0,5000.0,450.0,7697.5,4774.75
2023-12-27,2061.7,24.04,976.0,1174.0,995.0,1204.0,4425.0,5000.0,450.0,7725.0,4781.580078125
2023-12-28,2077.8,24.26,1000.0,1136.0,1010.0,1155.0,4425.0,5000.0,450.0,7722.7001953125,4783.35009765625
2023-12-29,2062.4,23.79,0.0,0.0,1012.0,1135.0,4425.0,5000.0,450.0,7733.2001953125,4769.830078125
2024-01-02,2074.9,23.95,988.0,1101.0,1007.0,1123.0,4425.0,5000.0,450.0,7721.5,4742.830078125
2024-01-03,2054.05,23.28,970.0,1073.0,995.0,1099.0,4425.0,5000.0,450.0,7682.2998046875,4704.81005859375
2024-01-04,2049.05,22.96,967.0,1056.0,979.0,1079.0,4425.0,5000.0,450.0,7723.10009765625,4688.68017578125
2024-01-05,2037.7,22.98,956.0,1040.0,964.0,1044.0,4400.0,5000.0,440.0,7689.60009765625,4697.240234375
2024-01-08,2028.0,22.85,948.0,1003.0,967.0,1027.0,4400.0,5000.0,440.0,7694.2001953125,4763.5400390625
2024-01-09,2038.15,23.13,940.0,985.0,962.0,1008.0,4400.0,5000.0,440.0,7684.0,4756.5
2024-01-10,2036.25,22.97,930.0,997.0,947.0,1003.0,4400.0,5000.0,440.0,7651.7998046875,4783.4501953125
2024-01-11,2031.85,23.03,924.0,1000.0,939.0,1028.0,4400.0,5000.0,440.0,7576.60009765625,4780.240234375
2024-01-12,2039.55,23.06,928.0,996.0,934.0,1014.0,4450.0,5000.0,440.0,7624.89990234375,4783.830078125
2024-01-15,2053.85,23.21,916.0,963.0,929.0,1002.0,4450.0,5000.0,440.0,7594.89990234375,4783.830078125
2024-01-16,2039.75,23.05,904.0,944.0,919.0,978.0,4500.0,5000.0,440.0,7558.2998046875,4765.97998046875
2024-01-17,2027.55,22.81,897.0,927.0,903.0,938.0,4550.0,5000.0,440.0,7446.2998046875,4739.2099609375
2024-01-18,2012.2,22.61,894.0,937.0,900.0,944.0,4600.0,5000.0,440.0,7459.10009765625,4780.93994140625
2024-01-19,2029.5,22.8,908.0,942.0,927.0,963.0,4600.0,5000.0,440.0,7461.89990234375,4839.81005859375
2024-01-22,2023.9,22.2,902.0,925.0,909.0,935.0,4550.0,5000.0,440.0,7487.7001953125,4850.43017578125
2024-01-23,2026.85,22.26,906.0,938.0,918.0,957.0,4550.0,5000.0,440.0,7485.7001953125,4864.60009765625
2024-01-24,2030.5,22.77,911.0,971.0,920.0,978.0,4550.0,5000.0,440.0,7527.7001953125,4868.5498046875
2024-01-25,2018.15,22.88,901.0,955.0,917.0,976.0,4550.0,5000.0,440.0,7529.7001953125,4894.16015625
2024-01-26,2021.1,22.92,907.0,946.0,908.0,949.0,4550.0,5000.0,440.0,7635.10009765625,4890.97021484375
2024-01-29,2027.35,23.01,923.0,975.0,925.0,968.0,4500.0,5000.0,440.0,7632.7001953125,4927.93017578125
2024-01-30,2036.8,23.08,925.0,980.0,941.0,1004.0,4450.0,5000.0,440.0,7666.2998046875,4924.97021484375
2024-01-31,2037.9,23.09,924.0,972.0,937.0,997.0,4450.0,5000.0,440.0,7630.60009765625,4845.64990234375
2024-02-01,2037.55,22.67,907.0,952.0,928.0,988.0,4450.0,5000.0,440.0,7622.2001953125,4906.18994140625
2024-02-02,2054.2,23.23,905.0,954.0,927.0,983.0,4450.0,5000.0,440.0,7615.5,4958.60986328125
2024-02-05,2024.5,22.51,900.0,945.0,907.0,948.0,4450.0,5000.0,440.0,7612.89990234375,4942.81005859375
2024-02-06,2025.05,22.31,907.0,951.0,914.0,971.0,4425.0,5000.0,440.0,7681.0,4954.22998046875
2024-02-07,2033.2,22.29,890.0,934.0,911.0,955.0,4400.0,5000.0,440.0,7628.7998046875,4995.06005859375
2024-02-08,2037.05,22.35,878.0,881.0,895.0,905.0,4400.0,5000.0,440.0,7595.5,4997.91015625
2024-02-09,2031.65,22.66,879.0,875.0,899.0,900.0,4375.0,5000.0,440.0,7572.60009765625,5026.60986328125
2024-02-12,2021.0,22.92,886.0,897.0,891.0,880.0,4350.0,5000.0,440.0,7573.7001953125,5021.83984375
2024-02-13,2026.2,22.87,882.0,876.0,909.0,923.0,4350.0,5000.0,440.0,7512.2998046875,4953.169921875
2024-02-14,1990.8,22.09,887.0,900.0,892.0,892.0,4325.0,5000.0,440.0,7568.39990234375,5000.6201171875
2024-02-15,1996.9,22.63,896.0,962.0,910.0,969.0,4325.0,5000.0,440.0,7597.5,5029.72998046875
2024-02-16,2005.4,23.01,895.0,945.0,909.0,963.0,4350.0,5000.0,440.0,7711.7001953125,5005.56982421875
2024-02-19,2020.35,23.09,905.0,956.0,920.0,975.0,4375.0,5000.0,440.0,7728.5,5005.56982421875
2024-02-20,2026.8,23.06,909.0,984.0,914.0,962.0,4475.0,5000.0,440.0,7719.2001953125,4975.509765625
2024-02-21,2028.8,23.08,902.0,973.0,917.0,994.0,4550.0,5000.0,440.0,7662.5,4981.7998046875
2024-02-22,2030.9,23.07,898.0,951.0,910.0,985.0,4550.0,5000.0,440.0,7684.5,5087.02978515625
2024-02-23,2019.3,22.72,904.0,973.0,909.0,975.0,4525.0,5000.0,440.0,7706.2998046875,5088.7998046875
2024-02-26,2035.15,22.51,886.0,962.0,906.0,985.0,4475.0,5000.0,440.0,7684.2998046875,5069.52978515625
2024-02-27,2036.0,22.67,893.0,966.0,900.0,978.0,4425.0,4950.0,440.0,7683.0,5078.18017578125
2024-02-28,2025.25,22.35,884.0,918.0,892.0,935.0,4400.0,4950.0,440.0,7625.0,5069.759765625
2024-02-29,2032.8,22.34,887.0,952.0,898.0,960.0,4400.0,4950.0,440.0,7630.0,5096.27001953125
2024-03-01,2050.3,22.72,872.0,935.0,884.0,952.0,4425.0,4950.0,440.0,7682.5,5137.080078125
2024-03-04,2083.15,23.1,889.0,948.0,904.0,978.0,4500.0,4950.0,440.0,7640.2998046875,5130.9501953125
2024-03-05,2126.25,23.93,885.0,941.0,904.0,964.0,4500.0,4950.0,440.0,7646.2001953125,5078.64990234375
2024-03-06,2127.35,23.8,894.0,1013.0,899.0,972.0,4500.0,4950.0,440.0,7679.2998046875,5104.759765625
2024-03-07,2156.85,24.16,917.0,1026.0,923.0,1044.0,4500.0,4950.0,440.0,7692.5,5157.35986328125
2024-03-08,2168.65,24.5,917.0,1043.0,932.0,1057.0,4500.0,4950.0,440.0,7659.7001953125,5123.68994140625
2024-03-11,2178.45,24.36,932.0,1028.0,932.0,1038.0,4500.0,4950.0,440.0,7669.2001953125,5117.93994140625
2024-03-12,2176.4,24.38,915.0,1022.0,944.0,1042.0,4500.0,4950.0,440.0,7747.7998046875,5175.27001953125
2024-03-13,2160.85,24.3,931.0,1067.0,944.0,1067.0,4550.0,4950.0,440.0,7772.2001953125,5165.31005859375
2024-03-14,2169.8,24.97,929.0,1079.0,949.0,1075.0,4600.0,4950.0,440.0,7743.2001953125,5150.47998046875
2024-03-15,2170.35,25.22,945.0,1078.0,948.0,1109.0,4725.0,4950.0,440.0,7727.39990234375,5117.08984375
2024-03-18,2155.3,25.18,920.0,1039.0,935.0,1082.0,4725.0,4950.0,440.0,7722.60009765625,5149.419921875
2024-03-19,2154.3,24.93,896.0,986.0,914.0,1017.0,4725.0,4950.0,440.0,7738.2998046875,5178.509765625
2024-03-20,2153.4,24.86,900.0,1007.0,905.0,1001.0,4650.0,4950.0,440.0,7737.39990234375,5224.6201171875
2024-03-21,2210.65,25.43,910.0,1009.0,919.0,1039.0,4600.0,4925.0,440.0,7882.60009765625,5241.52978515625
2024-03-22,2166.25,24.59,903.0,1007.0,916.0,1021.0,4600.0,4925.0,440.0,7930.89990234375,5234.18017578125
2024-03-25,2168.35,24.67,911.0,1019.0,912.0,1017.0,4600.0,4925.0,440.0,7917.60009765625,5218.18994140625
2024-03-26,2193.45,24.83,906.0,1005.0,913.0,1017.0,4600.0,4900.0,440.0,7931.0,5203.580078125
2024-03-27,2192.05,24.52,896.0,973.0,907.0,992.0,4625.0,4900.0,440.0,7932.0,5248.490234375
2024-03-28,2207.0,24.54,907.0,1017.0,903.0,1010.0,4725.0,4900.0,440.0,7952.60009765625,5254.35009765625
2024-04-01,2207.0,24.54,907.0,1017.0,903.0,1010.0,4725.0,4900.0,440.0,7952.60009765625,5243.77001953125
2024-04-02,2264.55,25.65,925.0,1016.0,922.0,1028.0,4725.0,4900.0,440.0,7935.10009765625,5205.81005859375
2024-04-03,2270.75,26.25,929.0,1011.0,927.0,1014.0,4725.0,4900.0,440.0,7937.39990234375,5211.490234375
2024-04-04,2292.5,27.0,935.0,1024.0,948.0,1029.0,4725.0,4900.0,440.0,7975.89990234375,5147.2099609375
2024-04-05,2288.45,26.78,923.0,998.0,935.0,1026.0,4725.0,4900.0,440.0,7911.2001953125,5204.33984375
2024-04-08,2336.9,27.83,946.0,1037.0,944.0,1027.0,4725.0,4900.0,440.0,7943.5,5202.39013671875
2024-04-09,2364.2,27.97,982.0,1067.0,985.0,1073.0,4725.0,4875.0,440.0,7934.7998046875,5209.91015625
2024-04-10,2346.85,28.08,969.0,1054.0,987.0,1102.0,4725.0,4875.0,440.0,7961.2001953125,5160.64013671875
2024-04-11,2331.75,28.02,976.0,1055.0,981.0,1073.0,4725.0,4850.0,430.0,7923.7998046875,5199.06005859375
2024-04-12,2394.8,29.03,999.0,1070.0,1008.0,1083.0,4725.0,4850.0,430.0,7995.60009765625,5123.41015625
2024-04-15,2347.15,28.44,973.0,1026.0,978.0,1057.0,4725.0,4850.0,430.0,7965.5,5061.81982421875
2024-04-16,2369.0,28.26,966.0,1006.0,973.0,1033.0,4725.0,4850.0,430.0,7820.39990234375,5051.41015625
2024-04-17,2393.75,28.47,950.0,1022.0,962.0,1034.0,4725.0,4850.0,430.0,7848.0,5022.2099609375
2024-04-18,2379.85,28.47,942.0,1047.0,953.0,1061.0,4725.0,4850.0,430.0,7877.10009765625,5011.1201171875
2024-04-19,2381.8,28.24,930.0,1005.0,954.0,1036.0,4750.0,4850.0,430.0,7895.89990234375,4967.22998046875
2024-04-22,2361.45,27.74,927.0,1016.0,934.0,1021.0,4750.0,4850.0,430.0,8023.89990234375,5010.60009765625
2024-04-23,2298.15,26.92,905.0,997.0,924.0,1019.0,4750.0,4850.0,430.0,8044.7998046875,5070.5498046875
2024-04-24,2312.3,27.12,905.0,1011.0,929.0,1038.0,4725.0,4850.0,430.0,8040.39990234375,5071.6298828125
2024-04-25,2325.65,27.37,906.0,989.0,920.0,1018.0,4725.0,4850.0,430.0,8078.89990234375,5048.419921875
2024-04-26,2349.8,27.63,916.0,970.0,934.0,1003.0,4725.0,4850.0,430.0,8139.7998046875,5099.9599609375
2024-04-29,2337.6,27.38,936.0,956.0,930.0,977.0,4725.0,4850.0,430.0,8147.0,5116.169921875
2024-04-30,2314.8,26.66,939.0,942.0,952.0,975.0,4725.0,4850.0,430.0,8144.10009765625,5035.68994140625
2024-05-01,2288.5,26.48,948.0,942.0,947.0,953.0,4725.0,4850.0,430.0,8121.2001953125,5018.39013671875
2024-05-02,2300.55,26.24,948.0,933.0,966.0,968.0,4725.0,4850.0,430.0,8172.2001953125,5064.2001953125
2024-05-03,2301.1,26.5,963.0,954.0,967.0,945.0,4725.0,4850.0,430.0,8213.5,5127.7900390625
2024-05-06,2301.1,26.5,963.0,954.0,967.0,945.0,4725.0,4850.0,430.0,8213.5,5180.740234375
2024-05-07,2315.0,27.26,975.0,977.0,966.0,987.0,4725.0,4800.0,430.0,8313.7001953125,5187.7001953125
2024-05-08,2308.55,27.24,967.0,952.0,977.0,980.0,4725.0,4800.0,430.0,8354.099609375,5187.669921875
2024-05-09,2308.7,27.63,975.0,950.0,988.0,962.0,4725.0,4800.0,430.0,8381.400390625,5214.080078125
2024-05-10,2371.05,28.64,990.0,994.0,1000.0,992.0,4725.0,4800.0,430.0,8433.7998046875,5222.68017578125
2024-05-13,2340.3,28.13,1005.0,983.0,1008.0,1000.0,4725.0,4800.0,430.0,8415.0,5221.419921875
2024-05-14,2347.4,28.43,1015.0,971.0,1017.0,986.0,4725.0,4800.0,430.0,8428.099609375,5246.68017578125
2024-05-15,2371.8,28.82,1049.0,1009.0,1059.0,1009.0,4725.0,4800.0,430.0,8445.7998046875,5308.14990234375
2024-05-16,2383.65,29.67,1062.0,1011.0,1078.0,1024.0,4725.0,4800.0,430.0,8438.7001953125,5297.10009765625
2024-05-17,2381.75,29.68,1065.0,989.0,1074.0,1003.0,4725.0,4800.0,430.0,8420.2998046875,5303.27001953125
2024-05-20,2444.35,31.8,1057.0,1003.0,1091.0,1026.0,4725.0,4800.0,430.0,8424.2001953125,5308.1298828125
2024-05-21,2417.05,31.64,1054.0,1030.0,1049.0,1033.0,4725.0,4800.0,430.0,8416.5,5321.41015625
2024-05-22,2414.25,31.82,1053.0,1004.0,1060.0,1036.0,4725.0,4800.0,430.0,8370.2998046875,5307.009765625
2024-05-23,2361.8,30.54,1038.0,988.0,1039.0,1000.0,4725.0,4800.0,430.0,8339.2001953125,5267.83984375
2024-05-24,2339.75,30.59,1025.0,968.0,1031.0,983.0,4725.0,4775.0,425.0,8317.599609375,5304.72021484375
2024-05-28,2344.7,31.56,1049.0,971.0,1061.0,1002.0,4725.0,4775.0,425.0,8254.2001953125,5306.0400390625
2024-05-29,2340.9,32.01,1038.0,955.0,1066.0,989.0,4725.0,4775.0,425.0,8183.10009765625,5266.9501953125
2024-05-30,2337.55,31.51,1032.0,947.0,1041.0,963.0,4725.0,4775.0,425.0,8231.099609375,5235.47998046875
2024-05-31,2342.9,31.26,1048.0,949.0,1035.0,963.0,4725.0,4775.0,425.0,8275.400390625,5277.509765625
2024-06-03,2324.7,30.37,1029.0,918.0,1040.0,919.0,4725.0,4775.0,425.0,8262.7998046875,5283.39990234375
2024-06-04,2330.5,29.7,1010.0,924.0,1017.0,929.0,4725.0,4775.0,425.0,8232.0,5291.33984375
2024-06-05,2332.25,29.61,989.0,921.0,1006.0,942.0,4725.0,4775.0,425.0,8247.0,5354.02978515625
2024-06-06,2360.85,30.3,993.0,929.0,1006.0,952.0,4700.0,4750.0,420.0,8285.2998046875,5352.9599609375
2024-06-07,2338.0,30.26,981.0,917.0,1014.0,940.0,4675.0,4750.0,420.0,8245.400390625,5346.990234375
2024-06-10,2297.65,29.68,971.0,912.0,982.0,932.0,4675.0,4750.0,420.0,8228.5,5360.7900390625
2024-06-11,2302.5,29.25,960.0,890.0,973.0,908.0,4625.0,4750.0,420.0,8147.7998046875,5375.31982421875
2024-06-12,2314.9,29.38,971.0,921.0,968.0,906.0,4600.0,4750.0,420.0,8215.5,5421.02978515625
2024-06-13,2316.35,29.24,957.0,903.0,963.0,910.0,4560.0,4750.0,420.0,8163.7001953125,5433.740234375
2024-06-14,2316.9,29.21,949.0,890.0,965.0,910.0,4560.0,4750.0,420.0,8146.89990234375,5431.60009765625
2024-06-17,2320.7,29.24,960.0,892.0,958.0,905.0,4560.0,4750.0,420.0,8142.2001953125,5473.22998046875
2024-06-18,2312.05,29.13,966.0,872.0,980.0,900.0,4560.0,4750.0,420.0,8191.2998046875,5487.02978515625
2024-06-19,2328.6,29.48,979.0,904.0,992.0,919.0,4625.0,4725.0,420.0,8205.099609375,5487.02978515625
2024-06-20,2332.95,30.23,974.0,908.0,995.0,933.0,4625.0,4725.0,420.0,8272.5,5473.169921875
2024-06-21,2364.0,30.43,998.0,991.0,989.0,945.0,4700.0,4725.0,420.0,8237.7001953125,5464.6201171875
2024-06-24,2327.2,29.56,1000.5,1009.0,1011.0,1008.0,4750.0,4725.0,420.0,8281.599609375,5447.8701171875
2024-06-25,2332.4,29.56,989.0,953.0,1010.0,998.0,4750.0,4725.0,420.0,8247.7998046875,5469.2998046875
2024-06-26,2316.1,28.83,1002.0,938.0,1006.0,967.0,4725.0,4725.0,420.0,8225.2998046875,5477.89990234375
2024-06-27,2310.55,28.87,1005.0,939.0,1016.0,936.0,4700.0,4725.0,420.0,8179.7001953125,5482.8701171875
2024-06-28,2327.6,29.37,1012.0,972.0,1010.0,975.0,4700.0,4725.0,420.0,8164.10009765625,5460.47998046875
2024-07-01,2327.8,29.25,985.0,988.0,1005.0,1000.0,4650.0,4725.0,410.0,8166.7998046875,5475.08984375
2024-07-02,2329.0,29.31,994.0,1006.0,988.0,995.0,4625.0,4725.0,410.0,8121.2001953125,5509.009765625
2024-07-03,2342.55,30.13,1001.0,1043.0,1011.0,1045.0,4625.0,4725.0,410.0,8171.10009765625,5537.02001953125
2024-07-04,2357.2,30.33,1012.0,1025.0,1020.0,1038.0,4650.0,4725.0,410.0,8241.2998046875,5537.02001953125
2024-07-05,2365.35,30.58,1023.0,1026.0,1020.0,1055.0,4650.0,4725.0,410.0,8203.900390625,5567.18994140625
2024-07-08,2371.65,30.99,1008.0,1013.0,1023.0,1017.0,4650.0,4725.0,410.0,8193.5,5572.85009765625
2024-07-09,2362.4,31.06,996.0,1003.0,1015.0,1033.0,4650.0,4725.0,410.0,8139.7998046875,5576.97998046875
2024-07-10,2372.9,30.93,997.0,995.0,997.0,993.0,4600.0,4725.0,410.0,8193.5,5633.91015625
2024-07-11,2383.55,31.01,1007.0,1000.0,998.0,999.0,4600.0,4725.0,410.0,8223.2998046875,5584.5400390625
2024-07-12,2404.15,30.72,992.0,967.0,1004.0,989.0,4600.0,4725.0,410.0,8252.900390625,5615.35009765625
2024-07-15,2408.5,30.74,992.0,956.0,1004.0,981.0,4600.0,4725.0,410.0,8183.0,5631.22021484375
2024-07-16,2439.35,30.86,982.0,939.0,1002.0,960.0,4600.0,4725.0,410.0,8164.89990234375,5667.2001953125
2024-07-17,2470.35,30.92,1020.0,971.0,1020.0,993.0,4600.0,4725.0,410.0,8187.5,5588.27001953125
2024-07-18,2466.95,30.47,996.0,950.0,1020.0,978.0,4650.0,4725.0,410.0,8204.900390625,5544.58984375
2024-07-19,2415.8,29.1,965.0,919.0,980.0,944.0,4650.0,4725.0,410.0,8155.7001953125,5505.0
2024-07-22,2401.4,29.07,948.0,901.0,970.0,932.0,4650.0,4725.0,410.0,8198.7998046875,5564.41015625
2024-07-23,2404.45,29.06,950.0,911.0,960.0,914.0,4650.0,4725.0,410.0,8167.39990234375,5555.740234375
2024-07-24,2411.3,29.29,958.0,941.0,970.0,952.0,4650.0,4725.0,410.0,8153.7001953125,5427.1298828125
2024-07-25,2371.25,27.99,935.0,902.0,951.0,931.0,4650.0,4725.0,410.0,8186.39990234375,5399.22021484375
2024-07-26,2374.55,27.75,936.0,908.0,944.0,921.0,4650.0,4725.0,410.0,8285.7001953125,5459.10009765625
2024-07-29,2392.1,28.14,942.0,912.0,954.0,916.0,4650.0,4725.0,400.0,8292.400390625,5463.5400390625
2024-07-30,2389.15,27.88,957.0,893.0,962.0,918.0,4650.0,4725.0,400.0,8274.400390625,5436.43994140625
2024-07-31,2419.6,28.56,972.0,923.0,980.0,929.0,4650.0,4725.0,400.0,8368.0,5522.2998046875
2024-08-01,2434.0,28.88,974.0,930.0,979.0,940.0,4650.0,4725.0,400.0,8283.400390625,5446.68017578125
2024-08-02,2461.75,28.95,972.0,904.0,985.0,925.0,4650.0,4700.0,400.0,8174.7001953125,5346.56005859375
2024-08-05,2421.75,27.1,916.0,852.0,941.0,882.0,4625.0,4700.0,400.0,8008.2001953125,5186.330078125
2024-08-06,2414.15,27.07,910.0,855.0,928.0,868.0,4625.0,4700.0,400.0,8026.7001953125,5240.02978515625
2024-08-07,2392.85,27.15,926.0,910.0,930.0,896.0,4625.0,4700.0,400.0,8166.89990234375,5199.5
2024-08-08,2396.3,26.93,922.0,908.0,937.0,909.0,4625.0,4700.0,400.0,8145.0,5319.31005859375
2024-08-09,2423.45,27.58,925.0,922.0,943.0,946.0,4625.0,4700.0,400.0,8168.10009765625,5344.16015625
2024-08-12,2442.1,27.97,938.0,930.0,948.0,947.0,4700.0,4700.0,400.0,8210.2998046875,5344.39013671875
2024-08-13,2460.55,27.69,939.0,937.0,948.0,938.0,4725.0,4700.0,400.0,8235.2001953125,5434.43017578125
2024-08-14,2472.0,27.94,937.0,949.0,943.0,962.0,4725.0,4700.0,400.0,8281.099609375,5455.2099609375
2024-08-15,2456.25,28.05,939.0,930.0,947.0,955.0,4725.0,4675.0,400.0,8347.400390625,5543.22021484375
2024-08-16,2462.15,28.14,954.0,943.0,964.0,961.0,4750.0,4675.0,400.0,8311.400390625,5554.25
2024-08-19,2500.05,28.83,948.0,929.0,961.0,958.0,4750.0,4675.0,400.0,8356.900390625,5608.25
2024-08-20,2521.55,29.77,960.0,942.0,967.0,947.0,4750.0,4675.0,400.0,8273.2998046875,5597.1201171875
2024-08-21,2507.65,29.56,970.0,969.0,959.0,936.0,4750.0,4675.0,400.0,8283.400390625,5620.85009765625
2024-08-22,2505.1,29.57,959.0,949.0,970.0,968.0,4750.0,4675.0,400.0,8288.0,5570.64013671875
2024-08-23,2500.3,29.43,948.0,942.0,963.0,951.0,4750.0,4675.0,400.0,8327.7998046875,5634.60986328125
2024-08-26,2500.3,29.43,948.0,942.0,963.0,951.0,4750.0,4675.0,400.0,8327.7998046875,5616.83984375
2024-08-27,2510.3,29.9,959.0,966.0,964.0,981.0,4750.0,4675.0,400.0,8345.5,5625.7998046875
2024-08-28,2509.55,29.43,943.0,960.0,956.0,975.0,4750.0,4675.0,400.0,8343.900390625,5592.18017578125
2024-08-29,2517.05,29.49,941.0,957.0,955.0,973.0,4750.0,4650.0,390.0,8379.599609375,5591.9599609375
2024-08-30,2524.15,29.47,940.0,980.0,958.0,999.0,4725.0,4650.0,390.0,8376.599609375,5648.39990234375
2024-09-02,2502.0,28.62,928.0,976.0,939.0,986.0,4675.0,4650.0,390.0,8363.7998046875,5648.39990234375
2024-09-03,2503.25,28.32,912.0,956.0,931.0,985.0,4625.0,4650.0,390.0,8298.5,5528.93017578125
2024-09-04,2474.45,28.08,910.0,938.0,911.0,945.0,4625.0,4650.0,390.0,8269.599609375,5520.06982421875
2024-09-05,2516.85,28.72,929.0,945.0,930.0,954.0,4675.0,4650.0,390.0,8241.7001953125,5503.41015625
2024-09-06,2517.7,28.84,934.0,955.0,941.0,958.0,4700.0,4650.0,390.0,8181.5,5408.419921875
2024-09-09,2496.65,28.13,944.0,943.0,946.0,943.0,4750.0,4650.0,390.0,8270.7998046875,5471.0498046875
2024-09-10,2524.48,28.81,944.0,943.0,955.0,975.0,4825.0,4650.0,390.0,8206.0,5495.52001953125
2024-09-11,2518.18,28.81,944.0,943.0,954.0,994.0,4825.0,4650.0,390.0,8193.900390625,5554.1298828125
2024-09-12,2569.75,30.16,944.0,943.0,968.0,1032.0,4825.0,4650.0,390.0,8241.0,5595.759765625
2024-09-13,2569.75,30.16,944.0,943.0,994.0,1055.0,4825.0,4650.0,390.0,8273.099609375,5626.02001953125
2024-09-16,2579.6,30.79,944.0,943.0,1002.0,1084.0,4800.0,4650.0,390.0,8278.400390625,5633.08984375
2024-09-17,2570.32,30.63,944.0,943.0,997.0,1106.0,4775.0,4650.0,390.0,8309.900390625,5634.580078125
2024-09-18,2585.32,31.14,944.0,943.0,994.0,1128.0,4700.0,4650.0,390.0,8253.7001953125,5618.259765625
2024-09-19,2610.45,31.29,944.0,943.0,1003.0,1104.0,4700.0,4650.0,390.0,8328.7001953125,5713.64013671875
2024-09-20,2610.45,31.29,944.0,943.0,999.0,1097.0,4750.0,4650.0,390.0,8230.0,5702.5498046875
2024-09-23,2628.35,30.92,944.0,943.0,970.0,1057.0,4750.0,4650.0,390.0,8259.7001953125,5718.56982421875
2024-09-24,2655.0,31.85,944.0,943.0,979.0,1074.0,4750.0,4650.0,405.0,8282.7998046875,5732.93017578125
2024-09-25,2668.3,32.23,944.0,943.0,992.0,1053.0,4750.0,4650.0,430.0,8268.7001953125,5722.259765625
2024-09-26,2662.88,31.80,944.0,943.0,1013.0,1066.0,4750.0,4650.0,440.0,8284.900390625,5745.3701171875
2024-09-27,2662.88,31.80,944.0,943.0,1014.0,1044.0,4750.0,4650.0,450.0,8320.7998046875,5738.169921875
2024-09-30,2646.57,31.39,944.0,943.0,1000.0,1035.0,4750.0,4650.0,460.0,8237.0,5762.47998046875
2024-10-01,2652.75,31.45,944.0,943.0,996.0,1014.0,4750.0,4650.0,470.0,8276.7001953125,5708.75
2024-10-02,2644.73,31.49,944.0,943.0,1008.0,1022.0,4725.0,4650.0,485.0,8290.900390625,5709.5400390625
2024-10-03,2658.93,32.00,944.0,943.0,1003.0,1006.0,4725.0,4650.0,485.0,8282.5,5699.93994140625
2024-10-04,2658.93,32.00,944.0,943.0,1017.0,1025.0,4725.0,4650.0,485.0,8280.599609375,5751.06982421875
2024-10-07,2637.98,31.21,944.0,943.0,993.0,1027.0,4725.0,4650.0,485.0,8303.599609375,5695.93994140625
2024-10-08,2616.43,30.67,944.0,943.0,971.0,1007.0,4725.0,4650.0,485.0,8190.60009765625,5751.1298828125
2024-10-09,2614.02,30.52,944.0,943.0,963.0,1032.0,4725.0,4650.0,485.0,8243.7001953125,5792.0400390625
2024-10-10,2639.52,31.13,944.0,943.0,971.0,1064.0,4750.0,4650.0,485.0,8237.7001953125,5780.0498046875
2024-10-11,2639.52,31.13,944.0,943.0,988.0,1090.0,4775.0,4650.0,485.0,8253.7001953125,5815.02978515625
2024-10-14,2653.65,31.19,944.0,943.0,995.0,1079.0,4775.0,4650.0,485.0,8292.7001953125,5859.85009765625
2024-10-15,2679.85,31.85,944.0,943.0,993.0,1029.0,4775.0,4650.0,485.0,8249.2998046875,5815.259765625
2024-10-16,2681.85,31.63,944.0,943.0,1010.0,1030.0,4775.0,4650.0,485.0,8329.099609375,5842.47021484375
2024-10-17,2706.9,32.06,944.0,943.0,1010.0,1035.0,4775.0,4650.0,485.0,8385.099609375,5841.47021484375
2024-10-18,2706.9,32.06,944.0,943.0,1019.0,1071.0,4775.0,4650.0,485.0,8358.2998046875,5864.669921875
2024-10-21,2733.9,34.23,944.0,943.0,1028.0,1093.0,4775.0,4650.0,485.0,8318.2001953125,5853.97998046875
2024-10-22,2757.25,34.67,944.0,943.0,1030.0,1083.0,4775.0,4650.0,485.0,8306.5,5851.2001953125
2024-10-23,2736.63,34.23,944.0,943.0,1045.0,1088.0,4750.0,4650.0,485.0,8258.599609375,5797.419921875
2024-10-24,2719.2,33.23,944.0,943.0,1045.0,1128.0,4750.0,4650.0,485.0,8269.400390625,5809.85986328125
2024-10-25,2719.2,33.23,944.0,943.0,1019.0,1140.0,4750.0,4650.0,485.0,8248.7998046875,5808.1201171875
2024-10-28,2752.75,34.13,944.0,943.0,1033.0,1220.0,4700.0,4650.0,485.0,8285.599609375,5823.52001953125
2024-10-29,2784.35,34.24,944.0,943.0,1060.0,1250.0,4700.0,4650.0,485.0,8219.599609375,5832.919921875
2024-10-30,2777.77,33.59,944.0,943.0,1047.0,1193.0,4675.0,4650.0,485.0,8159.60009765625,5813.669921875
2024-10-31,2750.48,32.85,944.0,943.0,1014.0,1145.0,4675.0,4650.0,485.0,8110.10009765625,5705.4501953125
2024-11-01,2750.48,32.85,944.0,943.0,1006.0,1131.0,4675.0,4650.0,485.0,8177.2001953125,5728.7998046875
2024-11-04,2740.13,32.64,944.0,943.0,1007.0,1117.0,4675.0,4650.0,485.0,8184.2001953125,5712.68994140625
2024-11-05,2724.55,32.30,944.0,943.0,1004.0,1095.0,4675.0,4625.0,485.0,8172.39990234375,5782.759765625
2024-11-06,2661.25,31.12,944.0,943.0,1002.0,1080.0,4675.0,4625.0,485.0,8166.7001953125,5929.0400390625
2024-11-07,2688.9,31.50,944.0,943.0,990.0,1044.0,4675.0,4625.0,485.0,8140.7001953125,5973.10009765625
2024-11-08,2688.9,31.50,944.0,943.0,998.0,1028.0,4675.0,4625.0,485.0,8072.39990234375,5995.5400390625
2024-11-11,2592.18,30.26,944.0,943.0,993.0,1004.0,4675.0,4625.0,485.0,8125.2001953125,6001.35009765625
2024-11-12,2607.7,30.98,944.0,943.0,965.0,976.0,4675.0,4625.0,485.0,8025.7998046875,5983.990234375
2024-11-13,2543.75,29.82,944.0,943.0,959.0,962.0,4675.0,4625.0,485.0,8030.2998046875,5985.3798828125
2024-11-14,2564.23,30.32,944.0,943.0,946.0,946.0,4650.0,4600.0,485.0,8071.2001953125,5949.169921875
2024-11-15,2564.23,30.32,944.0,943.0,957.0,971.0,4625.0,4600.0,485.0,8063.60009765625,5870.6201171875
2024-11-18,2629.75,31.39,944.0,943.0,965.0,980.0,4625.0,4600.0,485.0,8109.2998046875,5893.6201171875
2024-11-19,2620.63,30.86,944.0,943.0,976.0,1020.0,4625.0,4600.0,485.0,8099.0,5916.97998046875
2024-11-20,2668.68,31.14,944.0,943.0,975.0,1037.0,4600.0,4600.0,480.0,8085.10009765625,5917.10986328125
2024-11-21,2702.95,31.23,944.0,943.0,973.0,1050.0,4600.0,4600.0,480.0,8149.2998046875,5948.7099609375
2024-11-22,2702.95,31.23,944.0,943.0,978.0,1038.0,4600.0,4600.0,480.0,8262.099609375,5969.33984375
2024-11-25,2626.82,30.48,944.0,943.0,963.0,1015.0,4600.0,4600.0,480.0,8291.7001953125,5987.3701171875
2024-11-26,2648.0,30.51,944.0,943.0,938.0,992.0,4600.0,4575.0,470.0,8258.599609375,6021.6298828125
2024-11-27,2645.95,30.00,944.0,943.0,938.0,1000.0,4600.0,4575.0,470.0,8274.7998046875,5998.740234375
2024-11-28,2664.13,30.73,944.0,943.0,945.0,998.0,4575.0,4575.0,470.0,8281.2001953125,5998.740234375
2024-11-29,2664.13,30.73,944.0,943.0,952.0,1000.0,4575.0,4575.0,470.0,8287.2998046875,6032.3798828125
2024-12-02,2643.05,31.02,944.0,943.0,950.0,982.0,4575.0,4550.0,470.0,8312.900390625,6047.14990234375
2024-12-03,2640.0,30.86,944.0,943.0,967.0,1008.0,4575.0,4550.0,470.0,8359.400390625,6049.8798828125
2024-12-04,2644.7,31.31,944.0,943.0,957.0,980.0,4575.0,4550.0,470.0,8335.7998046875,6086.490234375
2024-12-05,2638.8,31.32,944.0,943.0,960.0,990.0,4575.0,4550.0,470.0,8349.400390625,6075.10986328125
2024-12-06,2638.8,31.32,944.0,943.0,948.0,982.0,4575.0,4550.0,470.0,8308.599609375,6090.27001953125
2024-12-09,2665.07,31.81,944.0,943.0,956.0,994.0,4575.0,4550.0,470.0,8352.099609375,6052.85009765625
2024-12-10,2695.63,31.88,944.0,943.0,948.0,983.0,4575.0,4550.0,470.0,8280.400390625,6034.91015625
2024-12-11,2712.98,32.28,944.0,943.0,947.0,979.0,4575.0,4475.0,465.0,8301.599609375,6084.18994140625
2024-12-12,2668.9,30.72,944.0,943.0,960.0,999.0,4575.0,4450.0,465.0,8311.7998046875,6051.25
2024-12-13,2668.9,30.72,944.0,943.0,942.0,973.0,4575.0,4450.0,465.0,8300.2998046875,6051.08984375
2024-12-16,2637.8,30.27,944.0,943.0,938.0,970.0,4575.0,4450.0,465.0,8262.099609375,6074.080078125
2024-12-17,2646.35,30.41,944.0,943.0,936.0,953.0,4575.0,4450.0,465.0,8195.2001953125,6050.60986328125
2024-12-18,2621.15,29.55,944.0,943.0,947.0,943.0,4575.0,4450.0,465.0,8199.099609375,5872.16015625
2024-12-19,2604.85,28.87,944.0,943.0,941.0,930.0,4575.0,4450.0,465.0,8105.2998046875,5867.080078125
2024-12-20,2604.85,28.87,944.0,943.0,934.0,924.0,4575.0,4450.0,465.0,8084.60009765625,5930.85009765625
2024-12-23,2613.9,29.63,944.0,943.0,948.0,935.0,4575.0,4450.0,465.0,8102.7001953125,5974.06982421875
2024-12-24,2613.9,29.63,944.0,943.0,950.0,960.0,4575.0,4450.0,465.0,8137.0,6040.0400390625
2024-12-25,2624.48,29.60,944.0,943.0,950.0,960.0,4575.0,4450.0,465.0,8137.0,6040.0400390625
2024-12-26,2619.98,29.61,944.0,943.0,950.0,960.0,4575.0,4450.0,465.0,8137.0,6037.58984375
2024-12-27,2619.98,29.61,944.0,943.0,944.0,931.0,4575.0,4450.0,465.0,8149.7998046875,5970.83984375
2024-12-30,2614.3,29.02,944.0,943.0,934.0,923.0,4575.0,4400.0,465.0,8121.0,5906.93994140625
2024-12-31,2614.3,29.02,944.0,943.0,925.0,923.0,4575.0,4400.0,465.0,8173.0,5881.6298828125
2025-01-01,2636.52,29.30,944.0,943.0,925.0,923.0,4575.0,4400.0,465.0,8173.0,5881.6298828125
2025-01-02,2654.25,29.73,944.0,943.0,921.0,924.0,4575.0,4400.0,465.0,8260.099609375,5868.5498046875
2025-01-03,2654.25,29.73,944.0,943.0,942.0,934.0,4575.0,4375.0,465.0,8224.0,5942.47021484375
2025-01-06,2642.7,30.26,944.0,943.0,954.0,931.0,4575.0,4375.0,465.0,8249.7001953125,5975.3798828125
2025-01-07,2653.27,30.20,944.0,943.0,957.0,944.0,4675.0,4375.0,465.0,8245.2998046875,5909.02978515625
2025-01-08,2663.02,30.27,944.0,943.0,963.0,937.0,4725.0,4375.0,465.0,8251.0,5918.25
2025-01-09,2680.45,30.26,944.0,943.0,968.0,940.0,4725.0,4375.0,465.0,8319.7001953125,5918.25
2025-01-10,2680.45,30.26,944.0,943.0,977.0,954.0,4700.0,4375.0,465.0,8248.5,5827.0400390625
2025-01-13,2663.65,29.66,944.0,943.0,974.0,964.0,4675.0,4375.0,465.0,8224.2001953125,5836.22021484375
2025-01-14,2691.75,30.18,944.0,943.0,973.0,963.0,4650.0,4350.0,465.0,8201.5,5842.91015625
2025-01-15,2705.6,30.89,944.0,943.0,949.0,959.0,4650.0,4350.0,465.0,8301.099609375,5949.91015625
2025-01-16,2699.38,30.44,944.0,943.0,956.0,969.0,4650.0,4350.0,465.0,8391.900390625,5937.33984375
2025-01-17,2699.38,30.44,944.0,943.0,954.0,958.0,4650.0,4350.0,465.0,8505.2001953125,5996.66015625
2025-01-20,2711.5,30.34,944.0,943.0,952.0,962.0,4675.0,4350.0,475.0,8520.5,5996.66015625
2025-01-21,2756.9,30.89,944.0,943.0,948.0,947.0,4675.0,4350.0,475.0,8548.2998046875,6049.240234375
2025-01-22,2744.38,30.52,944.0,943.0,958.0,980.0,4675.0,4350.0,485.0,8545.099609375,6086.3701171875
2025-01-23,2770.52,30.87,944.0,943.0,957.0,1001.0,4675.0,4350.0,490.0,8565.2001953125,6118.7099609375
2025-01-24,2770.52,30.87,944.0,943.0,965.0,1014.0,4675.0,4350.0,490.0,8502.400390625,6101.240234375
2025-01-27,2743.43,30.14,944.0,943.0,950.0,984.0,4675.0,4350.0,495.0,8503.7001953125,6012.27978515625
2025-01-28,2762.65,30.43,944.0,943.0,958.0,975.0,4675.0,4350.0,495.0,8533.900390625,6067.7001953125
2025-01-29,2776.3,31.24,944.0,943.0,958.0,970.0,4650.0,4350.0,495.0,8557.7998046875,6039.31005859375
2025-01-30,2794.57,31.37,944.0,943.0,965.0,988.0,4650.0,4350.0,495.0,8646.900390625,6071.169921875
2025-01-31,2794.57,31.37,944.0,943.0,981.0,996.0,4650.0,4350.0,495.0,8674.0,6040.52978515625
2025-02-03,2814.3,31.43,944.0,943.0,974.0,1019.0,4650.0,4300.0,495.0,8583.599609375,5994.56982421875
2025-02-04,2866.6,32.45,944.0,943.0,976.0,1029.0,4650.0,4300.0,500.0,8570.7998046875,6037.8798828125
2025-02-05,2863.38,32.02,944.0,943.0,990.0,1015.0,4625.0,4300.0,500.0,8623.2998046875,6061.47998046875
2025-02-06,2868.48,32.30,944.0,943.0,998.0,1000.0,4625.0,4300.0,500.0,8727.2998046875,6083.56982421875
2025-02-07,2868.48,32.30,944.0,943.0,1005.0,993.0,4625.0,4300.0,505.0,8700.5,6025.990234375
2025-02-10,2903.95,31.76,944.0,943.0,1007.0,987.0,4625.0,4300.0,505.0,8767.7998046875,6066.43994140625
2025-02-11,2884.35,31.65,944.0,943.0,994.0,989.0,4625.0,4300.0,505.0,8777.400390625,6068.5
2025-02-12,2913.0,32.30,944.0,943.0,997.0,989.0,4650.0,4300.0,505.0,8807.400390625,6051.97021484375
2025-02-13,2930.9,33.28,944.0,943.0,1010.0,993.0,4650.0,4300.0,505.0,8764.7001953125,6115.06982421875
2025-02-14,2930.9,33.28,944.0,943.0,1015.0,1016.0,4650.0,4300.0,505.0,8732.5,6114.6298828125
2025-02-17,2911.65,32.47,944.0,943.0,1000.0,996.0,4650.0,4250.0,505.0,8768.0,6114.6298828125
2025-02-18,2943.65,32.93,944.0,943.0,1000.0,996.0,4650.0,4250.0,505.0,8766.7001953125,6129.580078125
2025-02-19,2951.93,33.24,944.0,943.0,994.0,996.0,4650.0,4250.0,505.0,8712.5,6144.14990234375
2025-02-20,2927.73,32.87,944.0,943.0,988.0,996.0,4650.0,4250.0,505.0,8663.0,6117.52001953125
2025-02-21,2927.73,32.87,944.0,943.0,981.0,983.0,4675.0,4250.0,505.0,8659.400390625,6013.1298828125
2025-02-24,2937.02,32.22,944.0,943.0,982.0,974.0,4675.0,4250.0,505.0,8659.0,5983.25
2025-02-25,2912.73,31.77,944.0,943.0,979.0,954.0,4675.0,4250.0,505.0,8668.7001953125,5955.25
2025-02-26,2886.57,31.79,944.0,943.0,990.0,958.0,4675.0,4250.0,505.0,8731.5,5956.06005859375
2025-02-27,2861.6,31.14,944.0,943.0,979.0,941.0,4700.0,4250.0,510.0,8756.2001953125,5861.56982421875
2025-02-28,2861.6,31.14,944.0,943.0,963.0,934.0,4725.0,4250.0,510.0,8809.7001953125,5954.5
2025-03-03,2917.25,31.95,944.0,943.0,962.0,946.0,4725.0,4250.0,510.0,8871.2998046875,5849.72021484375
2025-03-04,2919.23,32.37,944.0,943.0,970.0,955.0,4775.0,4250.0,510.0,8759.0,5778.14990234375
2025-03-05,2892.5,32.30,944.0,943.0,984.0,970.0,4925.0,4250.0,510.0,8755.7998046875,5842.6298828125
2025-03-06,2921.75,32.65,944.0,943.0,977.0,953.0,5050.0,4250.0,510.0,8682.7998046875,5738.52001953125
2025-03-07,2921.75,32.65,944.0,943.0,987.0,969.0,5475.0,4250.0,510.0,8679.900390625,5770.2001953125
2025-03-10,2912.3,32.58,944.0,943.0,979.0,960.0,6000.0,4250.0,510.0,8600.2001953125,5614.56005859375
2025-03-11,2914.13,32.95,944.0,943.0,981.0,963.0,6050.0,4250.0,510.0,8496.0,5572.06982421875
2025-03-12,2948.85,33.15,944.0,943.0,998.0,968.0,5650.0,4250.0,525.0,8541.0,5599.2998046875
2025-03-13,2998.0,34.05,944.0,943.0,987.0,963.0,5250.0,4250.0,545.0,8542.599609375,5521.52001953125
2025-03-14,2998.0,34.05,944.0,943.0,1007.0,983.0,5250.0,4250.0,570.0,8632.2998046875,5638.93994140625
2025-03-17,3021.15,34.13,944.0,943.0,1009.0,983.0,5250.0,4250.0,580.0,8680.2998046875,5675.1201171875
2025-03-18,3031.25,33.74,944.0,943.0,1019.0,992.0,5325.0,4250.0,590.0,8705.2001953125,5614.66015625
2025-03-19,3037.88,33.44,944.0,943.0,1000.0,971.0,5525.0,4250.0,600.0,8706.7001953125,5675.2900390625
2025-03-20,3028.7,33.02,944.0,943.0,1006.0,968.0,5825.0,4250.0,610.0,8702.0,5662.89013671875
2025-03-21,3028.7,33.02,944.0,943.0,992.0,963.0,5800.0,4250.0,630.0,8646.7998046875,5667.56005859375
2025-03-24,3023.25,33.27,944.0,943.0,994.0,978.0,5650.0,4250.0,630.0,8638.0,5767.56982421875
2025-03-25,3019.43,33.71,944.0,943.0,995.0,972.0,5575.0,4250.0,630.0,8663.7998046875,5776.64990234375
2025-03-26,3045.52,33.89,944.0,943.0,988.0,967.0,5675.0,4250.0,630.0,8689.599609375,5712.2001953125
2025-03-27,3069.1,34.40,944.0,943.0,987.0,987.0,5775.0,4250.0,630.0,8666.099609375,5693.31005859375
2025-03-28,3069.1,34.40,944.0,943.0,1000.0,997.0,5775.0,4250.0,630.0,8658.900390625,5580.93994140625
2025-03-31,3126.35,34.09,944.0,943.0,1005.0,992.0,5725.0,4250.0,630.0,8582.7998046875,5611.85009765625
2025-04-01,3133.5,34.03,944.0,943.0,1005.0,1004.0,5700.0,4250.0,630.0,8634.7998046875,5633.06982421875
2025-04-02,3128.05,32.98,944.0,943.0,995.0,999.0,5700.0,4250.0,630.0,8608.5,5670.97021484375
2025-04-03,3084.45,31.37,944.0,943.0,990.0,980.0,5650.0,4250.0,630.0,8474.7001953125,5396.52001953125
2025-04-04,3084.45,31.37,944.0,943.0,957.0,942.0,5575.0,4250.0,630.0,8055.0,5074.080078125
2025-04-07,3008.35,30.29,944.0,943.0,927.0,928.0,5400.0,4250.0,630.0,7702.10009765625,5062.25
2025-04-08,3046.6,30.45,944.0,943.0,940.0,936.0,5300.0,4250.0,630.0,7910.5,4982.77001953125
2025-04-09,3108.35,30.89,944.0,943.0,942.0,933.0,5300.0,4250.0,630.0,7679.5,5456.89990234375
2025-04-10,3215.13,31.35,944.0,943.0,949.0,939.0,5300.0,4250.0,630.0,7913.2998046875,5268.0498046875
2025-04-11,3215.13,31.35,944.0,943.0,961.0,938.0,5450.0,4250.0,630.0,7964.2001953125,5363.35986328125
2025-04-14,3228.2,32.33,944.0,943.0,967.0,948.0,5450.0,4250.0,630.0,8134.2998046875,5405.97021484375
2025-04-15,3305.18,32.94,944.0,943.0,969.0,968.0,5450.0,4250.0,630.0,8249.099609375,5396.6298828125
2025-04-16,3323.5,32.47,944.0,943.0,971.0,987.0,5425.0,4250.0,630.0,8275.599609375,5275.7001953125
2025-04-17,3323.5,32.47,944.0,943.0,976.0,964.0,5425.0,4250.0,630.0,8275.7001953125,5282.7001953125
2025-04-21,3449.65,32.39,944.0,943.0,976.0,964.0,5425.0,4250.0,630.0,8275.7001953125,5158.2001953125
2025-04-22,3323.02,32.92,944.0,943.0,984.0,962.0,5400.0,4250.0,630.0,8328.599609375,5287.759765625
2025-04-23,3340.57,33.37,944.0,943.0,978.0,953.0,5375.0,4200.0,625.0,8403.2001953125,5375.85986328125
2025-04-24,3303.6,33.41,944.0,943.0,985.0,955.0,5375.0,4200.0,625.0,8407.400390625,5484.77001953125
2025-04-25,3303.6,33.41,944.0,943.0,973.0,950.0,5375.0,4200.0,625.0,8415.2998046875,5525.2099609375
2025-04-28,3312.6,33.30,944.0,943.0,992.0,963.0,5375.0,4200.0,625.0,8417.2998046875,5528.75
2025-04-29,3285.35,32.40,944.0,943.0,1002.0,961.0,5375.0,4200.0,625.0,8463.5,5560.830078125
2025-04-30,3235.77,32.31,944.0,943.0,985.0,947.0,5375.0,4200.0,625.0,8494.900390625,5569.06005859375
2025-05-01,3257.35,32.48,944.0,943.0,971.0,951.0,5375.0,4200.0,625.0,8496.7998046875,5604.14013671875
2025-05-02,3257.35,32.48,944.0,943.0,983.0,960.0,5375.0,4150.0,620.0,8596.400390625,5686.669921875
2025-05-05,3375.25,32.99,944.0,943.0,983.0,960.0,5375.0,4150.0,620.0,8596.400390625,5650.3798828125
2025-05-06,3383.32,32.93,944.0,943.0,992.0,967.0,5375.0,4150.0,620.0,8597.400390625,5606.91015625
2025-05-07,3338.38,32.35,944.0,943.0,1000.0,990.0,5375.0,4150.0,620.0,8559.2998046875,5631.27978515625
2025-05-08,3325.95,32.59,944.0,943.0,989.0,977.0,5375.0,4150.0,620.0,8531.599609375,5663.93994140625
2025-05-09,3325.95,32.59,944.0,943.0,1002.0,1000.0,5375.0,4150.0,620.0,8554.7998046875,5659.91015625
2025-05-12,3254.9,33.18,944.0,943.0,1000.0,986.0,5375.0,4150.0,620.0,8605.0,5844.18994140625
2025-05-13,3231.88,32.83,944.0,943.0,1002.0,967.0,5375.0,4150.0,620.0,8602.900390625,5886.5498046875
2025-05-14,3163.85,31.92,944.0,943.0,1009.0,975.0,5375.0,4150.0,620.0,8585.0,5892.580078125
2025-05-15,3205.23,32.22,944.0,943.0,982.0,960.0,5450.0,4150.0,620.0,8633.7998046875,5916.93017578125
2025-05-16,3205.23,32.22,944.0,943.0,998.0,977.0,5500.0,4150.0,620.0,8684.599609375,5958.3798828125
2025-05-19,3237.52,32.42,944.0,943.0,1002.0,984.0,5500.0,4150.0,615.0,8699.2998046875,5963.60009765625
2025-05-20,3307.38,33.16,944.0,943.0,1018.0,990.0,5500.0,4150.0,615.0,8781.099609375,5940.4599609375
2025-05-21,3307.2,33.32,944.0,943.0,1058.0,1023.0,5500.0,4150.0,615.0,8786.5,5844.60986328125
2025-05-22,3326.2,33.27,944.0,943.0,1092.0,1042.0,5500.0,4150.0,615.0,8739.2998046875,5842.009765625
2025-05-23,3326.2,33.27,944.0,943.0,1103.0,1025.0,5375.0,4150.0,615.0,8718.0,5802.81982421875
2025-05-26,3297.48,33.02,944.0,943.0,1103.0,1025.0,5375.0,4150.0,615.0,8718.0,5802.81982421875
2025-05-27,3322.18,33.41,944.0,943.0,1092.0,1000.0,5325.0,4150.0,615.0,8778.099609375,5921.5400390625
2025-05-28,3282.27,33.37,944.0,943.0,1105.0,995.0,5400.0,4150.0,615.0,8726.0,5888.5498046875
2025-05-29,3296.2,33.23,944.0,943.0,1092.0,992.0,5425.0,4150.0,615.0,8716.5,5912.169921875
2025-05-30,3296.2,33.23,944.0,943.0,1085.0,985.0,5450.0,4150.0,615.0,8772.400390625,5911.68994140625
2025-06-02,3361.45,34.22,944.0,943.0,1065.0,988.0,5450.0,4150.0,615.0,8774.2998046875,5935.93994140625
2025-06-03,3362.3,34.58,944.0,943.0,1075.0,1005.0,5375.0,4100.0,615.0,8787.0,5970.3701171875
2025-06-04,3376.77,34.96,944.0,943.0,1094.0,1021.0,5400.0,4100.0,615.0,8801.2998046875,5970.81005859375
2025-06-05,3366.5,36.22,944.0,943.0,1125.0,1024.0,5450.0,4100.0,615.0,8811.0,5939.2998046875
2025-06-06,3366.5,36.22,944.0,943.0,1173.0,1029.0,5550.0,4100.0,615.0,8837.900390625,6000.35986328125
2025-06-09,3329.26,36.49,944.0,943.0,1220.0,1085.0,5850.0,4100.0,615.0,8832.2998046875,6005.8798828125
2025-06-10,3344.3,36.48,944.0,943.0,1225.0,1080.0,5850.0,4100.0,630.0,8853.099609375,6038.81005859375
2025-06-11,3356.1,35.91,944.0,943.0,1272.0,1090.0,5600.0,4100.0,675.0,8864.400390625,6022.240234375
2025-06-12,3424.75,36.34,944.0,943.0,1270.0,1068.0,5500.0,4100.0,675.0,8884.900390625,6045.259765625
2025-06-13,3424.75,36.34,944.0,943.0,1290.0,1072.0,5500.0,4175.0,675.0,8850.599609375,5976.97021484375
2025-06-16,3378.24,36.39,944.0,943.0,1255.0,1060.0,5575.0,4325.0,675.0,8875.2001953125,6033.10986328125
2025-06-17,3383.12,37.16,944.0,943.0,1284.0,1040.0,5475.0,4325.0,675.0,8834.0,5982.72021484375
2025-06-18,3368.96,36.39,944.0,943.0,1290.0,1070.0,5425.0,4325.0,675.0,8843.5,5980.8701171875
2025-06-19,3350.47,36.01,944.0,943.0,1319.0,1055.0,5475.0,4325.0,675.0,8791.7998046875,5980.8701171875
2025-06-20,3350.47,36.01,944.0,943.0,1296.0,1062.0,5475.0,4325.0,675.0,8774.7001953125,5967.83984375
2025-06-23,3325.64,36.10,944.0,943.0,1305.0,1080.0,5475.0,4325.0,675.0,8758.0,6025.169921875
2025-06-24,3326.91,35.87,944.0,943.0,1316.0,1083.0,5425.0,4325.0,675.0,8759.0,6092.18017578125
2025-06-25,3349.19,36.73,944.0,943.0,1330.0,1080.0,5425.0,4325.0,675.0,8718.7998046875,6092.16015625
2025-06-26,3288.47,36.05,944.0,943.0,1402.0,1117.0,5425.0,4325.0,675.0,8735.599609375,6141.02001953125
2025-06-27,3288.47,36.05,944.0,943.0,1389.0,1151.0,5450.0,4325.0,675.0,8798.900390625,6173.06982421875
2025-06-30,3338.89,36.33,944.0,943.0,1379.0,1162.0,5475.0,4325.0,695.0,8761.0,6204.9501953125
2025-07-01,3333.56,36.09,944.0,943.0,1355.0,1118.0,5475.0,4325.0,695.0,8785.2998046875,6198.009765625
2025-07-02,3356.3,37.03,944.0,943.0,1367.0,1123.0,5475.0,4325.0,705.0,8774.7001953125,6227.419921875
2025-07-03,3343.04,36.81,944.0,943.0,1433.0,1169.0,5500.0,4325.0,750.0,8823.2001953125,6279.35009765625
2025-07-04,3343.04,36.81,944.0,943.0,1389.0,1146.0,5500.0,4325.0,760.0,8822.900390625,6279.35009765625
2025-07-07,3324.46,36.73,944.0,943.0,1369.0,1125.0,5500.0,4325.0,760.0,8806.5,6229.97998046875
2025-07-08,3284.48,36.49,944.0,943.0,1388.0,1136.0,5575.0,4325.0,760.0,8854.2001953125,6225.52001953125
2025-07-09,3329.17,36.63,944.0,943.0,1368.0,1113.0,5625.0,4375.0,780.0,8867.0,6263.259765625
2025-07-10,3334.19,37.44,944.0,943.0,1374.0,1126.0,5700.0,4400.0,790.0,8975.7001953125,6280.4599609375
2025-07-11,3334.19,37.44,944.0,943.0,1364.0,1172.0,5700.0,4450.0,790.0,8941.099609375,6259.75
2025-07-14,3361.45,38.24,944.0,943.0,1410.0,1256.0,5700.0,4450.0,790.0,8998.099609375,6268.56005859375
2025-07-15,3342.3,37.98,944.0,943.0,1390.0,1212.0,5700.0,4450.0,790.0,8938.2998046875,6243.759765625
2025-07-16,3328.75,37.76,944.0,943.0,1396.0,1212.0,5750.0,4450.0,800.0,8926.599609375,6263.7001953125
2025-07-17,3348.45,38.29,944.0,943.0,1424.0,1235.0,5775.0,4450.0,800.0,8972.599609375,6297.35986328125
2025-07-18,3348.45,38.29,944.0,943.0,1479.0,1322.0,5800.0,4450.0,800.0,8992.099609375,6296.7900390625
2025-07-21,3389.35,38.85,944.0,943.0,1460.0,1283.0,5825.0,4450.0,800.0,9013.0,6305.60009765625
2025-07-22,3426.8,39.30,944.0,943.0,1458.0,1277.0,5875.0,4450.0,800.0,9023.7998046875,6309.6201171875
2025-07-23,3369.95,39.07,944.0,943.0,1464.0,1302.0,5925.0,4450.0,800.0,9061.5,6358.91015625
2025-07-24,3364.1,39.06,944.0,943.0,1422.0,1285.0,6150.0,4450.0,800.0,9138.400390625,6363.35009765625
2025-07-25,3364.1,39.06,944.0,943.0,1421.0,1238.0,6250.0,4450.0,800.0,9120.2998046875,6388.64013671875
2025-07-28,3323.1,38.15,944.0,943.0,1420.0,1252.0,6400.0,4450.0,800.0,9081.400390625,6389.77001953125
2025-07-29,3331.85,38.07,944.0,943.0,1396.0,1247.0,6750.0,4450.0,800.0,9136.2998046875,6370.85986328125
2025-07-30,3309.1,36.89,944.0,943.0,1398.0,1264.0,7050.0,4450.0,800.0,9136.900390625,6362.89990234375
2025-07-31,3293.9,36.45,944.0,943.0,1326.0,1233.0,7475.0,4525.0,820.0,9132.7998046875,6339.39013671875
2025-08-01,3293.9,36.45,944.0,943.0,1286.0,1204.0,6950.0,4650.0,820.0,9068.599609375,6238.009765625
2025-08-04,3365.45,37.46,944.0,943.0,1328.0,1224.0,6900.0,4650.0,820.0,9128.2998046875,6329.93994140625
2025-08-05,3365.1,37.78,944.0,943.0,1340.0,1211.0,6900.0,4650.0,820.0,9142.7001953125,6299.18994140625
2025-08-06,3377.35,38.28,944.0,943.0,1343.0,1191.0,6875.0,4650.0,820.0,9164.2998046875,6345.06005859375
2025-08-07,3399.43,38.36,944.0,943.0,1350.0,1165.0,7025.0,4650.0,820.0,9100.7998046875,6340.0
2025-08-08,3399.43,38.36,944.0,943.0,1350.0,1160.0,7025.0,4650.0,820.0,9095.7001953125,6389.4501953125
2025-08-11,3348.8,37.77,944.0,943.0,1320.0,1134.0,7075.0,4700.0,830.0,9129.7001953125,6373.4501953125
2025-08-12,3361.3,38.51,944.0,943.0,1346.0,1165.0,7075.0,4700.0,830.0,9147.7998046875,6445.759765625
2025-08-13,3357.05,38.33,944.0,943.0,1361.0,1150.0,7200.0,4700.0,830.0,9165.2001953125,6466.580078125
2025-08-14,3354.5,38.31,944.0,943.0,1353.0,1146.0,7425.0,4700.0,830.0,9177.2001953125,6468.5400390625
2025-08-15,3354.5,38.31,944.0,943.0,1377.0,1154.0,7525.0,4700.0,830.0,9138.900390625,6449.7998046875
2025-08-18,3346.7,38.08,944.0,943.0,1343.0,1135.0,7575.0,4700.0,830.0,9157.7001953125,6449.14990234375
2025-08-19,3325.8,37.08,944.0,943.0,1346.0,1135.0,7575.0,4700.0,850.0,9189.2001953125,6411.3701171875
2025-08-20,3338.65,37.76,944.0,943.0,1330.0,1120.0,7575.0,4700.0,890.0,9288.099609375,6395.77978515625
2025-08-21,3329.45,38.02,944.0,943.0,1340.0,1120.0,7500.0,4700.0,910.0,9309.2001953125,6370.169921875
2025-08-22,3329.45,38.02,944.0,943.0,1357.0,1125.0,7450.0,4700.0,925.0,9321.400390625,6466.91015625
2025-08-25,3375.65,38.67,944.0,943.0,1357.0,1125.0,7450.0,4700.0,925.0,9321.400390625,6439.31982421875
2025-08-26,3383.5,38.34,944.0,943.0,1352.0,1109.0,7400.0,4675.0,925.0,9265.7998046875,6465.93994140625
2025-08-27,3400.45,38.88,944.0,943.0,1357.0,1110.0,7325.0,4675.0,925.0,9255.5,6481.39990234375
2025-08-28,3408.45,38.88,944.0,943.0,1367.0,1118.0,7200.0,4650.0,925.0,9216.7998046875,6501.85986328125
2025-08-29,3408.45,38.88,944.0,943.0,1362.0,1117.0,7150.0,4650.0,925.0,9187.2998046875,6460.259765625
2025-09-01,3479.65,40.40,944.0,943.0,1410.0,1133.0,7050.0,4650.0,925.0,9196.2998046875,6460.259765625
2025-09-02,3539.3,40.81,944.0,943.0,1413.0,1135.0,7325.0,4650.0,925.0,9116.7001953125,6415.5400390625
2025-09-03,3539.88,40.88,944.0,943.0,1410.0,1150.0,7325.0,4650.0,925.0,9178.0,6448.259765625
2025-09-04,3549.05,40.77,944.0,943.0,1422.0,1156.0,7300.0,4650.0,925.0,9216.900390625,6502.080078125
2025-09-05,3549.05,40.77,944.0,943.0,1395.0,1140.0,7200.0,4650.0,925.0,9208.2001953125,6481.5
2025-09-08,3655.45,41.25,944.0,943.0,1416.0,1142.0,7150.0,4650.0,925.0,9221.400390625,6495.14990234375
2025-09-09,3646.8,41.11,944.0,943.0,1408.0,1161.0,7150.0,4650.0,925.0,9242.5,6512.60986328125
2025-09-10,3617.2,40.96,944.0,943.0,1400.0,1166.0,7150.0,4650.0,925.0,9225.400390625,6532.0400390625
2025-09-11,3644.55,42.32,944.0,943.0,1394.0,1190.0,7150.0,4650.0,925.0,9297.599609375,6587.47021484375
2025-09-12,3644.55,42.32,944.0,943.0,1402.0,1224.0,7125.0,4650.0,925.0,9283.2998046875,6584.2900390625
2025-09-15,3695.55,42.73,944.0,943.0,1415.0,1222.0,7125.0,4650.0,925.0,9277.0,6615.27978515625
2025-09-16,3669.35,41.61,944.0,943.0,1418.0,1205.0,7125.0,4650.0,925.0,9195.7001953125,6606.759765625
2025-09-17,3671.7,41.91,944.0,943.0,1395.0,1170.0,7100.0,4650.0,925.0,9208.400390625,6600.35009765625
2025-09-18,3656.8,42.25,944.0,943.0,1402.0,1173.0,7025.0,4650.0,925.0,9228.099609375,6631.9599609375
2025-09-19,3656.8,42.25,944.0,943.0,1399.0,1163.0,7025.0,4650.0,925.0,9216.7001953125,6664.35986328125
2025-09-22,3786.4,44.17,944.0,943.0,1428.0,1172.0,7025.0,4625.0,925.0,9226.7001953125,6693.75
2025-09-23,3768.2,44.08,944.0,943.0,1448.0,1213.0,7025.0,4625.0,925.0,9223.2998046875,6656.919921875
2025-09-24,3751.3,44.77,944.0,943.0,1496.0,1245.0,7125.0,4625.0,925.0,9250.400390625,6637.97021484375
2025-09-25,3749.1,45.04,944.0,943.0,1509.0,1240.0,7150.0,4625.0,925.0,9214.0,6604.72021484375
2025-09-26,3749.1,45.04,944.0,943.0,1557.0,1264.0,7175.0,4625.0,925.0,9284.7998046875,6643.7001953125
2025-09-29,3803.15,46.05,944.0,943.0,1616.0,1283.0,7125.0,4625.0,925.0,9299.7998046875,6661.2099609375
2025-09-30,3885.8,47.20,944.0,943.0,1608.0,1270.0,7125.0,4625.0,925.0,9350.400390625,6688.4599609375
2025-10-01,3876.3,47.51,944.0,943.0,1604.0,1275.0,7100.0,4625.0,925.0,9446.400390625,6711.2001953125
2025-10-02,3858.9,47.27,944.0,943.0,1592.0,1285.0,7100.0,4625.0,910.0,9427.7001953125,6715.35009765625
2025-10-03,3858.9,47.27,944.0,943.0,1590.0,1272.0,7075.0,4625.0,910.0,9491.2998046875,6715.7900390625
2025-10-06,3958.55,48.23,944.0,943.0,1632.0,1289.0,7075.0,4600.0,910.0,9479.099609375,6740.27978515625
2025-10-07,4035.35,48.85,944.0,943.0,1625.0,1330.0,7075.0,4575.0,910.0,9483.599609375,6714.58984375
2025-10-08,4039.0,49.59,944.0,943.0,1663.0,1400.0,7075.0,4575.0,910.0,9548.900390625,6753.72021484375
2025-10-09,3996.3,51.02,944.0,943.0,1673.0,1465.0,7150.0,4575.0,910.0,9509.400390625,6735.10986328125
2025-10-10,3996.3,51.02,944.0,943.0,1624.0,1432.0,7225.0,4575.0,910.0,9427.5,6552.509765625
2025-10-13,4140.8,51.68,944.0,943.0,1659.0,1469.0,7250.0,4575.0,910.0,9442.900390625,6654.72021484375
2025-10-14,4189.85,52.84,944.0,943.0,1670.0,1499.0,7275.0,4575.0,910.0,9452.7998046875,6644.31005859375
2025-10-15,4223.95,52.83,944.0,943.0,1671.0,1550.0,7350.0,4575.0,910.0,9424.7998046875,6671.06005859375
2025-10-16,4335.35,54.00,944.0,943.0,1676.0,1560.0,7625.0,4575.0,910.0,9436.099609375,6629.06982421875
2025-10-17,4335.35,54.00,944.0,943.0,1704.0,1600.0,8200.0,4575.0,910.0,9354.599609375,6664.009765625
2025-10-20,4270.75,49.84,944.0,943.0,1615.0,1474.0,8150.0,4525.0,910.0,9403.599609375,6735.1298828125
2025-10-21,4075.35,48.39,944.0,943.0,1608.0,1460.0,8000.0,4525.0,910.0,9427.0,6735.35009765625
2025-10-22,4122.65,49.29,944.0,943.0,1548.0,1428.0,7700.0,4525.0,910.0,9515.0,6699.39990234375
2025-10-23,4069.45,48.14,944.0,943.0,1658.0,1466.0,7900.0,4525.0,910.0,9578.599609375,6738.43994140625
2025-10-24,4069.45,48.14,944.0,943.0,1630.0,1422.0,8050.0,4525.0,910.0,9645.599609375,6791.68994140625
2025-10-27,3906.35,46.01,944.0,943.0,1606.0,1440.0,8050.0,4500.0,910.0,9653.7998046875,6875.16015625
2025-10-28,4025.5,48.29,944.0,943.0,1552.0,1373.0,8000.0,4500.0,910.0,9696.7001953125,6890.89013671875
2025-10-29,3986.1,47.98,944.0,943.0,1625.0,1426.0,8000.0,4500.0,910.0,9756.099609375,6890.58984375
2025-10-30,4013.5,48.87,944.0,943.0,1625.0,1449.0,8075.0,4500.0,910.0,9760.099609375,6822.33984375
2025-10-31,4013.5,48.87,944.0,943.0,1610.0,1463.0,8200.0,4500.0,910.0,9717.2998046875,6840.2001953125
2025-11-03,3992.35,47.80,944.0,943.0,1620.0,1470.0,8150.0,4500.0,910.0,9701.400390625,6851.97021484375
2025-11-04,3965.1,47.72,944.0,943.0,1578.0,1435.0,8050.0,4500.0,910.0,9715.0,6771.5498046875
2025-11-05,4005.85,48.52,944.0,943.0,1563.0,1426.0,7950.0,4500.0,910.0,9777.099609375,6796.2900390625
2025-11-06,4006.8,48.74,944.0,943.0,1585.0,1452.0,8025.0,4500.0,910.0,9735.7998046875,6720.31982421875
2025-11-07,4006.8,48.74,944.0,943.0,1566.0,1407.0,8075.0,4500.0,910.0,9682.599609375,6728.7998046875
2025-11-10,4142.15,50.95,944.0,943.0,1584.0,1416.0,8075.0,4500.0,910.0,9787.2001953125,6832.43017578125
2025-11-11,4120.25,51.66,944.0,943.0,1605.0,1448.0,8075.0,4500.0,910.0,9899.599609375,6846.60986328125
2025-11-12,4229.25,54.02,944.0,943.0,1608.0,1465.0,8125.0,4500.0,910.0,9911.400390625,6850.919921875
2025-11-13,4165.5,52.61,944.0,943.0,1644.0,1499.0,8125.0,4500.0,910.0,9807.7001953125,6737.490234375
2025-11-14,4165.5,52.61,944.0,943.0,1591.0,1435.0,8100.0,4500.0,910.0,9698.400390625,6734.10986328125
2025-11-17,4039.65,50.40,944.0,943.0,1563.0,1413.0,7975.0,4500.0,910.0,9675.400390625,6672.41015625
2025-11-18,4112.3,52.24,944.0,943.0,1551.0,1410.0,7900.0,4500.0,910.0,9552.2998046875,6617.31982421875
2025-11-19,4062.6,50.91,944.0,943.0,1554.0,1423.0,7950.0,4500.0,910.0,9507.400390625,6642.16015625
2025-11-20,4034.6,48.67,944.0,943.0,1563.0,1417.0,8000.0,4500.0,910.0,9527.7001953125,6538.759765625
2025-11-21,4034.6,48.67,944.0,943.0,1533.0,1392.0,8000.0,4500.0,910.0,9539.7001953125,6602.990234375
2025-11-24,4130.4,51.12,944.0,943.0,1550.0,1396.0,8000.0,4500.0,910.0,9534.900390625,6705.1201171875
2025-11-25,4162.1,52.34,944.0,943.0,1560.0,1410.0,8000.0,4500.0,910.0,9609.5,6765.8798828125
2025-11-26,4154.2,53.20,944.0,943.0,1576.0,1420.0,7925.0,4500.0,910.0,9691.599609375,6812.60986328125
2025-11-27,4169.85,53.76,944.0,943.0,1650.0,1446.0,7925.0,4500.0,910.0,9693.900390625,6812.60986328125
2025-11-28,4169.85,53.76,944.0,943.0,1655.0,1456.0,7925.0,4500.0,910.0,9720.5,6849.08984375
2025-12-01,4187.0,56.96,944.0,943.0,1699.0,1486.0,8025.0,4500.0,910.0,9702.5,6812.6298828125
2025-12-02,4203.2,58.13,944.0,943.0,1659.0,1448.0,8050.0,4500.0,910.0,9701.7998046875,6829.3701171875
2025-12-03,4199.45,57.44,944.0,943.0,1663.0,1468.0,7950.0,4500.0,910.0,9692.099609375,6849.72021484375
2025-12-04,4224.5,58.17,944.0,943.0,1650.0,1455.0,7950.0,4500.0,910.0,9710.900390625,6857.1201171875
2025-12-05,4224.5,58.17,944.0,943.0,1675.0,1478.0,7950.0,4500.0,910.0,9667.0,6870.39990234375
2025-12-08,4205.05,58.60,944.0,943.0,1668.0,1485.0,7950.0,4500.0,910.0,9645.099609375,6846.509765625
2025-12-09,4192.55,60.97,944.0,943.0,1666.0,1486.0,7975.0,4500.0,910.0,9642.0,6840.509765625
2025-12-10,4216.35,62.27,944.0,943.0,1681.0,1510.0,7975.0,4500.0,910.0,9655.5,6886.68017578125
2025-12-11,4318.4,63.95,944.0,943.0,1688.0,1494.0,7975.0,4500.0,910.0,9703.2001953125,6901.0
2025-12-12,4318.4,63.95,944.0,943.0,1725.0,1533.0,7975.0,4500.0,910.0,9649.0,6827.41015625
2025-12-15,4278.25,63.02,944.0,943.0,1795.0,1540.0,7950.0,4500.0,910.0,9751.2998046875,6816.509765625
2025-12-16,4318.8,65.97,944.0,943.0,1820.0,1590.0,7950.0,4500.0,910.0,9684.7998046875,6800.259765625
2025-12-17,4323.65,65.97,944.0,943.0,1933.0,1645.0,7975.0,4500.0,910.0,9774.2998046875,6721.43017578125
2025-12-18,4327.35,66.03,944.0,943.0,1962.0,1702.0,8025.0,4500.0,910.0,9837.7998046875,6774.759765625
2025-12-19,4327.35,66.03,944.0,943.0,1949.0,1707.0,8050.0,4500.0,910.0,9897.400390625,6834.5
2025-12-22,4485.45,69.62,944.0,943.0,2070.0,1770.0,8050.0,4500.0,910.0,9866.0,6878.490234375
2025-12-23,4493.85,72.05,944.0,943.0,2196.0,1824.0,8125.0,4500.0,910.0,9889.2001953125,6909.7900390625
2025-12-24,4493.85,72.05,944.0,943.0,2275.0,1875.0,8200.0,4500.0,920.0,9870.7001953125,6932.0498046875
2025-12-25,4521.0,75.50,944.0,943.0,2275.0,1875.0,8200.0,4500.0,920.0,9870.7001953125,6932.0498046875
2025-12-26,4521.0,75.50,944.0,943.0,2275.0,1875.0,8200.0,4500.0,920.0,9870.7001953125,6929.93994140625
2025-12-29,4383.6,74.46,944.0,943.0,2300.0,1735.0,8500.0,4550.0,950.0,9866.5,6905.740234375
2025-12-30,4318.45,71.95,944.0,943.0,2195.0,1660.0,8925.0,4575.0,1025.0,9940.7001953125,6896.240234375
2025-12-31,4318.45,71.95,944.0,943.0,2023.0,1556.0,9025.0,4600.0,1200.0,9931.400390625,6845.5
2026-01-01,4386.05,74.40,944.0,943.0,2023.0,1556.0,9025.0,4600.0,1200.0,9931.400390625,6845.5
2026-01-02,4386.05,74.40,944.0,943.0,2140.0,1665.0,9450.0,4600.0,1275.0,9951.099609375,6858.47021484375
2026-01-05,4450.15,77.84,944.0,943.0,2246.0,1689.0,9550.0,4700.0,1275.0,10004.599609375,6902.0498046875
2026-01-06,4460.3,79.20,944.0,943.0,2339.0,1746.0,9850.0,4925.0,1300.0,10122.7001953125,6944.81982421875
2026-01-07,4424.65,75.55,944.0,943.0,2344.0,1772.0,9900.0,5100.0,1375.0,10048.2001953125,6920.93017578125
2026-01-08,4469.25,77.91,944.0,943.0,2235.0,1736.0,9750.0,5150.0,1375.0,10044.7001953125,6921.4599609375
2026-01-09,4469.25,77.91,944.0,943.0,2295.0,1852.0,9650.0,5200.0,1400.0,10124.599609375,6966.27978515625
2026-01-12,4583.95,85.45,944.0,943.0,2385.0,1897.0,9800.0,5200.0,1400.0,10140.7001953125,6977.27001953125
2026-01-13,4634.35,90.63,944.0,943.0,2359.0,1852.0,9900.0,5500.0,1425.0,10137.400390625,6963.740234375
2026-01-14,4611.9,91.28,944.0,943.0,2422.0,1880.0,9950.0,5600.0,1425.0,10184.400390625,6926.60009765625
2026-01-15,4608.5,91.41,944.0,943.0,2362.0,1815.0,10100.0,5700.0,1425.0,10238.900390625,6944.47021484375
2026-01-16,4608.5,91.41,944.0,943.0,2365.0,1775.0,10100.0,5850.0,1425.0,10235.2998046875,6940.009765625
2026-01-19,4728.55,95.38,944.0,943.0,2370.0,1820.0,10100.0,5900.0,1425.0,10195.400390625,6940.009765625
2026-01-20,4861.55,95.06,944.0,943.0,2420.0,1875.0,10050.0,6000.0,1425.0,10126.7998046875,6796.85986328125
2026-01-21,4826.4,93.62,944.0,943.0,2465.0,1880.0,10200.0,6000.0,1425.0,10138.099609375,6875.6201171875
2026-01-22,4929.2,98.46,944.0,943.0,2486.0,1878.0,10200.0,6100.0,1425.0,10150.099609375,6913.35009765625
2026-01-23,4929.2,98.46,944.0,943.0,2665.0,1922.0,10300.0,6200.0,1425.0,10143.400390625,6915.60986328125
2026-01-26,5087.45,112.41,944.0,943.0,2902.0,2095.0,10325.0,6300.0,1425.0,10148.900390625,6950.22998046875
2026-01-27,5276.6,113.09,944.0,943.0,2726.0,2045.0,10600.0,6400.0,1425.0,10207.7998046875,6978.60009765625
2026-01-28,5508.1,117.38,944.0,943.0,2706.0,2000.0,10775.0,6450.0,1425.0,10154.400390625,6978.02978515625
2026-01-29,5057.4,99.12,944.0,943.0,2765.0,2075.0,11100.0,6550.0,1425.0,10171.7998046875,6969.009765625
2026-01-30,5057.4,99.12,944.0,943.0,2375.0,1865.0,11150.0,6600.0,1425.0,10223.5,6939.02978515625
2026-02-02,4918.6,86.62,944.0,943.0,2060.0,1674.0,10850.0,6650.0,1425.0,10341.599609375,6976.43994140625
2026-02-03,5049.0,89.86,944.0,943.0,2273.0,1825.0,10550.0,6650.0,1425.0,10314.599609375,6917.81005859375
2026-02-04,4857.05,78.23,944.0,943.0,2345.0,1825.0,10575.0,6650.0,1425.0,10402.2998046875,6882.72021484375
2026-02-05,4854.5,73.50,944.0,943.0,2122.0,1740.0,10575.0,6650.0,1425.0,10309.2001953125,6798.39990234375
2026-02-06,4854.5,73.50,944.0,943.0,2025.0,1665.0,10400.0,6650.0,1425.0,10369.7998046875,6932.2998046875
2026-02-09,5048.3,82.25,944.0,943.0,2128.0,1740.0,10400.0,6650.0,1425.0,10386.2001953125,6964.81982421875
2026-02-10,5064.3,84.31,944.0,943.0,2124.0,1765.0,10400.0,6650.0,1425.0,10353.7998046875,6941.81005859375
2026-02-11,5063.6,83.60,944.0,943.0,2168.0,1775.0,10400.0,6650.0,1425.0,10472.099609375,6941.47021484375
2026-02-12,4977.95,78.67,944.0,943.0,2134.0,1734.0,10550.0,6650.0,1425.0,10402.400390625,6832.759765625
2026-02-13,4977.95,78.67,944.0,943.0,2050.0,1677.0,10750.0,6650.0,1425.0,10446.400390625,6836.169921875
2026-02-16,4928.45,74.65,944.0,943.0,2066.0,1709.0,10750.0,6650.0,1425.0,10473.7001953125,6836.169921875
2026-02-17,4918.6,75.85,944.0,943.0,2025.0,1700.0,10700.0,6650.0,1425.0,10556.2001953125,6843.22021484375
2026-02-18,4984.6,78.32,944.0,943.0,2058.0,1732.0,10700.0,6650.0,1425.0,10686.2001953125,6881.31005859375
2026-02-19,5027.6,80.71,944.0,943.0,2115.0,1748.0,10900.0,6650.0,1425.0,10627.0,6861.89013671875
2026-02-20,5027.6,80.71,944.0,943.0,2127.0,1725.0,10975.0,6650.0,1425.0,10686.900390625,6909.509765625
2026-02-23,5173.6,88.41,944.0,943.0,2182.0,1775.0,11175.0,6650.0,1425.0,10684.7001953125,6837.75
2026-02-24,5175.05,90.54,944.0,943.0,2185.0,1770.0,11850.0,6650.0,1425.0,10680.599609375,6890.06982421875
2026-02-25,5179.15,87.14,944.0,943.0,2315.0,1843.0,12250.0,6650.0,1425.0,10806.400390625,6946.1298828125
2026-02-26,5175.2,89.67,944.0,943.0,2313.0,1810.0,12250.0,6650.0,1425.0,10846.7001953125,6908.85986328125
2026-02-27,5175.2,89.67,944.0,943.0,2386.0,1837.0,11850.0,6650.0,1425.0,10910.599609375,6878.8798828125
2026-03-02,5275.05,83.81,944.0,943.0,2402.0,1840.0,11950.0,6700.0,1425.0,10780.099609375,6881.6201171875
2026-03-03,5187.95,85.75,944.0,943.0,2193.0,1727.0,12050.0,6700.0,1425.0,10484.099609375,6816.6298828125
2026-03-04,5157.25,84.13,944.0,943.0,2177.0,1716.0,11850.0,6800.0,1425.0,10567.7001953125,6869.5
2026-03-05,5089.25,83.12,944.0,943.0,2197.0,1682.0,11450.0,7000.0,1425.0,10413.900390625,6830.7099609375
2026-03-06,5089.25,83.12,944.0,943.0,2180.0,1677.0,11450.0,7150.0,1475.0,10284.7998046875,6740.02001953125
2026-03-09,5174.3,88.59,944.0,943.0,2130.0,1618.0,11650.0,7150.0,1500.0,10249.5,6795.990234375
2026-03-10,5189.2,87.04,944.0,943.0,2248.0,1720.0,11650.0,7200.0,1550.0,10412.2001953125,6781.47998046875
2026-03-11,5181.0,87.16,944.0,943.0,2190.0,1667.0,11650.0,7300.0,1575.0,10353.7998046875,6775.7998046875
2026-03-12,5089.5,82.88,944.0,943.0,2210.0,1681.0,11500.0,7900.0,1700.0,10305.2001953125,6672.6201171875
2026-03-13,5089.5,82.88,944.0,943.0,2098.0,1620.0,11500.0,8000.0,1750.0,10261.2001953125,6632.18994140625
2026-03-16,5004.4,80.42,944.0,943.0,2068.0,1566.0,11500.0,8000.0,1750.0,10317.7001953125,6699.3798828125
2026-03-17,4983.55,79.79,944.0,943.0,2155.0,1633.0,11450.0,8000.0,1750.0,10403.599609375,6716.08984375
2026-03-18,4684.05,71.47,944.0,943.0,2107.0,1600.0,11400.0,8000.0,1750.0,10305.2998046875,6624.7001953125
2026-03-19,4657.45,71.58,944.0,943.0,1963.0,1478.0,11400.0,8000.0,1750.0,10063.5,6606.490234375
2026-03-20,4657.45,71.58,944.0,943.0,2015.0,1493.0,11150.0,8000.0,1750.0,9918.2998046875,6506.47998046875
2026-03-23,4421.25,69.97,944.0,943.0,1820.0,1405.0,10900.0,8000.0,1750.0,9894.2001953125,6581.0
2026-03-24,4556.0,72.63,944.0,943.0,1896.0,1437.0,10800.0,8000.0,1750.0,9965.2001953125,6556.3701171875
2026-03-25,4443.4,68.30,944.0,943.0,1980.0,1487.0,10800.0,8000.0,1750.0,10106.7998046875,6591.89990234375
2026-03-26,4428.45,68.77,944.0,943.0,1904.0,1413.0,10800.0,8000.0,1750.0,9972.2001953125,6477.16015625
2026-03-27,4428.45,68.77,944.0,943.0,1879.0,1395.0,10800.0,8000.0,1750.0,9967.400390625,6368.85009765625
2026-03-30,4559.95,73.07,944.0,943.0,1940.0,1442.0,10600.0,8000.0,1750.0,10128.0,6343.72021484375
2026-03-31,4720.35,74.28,944.0,943.0,1955.0,1464.0,10200.0,8000.0,1750.0,10176.5,6528.52001953125
2026-04-01,4619.55,71.31,944.0,943.0,1974.0,1489.0,10100.0,7900.0,1750.0,10364.7998046875,6575.31982421875
2026-04-02,4619.55,71.31,944.0,943.0,1927.0,1473.0,10100.0,7900.0,1750.0,10436.2998046875,6582.68994140625
2026-04-06,4685.95,73.01,944.0,943.0,1927.0,1473.0,10100.0,7900.0,1750.0,10436.2998046875,6611.830078125
2026-04-07,4800.8,76.95,944.0,943.0,1980.0,1505.0,10100.0,7900.0,1750.0,10348.7998046875,6616.85009765625
2026-04-08,4729.9,74.08,944.0,943.0,2055.0,1560.0,10100.0,7900.0,1750.0,10608.900390625,6782.81005859375
2026-04-09,4750.35,75.28,944.0,943.0,2034.0,1573.0,10200.0,7900.0,1750.0,10603.5,6824.66015625
2026-04-10,4750.35,75.28,944.0,943.0,2075.0,1568.0,10200.0,7900.0,1750.0,10600.5,6816.89013671875
2026-04-13,4778.45,77.79,944.0,943.0,2074.0,1555.0,10000.0,7900.0,1750.0,10583.0,6886.240234375
2026-04-14,4800.6,78.67,944.0,943.0,2112.0,1603.0,9950.0,7900.0,1750.0,10609.099609375,6967.3798828125
2026-04-15,4811.7,79.58,944.0,943.0,2132.0,1605.0,9950.0,7900.0,1750.0,10559.599609375,7022.9501953125
2026-04-16,4795.85,79.72,944.0,943.0,2151.0,1608.0,9950.0,7900.0,1750.0,10590.0,7041.27978515625
2026-04-17,4795.85,79.72,944.0,943.0,2105.0,1570.0,10000.0,7900.0,1725.0,10667.599609375,7126.06005859375
2026-04-20,4782.85,78.83,944.0,943.0,2090.0,1556.0,10100.0,7800.0,1700.0,10609.099609375,7109.14013671875
2026-04-21,4756.8,78.08,944.0,943.0,2095.0,1574.0,10150.0,7750.0,1675.0,10498.099609375,7064.009765625
2026-04-22,4701.4,75.50,944.0,943.0,2099.0,1585.0,10150.0,7750.0,1675.0,10476.5,7137.89990234375
2026-04-23,4683.35,74.85,944.0,943.0,2057.0,1527.0,10150.0,7750.0,1675.0,10457.0,7108.39990234375
2026-04-24,4683.35,74.85,944.0,943.0,2007.0,1494.0,10150.0,7750.0,1675.0,10379.099609375,7165.080078125
2026-04-27,4616.0,73.20,944.0,943.0,2042.0,1510.0,10050.0,7725.0,1650.0,10321.099609375,7173.91015625
2026-04-28,4567.0,72.76,944.0,943.0,1957.0,1461.0,10000.0,7700.0,1650.0,10332.7998046875,7138.7998046875
2026-04-29,4626.9,73.51,944.0,943.0,1955.0,1475.0,10000.0,7700.0,1650.0,10213.099609375,7135.9501953125
2026-04-30,4569.95,73.21,944.0,943.0,1972.0,1512.0,10000.0,7675.0,1625.0,10378.7998046875,7209.009765625
2026-05-01,4569.95,73.21,944.0,943.0,1990.0,1535.0,10050.0,7650.0,1600.0,10363.900390625,7230.1201171875
2026-05-04,4553.8,73.66,944.0,943.0,1990.0,1535.0,10050.0,7650.0,1600.0,10363.900390625,7200.75
2026-05-05,4699.5,76.88,944.0,943.0,1996.0,1512.0,10050.0,7650.0,1600.0,10219.099609375,7259.22021484375
2026-05-06,4734.7,79.76,944.0,943.0,2027.0,1535.0,9950.0,7600.0,1600.0,10438.7001953125,7365.1201171875
2026-05-07,4718.0,80.46,944.0,943.0,2104.0,1575.0,9950.0,7550.0,1600.0,10277.0,7337.10986328125
2026-05-08,4718.0,80.46,944.0,943.0,2065.0,1515.0,9950.0,7500.0,1600.0,10233.099609375,7398.93017578125
2026-05-11,4701.35,84.09,944.0,943.0,2045.0,1480.0,9975.0,7500.0,1600.0,10269.400390625,7412.83984375
2026-05-12,4688.8,86.36,944.0,943.0,2090.0,1510.0,9975.0,7500.0,1600.0,10265.2998046875,7400.9599609375
2026-05-13,4691.45,87.02,944.0,943.0,2135.0,1510.0,9975.0,7500.0,1600.0,10325.400390625,7444.25
2026-05-14,4553.55,77.95,944.0,943.0,2150.0,1515.0,9975.0,7500.0,1600.0,10372.900390625,7501.240234375
2026-05-15,4553.55,77.95,944.0,943.0,2020.0,1430.0,9925.0,7450.0,1600.0,10195.400390625,7408.5
2026-05-18,4541.3,75.76,944.0,943.0,1990.0,1425.0,9900.0,7450.0,1600.0,10323.7998046875,7403.0498046875
2026-05-19,4474.95,75.31,944.0,943.0,1990.0,1420.0,9800.0,7400.0,1600.0,10330.599609375,7353.60986328125
2026-05-20,4539.25,75.74,944.0,943.0,1955.0,1385.0,9700.0,7400.0,1600.0,10432.2998046875,7432.97021484375
2026-05-21,4517.35,75.70,944.0,943.0,1950.0,1380.0,9650.0,7400.0,1600.0,10443.5,7445.72021484375
2026-05-22,4517.35,75.70,944.0,943.0,1970.0,1395.0,9550.0,7400.0,1600.0,10466.2998046875,7473.47021484375
2026-05-25,4523.7,76.10,944.0,943.0,1970.0,1395.0,9550.0,7400.0,1600.0,10466.2998046875,7473.47021484375
2026-05-26,4490.3,75.35,944.0,943.0,1975.0,1395.0,9400.0,7400.0,1600.0,10491.400390625,7519.1201171875
2026-05-27,4395.15,73.47,944.0,943.0,1950.0,1385.0,9200.0,7400.0,1600.0,10505.0,7520.35986328125
2026-05-28,4530.3,75.68,944.0,943.0,1920.0,1395.0,9000.0,7400.0,1600.0,10426.0,7563.6298828125
2026-05-29,4530.3,75.68,944.0,943.0,1940.0,1395.0,8800.0,7400.0,1575.0,10409.2998046875,7580.06005859375
2026-06-01,4526.1,76.36,944.0,943.0,1952.0,1380.0,8700.0,7400.0,1575.0,10339.0,7599.9599609375
2026-06-02,4443.05,74.16,944.0,943.0,1993.0,1408.0,8600.0,7400.0,1575.0,10373.5,7609.77978515625
2026-06-03,4464.8,73.38,944.0,943.0,1945.0,1380.0,8400.0,7400.0,1575.0,10332.2998046875,7553.68017578125
2026-06-04,4462.3,72.66,944.0,943.0,1900.0,1325.0,8250.0,7400.0,1550.0,10360.2998046875,7584.31005859375
2026-06-05,4462.3,72.66,944.0,943.0,1898.0,1320.0,8100.0,7400.0,1550.0,10368.099609375,7383.740234375
2026-06-08,4327.1,68.26,944.0,943.0,1785.0,1250.0,8050.0,7400.0,1525.0,10373.2001953125,7405.72998046875
2026-06-09,4167.95,63.98,944.0,943.0,1785.0,1250.0,8000.0,7400.0,1525.0,10227.2998046875,7386.64990234375
2026-06-10,4079.3,64.03,944.0,943.0,1695.0,1230.0,8000.0,7400.0,1525.0,10254.7998046875,7266.990234375
2026-06-11,4221.6,67.42,944.0,943.0,1698.0,1275.0,8000.0,7400.0,1525.0,10303.900390625,7394.2998046875
2026-06-12,4221.6,67.42,944.0,943.0,1745.0,1315.0,8000.0,7400.0,1525.0,10471.7001953125,7431.4599609375
2026-06-15,4341.25,70.50,944.0,943.0,1792.0,1350.0,8000.0,7400.0,1525.0,10430.599609375,7554.2900390625
2026-06-16,4332.45,70.04,944.0,943.0,1807.0,1370.0,8000.0,7400.0,1525.0,10494.2001953125,7511.35009765625
2026-06-17,4266.55,68.23,944.0,943.0,1810.0,1370.0,8000.0,7400.0,1525.0,10508.599609375,7420.10009765625
2026-06-18,4163.35,65.05,944.0,943.0,1760.0,1340.0,8000.0,7400.0,1525.0,10399.7001953125,7500.580078125
2026-06-19,4163.35,65.05,944.0,943.0,1708.0,1290.0,8000.0,7350.0,1525.0,10363.2998046875,7500.580078125
2026-06-22,4113.15,62.38,944.0,943.0,1695.0,1288.0,8000.0,7350.0,1525.0,10437.900390625,7472.7900390625
2026-06-23,4070.4,61.16,944.0,943.0,1655.0,1253.0,8000.0,7300.0,1525.0,10428.900390625,7365.4599609375
2026-06-24,3994.2,57.61,944.0,943.0,1660.0,1242.0,7950.0,7300.0,1525.0,10461.599609375,7358.22021484375
2026-06-25,4047.95,58.23,944.0,943.0,1585.0,1195.0,7850.0,7275.0,1525.0,10529.900390625,7357.490234375
2026-06-26,4047.95,58.23,944.0,943.0,1618.0,1220.0,7750.0,7275.0,1525.0,10508.0,7354.02001953125
2026-06-29,4017.2,58.55,944.0,943.0,1630.0,1243.0,7750.0,7275.0,1525.0,10484.2001953125,7440.43017578125
2026-06-30,3978.8,57.93,944.0,943.0,1595.0,1253.0,7750.0,7275.0,1525.0,10497.099609375,7499.35986328125
2026-07-01,4066.55,59.91,944.0,943.0,1563.0,1192.0,7750.0,7275.0,1525.0,10478.2998046875,7483.22998046875
2026-07-02,4171.95,62.60,944.0,943.0,1630.0,1240.0,7975.0,7275.0,1525.0,10652.900390625,7483.240234375
2026-07-03,4171.95,62.60,944.0,943.0,1675.0,1295.0,8100.0,7275.0,1525.0,10679.0,7483.240234375
2026-07-06,4122.55,60.82,944.0,943.0,1670.0,1310.0,8150.0,7275.0,1525.0,10651.7998046875,7537.43017578125
2026-07-07,4056.84,58.57,944.0,943.0,1642.0,1283.0,8150.0,7300.0,1525.0,10665.900390625,7503.85009765625
2026-07-08,4108.87,59.21,944.0,943.0,1645.0,1275.0,8250.0,7450.0,1525.0,10489.0,7482.7099609375
2026-07-09,4102.25,59.55,944.0,943.0,1630.0,1265.0,8200.0,7500.0,1525.0,10472.5,7543.64013671875
2026-07-10,4102.25,59.55,944.0,943.0,1636.0,1286.0,8200.0,7650.0,1525.0,10497.2998046875,7575.39013671875
2026-07-13,4016.23,58.01,944.0,943.0,1645.0,1285.0,8150.0,7700.0,1525.0,10498.2998046875,7515.33984375
2026-07-14,4027.72,58.34,944.0,943.0,1622.0,1288.0,8100.0,7725.0,1525.0,10529.400390625,7543.58984375
2026-07-15,4033.36,57.04,944.0,943.0,1645.0,1325.0,8100.0,7725.0,1525.0,10515.900390625,7572.39990234375
2026-07-16,3999.05,55.66,944.0,943.0,1670.0,1310.0,8100.0,7750.0,1550.0,10572.2001953125,7533.77001953125
2026-07-17,3999.05,55.66,944.0,943.0,1605.0,1260.0,8250.0,7825.0,1650.0,10600.400390625,7457.68994140625
2026-07-20,4063.85,59.16,944.0,943.0,1625.0,1297.0,8250.0,7850.0,1675.0,10524.7998046875,7443.27978515625
2026-07-21,4119.69,59.50,944.0,943.0,1647.0,1305.0,8200.0,7850.0,1675.0,10585.900390625,7509.2001953125
2026-07-22,4091.14,58.83,944.0,943.0,1665.0,1315.0,8200.0,7850.0,1675.0,10717.0,7498.9599609375
2026-07-23,4053.0,58.32,944.0,943.0,1645.0,1292.0,8200.0,7850.0,1675.0,10639.2001953125,7408.2998046875
2026-07-24,4053.0,58.32,944.0,943.0,1610.0,1262.0,8200.0,7850.0,1675.0,10736.2001953125,7411.97998046875
2026-07-27,4040.08,57.50,944.0,943.0,1650.0,1297.0,8250.0,7850.0,1675.0,10781.7998046875,7413.18017578125
2026-07-28,4033.9,57.85,944.0,943.0,1625.0,1290.0,8250.0,7850.0,1675.0,10871.0,7428.77978515625
2026-07-29,4067.69,57.78,944.0,943.0,1620.0,1275.0,8250.0,7850.0,1675.0,10908.400390625,7316.14990234375
2026-07-30,4052.24,58.01,944.0,943.0,1615.0,1275.0,8250.0,7850.0,1675.0,10897.2998046875,7437.6298828125
2026-07-31,4052.24,58.01,944.0,943.0,1657.0,1315.0,8250.0,7850.0,1675.0,10868.099609375,7489.72021484375
2026-08-03,4050.4,58.73,944.0,943.0,1675.0,1302.0,8250.0,7850.0,1675.0,10857.7001953125,7600.5
2026-08-04,4157.47,61.42,944.0,943.0,1680.0,1308.0,8250.0,7850.0,1675.0,10879.400390625,7736.52001953125
2026-08-05,4283.37,62.03,944.0,943.0,1790.0,1408.0,8425.0,7850.0,1675.0,10888.2998046875,7723.5498046875
2026-08-06,4306.9,64.33,944.0,943.0,1765.0,1388.0,8525.0,7850.0,1675.0,10867.900390625,7709.9599609375
2026-08-07,4306.9,64.33,944.0,943.0,1775.0,1400.0,8650.0,7850.0,1675.0,10901.099609375,7757.64013671875
2026-08-10,4372.67,64.83,944.0,943.0,1764.0,1382.0,8650.0,7850.0,1675.0,10862.5,7753.10986328125
2026-08-11,4413.68,66.50,944.0,943.0,1757.0,1382.0,8650.0,7850.0,1675.0,10844.2001953125,7728.2001953125
2026-08-12,4380.37,64.55,944.0,943.0,1772.0,1390.0,8725.0,7850.0,1675.0,10833.2001953125,7748.5
2026-08-13,4351.55,64.70,944.0,943.0,1745.0,1359.0,8775.0,7850.0,1675.0,10772.7001953125,7798.990234375
2026-08-14,4351.55,64.70,944.0,943.0,1746.0,1330.0,8800.0,7850.0,1675.0,10750.099609375,7785.759765625
2026-08-17,4389.37,64.96,944.0,943.0,1784.0,1357.0,8800.0,7850.0,1675.0,10720.2998046875,7745.06005859375
2026-08-18,4356.76,63.14,944.0,943.0,1765.0,1336.0,8800.0,7850.0,1675.0,10728.0,7691.759765625
2026-08-19,4490.09,66.69,944.0,943.0,1735.0,1304.0,8800.0,7850.0,1675.0,10743.400390625,7707.97998046875
2026-08-20,4582.72,69.49,944.0,943.0,1820.0,1345.0,8800.0,7850.0,1675.0,10748.2001953125,7641.16015625
2026-08-21,4582.72,69.49,944.0,943.0,1898.0,1380.0,8800.0,7850.0,1675.0,10816.599609375,7674.3701171875
2026-08-24,4626.28,67.80,944.0,943.0,1905.0,1360.0,8800.0,7850.0,1675.0,10854.2998046875,7652.85986328125
2026-08-25,4617.25,68.48,944.0,943.0,1870.0,1350.0,8800.0,7850.0,1675.0,10886.2001953125,7677.27978515625
2026-08-26,4597.83,68.44,944.0,943.0,1879.0,1352.0,8800.0,7850.0,1675.0,10878.099609375,7675.7001953125
2026-08-27,4602.06,70.40,944.0,943.0,1844.0,1337.0,8775.0,7850.0,1675.0,10792.5,7730.990234375
2026-08-28,4602.06,70.40,944.0,943.0,1885.0,1392.0,8850.0,7850.0,1675.0,10824.2998046875,7711.759765625
2026-08-31,4372.17,64.70,944.0,943.0,1885.0,1392.0,8850.0,7850.0,1675.0,10824.2998046875,7686.14013671875
2026-09-01,4308.98,63.73,944.0,943.0,1822.0,1365.0,9100.0,7850.0,1675.0,10789.2998046875,7631.47021484375
2026-09-02,4435.66,65.83,944.0,943.0,1750.0,1327.0,9200.0,7850.0,1675.0,10756.5,7666.60009765625
2026-09-03,4466.53,66.69,944.0,943.0,1796.0,1385.0,9350.0,7850.0,1675.0,10831.5,7747.7099609375
2026-09-04,4466.53,66.69,944.0,943.0,1833.0,1433.0,9400.0,7850.0,1675.0,10831.099609375,7718.60009765625
2026-09-07,4393.02,65.89,944.0,943.0,1838.0,1418.0,9475.0,7850.0,1675.0,10831.099609375,7718.60009765625
