Date,Gold_Kitco,Silver_Kitco,Platinum_Kitco,Palladium_Kitco,Palladium_Matthey,Platinum_Matthey,Iridium_Matthey,Gold_Yahoo,Silver_Yahoo,FTSE_100,SP_500
1990-04-02,,,,,,,,,,2221.60009765625,338.70001220703125
1990-04-03,,,,,,,,,,2240.699951171875,343.6400146484375
1990-04-04,,,,,,,,,,2231.60009765625,341.0899963378906
1990-04-05,,,,,,,,,,2239.5,340.7300109863281
1990-04-06,,,,,,,,,,2221.10009765625,340.0799865722656
1990-04-09,,,,,,,,,,2227.699951171875,341.3699951171875
1990-04-10,,,,,,,,,,2217.5,342.07000732421875
1990-04-11,,,,,,,,,,2215.5,341.9200134277344
1990-04-12,,,,,,,,,,2222.10009765625,344.3399963378906
1990-04-16,,,,,,,,,,2222.10009765625,344.739990234375
1990-04-17,,,,,,,,,,2214.5,344.67999267578125
1990-04-18,,,,,,,,,,2205.89990234375,340.7200012207031
1990-04-19,,,,,,,,,,2184.699951171875,338.0899963378906
1990-04-20,,,,,,,,,,2187.10009765625,335.1199951171875
1990-04-23,,,,,,,,,,2159.199951171875,331.04998779296875
1990-04-24,,,,,,,,,,2159.89990234375,330.3599853515625
1990-04-25,,,,,,,,,,2143.10009765625,332.0299987792969
1990-04-26,,,,,,,,,,2133.60009765625,332.9200134277344
1990-04-27,,,,,,,,,,2106.60009765625,329.1099853515625
1990-04-30,,,,,,,,,,2103.39990234375,330.79998779296875
1990-05-01,,,,,,,,,,2117.89990234375,332.25
1990-05-02,,,,,,,,,,2137.60009765625,334.4800109863281
1990-05-03,,,,,,,,,,2134.89990234375,335.57000732421875
1990-05-04,,,,,,,,,,2162.199951171875,338.3900146484375
1990-05-07,,,,,,,,,,2162.199951171875,340.5299987792969
1990-05-08,,,,,,,,,,2182.0,342.010009765625
1990-05-09,,,,,,,,,,2162.699951171875,342.8599853515625
1990-05-10,,,,,,,,,,2157.0,343.82000732421875
1990-05-11,,,,,,,,,,2175.89990234375,352.0
1990-05-14,,,,,,,,,,2214.5,354.75
1990-05-15,,,,,,,,,,2212.199951171875,354.2799987792969
1990-05-16,,,,,,,,,,2222.10009765625,354.0
1990-05-17,,,,,,,,,,2284.39990234375,354.4700012207031
1990-05-18,,,,,,,,,,2269.10009765625,354.6400146484375
1990-05-21,,,,,,,,,,2282.10009765625,358.0
1990-05-22,,,,,,,,,,2311.300048828125,358.42999267578125
1990-05-23,,,,,,,,,,2287.39990234375,359.2900085449219
1990-05-24,,,,,,,,,,2277.10009765625,358.4100036621094
1990-05-25,,,,,,,,,,2265.60009765625,354.5799865722656
1990-05-29,,,,,,,,,,2295.60009765625,360.6499938964844
1990-05-30,,,,,,,,,,2346.199951171875,360.8599853515625
1990-05-31,,,,,,,,,,2345.10009765625,361.2300109863281
1990-06-01,,,,,,,,,,2371.39990234375,363.1600036621094
1990-06-04,,,,,,,,,,2379.0,367.3999938964844
1990-06-05,,,,,,,,,,2380.10009765625,366.6400146484375
1990-06-06,,,,,,,,,,2358.5,364.9599914550781
1990-06-07,,,,,,,,,,2378.39990234375,363.1499938964844
1990-06-08,,,,,,,,,,2366.60009765625,358.7099914550781
1990-06-11,,,,,,,,,,2348.800048828125,361.6300048828125
1990-06-12,,,,,,,,,,2370.699951171875,366.25
1990-06-13,,,,,,,,,,2405.39990234375,364.8999938964844
1990-06-14,,,,,,,,,,2403.0,362.8999938964844
1990-06-15,,,,,,,,,,2392.300048828125,362.9100036621094
1990-06-18,,,,,,,,,,2370.5,356.8800048828125
1990-06-19,,,,,,,,,,2369.699951171875,358.4700012207031
1990-06-20,,,,,,,,,,2371.199951171875,359.1000061035156
1990-06-21,,,,,,,,,,2370.300048828125,360.4700012207031
1990-06-22,,,,,,,,,,2378.5,355.42999267578125
1990-06-25,,,,,,,,,,2398.5,352.3099975585937
1990-06-26,,,,,,,,,,2399.800048828125,352.0599975585937
1990-06-27,,,,,,,,,,2373.5,355.1400146484375
1990-06-28,,,,,,,,,,2355.699951171875,357.6300048828125
1990-06-29,,,,,,,,,,2374.60009765625,358.0199890136719
1990-07-02,,,,,,,,,,2372.0,359.5400085449219
1990-07-03,,,,,,,,,,2371.699951171875,360.1600036621094
1990-07-04,,,,,,,,,,2355.5,360.1600036621094
1990-07-05,,,,,,,,,,2331.39990234375,355.67999267578125
1990-07-06,,,,,,,,,,2340.0,358.4200134277344
1990-07-09,,,,,,,,,,2337.5,359.5199890136719
1990-07-10,,,,,,,,,,2327.5,356.489990234375
1990-07-11,,,,,,,,,,2360.5,361.2300109863281
1990-07-12,,,,,,,,,,2370.5,365.4400024414063
1990-07-13,,,,,,,,,,2382.199951171875,367.30999755859375
1990-07-16,,,,,,,,,,2406.5,368.9500122070313
1990-07-17,,,,,,,,,,2415.0,367.5199890136719
1990-07-18,,,,,,,,,,2402.0,364.2200012207031
1990-07-19,,,,,,,,,,2387.300048828125,365.3200073242188
1990-07-20,,,,,,,,,,2400.10009765625,361.6099853515625
1990-07-23,,,,,,,,,,2359.699951171875,355.3099975585937
1990-07-24,,,,,,,,,,2360.89990234375,355.7900085449219
1990-07-25,,,,,,,,,,2364.699951171875,357.0899963378906
1990-07-26,,,,,,,,,,2344.10009765625,355.9100036621094
1990-07-27,,,,,,,,,,2330.10009765625,353.44000244140625
1990-07-30,,,,,,,,,,2316.5,355.54998779296875
1990-07-31,,,,,,,,,,2326.199951171875,356.1499938964844
1990-08-01,,,,,,,,,,2339.0,355.5199890136719
1990-08-02,,,,,,,,,,2304.5,351.4800109863281
1990-08-03,,,,,,,,,,2284.60009765625,344.8599853515625
1990-08-06,,,,,,,,,,2220.199951171875,334.42999267578125
1990-08-07,,,,,,,,,,2235.800048828125,334.8299865722656
1990-08-08,,,,,,,,,,2237.5,338.3500061035156
1990-08-09,,,,,,,,,,2244.89990234375,339.94000244140625
1990-08-10,,,,,,,,,,2233.800048828125,335.5199890136719
1990-08-13,,,,,,,,,,2219.5,338.8399963378906
1990-08-14,,,,,,,,,,2234.0,339.3900146484375
1990-08-15,,,,,,,,,,2239.300048828125,340.0599975585937
1990-08-16,,,,,,,,,,2222.10009765625,332.3900146484375
1990-08-17,,,,,,,,,,2176.89990234375,327.8299865722656
1990-08-20,,,,,,,,,,2156.60009765625,328.510009765625
1990-08-21,,,,,,,,,,2108.10009765625,321.8599853515625
1990-08-22,,,,,,,,,,2104.800048828125,316.54998779296875
1990-08-23,,,,,,,,,,2075.0,307.0599975585937
1990-08-24,,,,,,,,,,2086.39990234375,311.510009765625
1990-08-27,,,,,,,,,,2086.39990234375,321.44000244140625
1990-08-28,,,,,,,,,,2126.10009765625,321.3399963378906
1990-08-29,,,,,,,,,,2125.699951171875,324.19000244140625
1990-08-30,,,,,,,,,,2153.60009765625,318.7099914550781
1990-08-31,,,,,,,,,,2162.800048828125,322.5599975585937
1990-09-03,,,,,,,,,,2166.60009765625,322.5599975585937
1990-09-04,,,,,,,,,,2148.0,323.0899963378906
1990-09-05,,,,,,,,,,2152.199951171875,324.3900146484375
1990-09-06,,,,,,,,,,2120.89990234375,320.4599914550781
1990-09-07,,,,,,,,,,2122.89990234375,323.3999938964844
1990-09-10,,,,,,,,,,2147.0,321.6300048828125
1990-09-11,,,,,,,,,,2144.300048828125,321.0400085449219
1990-09-12,,,,,,,,,,2142.300048828125,322.5400085449219
1990-09-13,,,,,,,,,,2127.10009765625,318.6499938964844
1990-09-14,,,,,,,,,,2093.800048828125,316.8299865722656
1990-09-17,,,,,,,,,,2094.300048828125,317.7699890136719
1990-09-18,,,,,,,,,,2064.0,318.6000061035156
1990-09-19,,,,,,,,,,2065.800048828125,316.6000061035156
1990-09-20,,,,,,,,,,2016.9000244140625,311.4800109863281
1990-09-21,,,,,,,,,,2025.5,311.32000732421875
1990-09-24,,,,,,,,,,1990.300048828125,304.5899963378906
1990-09-25,,,,,,,,,,1999.199951171875,308.260009765625
1990-09-26,,,,,,,,,,2000.0,305.0599975585937
1990-09-27,,,,,,,,,,2009.0999755859373,300.9700012207031
1990-09-28,,,,,,,,,,1990.199951171875,306.04998779296875
1990-10-01,,,,,,,,,,2030.9000244140625,314.94000244140625
1990-10-02,,,,,,,,,,2058.5,315.2099914550781
1990-10-03,,,,,,,,,,2087.0,311.3999938964844
1990-10-04,,,,,,,,,,2070.39990234375,312.69000244140625
1990-10-05,,,,,,,,,,2143.89990234375,311.5
1990-10-08,,,,,,,,,,2201.60009765625,313.4800109863281
1990-10-09,,,,,,,,,,2134.10009765625,305.1000061035156
1990-10-10,,,,,,,,,,2121.800048828125,300.3900146484375
1990-10-11,,,,,,,,,,2102.199951171875,295.4599914550781
1990-10-12,,,,,,,,,,2100.39990234375,300.0299987792969
1990-10-15,,,,,,,,,,2101.89990234375,303.2300109863281
1990-10-16,,,,,,,,,,2083.60009765625,298.9200134277344
1990-10-17,,,,,,,,,,2068.0,298.760009765625
1990-10-18,,,,,,,,,,2082.60009765625,305.739990234375
1990-10-19,,,,,,,,,,2089.0,312.4800109863281
1990-10-22,,,,,,,,,,2102.0,314.760009765625
1990-10-23,,,,,,,,,,2127.0,312.3599853515625
1990-10-24,,,,,,,,,,2110.5,312.6000061035156
1990-10-25,,,,,,,,,,2088.699951171875,310.1700134277344
1990-10-26,,,,,,,,,,2063.10009765625,304.7099914550781
1990-10-29,,,,,,,,,,2062.10009765625,301.8800048828125
1990-10-30,,,,,,,,,,2033.9000244140625,304.0599975585937
1990-10-31,,,,,,,,,,2050.300048828125,304.0
1990-11-01,,,,,,,,,,2028.0,307.0199890136719
1990-11-02,,,,,,,,,,2030.699951171875,311.8500061035156
1990-11-05,,,,,,,,,,2050.10009765625,314.5899963378906
1990-11-06,,,,,,,,,,2069.800048828125,311.6199951171875
1990-11-07,,,,,,,,,,2069.800048828125,306.010009765625
1990-11-08,,,,,,,,,,2059.199951171875,307.6099853515625
1990-11-09,,,,,,,,,,2040.5999755859373,313.739990234375
1990-11-12,,,,,,,,,,2051.89990234375,319.4800109863281
1990-11-13,,,,,,,,,,2056.0,317.6700134277344
1990-11-14,,,,,,,,,,2046.0,320.3999938964844
1990-11-15,,,,,,,,,,2060.0,317.0199890136719
1990-11-16,,,,,,,,,,2068.0,317.1199951171875
1990-11-19,,,,,,,,,,2095.89990234375,319.3399963378906
1990-11-20,,,,,,,,,,2115.199951171875,315.3099975585937
1990-11-21,,,,,,,,,,2126.300048828125,316.0299987792969
1990-11-22,,,,,,,,,,2127.89990234375,316.0299987792969
1990-11-23,,,,,,,,,,2170.5,315.1000061035156
1990-11-26,,,,,,,,,,2151.89990234375,316.510009765625
1990-11-27,,,,,,,,,,2159.5,318.1000061035156
1990-11-28,,,,,,,,,,2144.300048828125,317.95001220703125
1990-11-29,,,,,,,,,,2135.60009765625,316.4200134277344
1990-11-30,,,,,,,,,,2149.39990234375,322.2200012207031
1990-12-03,,,,,,,,,,2162.699951171875,324.1000061035156
1990-12-04,,,,,,,,,,2146.300048828125,326.3500061035156
1990-12-05,,,,,,,,,,2152.60009765625,329.9200134277344
1990-12-06,,,,,,,,,,2177.5,329.07000732421875
1990-12-07,,,,,,,,,,2183.39990234375,327.75
1990-12-10,,,,,,,,,,2182.5,328.8900146484375
1990-12-11,,,,,,,,,,2165.800048828125,326.44000244140625
1990-12-12,,,,,,,,,,2156.89990234375,330.19000244140625
1990-12-13,,,,,,,,,,2172.199951171875,329.3399963378906
1990-12-14,,,,,,,,,,2168.39990234375,326.82000732421875
1990-12-17,,,,,,,,,,2157.89990234375,326.0199890136719
1990-12-18,,,,,,,,,,2161.800048828125,330.04998779296875
1990-12-19,,,,,,,,,,2178.699951171875,330.20001220703125
1990-12-20,,,,,,,,,,2158.800048828125,330.1199951171875
1990-12-21,,,,,,,,,,2164.39990234375,331.75
1990-12-24,,,,,,,,,,2156.300048828125,329.8999938964844
1990-12-26,,,,,,,,,,2156.300048828125,330.8500061035156
1990-12-27,,,,,,,,,,2167.800048828125,328.2900085449219
1990-12-28,,,,,,,,,,2160.39990234375,328.7200012207031
1990-12-31,,,,,,,,,,2143.5,330.2200012207031
1991-01-02,,,,,,,,,,2128.300048828125,326.45001220703125
1991-01-03,,,,,,,,,,2117.800048828125,321.9100036621094
1991-01-04,,,,,,,,,,2126.10009765625,321.0
1991-01-07,,,,,,,,,,2113.300048828125,315.44000244140625
1991-01-08,,,,,,,,,,2099.89990234375,314.8999938964844
1991-01-09,,,,,,,,,,2128.89990234375,311.489990234375
1991-01-10,,,,,,,,,,2108.699951171875,314.5299987792969
1991-01-11,,,,,,,,,,2106.10009765625,315.2300109863281
1991-01-14,,,,,,,,,,2080.800048828125,312.489990234375
1991-01-15,,,,,,,,,,2070.89990234375,313.7300109863281
1991-01-16,,,,,,,,,,2054.800048828125,316.1700134277344
1991-01-17,,,,,,,,,,2104.60009765625,327.9700012207031
1991-01-18,,,,,,,,,,2102.699951171875,332.2300109863281
1991-01-21,,,,,,,,,,2084.0,331.0599975585937
1991-01-22,,,,,,,,,,2081.60009765625,328.3099975585937
1991-01-23,,,,,,,,,,2080.5,330.2099914550781
1991-01-24,,,,,,,,,,2099.300048828125,334.7799987792969
1991-01-25,,,,,,,,,,2103.0,336.07000732421875
1991-01-28,,,,,,,,,,2118.0,336.0299987792969
1991-01-29,,,,,,,,,,2113.800048828125,335.8399963378906
1991-01-30,,,,,,,,,,2152.60009765625,340.9100036621094
1991-01-31,,,,,,,,,,2170.300048828125,343.92999267578125
1991-02-01,,,,,,,,,,2165.699951171875,343.04998779296875
1991-02-04,,,,,,,,,,2172.39990234375,348.3399963378906
1991-02-05,,,,,,,,,,2202.0,351.260009765625
1991-02-06,,,,,,,,,,2194.800048828125,358.07000732421875
1991-02-07,,,,,,,,,,2243.699951171875,356.5199890136719
1991-02-08,,,,,,,,,,2245.199951171875,359.3500061035156
1991-02-11,,,,,,,,,,2279.0,368.5799865722656
1991-02-12,,,,,,,,,,2264.5,365.5
1991-02-13,,,,,,,,,,2267.800048828125,369.0199890136719
1991-02-14,,,,,,,,,,2294.39990234375,364.2200012207031
1991-02-15,,,,,,,,,,2296.89990234375,369.05999755859375
1991-02-18,,,,,,,,,,2318.300048828125,369.05999755859375
1991-02-19,,,,,,,,,,2312.39990234375,369.3900146484375
1991-02-20,,,,,,,,,,2296.800048828125,365.1400146484375
1991-02-21,,,,,,,,,,2312.39990234375,364.9700012207031
1991-02-22,,,,,,,,,,2314.300048828125,365.6499938964844
1991-02-25,,,,,,,,,,2335.5,367.260009765625
1991-02-26,,,,,,,,,,2322.199951171875,362.80999755859375
1991-02-27,,,,,,,,,,2348.0,367.739990234375
1991-02-28,,,,,,,,,,2380.89990234375,367.0700073242188
1991-03-01,,,,,,,,,,2386.89990234375,370.4700012207031
1991-03-04,,,,,,,,,,2382.89990234375,369.3299865722656
1991-03-05,,,,,,,,,,2420.10009765625,376.7200012207031
1991-03-06,,,,,,,,,,2459.89990234375,376.1700134277344
1991-03-07,,,,,,,,,,2437.699951171875,375.9100036621094
1991-03-08,,,,,,,,,,2455.0,374.9500122070313
1991-03-11,,,,,,,,,,2459.10009765625,372.9599914550781
1991-03-12,,,,,,,,,,2454.800048828125,370.0299987792969
1991-03-13,,,,,,,,,,2448.199951171875,374.5700073242188
1991-03-14,,,,,,,,,,2500.60009765625,373.5
1991-03-15,,,,,,,,,,2494.199951171875,373.5899963378906
1991-03-18,,,,,,,,,,2490.60009765625,372.1099853515625
1991-03-19,,,,,,,,,,2459.0,366.5899963378906
1991-03-20,,,,,,,,,,2441.199951171875,367.9200134277344
1991-03-21,,,,,,,,,,2474.800048828125,366.5799865722656
1991-03-22,,,,,,,,,,2440.5,367.4800109863281
1991-03-25,,,,,,,,,,2431.89990234375,369.8299865722656
1991-03-26,,,,,,,,,,2437.10009765625,376.2999877929688
1991-03-27,,,,,,,,,,2464.60009765625,375.3500061035156
1991-03-28,,,,,,,,,,2456.5,375.2200012207031
1991-04-01,,,,,,,,,,2456.5,371.2999877929688
1991-04-02,,,,,,,,,,2488.300048828125,379.5
1991-04-03,,,,,,,,,,2519.10009765625,378.9400024414063
1991-04-04,,,,,,,,,,2524.5,379.7699890136719
1991-04-05,,,,,,,,,,2545.300048828125,375.3599853515625
1991-04-08,,,,,,,,,,2529.89990234375,378.6600036621094
1991-04-09,,,,,,,,,,2527.199951171875,373.55999755859375
1991-04-10,,,,,,,,,,2518.800048828125,373.1499938964844
1991-04-11,,,,,,,,,,2531.60009765625,377.6300048828125
1991-04-12,,,,,,,,,,2526.10009765625,380.3999938964844
1991-04-15,,,,,,,,,,2542.800048828125,381.1900024414063
1991-04-16,,,,,,,,,,2519.5,387.6199951171875
1991-04-17,,,,,,,,,,2545.0,390.4500122070313
1991-04-18,,,,,,,,,,2538.39990234375,388.4599914550781
1991-04-19,,,,,,,,,,2520.10009765625,384.2000122070313
1991-04-22,,,,,,,,,,2490.800048828125,380.9500122070313
1991-04-23,,,,,,,,,,2503.800048828125,381.760009765625
1991-04-24,,,,,,,,,,2488.60009765625,382.760009765625
1991-04-25,,,,,,,,,,2482.10009765625,379.25
1991-04-26,,,,,,,,,,2471.300048828125,379.0199890136719
1991-04-29,,,,,,,,,,2498.199951171875,373.6600036621094
1991-04-30,,,,,,,,,,2486.199951171875,375.3399963378906
1991-05-01,,,,,,,,,,2508.39990234375,380.2900085449219
1991-05-02,,,,,,,,,,2530.699951171875,380.5199890136719
1991-05-03,,,,,,,,,,2522.699951171875,380.7999877929688
1991-05-06,,,,,,,,,,2522.699951171875,380.0799865722656
1991-05-07,,,,,,,,,,2540.5,377.3200073242188
1991-05-08,,,,,,,,,,2523.39990234375,378.510009765625
1991-05-09,,,,,,,,,,2541.800048828125,383.25
1991-05-10,,,,,,,,,,2524.300048828125,375.739990234375
1991-05-13,,,,,,,,,,2486.60009765625,376.760009765625
1991-05-14,,,,,,,,,,2463.699951171875,371.6199951171875
1991-05-15,,,,,,,,,,2459.39990234375,368.5700073242188
1991-05-16,,,,,,,,,,2471.89990234375,372.1900024414063
1991-05-17,,,,,,,,,,2453.89990234375,372.3900146484375
1991-05-20,,,,,,,,,,2466.60009765625,372.2799987792969
1991-05-21,,,,,,,,,,2482.699951171875,375.3500061035156
1991-05-22,,,,,,,,,,2465.89990234375,376.1900024414063
1991-05-23,,,,,,,,,,2482.800048828125,374.9599914550781
1991-05-24,,,,,,,,,,2471.10009765625,377.489990234375
1991-05-28,,,,,,,,,,2479.699951171875,381.9400024414063
1991-05-29,,,,,,,,,,2492.89990234375,382.7900085449219
1991-05-30,,,,,,,,,,2491.199951171875,386.9599914550781
1991-05-31,,,,,,,,,,2499.5,389.8299865722656
1991-06-03,,,,,,,,,,2515.800048828125,388.05999755859375
1991-06-04,,,,,,,,,,2506.0,387.739990234375
1991-06-05,,,,,,,,,,2521.5,385.0899963378906
1991-06-06,,,,,,,,,,2525.300048828125,383.6300048828125
1991-06-07,,,,,,,,,,2506.300048828125,379.4299926757813
1991-06-10,,,,,,,,,,2511.89990234375,378.5700073242188
1991-06-11,,,,,,,,,,2542.60009765625,381.0499877929688
1991-06-12,,,,,,,,,,2520.199951171875,376.6499938964844
1991-06-13,,,,,,,,,,2514.60009765625,377.6300048828125
1991-06-14,,,,,,,,,,2522.300048828125,382.2900085449219
1991-06-17,,,,,,,,,,2524.0,380.1300048828125
1991-06-18,,,,,,,,,,2516.0,378.5899963378906
1991-06-19,,,,,,,,,,2484.699951171875,375.0899963378906
1991-06-20,,,,,,,,,,2479.89990234375,375.4200134277344
1991-06-21,,,,,,,,,,2487.5,377.75
1991-06-24,,,,,,,,,,2458.300048828125,370.9400024414063
1991-06-25,,,,,,,,,,2461.199951171875,370.6499938964844
1991-06-26,,,,,,,,,,2437.300048828125,371.5899963378906
1991-06-27,,,,,,,,,,2452.5,374.3999938964844
1991-06-28,,,,,,,,,,2414.800048828125,371.1600036621094
1991-07-01,,,,,,,,,,2443.60009765625,377.9200134277344
1991-07-02,,,,,,,,,,2460.199951171875,377.4700012207031
1991-07-03,,,,,,,,,,2448.199951171875,373.3299865722656
1991-07-04,,,,,,,,,,2470.39990234375,373.3299865722656
1991-07-05,,,,,,,,,,2484.699951171875,374.0799865722656
1991-07-08,,,,,,,,,,2466.800048828125,377.9400024414063
1991-07-09,,,,,,,,,,2487.89990234375,376.1099853515625
1991-07-10,,,,,,,,,,2508.39990234375,375.739990234375
1991-07-11,,,,,,,,,,2510.5,376.9700012207031
1991-07-12,,,,,,,,,,2497.39990234375,380.25
1991-07-15,,,,,,,,,,2497.39990234375,382.3900146484375
1991-07-16,,,,,,,,,,2556.800048828125,381.5400085449219
1991-07-17,,,,,,,,,,2561.0,381.1799926757813
1991-07-18,,,,,,,,,,2547.300048828125,385.3699951171875
1991-07-19,,,,,,,,,,2541.5,384.2200012207031
1991-07-22,,,,,,,,,,2558.5,382.8800048828125
1991-07-23,,,,,,,,,,2587.89990234375,379.4200134277344
1991-07-24,,,,,,,,,,2580.5,378.6400146484375
1991-07-25,,,,,,,,,,2579.60009765625,380.9599914550781
1991-07-26,,,,,,,,,,2589.300048828125,380.9299926757813
1991-07-29,,,,,,,,,,2595.0,383.1499938964844
1991-07-30,,,,,,,,,,2595.60009765625,386.6900024414063
1991-07-31,,,,,,,,,,2588.800048828125,387.80999755859375
1991-08-01,,,,,,,,,,2591.699951171875,387.1199951171875
1991-08-02,,,,,,,,,,2601.699951171875,387.1799926757813
1991-08-05,,,,,,,,,,2585.39990234375,385.05999755859375
1991-08-06,,,,,,,,,,2573.300048828125,390.6199951171875
1991-08-07,,,,,,,,,,2597.39990234375,390.55999755859375
1991-08-08,,,,,,,,,,2600.60009765625,389.3200073242188
1991-08-09,,,,,,,,,,2570.60009765625,387.1199951171875
1991-08-12,,,,,,,,,,2569.39990234375,388.0199890136719
1991-08-13,,,,,,,,,,2584.89990234375,389.6199951171875
1991-08-14,,,,,,,,,,2608.800048828125,389.8999938964844
1991-08-15,,,,,,,,,,2617.199951171875,389.3299865722656
1991-08-16,,,,,,,,,,2621.0,385.5799865722656
1991-08-19,,,,,,,,,,2540.5,376.4700012207031
1991-08-20,,,,,,,,,,2554.5,379.4299926757813
1991-08-21,,,,,,,,,,2601.89990234375,390.5899963378906
1991-08-22,,,,,,,,,,2623.0,391.3299865722656
1991-08-23,,,,,,,,,,2640.699951171875,394.1700134277344
1991-08-26,,,,,,,,,,2640.699951171875,393.8500061035156
1991-08-27,,,,,,,,,,2619.800048828125,393.05999755859375
1991-08-28,,,,,,,,,,2624.199951171875,396.6400146484375
1991-08-29,,,,,,,,,,2638.199951171875,396.4700012207031
1991-08-30,,,,,,,,,,2645.699951171875,395.4299926757813
1991-09-02,,,,,,,,,,2679.60009765625,395.4299926757813
1991-09-03,,,,,,,,,,2669.0,392.1499938964844
1991-09-04,,,,,,,,,,2664.60009765625,389.9700012207031
1991-09-05,,,,,,,,,,2663.300048828125,389.1400146484375
1991-09-06,,,,,,,,,,2667.39990234375,389.1000061035156
1991-09-09,,,,,,,,,,2653.199951171875,388.5700073242188
1991-09-10,,,,,,,,,,2630.800048828125,384.55999755859375
1991-09-11,,,,,,,,,,2626.60009765625,385.0899963378906
1991-09-12,,,,,,,,,,2641.89990234375,387.3399963378906
1991-09-13,,,,,,,,,,2625.800048828125,383.5899963378906
1991-09-16,,,,,,,,,,2606.0,385.7799987792969
1991-09-17,,,,,,,,,,2594.39990234375,385.5
1991-09-18,,,,,,,,,,2583.60009765625,386.9400024414063
1991-09-19,,,,,,,,,,2588.699951171875,387.55999755859375
1991-09-20,,,,,,,,,,2600.300048828125,387.9200134277344
1991-09-23,,,,,,,,,,2579.5,385.9200134277344
1991-09-24,,,,,,,,,,2576.60009765625,387.7099914550781
1991-09-25,,,,,,,,,,2597.800048828125,386.8800048828125
1991-09-26,,,,,,,,,,2595.60009765625,386.489990234375
1991-09-27,,,,,,,,,,2599.0,385.8999938964844
1991-09-30,,,,,,,,,,2621.699951171875,387.8599853515625
1991-10-01,,,,,,,,,,2645.60009765625,389.2000122070313
1991-10-02,,,,,,,,,,2644.199951171875,388.260009765625
1991-10-03,,,,,,,,,,2625.60009765625,384.4700012207031
1991-10-04,,,,,,,,,,2624.60009765625,381.25
1991-10-07,,,,,,,,,,2596.199951171875,379.5
1991-10-08,,,,,,,,,,2599.5,380.6700134277344
1991-10-09,,,,,,,,,,2584.10009765625,376.7999877929688
1991-10-10,,,,,,,,,,2570.800048828125,380.5499877929688
1991-10-11,,,,,,,,,,2555.0,381.4500122070313
1991-10-14,,,,,,,,,,2574.5,386.4700012207031
1991-10-15,,,,,,,,,,2576.699951171875,391.010009765625
1991-10-16,,,,,,,,,,2579.0,392.7999877929688
1991-10-17,,,,,,,,,,2588.699951171875,391.9200134277344
1991-10-18,,,,,,,,,,2601.10009765625,392.5
1991-10-21,,,,,,,,,,2575.699951171875,390.0199890136719
1991-10-22,,,,,,,,,,2559.5,387.8299865722656
1991-10-23,,,,,,,,,,2561.10009765625,387.9400024414063
1991-10-24,,,,,,,,,,2528.300048828125,385.0700073242188
1991-10-25,,,,,,,,,,2514.699951171875,384.2000122070313
1991-10-28,,,,,,,,,,2558.5,389.5199890136719
1991-10-29,,,,,,,,,,2553.300048828125,391.4800109863281
1991-10-30,,,,,,,,,,2577.10009765625,392.9599914550781
1991-10-31,,,,,,,,,,2566.0,392.4500122070313
1991-11-01,,,,,,,,,,2549.5,391.3200073242188
1991-11-04,,,,,,,,,,2527.800048828125,390.2799987792969
1991-11-05,,,,,,,,,,2540.89990234375,388.7099914550781
1991-11-06,,,,,,,,,,2534.199951171875,389.9700012207031
1991-11-07,,,,,,,,,,2538.0,393.7200012207031
1991-11-08,,,,,,,,,,2559.0,392.8900146484375
1991-11-11,,,,,,,,,,2554.89990234375,393.1199951171875
1991-11-12,,,,,,,,,,2575.5,396.739990234375
1991-11-13,,,,,,,,,,2546.5,397.4100036621094
1991-11-14,,,,,,,,,,2561.60009765625,397.1499938964844
1991-11-15,,,,,,,,,,2546.60009765625,382.6199951171875
1991-11-18,,,,,,,,,,2502.89990234375,385.239990234375
1991-11-19,,,,,,,,,,2463.10009765625,379.4200134277344
1991-11-20,,,,,,,,,,2472.60009765625,378.5299987792969
1991-11-21,,,,,,,,,,2463.5,380.05999755859375
1991-11-22,,,,,,,,,,2446.300048828125,376.1400146484375
1991-11-25,,,,,,,,,,2456.199951171875,375.3399963378906
1991-11-26,,,,,,,,,,2471.5,377.9599914550781
1991-11-27,,,,,,,,,,2447.5,376.5499877929688
1991-11-28,,,,,,,,,,2428.60009765625,376.5499877929688
1991-11-29,,,,,,,,,,2420.199951171875,375.2200012207031
1991-12-02,,,,,,,,,,2414.89990234375,381.3999938964844
1991-12-03,,,,,,,,,,2420.199951171875,380.9599914550781
1991-12-04,,,,,,,,,,2423.800048828125,380.0700073242188
1991-12-05,,,,,,,,,,2407.0,377.3900146484375
1991-12-06,,,,,,,,,,2388.699951171875,379.1000061035156
1991-12-09,,,,,,,,,,2409.60009765625,378.260009765625
1991-12-10,,,,,,,,,,2392.0,377.8999938964844
1991-12-11,,,,,,,,,,2380.199951171875,377.7000122070313
1991-12-12,,,,,,,,,,2423.300048828125,381.5499877929688
1991-12-13,,,,,,,,,,2451.60009765625,384.4700012207031
1991-12-16,,,,,,,,,,2440.800048828125,384.4599914550781
1991-12-17,,,,,,,,,,2432.89990234375,382.739990234375
1991-12-18,,,,,,,,,,2413.60009765625,383.4800109863281
1991-12-19,,,,,,,,,,2391.60009765625,382.5199890136719
1991-12-20,,,,,,,,,,2358.10009765625,387.0400085449219
1991-12-23,,,,,,,,,,2345.39990234375,396.8200073242188
1991-12-24,,,,,,,,,,2384.39990234375,399.3299865722656
1991-12-26,,,,,,,,,,2384.39990234375,404.8399963378906
1991-12-27,,,,,,,,,,2418.699951171875,406.4599914550781
1991-12-30,,,,,,,,,,2420.0,415.1400146484375
1991-12-31,,,,,,,,,,2493.10009765625,417.0899963378906
1992-01-02,,,,,,,,,,2492.800048828125,417.260009765625
1992-01-03,,,,,,,,,,2504.10009765625,419.3399963378906
1992-01-06,,,,,,,,,,2493.199951171875,417.9599914550781
1992-01-07,,,,,,,,,,2482.89990234375,417.3999938964844
1992-01-08,,,,,,,,,,2467.10009765625,418.1000061035156
1992-01-09,,,,,,,,,,2497.89990234375,417.6099853515625
1992-01-10,,,,,,,,,,2477.89990234375,415.1000061035156
1992-01-13,,,,,,,,,,2490.10009765625,414.3399963378906
1992-01-14,,,,,,,,,,2516.300048828125,420.4400024414063
1992-01-15,,,,,,,,,,2537.10009765625,420.7699890136719
1992-01-16,,,,,,,,,,2541.60009765625,418.2099914550781
1992-01-17,,,,,,,,,,2536.699951171875,418.8599853515625
1992-01-20,,,,,,,,,,2544.89990234375,416.3599853515625
1992-01-21,,,,,,,,,,2543.39990234375,412.6400146484375
1992-01-22,,,,,,,,,,2522.0,418.1300048828125
1992-01-23,,,,,,,,,,2525.300048828125,414.9599914550781
1992-01-24,,,,,,,,,,2510.39990234375,415.4800109863281
1992-01-27,,,,,,,,,,2539.89990234375,414.989990234375
1992-01-28,,,,,,,,,,2552.0,414.9599914550781
1992-01-29,,,,,,,,,,2546.5,410.3399963378906
1992-01-30,,,,,,,,,,2550.800048828125,411.6199951171875
1992-01-31,,,,,,,,,,2571.199951171875,408.7799987792969
1992-02-03,,,,,,,,,,2560.199951171875,409.5299987792969
1992-02-04,,,,,,,,,,2556.800048828125,413.8500061035156
1992-02-05,,,,,,,,,,2547.10009765625,413.8399963378906
1992-02-06,,,,,,,,,,2534.300048828125,413.8200073242188
1992-02-07,,,,,,,,,,2517.199951171875,411.0899963378906
1992-02-10,,,,,,,,,,2538.39990234375,413.7699890136719
1992-02-11,,,,,,,,,,2537.10009765625,413.760009765625
1992-02-12,,,,,,,,,,2523.699951171875,417.1300048828125
1992-02-13,,,,,,,,,,2522.60009765625,413.6900024414063
1992-02-14,,,,,,,,,,2513.89990234375,412.4800109863281
1992-02-17,,,,,,,,,,2541.0,412.4800109863281
1992-02-18,,,,,,,,,,2555.89990234375,407.3800048828125
1992-02-19,,,,,,,,,,2536.699951171875,408.260009765625
1992-02-20,,,,,,,,,,2543.39990234375,413.8999938964844
1992-02-21,,,,,,,,,,2542.300048828125,411.4299926757813
1992-02-24,,,,,,,,,,2559.699951171875,412.2699890136719
1992-02-25,,,,,,,,,,2546.800048828125,410.4500122070313
1992-02-26,,,,,,,,,,2565.0,415.3500061035156
1992-02-27,,,,,,,,,,2562.0,413.8599853515625
1992-02-28,,,,,,,,,,2562.10009765625,412.7000122070313
1992-03-02,,,,,,,,,,2554.300048828125,412.4500122070313
1992-03-03,,,,,,,,,,2565.39990234375,412.8500061035156
1992-03-04,,,,,,,,,,2558.39990234375,409.3299865722656
1992-03-05,,,,,,,,,,2538.300048828125,406.510009765625
1992-03-06,,,,,,,,,,2533.10009765625,404.4400024414063
1992-03-09,,,,,,,,,,2550.699951171875,405.2099914550781
1992-03-10,,,,,,,,,,2574.800048828125,406.8900146484375
1992-03-11,,,,,,,,,,2522.39990234375,404.0299987792969
1992-03-12,,,,,,,,,,2493.300048828125,403.8900146484375
1992-03-13,,,,,,,,,,2476.0,405.8399963378906
1992-03-16,,,,,,,,,,2470.699951171875,406.3900146484375
1992-03-17,,,,,,,,,,2491.199951171875,409.5799865722656
1992-03-18,,,,,,,,,,2464.699951171875,409.1499938964844
1992-03-19,,,,,,,,,,2467.60009765625,409.7999877929688
1992-03-20,,,,,,,,,,2456.60009765625,411.2999877929688
1992-03-23,,,,,,,,,,2441.0,409.9100036621094
1992-03-24,,,,,,,,,,2458.699951171875,408.8800048828125
1992-03-25,,,,,,,,,,2464.89990234375,407.5199890136719
1992-03-26,,,,,,,,,,2472.199951171875,407.8599853515625
1992-03-27,,,,,,,,,,2447.89990234375,403.5
1992-03-30,,,,,,,,,,2452.89990234375,403.0
1992-03-31,,,,,,,,,,2440.10009765625,403.6900024414063
1992-04-01,,,,,,,,,,2408.60009765625,404.2300109863281
1992-04-02,,,,,,,,,,2405.39990234375,400.5
1992-04-03,,,,,,,,,,2382.699951171875,401.5499877929688
1992-04-06,,,,,,,,,,2400.89990234375,405.5899963378906
1992-04-07,,,,,,,,,,2404.199951171875,398.05999755859375
1992-04-08,,,,,,,,,,2393.199951171875,394.5
1992-04-09,,,,,,,,,,2436.39990234375,400.6400146484375
1992-04-10,,,,,,,,,,2572.60009765625,404.2900085449219
1992-04-13,,,,,,,,,,2591.0,406.0799865722656
1992-04-14,,,,,,,,,,2600.5,412.3900146484375
1992-04-15,,,,,,,,,,2640.199951171875,416.2799987792969
1992-04-16,,,,,,,,,,2638.60009765625,416.0400085449219
1992-04-20,,,,,,,,,,2638.60009765625,410.1799926757813
1992-04-21,,,,,,,,,,2625.800048828125,410.260009765625
1992-04-22,,,,,,,,,,2607.800048828125,409.80999755859375
1992-04-23,,,,,,,,,,2609.800048828125,411.6000061035156
1992-04-24,,,,,,,,,,2643.0,409.0199890136719
1992-04-27,,,,,,,,,,2658.199951171875,408.4500122070313
1992-04-28,,,,,,,,,,2651.0,409.1099853515625
1992-04-29,,,,,,,,,,2664.89990234375,412.0199890136719
1992-04-30,,,,,,,,,,2654.10009765625,414.9500122070313
1992-05-01,,,,,,,,,,2659.800048828125,412.5299987792969
1992-05-04,,,,,,,,,,2659.800048828125,416.9100036621094
1992-05-05,,,,,,,,,,2662.199951171875,416.8399963378906
1992-05-06,,,,,,,,,,2698.699951171875,416.7900085449219
1992-05-07,,,,,,,,,,2701.89990234375,415.8500061035156
1992-05-08,,,,,,,,,,2725.699951171875,416.0499877929688
1992-05-11,,,,,,,,,,2737.800048828125,418.489990234375
1992-05-12,,,,,,,,,,2722.39990234375,416.2900085449219
1992-05-13,,,,,,,,,,2720.5,416.4500122070313
1992-05-14,,,,,,,,,,2694.699951171875,413.1400146484375
1992-05-15,,,,,,,,,,2682.60009765625,410.0899963378906
1992-05-18,,,,,,,,,,2703.60009765625,412.80999755859375
1992-05-19,,,,,,,,,,2700.60009765625,416.3699951171875
1992-05-20,,,,,,,,,,2711.89990234375,415.3900146484375
1992-05-21,,,,,,,,,,2702.0,412.6000061035156
1992-05-22,,,,,,,,,,2715.0,414.0199890136719
1992-05-26,,,,,,,,,,2704.60009765625,411.4100036621094
1992-05-27,,,,,,,,,,2698.60009765625,412.1700134277344
1992-05-28,,,,,,,,,,2694.199951171875,416.739990234375
1992-05-29,,,,,,,,,,2707.60009765625,415.3500061035156
1992-06-01,,,,,,,,,,2697.60009765625,417.2999877929688
1992-06-02,,,,,,,,,,2705.89990234375,413.5
1992-06-03,,,,,,,,,,2680.89990234375,414.5899963378906
1992-06-04,,,,,,,,,,2681.89990234375,413.260009765625
1992-06-05,,,,,,,,,,2668.5,413.4800109863281
1992-06-08,,,,,,,,,,2645.800048828125,413.3599853515625
1992-06-09,,,,,,,,,,2635.39990234375,410.05999755859375
1992-06-10,,,,,,,,,,2636.10009765625,407.25
1992-06-11,,,,,,,,,,2614.10009765625,409.0499877929688
1992-06-12,,,,,,,,,,2603.699951171875,409.760009765625
1992-06-15,,,,,,,,,,2593.60009765625,410.2900085449219
1992-06-16,,,,,,,,,,2616.300048828125,408.3200073242188
1992-06-17,,,,,,,,,,2598.39990234375,402.260009765625
1992-06-18,,,,,,,,,,2562.699951171875,400.9599914550781
1992-06-19,,,,,,,,,,2584.800048828125,403.6700134277344
1992-06-22,,,,,,,,,,2550.300048828125,403.3999938964844
1992-06-23,,,,,,,,,,2560.60009765625,404.0400085449219
1992-06-24,,,,,,,,,,2532.60009765625,403.8399963378906
1992-06-25,,,,,,,,,,2557.300048828125,403.1199951171875
1992-06-26,,,,,,,,,,2534.10009765625,403.4500122070313
1992-06-29,,,,,,,,,,2515.800048828125,408.9400024414063
1992-06-30,,,,,,,,,,2521.199951171875,408.1400146484375
1992-07-01,,,,,382.0,82.5,200.0,,,2493.89990234375,412.8800048828125
1992-07-02,,,,,387.5,83.5,200.0,,,2476.10009765625,411.7699890136719
1992-07-03,,,,,385.5,83.5,200.0,,,2497.10009765625,411.7699890136719
1992-07-06,,,,,386.5,84.0,200.0,,,2469.0,413.8399963378906
1992-07-07,,,,,384.5,83.5,200.0,,,2493.699951171875,409.1600036621094
1992-07-08,,,,,385.0,84.5,200.0,,,2472.60009765625,410.2799987792969
1992-07-09,,,,,386.0,84.5,200.0,,,2497.89990234375,414.2300109863281
1992-07-10,,,,,386.0,85.5,200.0,,,2490.800048828125,414.6199951171875
1992-07-13,,,,,387.0,86.0,200.0,,,2478.300048828125,414.8699951171875
1992-07-14,,,,,391.5,89.0,200.0,,,2484.0,417.6799926757813
1992-07-15,,,,,388.5,89.0,200.0,,,2486.39990234375,417.1000061035156
1992-07-16,,,,,385.5,89.0,200.0,,,2483.39990234375,417.5400085449219
1992-07-17,,,,,387.5,89.0,200.0,,,2431.89990234375,415.6199951171875
1992-07-20,,,,,391.5,90.0,200.0,,,2403.699951171875,413.75
1992-07-21,,,,,381.0,89.5,200.0,,,2415.60009765625,413.760009765625
1992-07-22,,,,,380.0,88.5,200.0,,,2387.89990234375,410.9299926757813
1992-07-23,,,,,383.5,91.0,200.0,,,2399.5,412.0799865722656
1992-07-24,,,,,381.5,90.5,200.0,,,2377.199951171875,411.6000061035156
1992-07-27,,,,,378.5,90.5,200.0,,,2348.0,411.5400085449219
1992-07-28,,,,,377.0,90.0,200.0,,,2373.39990234375,417.5199890136719
1992-07-29,,,,,374.5,89.5,200.0,,,2423.199951171875,422.2300109863281
1992-07-30,,,,,376.0,89.5,200.0,,,2411.60009765625,423.9200134277344
1992-07-31,,,,,386.0,92.0,200.0,,,2399.60009765625,424.2099914550781
1992-08-03,,,,,380.0,88.5,200.0,,,2420.199951171875,425.0899963378906
1992-08-04,,,,,377.0,87.0,200.0,,,2407.5,424.3599853515625
1992-08-05,,,,,377.0,87.0,200.0,,,2392.800048828125,422.1900024414063
1992-08-06,,,,,375.0,86.5,200.0,,,2377.60009765625,420.5899963378906
1992-08-07,,,,,377.5,87.5,200.0,,,2350.10009765625,418.8800048828125
1992-08-10,,,,,372.5,88.0,200.0,,,2325.699951171875,419.4200134277344
1992-08-11,,,,,370.0,87.5,200.0,,,2309.60009765625,418.8999938964844
1992-08-12,,,,,369.0,88.0,200.0,,,2303.10009765625,417.7799987792969
1992-08-13,,,,,353.0,85.5,200.0,,,2318.0,417.7300109863281
1992-08-14,,,,,345.5,83.0,200.0,,,2356.800048828125,419.9100036621094
1992-08-17,,,,,347.0,83.5,200.0,,,2376.10009765625,420.739990234375
1992-08-18,,,,,343.5,83.0,200.0,,,2354.699951171875,421.3399963378906
1992-08-19,,,,,347.5,84.0,200.0,,,2363.5,418.1900024414063
1992-08-20,,,,,350.5,85.0,200.0,,,2359.39990234375,418.260009765625
1992-08-21,,,,,352.0,85.0,200.0,,,2365.699951171875,414.8500061035156
1992-08-24,,,,,353.0,85.5,200.0,,,2311.10009765625,410.7200012207031
1992-08-25,,,,,351.0,86.5,200.0,,,2281.0,411.6099853515625
1992-08-26,,,,,350.5,86.0,200.0,,,2285.0,413.510009765625
1992-08-27,,,,,354.5,86.0,200.0,,,2311.60009765625,413.5299987792969
1992-08-28,,,,,357.0,87.0,200.0,,,2312.60009765625,414.8399963378906
1992-08-31,,,,,359.5,87.5,200.0,,,2312.60009765625,414.0299987792969
1992-09-01,,,,,362.0,88.0,190.0,,,2298.39990234375,416.0700073242188
1992-09-02,,,,,357.0,89.0,180.0,,,2313.0,417.9800109863281
1992-09-03,,,,,355.0,90.0,180.0,,,2381.89990234375,417.9800109863281
1992-09-04,,,,,358.0,90.0,180.0,,,2362.199951171875,417.0799865722656
1992-09-07,,,,,360.5,91.0,180.0,,,2372.199951171875,417.0799865722656
1992-09-08,,,,,360.5,92.0,180.0,,,2337.699951171875,414.4400024414063
1992-09-09,,,,,364.0,92.5,180.0,,,2327.5,416.3599853515625
1992-09-10,,,,,361.5,92.0,180.0,,,2340.60009765625,419.9500122070313
1992-09-11,,,,,357.5,90.0,180.0,,,2370.89990234375,419.5799865722656
1992-09-14,,,,,360.5,90.0,180.0,,,2422.10009765625,425.2699890136719
1992-09-15,,,,,361.5,91.0,180.0,,,2370.0,419.7699890136719
1992-09-16,,,,,365.0,92.0,180.0,,,2378.300048828125,419.9200134277344
1992-09-17,,,,,367.5,93.0,180.0,,,2483.89990234375,419.9299926757813
1992-09-18,,,,,365.0,91.0,180.0,,,2567.0,422.9299926757813
1992-09-21,,,,,363.5,91.0,180.0,,,2560.10009765625,422.1400146484375
1992-09-22,,,,,363.0,92.0,180.0,,,2586.0,417.1400146484375
1992-09-23,,,,,364.5,92.0,180.0,,,2580.5,417.4400024414063
1992-09-24,,,,,367.5,93.0,180.0,,,2621.199951171875,418.4700012207031
1992-09-25,,,,,369.5,93.0,180.0,,,2601.0,414.3500061035156
1992-09-28,,,,,367.5,93.0,180.0,,,2560.0,416.6199951171875
1992-09-29,,,,,365.5,93.0,180.0,,,2565.5,416.7999877929688
1992-09-30,,,,,368.0,96.0,180.0,,,2553.0,417.7999877929688
1992-10-01,,,,,367.0,97.0,180.0,,,2572.300048828125,416.2900085449219
1992-10-02,,,,,365.0,97.0,180.0,,,2549.699951171875,410.4700012207031
1992-10-05,,,,,366.5,96.0,180.0,,,2446.300048828125,407.5700073242188
1992-10-06,,,,,364.75,96.0,180.0,,,2488.39990234375,407.1799926757813
1992-10-07,,,,,360.25,96.0,175.0,,,2517.10009765625,404.25
1992-10-08,,,,,358.5,96.25,160.0,,,2538.800048828125,407.75
1992-10-09,,,,,356.75,95.75,160.0,,,2541.199951171875,402.6600036621094
1992-10-12,,,,,358.0,96.5,160.0,,,2557.199951171875,407.4400024414063
1992-10-13,,,,,357.25,96.0,160.0,,,2584.699951171875,409.2999877929688
1992-10-14,,,,,356.0,95.25,160.0,,,2574.699951171875,409.3699951171875
1992-10-15,,,,,356.0,94.0,160.0,,,2546.60009765625,409.6000061035156
1992-10-16,,,,,357.25,95.0,160.0,,,2563.89990234375,411.7300109863281
1992-10-19,,,,,358.75,95.5,160.0,,,2562.199951171875,414.9800109863281
1992-10-20,,,,,359.75,95.5,160.0,,,2617.0,415.4800109863281
1992-10-21,,,,,359.25,95.0,160.0,,,2645.699951171875,415.6700134277344
1992-10-22,,,,,358.25,94.75,160.0,,,2658.10009765625,414.8999938964844
1992-10-23,,,,,357.75,95.0,160.0,,,2669.699951171875,414.1000061035156
1992-10-26,,,,,357.25,95.0,160.0,,,2661.60009765625,418.1600036621094
1992-10-27,,,,,355.5,95.0,160.0,,,2669.800048828125,418.489990234375
1992-10-28,,,,,355.75,95.0,160.0,,,2650.39990234375,420.1300048828125
1992-10-29,,,,,355.75,94.75,160.0,,,2642.300048828125,420.8599853515625
1992-10-30,,,,,355.0,94.5,160.0,,,2658.300048828125,418.6799926757813
1992-11-02,,,,,355.0,94.75,160.0,,,2687.800048828125,422.75
1992-11-03,,,,,357.25,95.0,160.0,,,2705.60009765625,419.9200134277344
1992-11-04,,,,,356.25,95.0,160.0,,,2691.699951171875,417.1099853515625
1992-11-05,,,,,360.75,95.5,160.0,,,2711.10009765625,418.3399963378906
1992-11-06,,,,,364.25,97.0,160.0,,,2702.699951171875,417.5799865722656
1992-11-09,,,,,362.5,95.75,151.25,,,2695.39990234375,418.5899963378906
1992-11-10,,,,,354.75,94.25,125.0,,,2714.60009765625,418.6199951171875
1992-11-11,,,,,349.25,93.5,125.0,,,2696.800048828125,422.2000122070313
1992-11-12,,,,,351.0,94.5,125.0,,,2726.39990234375,422.8699951171875
1992-11-13,,,,,354.0,95.0,125.0,,,2697.5,422.4299926757813
1992-11-16,,,,,354.0,95.5,125.0,,,2679.60009765625,420.6799926757813
1992-11-17,,,,,352.25,95.75,125.0,,,2679.199951171875,419.2699890136719
1992-11-18,,,,,353.25,96.0,125.0,,,2704.0,422.8500061035156
1992-11-19,,,,,354.75,95.5,125.0,,,2706.199951171875,423.6099853515625
1992-11-20,,,,,357.0,96.0,125.0,,,2732.39990234375,426.6499938964844
1992-11-23,,,,,359.75,96.0,125.0,,,2722.89990234375,425.1199951171875
1992-11-24,,,,,357.25,95.25,125.0,,,2727.10009765625,427.5899963378906
1992-11-25,,,,,356.75,94.75,125.0,,,2709.60009765625,429.1900024414063
1992-11-26,,,,,357.0,94.75,125.0,,,2709.60009765625,429.1900024414063
1992-11-27,,,,,357.5,95.0,125.0,,,2760.10009765625,430.1600036621094
1992-11-30,,,,,359.5,95.5,125.0,,,2778.800048828125,431.3500061035156
1992-12-01,,,,,362.0,96.25,125.0,,,2792.0,430.7799987792969
1992-12-02,,,,,363.25,97.75,125.0,,,2764.10009765625,429.8900146484375
1992-12-03,,,,,364.5,102.5,125.0,,,2771.0,429.9100036621094
1992-12-04,,,,,364.25,103.25,125.0,,,2759.39990234375,432.05999755859375
1992-12-07,,,,,365.0,106.75,125.0,,,2754.5,435.30999755859375
1992-12-08,,,,,368.5,110.0,125.0,,,2769.800048828125,436.989990234375
1992-12-09,,,,,366.0,108.5,125.0,,,2750.699951171875,435.6499938964844
1992-12-10,,,,,363.5,107.75,125.0,,,2726.5,434.6400146484375
1992-12-11,,,,,364.25,110.25,125.0,,,2716.199951171875,433.7300109863281
1992-12-14,,,,,366.25,114.5,125.0,,,2721.800048828125,432.8399963378906
1992-12-15,,,,,364.5,112.0,125.0,,,2717.89990234375,432.5700073242188
1992-12-16,,,,,363.25,110.5,125.0,,,2732.800048828125,431.5199890136719
1992-12-17,,,,,365.75,111.25,125.0,,,2740.300048828125,435.4299926757813
1992-12-18,,,,,364.75,112.25,125.0,,,2789.699951171875,441.2799987792969
1992-12-21,,,,,358.75,108.75,125.0,,,2807.699951171875,440.7000122070313
1992-12-22,,,,,359.5,108.25,125.0,,,2842.0,440.30999755859375
1992-12-23,,,,,360.0,107.75,125.0,,,2827.39990234375,439.0299987792969
1992-12-24,,,,,360.0,108.0,125.0,,,2827.5,439.7699890136719
1992-12-28,,,,,361.75,107.75,125.0,,,2827.5,439.1499938964844
1992-12-29,,,,,360.0,106.75,125.0,,,2847.800048828125,437.9800109863281
1992-12-30,,,,,357.25,106.75,125.0,,,2832.5,438.8200073242188
1992-12-31,,,,,356.0,107.0,125.0,,,2846.5,435.7099914550781
1993-01-04,,,,,354.5,107.75,125.0,,,2861.5,435.3800048828125
1993-01-05,,,,,356.0,109.0,125.0,,,2833.60009765625,434.3399963378906
1993-01-06,,,,,358.25,109.75,125.0,,,2826.0,434.5199890136719
1993-01-07,,,,,360.75,111.5,125.0,,,2816.5,430.7300109863281
1993-01-08,,,,,359.5,112.5,125.0,,,2799.199951171875,429.0499877929688
1993-01-11,,,,,359.25,111.0,125.0,,,2773.39990234375,430.9500122070313
1993-01-12,,,,,357.5,111.25,125.0,,,2757.89990234375,431.0400085449219
1993-01-13,,,,,357.5,110.75,125.0,,,2745.300048828125,433.0299987792969
1993-01-14,,,,,358.25,110.75,125.0,,,2759.199951171875,435.9400024414063
1993-01-15,,,,,357.5,108.75,125.0,,,2765.10009765625,437.1499938964844
1993-01-18,,,,,357.5,108.25,125.0,,,2763.10009765625,436.8399963378906
1993-01-19,,,,,358.25,110.0,125.0,,,2737.60009765625,435.1300048828125
1993-01-20,,,,,360.0,110.0,125.0,,,2748.699951171875,433.3699951171875
1993-01-21,,,,,363.0,111.5,125.0,,,2773.300048828125,435.489990234375
1993-01-22,,,,,361.5,109.5,125.0,,,2781.199951171875,436.1099853515625
1993-01-25,,,,,363.0,109.5,125.0,,,2771.89990234375,440.010009765625
1993-01-26,,,,,364.0,111.0,125.0,,,2835.699951171875,439.9500122070313
1993-01-27,,,,,364.25,111.5,125.0,,,2832.5,438.1099853515625
1993-01-28,,,,,363.0,111.0,125.0,,,2816.89990234375,438.6600036621094
1993-01-29,,,,,364.5,111.75,125.0,,,2807.199951171875,438.7799987792969
1993-02-01,,,,,362.75,111.5,125.0,,,2851.60009765625,442.5199890136719
1993-02-02,,,,,360.75,111.25,125.0,,,2834.39990234375,442.5499877929688
1993-02-03,,,,,360.75,112.25,125.0,,,2873.800048828125,447.2000122070313
1993-02-04,,,,,359.25,112.75,125.0,,,2865.89990234375,449.55999755859375
1993-02-05,,,,,361.0,114.0,125.0,,,2862.89990234375,448.9299926757813
1993-02-08,,,,,361.75,114.25,125.0,,,2870.0,447.8500061035156
1993-02-09,,,,,363.25,115.5,125.0,,,2831.300048828125,445.3299865722656
1993-02-10,,,,,367.75,118.25,125.0,,,2816.39990234375,446.2300109863281
1993-02-11,,,,,369.75,119.25,125.0,,,2834.300048828125,447.6600036621094
1993-02-12,,,,,369.0,118.5,125.0,,,2843.0,444.5799865722656
1993-02-15,,,,,367.0,116.0,125.0,,,2845.89990234375,444.5799865722656
1993-02-16,,,,,368.0,115.75,125.0,,,2812.199951171875,433.9100036621094
1993-02-17,,,,,368.25,116.0,125.0,,,2814.0,433.2999877929688
1993-02-18,,,,,364.25,113.25,125.0,,,2837.699951171875,431.8999938964844
1993-02-19,,,,,361.75,110.25,125.0,,,2840.0,434.2200012207031
1993-02-22,,,,,346.25,101.75,121.25,,,2838.300048828125,435.239990234375
1993-02-23,,,,,346.25,102.0,110.0,,,2818.0,434.7999877929688
1993-02-24,,,,,346.25,101.75,110.0,,,2817.0,440.8699951171875
1993-02-25,,,,,344.75,100.25,110.0,,,2828.699951171875,442.3399963378906
1993-02-26,,,,,346.5,101.0,110.0,,,2868.0,443.3800048828125
1993-03-01,,,,,347.5,103.0,110.0,,,2882.60009765625,442.010009765625
1993-03-02,,,,,344.25,106.5,110.0,,,2882.300048828125,447.8999938964844
1993-03-03,,,,,341.5,106.5,110.0,,,2918.60009765625,449.260009765625
1993-03-04,,,,,341.5,104.75,110.0,,,2904.800048828125,447.3399963378906
1993-03-05,,,,,343.5,105.0,110.0,,,2922.10009765625,446.1099853515625
1993-03-08,,,,,342.75,105.0,110.0,,,2957.300048828125,454.7099914550781
1993-03-09,,,,,343.75,104.0,110.0,,,2949.89990234375,454.3999938964844
1993-03-10,,,,,345.75,104.5,110.0,,,2956.699951171875,456.3299865722656
1993-03-11,,,,,348.0,105.5,110.0,,,2953.39990234375,453.7200012207031
1993-03-12,,,,,351.0,107.25,110.0,,,2915.89990234375,449.8299865722656
1993-03-15,,,,,352.25,107.5,110.0,,,2922.39990234375,451.4299926757813
1993-03-16,,,,,351.5,106.5,110.0,,,2919.300048828125,451.3699951171875
1993-03-17,,,,,348.75,105.0,110.0,,,2889.89990234375,448.30999755859375
1993-03-18,,,,,349.0,105.0,110.0,,,2879.699951171875,451.8900146484375
1993-03-19,,,,,351.5,106.25,110.0,,,2900.10009765625,450.1799926757813
1993-03-22,,,,,355.5,107.0,110.0,,,2863.89990234375,448.8800048828125
1993-03-23,,,,,355.75,107.25,110.0,,,2861.10009765625,448.760009765625
1993-03-24,,,,,358.0,107.5,110.0,,,2860.60009765625,448.0700073242188
1993-03-25,,,,,357.0,109.0,110.0,,,2852.800048828125,450.8800048828125
1993-03-26,,,,,356.0,109.25,110.0,,,2852.89990234375,447.7799987792969
1993-03-29,,,,,356.5,109.5,110.0,,,2846.5,450.7699890136719
1993-03-30,,,,,359.0,111.5,110.0,,,2861.0,451.9700012207031
1993-03-31,,,,,363.25,113.0,110.0,,,2878.699951171875,451.6700134277344
1993-04-01,,,,,362.75,112.0,110.0,,,2878.39990234375,450.2999877929688
1993-04-02,,,,,365.25,114.25,110.0,,,2869.89990234375,441.3900146484375
1993-04-05,,,,,365.5,115.5,110.0,,,2838.800048828125,442.2900085449219
1993-04-06,,,,,363.25,115.0,110.0,,,2832.199951171875,441.1600036621094
1993-04-07,,,,,360.5,113.0,110.0,,,2822.10009765625,442.7300109863281
1993-04-08,,,,,359.75,112.25,110.0,,,2821.800048828125,441.8399963378906
1993-04-12,,,,,363.0,113.0,110.0,,,2821.800048828125,448.3699951171875
1993-04-13,,,,,362.5,112.75,110.0,,,2846.800048828125,449.2200012207031
1993-04-14,,,,,365.25,113.25,110.0,,,2842.10009765625,448.6600036621094
1993-04-15,,,,,368.75,114.5,110.0,,,2839.699951171875,448.3999938964844
1993-04-16,,,,,368.75,113.25,110.0,,,2824.39990234375,448.9400024414063
1993-04-19,,,,,371.75,114.25,110.0,,,2830.0,447.4599914550781
1993-04-20,,,,,371.75,115.0,110.0,,,2856.10009765625,445.1000061035156
1993-04-21,,,,,369.75,115.0,110.0,,,2869.60009765625,443.6300048828125
1993-04-22,,,,,369.0,117.25,110.0,,,2881.10009765625,439.4599914550781
1993-04-23,,,,,372.25,118.0,110.0,,,2843.800048828125,437.0299987792969
1993-04-26,,,,,378.25,118.0,110.0,,,2822.300048828125,433.5400085449219
1993-04-27,,,,,377.5,117.75,106.25,,,2832.699951171875,438.010009765625
1993-04-28,,,,,376.5,117.0,95.0,,,2797.300048828125,438.0199890136719
1993-04-29,,,,,385.0,118.75,95.0,,,2786.800048828125,438.8900146484375
1993-04-30,,,,,388.25,120.0,95.0,,,2813.10009765625,440.1900024414063
1993-05-03,,,,,390.6667,120.0,95.0,,,2813.10009765625,442.4599914550781
1993-05-04,,,,,381.75,117.5,95.0,,,2812.60009765625,444.0499877929688
1993-05-05,,,,,375.25,116.0,95.0,,,2796.5,444.5199890136719
1993-05-06,,,,,382.75,119.5,95.0,,,2786.300048828125,443.260009765625
1993-05-07,,,,,386.75,121.75,95.0,,,2793.699951171875,442.30999755859375
1993-05-10,,,,,381.75,120.75,95.0,,,2829.800048828125,442.7999877929688
1993-05-11,,,,,380.0,120.0,95.0,,,2836.10009765625,444.3599853515625
1993-05-12,,,,,380.5,120.25,95.0,,,2860.800048828125,444.7999877929688
1993-05-13,,,,,390.0,122.75,95.0,,,2849.300048828125,439.2300109863281
1993-05-14,,,,,385.0,120.25,95.0,,,2847.0,439.55999755859375
1993-05-17,,,,,387.75,120.75,95.0,,,2858.10009765625,440.3699951171875
1993-05-18,,,,,385.0,120.6667,95.0,,,2847.300048828125,440.3200073242188
1993-05-19,,,,,390.75,120.5,95.0,,,2819.699951171875,447.5700073242188
1993-05-20,,,,,386.25,119.5,95.0,,,2816.800048828125,450.5899963378906
1993-05-21,,,,,387.5,119.5,95.0,,,2812.199951171875,445.8399963378906
1993-05-24,,,,,391.25,119.75,95.0,,,2825.60009765625,448.0
1993-05-25,,,,,387.25,119.75,95.0,,,2837.699951171875,448.8500061035156
1993-05-26,,,,,389.75,120.0,95.0,,,2846.89990234375,453.4400024414063
1993-05-27,,,,,391.25,121.5,95.0,,,2855.300048828125,452.4100036621094
1993-05-28,,,,,399.75,124.25,95.0,,,2840.699951171875,450.1900024414063
1993-05-31,,,,,397.5,123.5,95.0,,,2840.699951171875,450.1900024414063
1993-06-01,,,,,397.75,123.75,95.0,,,2849.199951171875,453.8299865722656
1993-06-02,,,,,388.0,122.25,95.0,,,2863.0,453.8500061035156
1993-06-03,,,,,386.75,122.75,95.0,,,2852.800048828125,452.489990234375
1993-06-04,,,,,391.25,123.5,95.0,,,2829.89990234375,450.05999755859375
1993-06-07,,,,,388.25,124.0,95.0,,,2844.800048828125,447.6900024414063
1993-06-08,,,,,386.75,124.5,95.0,,,2844.39990234375,444.7099914550781
1993-06-09,,,,,385.75,125.0,95.0,,,2866.89990234375,445.7799987792969
1993-06-10,,,,,386.25,125.25,95.0,,,2860.0,445.3800048828125
1993-06-11,,,,,387.0,126.75,95.0,,,2861.800048828125,447.260009765625
1993-06-14,,,,,381.0,126.0,95.0,,,2885.5,447.7099914550781
1993-06-15,,,,,378.0,126.25,95.0,,,2870.0,446.2699890136719
1993-06-16,,,,,380.0,127.25,95.0,,,2883.0,447.4299926757813
1993-06-17,,,,,381.25,127.75,95.0,,,2875.699951171875,448.5400085449219
1993-06-18,,,,,380.5,128.5,95.0,,,2879.39990234375,443.6799926757813
1993-06-21,,,,,378.75,129.0,95.0,,,2903.39990234375,446.2200012207031
1993-06-22,,,,,376.0,128.0,95.0,,,2907.60009765625,445.9299926757813
1993-06-23,,,,,375.25,127.75,95.0,,,2900.699951171875,443.1900024414063
1993-06-24,,,,,380.3333,128.3333,95.0,,,2894.699951171875,446.6199951171875
1993-06-25,,,,,382.5,129.25,95.0,,,2887.5,447.6000061035156
1993-06-28,,,,,385.75,132.25,95.0,,,2897.0,451.8500061035156
1993-06-29,,,,,384.5,133.75,95.0,,,2886.0,450.6900024414063
1993-06-30,,,,,387.0,138.25,95.0,,,2900.0,450.5299987792969
1993-07-01,,,,,388.0,140.5,95.0,,,2888.800048828125,449.0199890136719
1993-07-02,,,,,393.75,143.25,95.0,,,2857.699951171875,445.8399963378906
1993-07-05,,,,,392.25,138.5,95.0,,,2838.5,445.8399963378906
1993-07-06,,,,,397.25,139.75,95.0,,,2848.10009765625,441.4299926757813
1993-07-07,,,,,406.5,141.75,95.0,,,2848.300048828125,442.8299865722656
1993-07-08,,,,,409.0,140.25,95.0,,,2845.89990234375,448.6400146484375
1993-07-09,,,,,404.75,137.75,95.0,,,2843.199951171875,448.1099853515625
1993-07-12,,,,,405.25,138.5,95.0,,,2830.89990234375,448.9800109863281
1993-07-13,,,,,404.0,138.5,95.0,,,2837.10009765625,448.0899963378906
1993-07-14,,,,,407.0,138.75,95.0,,,2832.300048828125,450.0799865722656
1993-07-15,,,,,406.5,139.0,95.0,,,2831.699951171875,449.2200012207031
1993-07-16,,,,,407.0,141.0,95.0,,,2833.0,445.75
1993-07-19,,,,,406.5,140.25,95.0,,,2842.89990234375,446.0299987792969
1993-07-20,,,,,405.0,140.0,95.0,,,2823.89990234375,447.30999755859375
1993-07-21,,,,,404.75,139.5,95.0,,,2814.10009765625,447.1799926757813
1993-07-22,,,,,400.75,139.0,95.0,,,2820.10009765625,444.510009765625
1993-07-23,,,,,404.75,140.0,95.0,,,2827.699951171875,447.1000061035156
1993-07-26,,,,,403.75,140.0,95.0,,,2844.199951171875,449.0899963378906
1993-07-27,,,,,406.25,140.25,95.0,,,2879.39990234375,448.239990234375
1993-07-28,,,,,406.5,141.5,95.0,,,2884.199951171875,447.1900024414063
1993-07-29,,,,,408.75,142.5,95.0,,,2917.60009765625,450.239990234375
1993-07-30,,,,,413.75,143.5,95.0,,,2926.5,448.1300048828125
1993-08-02,,,,,418.75,145.5,95.0,,,2941.699951171875,450.1499938964844
1993-08-03,,,,,419.0,145.0,95.0,,,2945.0,449.2699890136719
1993-08-04,,,,,419.25,145.25,95.0,,,2941.300048828125,448.5400085449219
1993-08-05,,,,,409.5,144.0,95.0,,,2943.39990234375,448.1300048828125
1993-08-06,,,,,387.25,138.0,95.0,,,2969.800048828125,448.6799926757813
1993-08-09,,,,,392.5,139.5,95.0,,,2986.39990234375,450.7200012207031
1993-08-10,,,,,394.25,140.5,95.0,,,2971.60009765625,449.4500122070313
1993-08-11,,,,,392.75,141.25,95.0,,,3006.10009765625,450.4599914550781
1993-08-12,,,,,388.75,140.5,95.0,,,3009.10009765625,448.9599914550781
1993-08-13,,,,,386.75,139.5,95.0,,,3010.10009765625,450.1400146484375
1993-08-16,,,,,387.5,139.5,95.0,,,3008.300048828125,452.3800048828125
1993-08-17,,,,,388.75,139.75,91.25,,,3025.0,453.1300048828125
1993-08-18,,,,,388.75,139.0,80.0,,,3073.60009765625,456.0400085449219
1993-08-19,,,,,389.25,138.75,80.0,,,3065.5,456.4299926757813
1993-08-20,,,,,385.75,137.5,80.0,,,3057.60009765625,456.1600036621094
1993-08-23,,,,,387.75,137.75,80.0,,,3042.0,455.2300109863281
1993-08-24,,,,,387.75,136.75,80.0,,,3049.300048828125,459.7699890136719
1993-08-25,,,,,387.5,133.5,80.0,,,3079.199951171875,460.1300048828125
1993-08-26,,,,,384.5,126.25,80.0,,,3079.199951171875,461.0400085449219
1993-08-27,,,,,378.5,120.5,80.0,,,3100.60009765625,460.5400085449219
1993-08-30,,,,,382.0,124.0,80.0,,,3100.60009765625,461.8999938964844
1993-08-31,,,,,383.75,126.0,80.0,,,3100.0,463.55999755859375
1993-09-01,,,,,382.5,125.5,80.0,,,3085.10009765625,463.1499938964844
1993-09-02,,,,,378.75,123.25,80.0,,,3072.60009765625,461.2999877929688
1993-09-03,,,,,373.25,122.0,80.0,,,3057.300048828125,461.3399963378906
1993-09-06,,,,,374.0,123.0,80.0,,,3059.0,461.3399963378906
1993-09-07,,,,,369.0,121.75,80.0,,,3038.60009765625,458.5199890136719
1993-09-08,,,,,358.25,118.5,80.0,,,3035.39990234375,456.6499938964844
1993-09-09,,,,,357.5,118.25,80.0,,,3031.199951171875,457.5
1993-09-10,,,,,360.5,121.0,80.0,,,3037.0,461.7200012207031
1993-09-13,,,,,355.0,118.5,80.0,,,3024.800048828125,462.05999755859375
1993-09-14,,,,,351.75,117.0,80.0,,,3028.0,459.8999938964844
1993-09-15,,,,,354.25,117.25,80.0,,,2989.39990234375,461.6000061035156
1993-09-16,,,,,359.25,120.0,80.0,,,3003.89990234375,459.4299926757813
1993-09-17,,,,,360.25,122.0,80.0,,,3005.5,458.8299865722656
1993-09-20,,,,,361.0,121.25,80.0,,,3004.5,455.0499877929688
1993-09-21,,,,,363.5,123.0,80.0,,,3001.60009765625,452.9500122070313
1993-09-22,,,,,365.0,125.75,80.0,,,3007.5,456.2000122070313
1993-09-23,,,,,361.75,124.0,80.0,,,3001.300048828125,457.739990234375
1993-09-24,,,,,363.5,125.0,80.0,,,3005.199951171875,457.6300048828125
1993-09-27,,,,,362.25,125.25,80.0,,,3026.300048828125,461.7999877929688
1993-09-28,,,,,360.75,125.25,80.0,,,3036.89990234375,461.5299987792969
1993-09-29,,,,,361.0,125.5,80.0,,,3030.10009765625,460.1099853515625
1993-09-30,,,,,358.75,125.5,80.0,,,3037.5,458.9299926757813
1993-10-01,,,,,360.0,126.5,80.0,,,3037.5,461.2799987792969
1993-10-04,,,,,360.25,126.0,80.0,,,3067.699951171875,461.3399963378906
1993-10-05,,,,,357.25,125.25,80.0,,,3085.199951171875,461.2000122070313
1993-10-06,,,,,358.5,125.0,80.0,,,3100.800048828125,460.739990234375
1993-10-07,,,,,363.5,126.25,80.0,,,3092.39990234375,459.1799926757813
1993-10-08,,,,,362.5,127.25,80.0,,,3108.60009765625,460.30999755859375
1993-10-11,,,,,364.0,128.75,80.0,,,3102.199951171875,460.8800048828125
1993-10-12,,,,,365.25,131.25,80.0,,,3094.699951171875,461.1199951171875
1993-10-13,,,,,370.0,134.0,80.0,,,3080.89990234375,461.489990234375
1993-10-14,,,,,369.0,134.5,80.0,,,3086.300048828125,466.8299865722656
1993-10-15,,,,,368.0,133.75,80.0,,,3120.800048828125,469.5
1993-10-18,,,,,368.0,131.5,80.0,,,3137.60009765625,468.4500122070313
1993-10-19,,,,,372.25,132.75,80.0,,,3129.60009765625,466.2099914550781
1993-10-20,,,,,374.5,134.5,80.0,,,3156.300048828125,466.0700073242188
1993-10-21,,,,,376.25,134.0,80.0,,,3188.300048828125,465.3599853515625
1993-10-22,,,,,374.0,131.0,80.0,,,3199.0,463.2699890136719
1993-10-25,,,,,375.3333,131.0,80.0,,,3184.800048828125,464.2000122070313
1993-10-26,,,,,373.0,131.0,80.0,,,3165.300048828125,464.2999877929688
1993-10-27,,,,,373.6667,131.0,80.0,,,3154.300048828125,464.6099853515625
1993-10-28,,,,,374.0,130.6667,80.0,,,3163.0,467.7300109863281
1993-10-29,,,,,373.6667,130.3333,80.0,,,3171.0,467.8299865722656
1993-11-01,,,,,370.5,129.25,80.0,,,3164.39990234375,469.1000061035156
1993-11-02,,,,,366.0,128.5,80.0,,,3164.10009765625,468.4400024414063
1993-11-03,,,,,369.5,129.25,80.0,,,3162.300048828125,463.0199890136719
1993-11-04,,,,,374.25,130.5,80.0,,,3149.0,457.489990234375
1993-11-05,,,,,378.0,131.75,80.0,,,3085.60009765625,459.5700073242188
1993-11-08,,,,,379.0,130.25,80.0,,,3077.60009765625,460.2099914550781
1993-11-09,,,,,378.0,130.0,80.0,,,3096.0,460.3299865722656
1993-11-10,,,,,377.0,129.75,80.0,,,3098.5,463.7200012207031
1993-11-11,,,,,378.75,130.25,80.0,,,3099.699951171875,462.6400146484375
1993-11-12,,,,,378.5,130.0,80.0,,,3099.10009765625,465.3900146484375
1993-11-15,,,,,376.5,130.0,80.0,,,3093.300048828125,463.75
1993-11-16,,,,,378.0,130.75,80.0,,,3097.5,466.739990234375
1993-11-17,,,,,376.0,130.5,80.0,,,3120.0,464.80999755859375
1993-11-18,,,,,377.5,130.0,80.0,,,3125.5,463.6199951171875
1993-11-19,,,,,376.75,130.0,80.0,,,3108.0,462.6000061035156
1993-11-22,,,,,378.0,129.25,80.0,,,3070.60009765625,459.1300048828125
1993-11-23,,,,,378.5,128.5,80.0,,,3069.300048828125,461.0299987792969
1993-11-24,,,,,373.0,126.0,80.0,,,3067.199951171875,462.3599853515625
1993-11-25,,,,,373.5,125.75,80.0,,,3093.10009765625,462.3599853515625
1993-11-26,,,,,374.5,126.0,80.0,,,3111.39990234375,463.05999755859375
1993-11-29,,,,,372.5,125.25,80.0,,,3135.800048828125,461.8999938964844
1993-11-30,,,,,367.0,123.75,80.0,,,3166.89990234375,461.7900085449219
1993-12-01,,,,,369.25,122.5,80.0,,,3233.199951171875,461.8900146484375
1993-12-02,,,,,373.5,123.5,80.0,,,3223.89990234375,463.1099853515625
1993-12-03,,,,,373.75,124.0,80.0,,,3234.199951171875,464.8900146484375
1993-12-06,,,,,376.0,124.75,80.0,,,3237.300048828125,466.4299926757813
1993-12-07,,,,,376.5,126.0,80.0,,,3237.300048828125,466.760009765625
1993-12-08,,,,,378.5,127.25,80.0,,,3277.39990234375,466.2900085449219
1993-12-09,,,,,380.75,127.5,80.0,,,3271.60009765625,464.1799926757813
1993-12-10,,,,,380.0,126.5,80.0,,,3261.300048828125,463.9299926757813
1993-12-13,,,,,383.25,127.5,80.0,,,3254.60009765625,465.7000122070313
1993-12-14,,,,,387.75,128.0,80.0,,,3248.39990234375,463.05999755859375
1993-12-15,,,,,385.75,125.5,80.0,,,3278.800048828125,461.8399963378906
1993-12-16,,,,,389.0,125.75,80.0,,,3311.199951171875,463.3399963378906
1993-12-17,,,,,387.25,125.0,80.0,,,3337.10009765625,466.3800048828125
1993-12-20,,,,,389.25,125.5,80.0,,,3364.89990234375,465.8500061035156
1993-12-21,,,,,389.25,125.75,80.0,,,3342.39990234375,465.2999877929688
1993-12-22,,,,,386.25,124.75,80.0,,,3355.699951171875,467.3200073242188
1993-12-23,,,,,386.0,125.75,80.0,,,3396.5,467.3800048828125
1993-12-24,,,,,385.75,125.25,80.0,,,3412.300048828125,467.3800048828125
1993-12-27,,,,,385.6667,124.0,80.0,,,3412.300048828125,470.5400085449219
1993-12-28,,,,,387.25,125.0,80.0,,,3412.300048828125,470.9400024414063
1993-12-29,,,,,389.25,125.5,80.0,,,3462.0,470.5799865722656
1993-12-30,,,,,392.75,124.5,80.0,,,3428.800048828125,468.6400146484375
1993-12-31,,,,,394.0,124.0,80.0,,,3418.39990234375,466.4500122070313
1994-01-03,,,,,394.75,124.25,80.0,,,3418.39990234375,465.4400024414063
1994-01-04,,,,,398.75,125.5,80.0,,,3408.5,466.8900146484375
1994-01-05,,,,,397.5,126.5,77.5,,,3379.199951171875,467.5499877929688
1994-01-06,,,,,392.25,126.0,70.0,,,3403.0,467.1199951171875
1994-01-07,,,,,389.5,125.5,70.0,,,3446.0,469.8999938964844
1994-01-10,,,,,384.5,124.75,70.0,,,3440.60009765625,475.2699890136719
1994-01-11,,,,,385.25,124.0,70.0,,,3413.800048828125,474.1300048828125
1994-01-12,,,,,387.75,124.0,70.0,,,3372.0,474.1700134277344
1994-01-13,,,,,386.5,124.0,70.0,,,3360.0,472.4700012207031
1994-01-14,,,,,389.75,124.25,70.0,,,3400.60009765625,474.9100036621094
1994-01-17,,,,,392.25,124.75,70.0,,,3407.800048828125,473.2999877929688
1994-01-18,,,,,393.75,125.25,70.0,,,3437.0,474.25
1994-01-19,,,,,394.0,126.0,70.0,,,3475.10009765625,474.2999877929688
1994-01-20,,,,,391.75,125.0,70.0,,,3470.0,474.9800109863281
1994-01-21,,,,,386.75,124.75,70.0,,,3484.199951171875,474.7200012207031
1994-01-24,,,,,380.25,124.0,70.0,,,3481.39990234375,471.9700012207031
1994-01-25,,,,,382.75,124.5,70.0,,,3444.0,470.9200134277344
1994-01-26,,,,,382.5,124.75,70.0,,,3436.10009765625,473.2000122070313
1994-01-27,,,,,385.5,125.25,70.0,,,3427.300048828125,477.0499877929688
1994-01-28,,,,,380.5,124.75,70.0,,,3447.39990234375,478.7000122070313
1994-01-31,,,,,382.75,124.5,70.0,,,3491.800048828125,481.6099853515625
1994-02-01,,,,,388.25,126.0,70.0,,,3481.5,479.6199951171875
1994-02-02,,,,,392.5,127.0,70.0,,,3520.300048828125,482.0
1994-02-03,,,,,392.5,127.5,70.0,,,3491.5,480.7099914550781
1994-02-04,,,,,397.25,128.25,70.0,,,3475.39990234375,469.80999755859375
1994-02-07,,,,,393.25,129.5,70.0,,,3419.10009765625,471.760009765625
1994-02-08,,,,,390.25,130.5,70.0,,,3440.199951171875,471.0499877929688
1994-02-09,,,,,391.5,131.75,70.0,,,3429.10009765625,472.7699890136719
1994-02-10,,,,,392.5,134.0,70.0,,,3407.0,468.9299926757813
1994-02-11,,,,,391.5,133.0,70.0,,,3378.89990234375,470.1799926757813
1994-02-14,,,,,394.0,133.75,70.0,,,3363.5,470.2300109863281
1994-02-15,,,,,399.75,135.75,70.0,,,3393.199951171875,472.5199890136719
1994-02-16,,,,,401.0,136.75,70.0,,,3417.699951171875,472.7900085449219
1994-02-17,,,,,404.75,135.5,70.0,,,3425.300048828125,470.3399963378906
1994-02-18,,,,,400.0,134.75,70.0,,,3382.60009765625,467.6900024414063
1994-02-21,,,,,398.75,134.0,70.0,,,3350.300048828125,467.6900024414063
1994-02-22,,,,,396.5,133.25,70.0,,,3333.699951171875,471.4599914550781
1994-02-23,,,,,394.25,133.0,70.0,,,3341.89990234375,470.6900024414063
1994-02-24,,,,,391.5,133.5,70.0,,,3267.5,464.260009765625
1994-02-25,,,,,391.75,135.5,70.0,,,3281.199951171875,466.0700073242188
1994-02-28,,,,,394.0,136.25,70.0,,,3328.10009765625,467.1400146484375
1994-03-01,,,,,395.25,136.25,70.0,,,3270.60009765625,464.4400024414063
1994-03-02,,,,,391.75,136.0,70.0,,,3248.10009765625,464.80999755859375
1994-03-03,,,,,392.0,134.0,70.0,,,3246.5,463.010009765625
1994-03-04,,,,,392.0,131.5,70.0,,,3278.0,464.739990234375
1994-03-07,,,,,392.25,131.0,70.0,,,3305.89990234375,466.9100036621094
1994-03-08,,,,,391.25,131.0,70.0,,,3264.39990234375,465.8800048828125
1994-03-09,,,,,393.5,132.0,70.0,,,3246.699951171875,467.05999755859375
1994-03-10,,,,,396.25,132.5,70.0,,,3233.89990234375,463.8999938964844
1994-03-11,,,,,404.5,133.5,70.0,,,3191.89990234375,466.4400024414063
1994-03-14,,,,,405.25,134.75,70.0,,,3233.39990234375,467.3900146484375
1994-03-15,,,,,403.0,133.75,70.0,,,3267.39990234375,467.010009765625
1994-03-16,,,,,403.5,134.0,70.0,,,3242.89990234375,469.4200134277344
1994-03-17,,,,,399.75,133.5,70.0,,,3255.699951171875,470.8999938964844
1994-03-18,,,,,398.75,133.25,70.0,,,3218.10009765625,471.05999755859375
1994-03-21,,,,,400.25,134.0,70.0,,,3198.0,468.5400085449219
1994-03-22,,,,,402.0,134.25,70.0,,,3201.5,468.7999877929688
1994-03-23,,,,,404.5,135.0,70.0,,,3155.300048828125,468.5400085449219
1994-03-24,,,,,403.75,135.0,70.0,,,3121.699951171875,464.3500061035156
1994-03-25,,,,,409.75,136.0,70.0,,,3129.0,460.5799865722656
1994-03-28,,,,,412.0,135.75,70.0,,,3129.5,460.0
1994-03-29,,,,,408.75,135.0,70.0,,,3123.39990234375,452.4800109863281
1994-03-30,,,,,409.5,135.0,70.0,,,3092.39990234375,445.5499877929688
1994-03-31,,,,,416.5,134.0,70.0,,,3086.39990234375,445.7699890136719
1994-04-04,,,,,419.0,137.0,70.0,,,3086.39990234375,438.9200134277344
1994-04-05,,,,,411.5,135.0,70.0,,,3116.199951171875,448.2900085449219
1994-04-06,,,,,406.0,134.25,70.0,,,3131.5,448.0499877929688
1994-04-07,,,,,408.25,133.5,70.0,,,3129.0,450.8800048828125
1994-04-08,,,,,406.25,133.25,70.0,,,3120.800048828125,447.1000061035156
1994-04-11,,,,,403.75,134.0,70.0,,,3149.39990234375,449.8699951171875
1994-04-12,,,,,397.5,133.25,70.0,,,3159.10009765625,447.5700073242188
1994-04-13,,,,,398.75,133.0,70.0,,,3145.800048828125,446.260009765625
1994-04-14,,,,,399.75,133.25,70.0,,,3131.699951171875,446.3800048828125
1994-04-15,,,,,397.0,132.75,70.0,,,3168.300048828125,446.1799926757813
1994-04-18,,,,,397.25,133.0,70.0,,,3138.199951171875,442.4599914550781
1994-04-19,,,,,391.5,132.75,70.0,,,3128.0,442.5400085449219
1994-04-20,,,,,386.5,134.0,70.0,,,3098.300048828125,441.9599914550781
1994-04-21,,,,,390.0,134.25,70.0,,,3101.199951171875,448.7300109863281
1994-04-22,,,,,389.5,134.5,70.0,,,3133.699951171875,447.6300048828125
1994-04-25,,,,,390.75,135.25,70.0,,,3106.10009765625,452.7099914550781
1994-04-26,,,,,394.25,136.0,70.0,,,3125.300048828125,451.8699951171875
1994-04-27,,,,,394.25,136.75,70.0,,,3150.0,451.8699951171875
1994-04-28,,,,,393.25,137.0,70.0,,,3129.89990234375,449.1000061035156
1994-04-29,,,,,393.75,137.5,70.0,,,3125.300048828125,450.9100036621094
1994-05-02,,,,,400.0,139.75,70.0,,,3125.300048828125,453.0199890136719
1994-05-03,,,,,401.5,141.75,70.0,,,3100.0,453.0299987792969
1994-05-04,,,,,398.25,141.0,70.0,,,3070.5,451.7200012207031
1994-05-05,,,,,393.5,140.0,70.0,,,3106.0,451.3800048828125
1994-05-06,,,,,391.5,138.0,70.0,,,3106.0,447.8200073242188
1994-05-09,,,,,397.25,139.0,70.0,,,3097.800048828125,442.3200073242188
1994-05-10,,,,,397.5,137.5,70.0,,,3136.300048828125,446.010009765625
1994-05-11,,,,,394.25,135.25,70.0,,,3130.5,441.489990234375
1994-05-12,,,,,398.5,136.25,70.0,,,3137.800048828125,443.75
1994-05-13,,,,,397.0,136.5,70.0,,,3119.199951171875,444.1400146484375
1994-05-16,,,,,398.75,135.5,70.0,,,3115.60009765625,444.489990234375
1994-05-17,,,,,402.0,136.0,70.0,,,3123.5,449.3699951171875
1994-05-18,,,,,398.25,136.25,70.0,,,3116.5,453.6900024414063
1994-05-19,,,,,398.75,136.5,70.0,,,3122.800048828125,456.4800109863281
1994-05-20,,,,,399.25,136.25,70.0,,,3127.300048828125,454.9200134277344
1994-05-23,,,,,404.75,136.75,70.0,,,3108.39990234375,453.2000122070313
1994-05-24,,,,,408.0,137.25,70.0,,,3089.10009765625,454.80999755859375
1994-05-25,,,,,405.5,137.5,70.0,,,3020.699951171875,456.3399963378906
1994-05-26,,,,,401.0,135.0,70.0,,,3019.699951171875,457.05999755859375
1994-05-27,,,,,397.25,135.25,70.0,,,2966.39990234375,457.3299865722656
1994-05-30,,,,,399.0,135.6667,70.0,,,2966.39990234375,457.3299865722656
1994-05-31,,,,,400.25,135.5,70.0,,,2970.5,456.5
1994-06-01,,,,,401.75,136.25,70.0,,,2931.89990234375,457.6300048828125
1994-06-02,,,,,398.75,136.0,70.0,,,2980.800048828125,457.6499938964844
1994-06-03,,,,,399.75,135.5,70.0,,,2997.800048828125,460.1300048828125
1994-06-06,,,,,397.0,135.75,70.0,,,3009.39990234375,458.8800048828125
1994-06-07,,,,,396.0,135.25,70.0,,,3004.800048828125,458.2099914550781
1994-06-08,,,,,398.25,136.0,70.0,,,3038.199951171875,457.05999755859375
1994-06-09,,,,,399.5,137.0,70.0,,,3028.89990234375,457.8599853515625
1994-06-10,,,,,400.0,137.0,70.0,,,3055.89990234375,458.6700134277344
1994-06-13,,,,,400.0,137.5,70.0,,,3016.300048828125,459.1000061035156
1994-06-14,,,,,402.0,138.5,70.0,,,3039.60009765625,462.3699951171875
1994-06-15,,,,,402.75,139.0,70.0,,,3045.800048828125,460.6099853515625
1994-06-16,,,,,405.75,139.75,70.0,,,3030.10009765625,461.9299926757813
1994-06-17,,,,,406.5,139.5,70.0,,,3022.89990234375,458.4500122070313
1994-06-20,,,,,408.0,139.75,70.0,,,2971.10009765625,455.4800109863281
1994-06-21,,,,,406.25,139.25,70.0,,,2940.199951171875,451.3399963378906
1994-06-22,,,,,410.0,140.25,70.0,,,2960.39990234375,453.0899963378906
1994-06-23,,,,,406.25,139.25,70.0,,,2942.39990234375,449.6300048828125
1994-06-24,,,,,405.5,139.25,70.0,,,2876.60009765625,442.7999877929688
1994-06-27,,,,,402.5,139.25,70.0,,,2899.89990234375,447.30999755859375
1994-06-28,,,,,398.5,139.25,70.0,,,2909.0,446.0700073242188
1994-06-29,,,,,400.5,140.25,70.0,,,2946.300048828125,447.6300048828125
1994-06-30,,,,,401.5,141.0,70.0,,,2919.199951171875,444.2699890136719
1994-07-01,,,,,407.25,144.25,70.0,,,2936.39990234375,446.2000122070313
1994-07-04,,,,,410.75,145.0,70.0,,,2970.39990234375,446.2000122070313
1994-07-05,,,,,411.5,144.5,70.0,,,2965.0,446.3699951171875
1994-07-06,,,,,407.75,144.75,70.0,,,2946.699951171875,446.1300048828125
1994-07-07,,,,,404.0,144.5,70.0,,,2964.39990234375,448.3800048828125
1994-07-08,,,,,403.5,144.75,70.0,,,2962.39990234375,449.5499877929688
1994-07-11,,,,,404.5,146.5,70.0,,,2983.800048828125,448.05999755859375
1994-07-12,,,,,406.75,146.25,70.0,,,2963.89990234375,447.9500122070313
1994-07-13,,,,,407.75,146.75,70.0,,,3005.300048828125,448.7300109863281
1994-07-14,,,,,407.75,146.75,70.0,,,3050.39990234375,453.4100036621094
1994-07-15,,,,,409.75,147.5,70.0,,,3074.800048828125,454.1600036621094
1994-07-18,,,,,414.5,148.0,70.0,,,3082.0,455.2200012207031
1994-07-19,,,,,415.5,147.25,70.0,,,3091.300048828125,453.8599853515625
1994-07-20,,,,,415.25,146.25,70.0,,,3077.199951171875,451.6000061035156
1994-07-21,,,,,414.5,146.5,70.0,,,3095.10009765625,452.6099853515625
1994-07-22,,,,,413.25,146.25,70.0,,,3114.699951171875,453.1099853515625
1994-07-25,,,,,416.25,147.5,70.0,,,3106.10009765625,454.25
1994-07-26,,,,,419.5,150.5,70.0,,,3117.199951171875,453.3599853515625
1994-07-27,,,,,426.0,153.5,70.0,,,3082.300048828125,452.5700073242188
1994-07-28,,,,,425.0,152.75,70.0,,,3095.89990234375,454.239990234375
1994-07-29,,,,,420.5,150.75,70.0,,,3082.60009765625,458.260009765625
1994-08-01,,,,,423.0,152.75,70.0,,,3097.39990234375,461.010009765625
1994-08-02,,,,,422.25,155.5,70.0,,,3157.5,460.55999755859375
1994-08-03,,,,,414.75,154.25,70.0,,,3160.39990234375,461.4500122070313
1994-08-04,,,,,410.0,152.75,70.0,,,3150.5,458.3999938964844
1994-08-05,,,,,409.75,151.5,70.0,,,3167.5,457.0899963378906
1994-08-08,,,,,409.5,151.75,70.0,,,3171.89990234375,457.8900146484375
1994-08-09,,,,,406.75,151.0,70.0,,,3168.60009765625,457.9200134277344
1994-08-10,,,,,410.5,151.75,70.0,,,3167.0,460.2999877929688
1994-08-11,,,,,412.25,152.5,70.0,,,3138.199951171875,458.8800048828125
1994-08-12,,,,,413.25,153.5,70.0,,,3142.300048828125,461.9400024414063
1994-08-15,,,,,410.25,152.75,70.0,,,3142.199951171875,461.2300109863281
1994-08-16,,,,,411.0,153.0,70.0,,,3147.300048828125,465.010009765625
1994-08-17,,,,,411.5,153.25,70.0,,,3190.300048828125,465.1700134277344
1994-08-18,,,,,411.25,153.25,70.0,,,3182.60009765625,463.1700134277344
1994-08-19,,,,,413.75,155.0,70.0,,,3191.39990234375,463.6799926757813
1994-08-22,,,,,413.75,154.75,70.0,,,3171.300048828125,462.3200073242188
1994-08-23,,,,,412.75,154.0,70.0,,,3175.10009765625,464.510009765625
1994-08-24,,,,,411.5,153.5,70.0,,,3205.199951171875,469.0299987792969
1994-08-25,,,,,412.0,153.0,70.0,,,3234.199951171875,468.0799865722656
1994-08-26,,,,,412.5,152.0,70.0,,,3265.10009765625,473.7999877929688
1994-08-29,,,,,411.5,151.5,70.0,,,3265.10009765625,474.5899963378906
1994-08-30,,,,,413.25,152.5,70.0,,,3249.60009765625,476.0700073242188
1994-08-31,,,,,412.5,152.5,70.0,,,3251.300048828125,475.489990234375
1994-09-01,,,,,414.25,153.25,70.0,,,3216.5,473.1700134277344
1994-09-02,,,,,415.5,154.0,70.0,,,3222.699951171875,470.989990234375
1994-09-05,,,,,417.5,155.0,70.0,,,3241.5,470.989990234375
1994-09-06,,,,,418.25,155.0,70.0,,,3205.39990234375,471.8599853515625
1994-09-07,,,,,421.0,155.0,70.0,,,3203.89990234375,470.989990234375
1994-09-08,,,,,420.25,154.75,70.0,,,3180.0,473.1400146484375
1994-09-09,,,,,419.0,153.5,70.0,,,3139.300048828125,468.1799926757813
1994-09-12,,,,,419.75,152.25,70.0,,,3128.800048828125,466.2099914550781
1994-09-13,,,,,416.75,150.0,70.0,,,3121.39990234375,467.510009765625
1994-09-14,,,,,417.25,150.5,70.0,,,3079.800048828125,468.7999877929688
1994-09-15,,,,,411.75,149.5,70.0,,,3112.699951171875,474.80999755859375
1994-09-16,,,,,411.0,150.25,70.0,,,3065.10009765625,471.1900024414063
1994-09-19,,,,,413.0,152.0,70.0,,,3079.10009765625,470.8500061035156
1994-09-20,,,,,416.25,154.75,70.0,,,3037.300048828125,463.3599853515625
1994-09-21,,,,,420.0,157.5,70.0,,,3014.800048828125,461.4599914550781
1994-09-22,,,,,418.75,156.25,70.0,,,3021.199951171875,461.2699890136719
1994-09-23,,,,,422.0,157.0,70.0,,,3028.199951171875,459.6700134277344
1994-09-26,,,,,420.25,156.75,70.0,,,2999.800048828125,460.8200073242188
1994-09-27,,,,,418.5,155.75,70.0,,,3008.5,462.0499877929688
1994-09-28,,,,,420.0,155.25,70.0,,,3038.699951171875,464.8399963378906
1994-09-29,,,,,417.5,153.0,70.0,,,2992.5,462.239990234375
1994-09-30,,,,,419.0,153.25,70.0,,,3026.300048828125,462.7099914550781
1994-10-03,,,,,417.5,153.25,70.0,,,2983.5,461.739990234375
1994-10-04,,,,,419.0,153.25,70.0,,,3001.800048828125,454.5899963378906
1994-10-05,,,,,420.0,153.75,70.0,,,2956.300048828125,453.5199890136719
1994-10-06,,,,,421.25,154.5,70.0,,,2984.39990234375,452.3599853515625
1994-10-07,,,,,420.25,154.25,70.0,,,2998.699951171875,455.1000061035156
1994-10-10,,,,,419.0,153.75,70.0,,,3032.300048828125,459.0400085449219
1994-10-11,,,,,416.25,152.75,70.0,,,3073.0,465.7900085449219
1994-10-12,,,,,416.5,152.75,70.0,,,3100.5,465.4700012207031
1994-10-13,,,,,416.5,153.0,70.0,,,3141.89990234375,467.7900085449219
1994-10-14,,,,,414.5,152.75,70.0,,,3106.699951171875,469.1000061035156
1994-10-17,,,,,416.75,154.5,70.0,,,3120.199951171875,468.9599914550781
1994-10-18,,,,,419.0,155.25,70.0,,,3085.300048828125,467.6600036621094
1994-10-19,,,,,418.0,155.75,70.0,,,3060.800048828125,470.2799987792969
1994-10-20,,,,,422.75,156.75,70.0,,,3063.199951171875,466.8500061035156
1994-10-21,,,,,426.0,157.0,70.0,,,3032.800048828125,464.8900146484375
1994-10-24,,,,,422.0,157.0,70.0,,,3029.10009765625,460.8299865722656
1994-10-25,,,,,423.0,157.3333,70.0,,,3000.89990234375,461.5299987792969
1994-10-26,,,,,422.0,158.3333,70.0,,,2999.89990234375,462.6199951171875
1994-10-27,,,,,424.3333,159.0,70.0,,,3029.60009765625,465.8500061035156
1994-10-28,,,,,424.3333,160.6667,70.0,,,3083.800048828125,473.7699890136719
1994-10-31,,,,,421.25,160.25,70.0,,,3097.39990234375,472.3500061035156
1994-11-01,,,,,416.5,160.25,70.0,,,3096.300048828125,468.4200134277344
1994-11-02,,,,,418.0,160.5,70.0,,,3081.300048828125,466.510009765625
1994-11-03,,,,,418.5,162.25,70.0,,,3104.39990234375,467.9100036621094
1994-11-04,,,,,416.75,161.5,70.0,,,3097.60009765625,462.2799987792969
1994-11-07,,,,,415.5,160.0,70.0,,,3065.800048828125,463.0700073242188
1994-11-08,,,,,410.25,158.0,70.0,,,3063.800048828125,465.6499938964844
1994-11-09,,,,,410.25,158.5,70.0,,,3099.60009765625,465.3999938964844
1994-11-10,,,,,408.5,157.25,70.0,,,3103.5,464.3699951171875
1994-11-11,,,,,411.25,157.25,70.0,,,3075.89990234375,462.3500061035156
1994-11-14,,,,,412.0,157.25,70.0,,,3095.300048828125,466.0400085449219
1994-11-15,,,,,415.5,157.5,70.0,,,3135.39990234375,465.0299987792969
1994-11-16,,,,,415.0,158.0,70.0,,,3146.5,465.6199951171875
1994-11-17,,,,,415.5,157.25,70.0,,,3127.5,463.5700073242188
1994-11-18,,,,,415.0,157.25,70.0,,,3131.0,461.4700012207031
1994-11-21,,,,,412.5,155.25,70.0,,,3121.0,458.2999877929688
1994-11-22,,,,,411.0,155.25,70.0,,,3078.699951171875,450.0899963378906
1994-11-23,,,,,411.5,156.0,70.0,,,3027.5,449.9299926757813
1994-11-24,,,,,412.0,155.0,70.0,,,3036.60009765625,449.9299926757813
1994-11-25,,,,,411.5,155.0,70.0,,,3033.5,452.2900085449219
1994-11-28,,,,,410.75,154.5,70.0,,,3047.10009765625,454.1600036621094
1994-11-29,,,,,410.5,154.25,70.0,,,3061.10009765625,455.1700134277344
1994-11-30,,,,,410.0,155.5,70.0,,,3081.39990234375,453.6900024414063
1994-12-01,,,,,404.5,154.5,70.0,,,3039.60009765625,448.9200134277344
1994-12-02,,,,,403.5,155.0,70.0,,,3017.300048828125,453.2999877929688
1994-12-05,,,,,401.0,154.5,70.0,,,3033.5,453.3200073242188
1994-12-06,,,,,401.25,153.5,70.0,,,3016.10009765625,453.1099853515625
1994-12-07,,,,,403.5,154.25,70.0,,,3012.5,451.2300109863281
1994-12-08,,,,,404.0,154.25,70.0,,,3013.800048828125,445.4500122070313
1994-12-09,,,,,404.75,153.75,70.0,,,2977.300048828125,446.9599914550781
1994-12-12,,,,,408.25,154.5,70.0,,,2943.39990234375,449.4700012207031
1994-12-13,,,,,410.75,155.25,70.0,,,2946.39990234375,450.1499938964844
1994-12-14,,,,,409.75,154.0,70.0,,,2980.60009765625,454.9700012207031
1994-12-15,,,,,410.0,153.75,70.0,,,2973.39990234375,455.3399963378906
1994-12-16,,,,,412.0,154.0,70.0,,,3013.60009765625,458.7999877929688
1994-12-19,,,,,413.0,154.0,70.0,,,3034.39990234375,457.9100036621094
1994-12-20,,,,,416.25,154.5,70.0,,,3058.10009765625,457.1000061035156
1994-12-21,,,,,417.75,155.0,70.0,,,3070.39990234375,459.6099853515625
1994-12-22,,,,,417.0,155.25,70.0,,,3091.699951171875,459.6799926757813
1994-12-23,,,,,414.75,155.0,70.0,,,3083.39990234375,459.8299865722656
1994-12-27,,,,,416.0,157.0,70.0,,,3083.39990234375,462.4700012207031
1994-12-28,,,,,416.25,156.0,70.0,,,3095.800048828125,460.8599853515625
1994-12-29,,,,,419.0,157.75,70.0,,,3065.60009765625,461.1700134277344
1994-12-30,,,,,417.5,158.0,70.0,,,3065.5,459.2699890136719
1995-01-03,,,,,417.75,158.25,70.0,,,3065.699951171875,459.1099853515625
1995-01-04,,,,,410.0,157.0,70.0,,,3051.60009765625,460.7099914550781
1995-01-05,,,,,403.75,155.25,70.0,,,3032.300048828125,460.3399963378906
1995-01-06,,,,,408.25,155.5,70.0,,,3065.0,460.6799926757813
1995-01-09,,,,,404.75,154.25,70.0,,,3055.800048828125,460.8299865722656
1995-01-10,,,,,408.25,155.5,70.0,,,3060.39990234375,461.6799926757813
1995-01-11,,,,,410.25,156.5,70.0,,,3049.39990234375,461.6600036621094
1995-01-12,,,,,414.0,157.5,70.0,,,3033.199951171875,461.6400146484375
1995-01-13,,,,,418.25,158.25,70.0,,,3048.300048828125,465.9700012207031
1995-01-16,,,,,414.5,155.5,70.0,,,3076.699951171875,469.3800048828125
1995-01-17,,,,,414.75,156.0,70.0,,,3054.39990234375,470.0499877929688
1995-01-18,,,,,419.0,157.0,70.0,,,3054.89990234375,469.7099914550781
1995-01-19,,,,,417.75,157.0,70.0,,,3028.60009765625,466.9500122070313
1995-01-20,,,,,418.5,157.0,70.0,,,2995.0,464.7799987792969
1995-01-23,,,,,419.5,158.25,70.0,,,2954.199951171875,465.8200073242188
1995-01-24,,,,,416.25,157.5,70.0,,,2969.0,465.8599853515625
1995-01-25,,,,,418.5,158.25,70.0,,,2982.199951171875,467.4400024414063
1995-01-26,,,,,418.75,158.5,70.0,,,3007.300048828125,468.3200073242188
1995-01-27,,,,,418.0,159.0,70.0,,,3022.199951171875,470.3900146484375
1995-01-30,,,,,415.75,158.25,70.0,,,2995.89990234375,468.510009765625
1995-01-31,,,,,416.5,159.0,70.0,,,2991.60009765625,470.4200134277344
1995-02-01,,,,,418.0,159.0,70.0,,,3017.300048828125,470.3999938964844
1995-02-02,,,,,415.0,159.0,70.0,,,3034.699951171875,472.7900085449219
1995-02-03,,,,,415.25,158.5,70.0,,,3059.699951171875,478.6499938964844
1995-02-06,,,,,414.0,158.5,70.0,,,3062.0,481.1400146484375
1995-02-07,,,,,413.0,158.0,70.0,,,3072.699951171875,480.80999755859375
1995-02-08,,,,,409.75,158.0,70.0,,,3072.5,481.1900024414063
1995-02-09,,,,,413.5,158.5,70.0,,,3099.0,480.1900024414063
1995-02-10,,,,,414.75,158.5,70.0,,,3109.89990234375,481.4599914550781
1995-02-13,,,,,414.25,158.0,70.0,,,3081.10009765625,481.6499938964844
1995-02-14,,,,,414.0,158.0,70.0,,,3071.300048828125,482.5499877929688
1995-02-15,,,,,414.25,158.25,70.0,,,3074.89990234375,484.5400085449219
1995-02-16,,,,,414.5,158.0,70.0,,,3051.10009765625,485.2200012207031
1995-02-17,,,,,415.5,158.5,70.0,,,3044.199951171875,481.9700012207031
1995-02-20,,,,,417.25,158.5,70.0,,,3018.60009765625,481.9700012207031
1995-02-21,,,,,417.25,158.25,70.0,,,3023.39990234375,482.7200012207031
1995-02-22,,,,,416.25,159.0,70.0,,,3019.5,485.0700073242188
1995-02-23,,,,,418.0,158.25,70.0,,,3049.300048828125,486.9100036621094
1995-02-24,,,,,416.75,158.25,70.0,,,3037.699951171875,488.1099853515625
1995-02-27,,,,,413.0,157.25,70.0,,,3025.300048828125,483.80999755859375
1995-02-28,,,,,411.0,155.75,70.0,,,3009.300048828125,487.3900146484375
1995-03-01,,,,,410.5,154.75,70.0,,,3041.199951171875,485.6499938964844
1995-03-02,,,,,404.25,152.75,70.0,,,3038.199951171875,485.1300048828125
1995-03-03,,,,,404.75,153.5,70.0,,,3025.10009765625,485.4200134277344
1995-03-06,,,,,406.5,154.0,70.0,,,3001.89990234375,485.6300048828125
1995-03-07,,,,,412.0,155.0,70.0,,,2977.0,482.1199951171875
1995-03-08,,,,,419.75,158.0,70.0,,,2992.10009765625,483.1400146484375
1995-03-09,,,,,417.5,156.0,70.0,,,2986.89990234375,483.1600036621094
1995-03-10,,,,,419.5,156.75,70.0,,,3021.10009765625,489.5700073242188
1995-03-13,,,,,420.0,158.75,70.0,,,3011.800048828125,490.0499877929688
1995-03-14,,,,,422.5,159.5,70.0,,,3050.60009765625,492.8900146484375
1995-03-15,,,,,423.75,160.75,70.0,,,3047.0,491.8800048828125
1995-03-16,,,,,422.5,162.75,70.0,,,3094.10009765625,495.4100036621094
1995-03-17,,,,,421.25,165.0,70.0,,,3089.300048828125,495.5199890136719
1995-03-20,,,,,420.0,167.0,70.0,,,3124.199951171875,496.1400146484375
1995-03-21,,,,,420.0,168.0,70.0,,,3135.0,495.0700073242188
1995-03-22,,,,,414.0,166.5,70.0,,,3139.699951171875,495.6700134277344
1995-03-23,,,,,415.75,169.75,70.0,,,3136.39990234375,495.9500122070313
1995-03-24,,,,,416.75,174.5,70.0,,,3153.39990234375,500.9700012207031
1995-03-27,,,,,414.75,171.0,70.0,,,3149.800048828125,503.2000122070313
1995-03-28,,,,,417.25,170.5,70.0,,,3128.300048828125,503.8999938964844
1995-03-29,,,,,421.25,175.25,70.0,,,3142.300048828125,503.1199951171875
1995-03-30,,,,,423.75,175.5,70.0,,,3176.199951171875,502.2200012207031
1995-03-31,,,,,435.0,174.5,70.0,,,3137.89990234375,500.7099914550781
1995-04-03,,,,,440.5,175.5,70.0,,,3143.10009765625,501.8500061035156
1995-04-04,,,,,447.5,175.75,70.0,,,3188.10009765625,505.239990234375
1995-04-05,,,,,460.0,178.0,70.0,,,3190.199951171875,505.5700073242188
1995-04-06,,,,,455.25,175.0,70.0,,,3200.89990234375,506.0799865722656
1995-04-07,,,,,454.0,175.5,70.0,,,3210.89990234375,506.4200134277344
1995-04-10,,,,,453.25,174.5,70.0,,,3204.199951171875,507.010009765625
1995-04-11,,,,,449.75,172.5,70.0,,,3190.89990234375,505.5299987792969
1995-04-12,,,,,451.25,173.75,70.0,,,3209.800048828125,507.1700134277344
1995-04-13,,,,,448.25,172.0,70.0,,,3208.800048828125,509.2300109863281
1995-04-17,,,,,456.0,175.0,70.0,,,3208.800048828125,506.1300048828125
1995-04-18,,,,,456.75,175.5,70.0,,,3194.5,505.3699951171875
1995-04-19,,,,,460.75,175.75,70.0,,,3170.10009765625,504.9200134277344
1995-04-20,,,,,456.25,173.25,70.0,,,3174.699951171875,505.2900085449219
1995-04-21,,,,,448.25,168.0,70.0,,,3199.89990234375,508.489990234375
1995-04-24,,,,,444.0,167.25,70.0,,,3209.300048828125,512.8900146484375
1995-04-25,,,,,441.75,164.5,70.0,,,3214.89990234375,512.0999755859375
1995-04-26,,,,,442.0,163.0,70.0,,,3226.199951171875,512.6599731445312
1995-04-27,,,,,441.75,160.75,70.0,,,3217.60009765625,513.5499877929688
1995-04-28,,,,,448.5,164.25,70.0,,,3216.699951171875,514.7100219726562
1995-05-01,,,,,444.5,163.75,70.0,,,3220.39990234375,514.260009765625
1995-05-02,,,,,446.0,163.75,70.0,,,3248.199951171875,514.8599853515625
1995-05-03,,,,,453.75,165.0,70.0,,,3262.60009765625,520.47998046875
1995-05-04,,,,,459.75,165.25,70.0,,,3264.300048828125,520.5399780273438
1995-05-05,,,,,458.25,164.25,70.0,,,3251.699951171875,520.1199951171875
1995-05-08,,,,,451.5,162.25,70.0,,,3251.699951171875,523.9600219726562
1995-05-09,,,,,446.25,161.25,70.0,,,3261.199951171875,523.5599975585938
1995-05-10,,,,,436.0,160.25,70.0,,,3290.10009765625,524.3599853515625
1995-05-11,,,,,435.75,161.25,70.0,,,3317.89990234375,524.3699951171875
1995-05-12,,,,,431.75,161.25,70.0,,,3310.300048828125,525.5499877929688
1995-05-15,,,,,431.0,162.5,70.0,,,3310.699951171875,527.739990234375
1995-05-16,,,,,432.5,162.75,70.0,,,3300.800048828125,528.1900024414062
1995-05-17,,,,,431.75,162.25,70.0,,,3297.39990234375,527.0700073242188
1995-05-18,,,,,429.0,160.25,70.0,,,3285.800048828125,519.5800170898438
1995-05-19,,,,,431.25,160.0,70.0,,,3261.0,519.1900024414062
1995-05-22,,,,,428.5,159.0,70.0,,,3284.5,523.6500244140625
1995-05-23,,,,,428.5,159.0,70.0,,,3291.800048828125,528.5900268554688
1995-05-24,,,,,432.5,161.25,70.0,,,3327.300048828125,528.6099853515625
1995-05-25,,,,,433.75,162.75,70.0,,,3328.199951171875,528.5900268554688
1995-05-26,,,,,436.5,162.75,70.0,,,3311.10009765625,523.6500244140625
1995-05-29,,,,,439.6667,164.6667,70.0,,,3311.10009765625,523.6500244140625
1995-05-30,,,,,439.25,164.5,70.0,,,3309.89990234375,523.5800170898438
1995-05-31,,,,,434.25,162.75,67.5,,,3319.39990234375,533.4000244140625
1995-06-01,,,,,432.75,160.25,60.0,,,3340.60009765625,533.489990234375
1995-06-02,,,,,433.0,159.5,60.0,,,3345.0,532.510009765625
1995-06-05,,,,,432.0,158.0,60.0,,,3376.60009765625,535.5999755859375
1995-06-06,,,,,432.0,158.0,60.0,,,3380.0,535.5499877929688
1995-06-07,,,,,433.5,157.5,60.0,,,3370.800048828125,533.1300048828125
1995-06-08,,,,,435.75,158.75,60.0,,,3380.800048828125,532.3499755859375
1995-06-09,,,,,436.75,158.5,60.0,,,3337.699951171875,527.9400024414062
1995-06-12,,,,,439.5,160.0,60.0,,,3344.60009765625,530.8800048828125
1995-06-13,,,,,441.0,162.25,60.0,,,3348.0,536.0499877929688
1995-06-14,,,,,437.25,161.25,60.0,,,3339.800048828125,536.469970703125
1995-06-15,,,,,440.25,162.25,60.0,,,3370.39990234375,537.1199951171875
1995-06-16,,,,,443.5,162.75,60.0,,,3366.10009765625,539.8300170898438
1995-06-19,,,,,442.5,162.0,60.0,,,3381.300048828125,545.219970703125
1995-06-20,,,,,443.25,161.5,60.0,,,3377.199951171875,544.97998046875
1995-06-21,,,,,443.5,161.25,60.0,,,3378.300048828125,543.97998046875
1995-06-22,,,,,442.5,159.75,60.0,,,3403.800048828125,551.0700073242188
1995-06-23,,,,,441.75,158.75,60.0,,,3379.39990234375,549.7100219726562
1995-06-26,,,,,441.5,159.0,60.0,,,3309.199951171875,544.1300048828125
1995-06-27,,,,,442.75,159.75,60.0,,,3313.199951171875,542.4299926757812
1995-06-28,,,,,442.0,161.0,60.0,,,3282.699951171875,544.72998046875
1995-06-29,,,,,439.5,160.0,60.0,,,3294.0,543.8699951171875
1995-06-30,,,,,439.25,160.0,60.0,,,3314.60009765625,544.75
1995-07-03,,,,,435.25,159.0,60.0,,,3323.699951171875,547.0900268554688
1995-07-04,,,,,435.0,159.0,60.0,,,3349.199951171875,547.0900268554688
1995-07-05,,,,,434.0,158.25,60.0,,,3394.89990234375,547.260009765625
1995-07-06,,,,,433.5,158.5,60.0,,,3388.300048828125,553.989990234375
1995-07-07,,,,,434.5,159.5,60.0,,,3462.89990234375,556.3699951171875
1995-07-10,,,,,434.25,158.75,60.0,,,3455.0,557.1900024414062
1995-07-11,,,,,433.75,158.75,60.0,,,3464.0,554.780029296875
1995-07-12,,,,,435.25,158.0,60.0,,,3450.60009765625,560.8900146484375
1995-07-13,,,,,437.25,157.5,60.0,,,3447.199951171875,561.0
1995-07-14,,,,,436.5,156.5,60.0,,,3429.199951171875,559.8900146484375
1995-07-17,,,,,438.25,156.25,60.0,,,3442.60009765625,562.719970703125
1995-07-18,,,,,441.75,156.25,60.0,,,3420.699951171875,558.4600219726562
1995-07-19,,,,,441.5,155.5,60.0,,,3405.300048828125,550.97998046875
1995-07-20,,,,,436.0,155.0,60.0,,,3400.39990234375,553.5399780273438
1995-07-21,,,,,430.5,153.75,60.0,,,3413.10009765625,553.6199951171875
1995-07-24,,,,,429.75,154.25,60.0,,,3431.60009765625,556.6300048828125
1995-07-25,,,,,432.5,155.25,60.0,,,3432.89990234375,561.0999755859375
1995-07-26,,,,,431.5,154.75,60.0,,,3454.300048828125,561.6099853515625
1995-07-27,,,,,431.75,156.5,60.0,,,3458.300048828125,565.219970703125
1995-07-28,,,,,428.75,154.5,60.0,,,3468.89990234375,562.9299926757812
1995-07-31,,,,,425.75,154.5,60.0,,,3463.300048828125,562.0599975585938
1995-08-01,,,,,420.75,153.25,60.0,,,3449.89990234375,559.6400146484375
1995-08-02,,,,,421.75,153.25,60.0,,,3499.89990234375,558.7999877929688
1995-08-03,,,,,422.5,152.5,60.0,,,3475.60009765625,558.75
1995-08-04,,,,,423.5,153.5,60.0,,,3482.39990234375,558.9400024414062
1995-08-07,,,,,422.25,153.0,60.0,,,3483.5,560.030029296875
1995-08-08,,,,,422.0,153.0,60.0,,,3468.800048828125,560.3900146484375
1995-08-09,,,,,423.25,153.5,60.0,,,3468.300048828125,559.7100219726562
1995-08-10,,,,,423.0,152.75,60.0,,,3474.699951171875,557.4500122070312
1995-08-11,,,,,421.75,151.25,60.0,,,3467.5,555.1099853515625
1995-08-14,,,,,416.5,147.75,60.0,,,3441.39990234375,559.739990234375
1995-08-15,,,,,418.75,148.5,60.0,,,3444.39990234375,558.5700073242188
1995-08-16,,,,,420.25,149.25,60.0,,,3465.10009765625,559.969970703125
1995-08-17,,,,,425.75,149.75,60.0,,,3470.60009765625,559.0399780273438
1995-08-18,,,,,431.0,151.25,60.0,,,3509.800048828125,559.2100219726562
1995-08-21,,,,,433.25,151.5,60.0,,,3535.699951171875,558.1099853515625
1995-08-22,,,,,431.25,151.75,60.0,,,3530.199951171875,559.52001953125
1995-08-23,,,,,427.25,150.5,60.0,,,3515.89990234375,557.1400146484375
1995-08-24,,,,,428.5,150.25,60.0,,,3520.0,557.4600219726562
1995-08-25,,,,,431.5,149.75,60.0,,,3524.89990234375,560.0999755859375
1995-08-28,,,,,432.5,149.5,60.0,,,3524.89990234375,559.0499877929688
1995-08-29,,,,,434.0,149.25,60.0,,,3502.60009765625,560.0
1995-08-30,,,,,429.25,147.25,60.0,,,3504.0,560.9199829101562
1995-08-31,,,,,427.75,146.25,60.0,,,3477.800048828125,561.8800048828125
1995-09-01,,,,,429.25,146.75,60.0,,,3509.39990234375,563.8400268554688
1995-09-04,,,,,429.0,147.0,60.0,,,3522.699951171875,563.8400268554688
1995-09-05,,,,,427.25,146.75,60.0,,,3532.39990234375,569.1699829101562
1995-09-06,,,,,426.0,145.0,60.0,,,3557.699951171875,570.1699829101562
1995-09-07,,,,,428.5,145.75,60.0,,,3545.60009765625,570.2899780273438
1995-09-08,,,,,433.25,146.5,60.0,,,3554.5,572.6799926757812
1995-09-11,,,,,432.0,146.5,60.0,,,3549.300048828125,573.9099731445312
1995-09-12,,,,,434.5,146.75,60.0,,,3535.89990234375,576.510009765625
1995-09-13,,,,,438.5,148.0,60.0,,,3570.800048828125,578.77001953125
1995-09-14,,,,,437.25,147.5,60.0,,,3565.39990234375,583.6099853515625
1995-09-15,,,,,441.0,148.0,60.0,,,3564.60009765625,583.3499755859375
1995-09-18,,,,,439.25,147.75,60.0,,,3533.300048828125,582.77001953125
1995-09-19,,,,,439.0,147.5,60.0,,,3541.39990234375,584.2000122070312
1995-09-20,,,,,438.0,147.5,60.0,,,3561.5,586.77001953125
1995-09-21,,,,,430.0,142.0,60.0,,,3557.89990234375,583.0
1995-09-22,,,,,425.25,138.75,60.0,,,3514.800048828125,581.72998046875
1995-09-25,,,,,421.75,136.25,60.0,,,3507.0,581.8099975585938
1995-09-26,,,,,423.5,137.75,60.0,,,3523.300048828125,581.4099731445312
1995-09-27,,,,,423.0,139.0,60.0,,,3485.0,581.0399780273438
1995-09-28,,,,,421.75,140.0,60.0,,,3479.0,585.8699951171875
1995-09-29,,,,,424.25,143.5,60.0,,,3508.199951171875,584.4099731445312
1995-10-02,,,,,420.25,143.75,60.0,,,3520.199951171875,581.719970703125
1995-10-03,,,,,413.5,141.0,60.0,,,3524.199951171875,582.3400268554688
1995-10-04,,,,,415.5,140.0,60.0,,,3544.10009765625,581.469970703125
1995-10-05,,,,,415.5,137.0,60.0,,,3544.39990234375,582.6300048828125
1995-10-06,,,,,413.75,136.25,60.0,,,3526.5,582.489990234375
1995-10-09,,,,,415.25,138.5,60.0,,,3510.300048828125,578.3699951171875
1995-10-10,,,,,418.0,139.25,60.0,,,3460.10009765625,577.52001953125
1995-10-11,,,,,416.25,139.5,60.0,,,3474.300048828125,579.4600219726562
1995-10-12,,,,,415.0,139.0,60.0,,,3523.800048828125,583.0999755859375
1995-10-13,,,,,414.0,138.5,60.0,,,3568.0,584.5
1995-10-16,,,,,413.0,139.0,60.0,,,3557.300048828125,583.030029296875
1995-10-17,,,,,413.0,139.25,60.0,,,3562.199951171875,586.780029296875
1995-10-18,,,,,414.0,138.5,60.0,,,3593.0,587.4400024414062
1995-10-19,,,,,412.75,137.75,60.0,,,3578.60009765625,590.6500244140625
1995-10-20,,,,,410.5,136.5,60.0,,,3551.39990234375,587.4600219726562
1995-10-23,,,,,410.6667,136.6667,60.0,,,3531.5,585.0599975585938
1995-10-24,,,,,411.6667,136.3333,60.0,,,3535.300048828125,586.5399780273438
1995-10-25,,,,,412.6667,136.6667,60.0,,,3537.800048828125,582.469970703125
1995-10-26,,,,,413.3333,137.3333,60.0,,,3519.60009765625,576.719970703125
1995-10-27,,,,,409.0,136.5,60.0,,,3497.89990234375,579.7000122070312
1995-10-30,,,,,406.5,136.5,60.0,,,3510.0,583.25
1995-10-31,,,,,409.25,137.25,60.0,,,3529.10009765625,581.5
1995-11-01,,,,,408.5,138.0,60.0,,,3518.699951171875,584.219970703125
1995-11-02,,,,,408.0,137.0,60.0,,,3523.0,589.719970703125
1995-11-03,,,,,408.5,136.25,60.0,,,3500.39990234375,590.5700073242188
1995-11-06,,,,,407.75,135.25,60.0,,,3514.800048828125,588.4600219726562
1995-11-07,,,,,409.25,134.5,60.0,,,3522.39990234375,586.3200073242188
1995-11-08,,,,,414.0,135.25,60.0,,,3537.10009765625,591.7100219726562
1995-11-09,,,,,414.25,135.25,60.0,,,3541.60009765625,593.260009765625
1995-11-10,,,,,421.5,137.25,60.0,,,3523.39990234375,592.719970703125
1995-11-13,,,,,421.25,137.25,60.0,,,3536.800048828125,592.2999877929688
1995-11-14,,,,,415.75,136.5,60.0,,,3547.89990234375,589.2899780273438
1995-11-15,,,,,416.25,135.75,60.0,,,3571.39990234375,593.9600219726562
1995-11-16,,,,,416.0,135.75,60.0,,,3610.800048828125,597.3400268554688
1995-11-17,,,,,414.75,135.25,60.0,,,3609.199951171875,600.0700073242188
1995-11-20,,,,,415.25,135.25,60.0,,,3628.800048828125,596.8499755859375
1995-11-21,,,,,417.0,136.0,60.0,,,3604.10009765625,600.239990234375
1995-11-22,,,,,415.0,135.0,60.0,,,3632.39990234375,598.4000244140625
1995-11-23,,,,,412.75,134.0,60.0,,,3602.5,598.4000244140625
1995-11-24,,,,,413.75,134.0,60.0,,,3624.0,599.969970703125
1995-11-27,,,,,413.5,134.25,60.0,,,3649.0,601.3200073242188
1995-11-28,,,,,416.25,135.25,60.0,,,3648.800048828125,606.4500122070312
1995-11-29,,,,,415.25,134.75,60.0,,,3655.5,607.6400146484375
1995-11-30,,,,,414.0,133.5,60.0,,,3664.300048828125,605.3699951171875
1995-12-01,,,,,412.0,132.5,60.0,,,3680.39990234375,606.97998046875
1995-12-04,,,,,411.75,131.5,60.0,,,3669.699951171875,613.6799926757812
1995-12-05,,,,,413.25,133.25,60.0,,,3664.199951171875,617.6799926757812
1995-12-06,,,,,414.75,134.5,60.0,,,3662.800048828125,620.1799926757812
1995-12-07,,,,,414.25,133.75,60.0,,,3639.5,616.1699829101562
1995-12-08,,,,,414.0,134.25,60.0,,,3630.0,617.47998046875
1995-12-11,,,,,417.25,135.25,60.0,,,3652.10009765625,619.52001953125
1995-12-12,,,,,416.5,136.75,60.0,,,3654.89990234375,618.780029296875
1995-12-13,,,,,414.25,136.0,60.0,,,3662.39990234375,621.6900024414062
1995-12-14,,,,,410.0,135.0,60.0,,,3671.60009765625,616.9199829101562
1995-12-15,,,,,407.75,134.25,60.0,,,3642.60009765625,616.3400268554688
1995-12-18,,,,,408.25,133.0,60.0,,,3596.10009765625,606.8099975585938
1995-12-19,,,,,410.5,134.25,60.0,,,3576.89990234375,611.9299926757812
1995-12-20,,,,,407.0,130.5,60.0,,,3613.699951171875,605.9400024414062
1995-12-21,,,,,408.0,131.25,60.0,,,3633.300048828125,610.489990234375
1995-12-22,,,,,407.25,132.5,60.0,,,3658.300048828125,611.9500122070312
1995-12-26,,,,,407.0,133.0,60.0,,,3658.300048828125,614.2999877929688
1995-12-27,,,,,407.25,132.0,60.0,,,3676.39990234375,614.530029296875
1995-12-28,,,,,404.25,130.0,60.0,,,3676.699951171875,614.1199951171875
1995-12-29,,,,,400.25,128.75,60.0,,,3689.300048828125,615.9299926757812
1996-01-02,,,,,400.25,128.75,60.0,,,3687.89990234375,620.72998046875
1996-01-03,,,,,407.5,132.75,60.0,,,3715.60009765625,621.3200073242188
1996-01-04,,,,,411.25,132.75,60.0,,,3714.10009765625,617.7000122070312
1996-01-05,,,,,414.25,132.5,60.0,,,3704.5,616.7100219726562
1996-01-08,,,,,418.75,132.0,60.0,,,3720.60009765625,618.4600219726562
1996-01-09,,,,,417.0,131.25,60.0,,,3700.300048828125,609.4500122070312
1996-01-10,,,,,417.0,130.75,60.0,,,3671.5,598.47998046875
1996-01-11,,,,,418.25,130.75,60.0,,,3654.89990234375,602.6900024414062
1996-01-12,,,,,416.5,129.0,60.0,,,3657.300048828125,601.8099975585938
1996-01-15,,,,,414.75,129.5,60.0,,,3662.699951171875,599.8200073242188
1996-01-16,,,,,415.5,131.0,60.0,,,3710.60009765625,608.4400024414062
1996-01-17,,,,,419.25,131.0,60.0,,,3704.199951171875,606.3699951171875
1996-01-18,,,,,418.25,131.25,60.0,,,3748.699951171875,608.239990234375
1996-01-19,,,,,416.5,130.75,60.0,,,3748.39990234375,611.8300170898438
1996-01-22,,,,,420.0,131.5,60.0,,,3754.199951171875,613.4000244140625
1996-01-23,,,,,424.75,131.75,60.0,,,3735.0,612.7899780273438
1996-01-24,,,,,421.75,130.75,60.0,,,3758.199951171875,619.9600219726562
1996-01-25,,,,,420.75,129.0,60.0,,,3734.199951171875,617.030029296875
1996-01-26,,,,,423.5,129.75,60.0,,,3734.699951171875,621.6199951171875
1996-01-29,,,,,419.75,128.0,60.0,,,3734.60009765625,624.219970703125
1996-01-30,,,,,420.75,129.5,60.0,,,3735.300048828125,630.1500244140625
1996-01-31,,,,,419.5,129.25,60.0,,,3759.300048828125,636.02001953125
1996-02-01,,,,,422.75,131.0,60.0,,,3752.800048828125,638.4600219726562
1996-02-02,,,,,431.75,136.5,60.0,,,3781.300048828125,635.8400268554688
1996-02-05,,,,,432.75,140.25,60.0,,,3746.60009765625,641.4299926757812
1996-02-06,,,,,428.25,140.75,60.0,,,3747.5,646.3300170898438
1996-02-07,,,,,429.5,141.25,60.0,,,3726.10009765625,649.9299926757812
1996-02-08,,,,,424.5,140.5,60.0,,,3708.39990234375,656.0700073242188
1996-02-09,,,,,424.25,141.5,60.0,,,3716.300048828125,656.3699951171875
1996-02-12,,,,,419.75,139.5,60.0,,,3726.60009765625,661.4500122070312
1996-02-13,,,,,420.25,139.5,60.0,,,3747.60009765625,660.510009765625
1996-02-14,,,,,423.5,142.5,60.0,,,3745.0,655.5800170898438
1996-02-15,,,,,423.75,144.0,60.0,,,3779.800048828125,651.3200073242188
1996-02-16,,,,,423.25,144.25,60.0,,,3770.89990234375,647.97998046875
1996-02-19,,,,,424.5,143.0,60.0,,,3744.300048828125,647.97998046875
1996-02-20,,,,,423.5,143.0,60.0,,,3714.60009765625,640.6500244140625
1996-02-21,,,,,417.0,143.0,60.0,,,3725.60009765625,648.0999755859375
1996-02-22,,,,,417.0,143.75,60.0,,,3740.0,658.8599853515625
1996-02-23,,,,,412.25,141.75,60.0,,,3740.300048828125,659.0800170898438
1996-02-26,,,,,411.25,141.5,60.0,,,3704.199951171875,650.4600219726562
1996-02-27,,,,,410.75,141.0,60.0,,,3715.89990234375,647.239990234375
1996-02-28,,,,,409.5,140.25,60.0,,,3738.199951171875,644.75
1996-02-29,,,,,412.75,139.25,60.0,,,3727.60009765625,640.4299926757812
1996-03-01,,,,,413.5,138.5,60.0,,,3752.699951171875,644.3699951171875
1996-03-04,,,,,410.5,136.0,60.0,,,3768.60009765625,650.8099975585938
1996-03-05,,,,,406.75,133.75,60.0,,,3777.10009765625,655.7899780273438
1996-03-06,,,,,407.25,134.5,60.0,,,3758.89990234375,652.0
1996-03-07,,,,,408.75,135.75,60.0,,,3758.199951171875,653.6500244140625
1996-03-08,,,,,411.5,136.75,60.0,,,3710.300048828125,633.5
1996-03-11,,,,,411.5,140.0,60.0,,,3674.5,640.02001953125
1996-03-12,,,,,412.0,142.25,60.0,,,3639.5,637.0900268554688
1996-03-13,,,,,413.75,142.5,60.0,,,3640.300048828125,638.5499877929688
1996-03-14,,,,,413.5,140.5,60.0,,,3681.800048828125,640.8699951171875
1996-03-15,,,,,411.75,139.5,60.0,,,3644.800048828125,641.4299926757812
1996-03-18,,,,,412.5,139.75,60.0,,,3669.60009765625,652.6500244140625
1996-03-19,,,,,412.0,139.5,60.0,,,3693.0,651.6900024414062
1996-03-20,,,,,411.75,139.25,60.0,,,3685.39990234375,649.97998046875
1996-03-21,,,,,412.25,139.5,60.0,,,3698.300048828125,649.1900024414062
1996-03-22,,,,,413.0,139.75,60.0,,,3707.0,650.6199951171875
1996-03-25,,,,,412.75,141.25,60.0,,,3681.89990234375,650.0399780273438
1996-03-26,,,,,414.0,141.75,60.0,,,3660.89990234375,652.969970703125
1996-03-27,,,,,415.75,142.25,60.0,,,3672.39990234375,648.9099731445312
1996-03-28,,,,,413.75,141.75,60.0,,,3672.60009765625,648.9400024414062
1996-03-29,,,,,410.5,139.75,60.0,,,3699.699951171875,645.5
1996-04-01,,,,,406.25,140.75,60.0,,,3718.39990234375,653.72998046875
1996-04-02,,,,,406.75,142.0,60.0,,,3728.5,655.260009765625
1996-04-03,,,,,406.0,141.75,60.0,,,3725.10009765625,655.8800048828125
1996-04-04,,,,,406.5,141.0,60.0,,,3755.60009765625,655.8599853515625
1996-04-08,,,,,408.0,142.0,60.0,,,3755.60009765625,644.239990234375
1996-04-09,,,,,410.0,141.5,60.0,,,3758.60009765625,642.1900024414062
1996-04-10,,,,,407.25,140.0,60.0,,,3767.39990234375,633.5
1996-04-11,,,,,408.25,140.0,60.0,,,3744.199951171875,631.1799926757812
1996-04-12,,,,,408.75,138.75,60.0,,,3766.800048828125,636.7100219726562
1996-04-15,,,,,406.0,138.0,60.0,,,3790.5,642.489990234375
1996-04-16,,,,,404.5,137.25,60.0,,,3825.300048828125,645.0
1996-04-17,,,,,402.25,136.5,60.0,,,3805.60009765625,641.6099853515625
1996-04-18,,,,,401.75,137.0,60.0,,,3820.699951171875,643.6099853515625
1996-04-19,,,,,399.75,135.5,60.0,,,3857.10009765625,645.0700073242188
1996-04-22,,,,,403.0,134.25,60.0,,,3852.699951171875,647.8900146484375
1996-04-23,,,,,405.5,136.0,60.0,,,3833.0,651.5800170898438
1996-04-24,,,,,404.25,135.75,60.0,,,3817.60009765625,650.1699829101562
1996-04-25,,,,,403.25,135.5,60.0,,,3819.300048828125,652.8699951171875
1996-04-26,,,,,405.25,135.5,60.0,,,3832.800048828125,653.4600219726562
1996-04-29,,,,,403.0,132.75,60.0,,,3809.199951171875,654.1599731445312
1996-04-30,,,,,401.25,131.25,60.0,,,3817.89990234375,654.1699829101562
1996-05-01,,,,,401.25,132.25,60.0,,,3806.0,654.5800170898438
1996-05-02,,,,,404.5,133.75,60.0,,,3776.39990234375,643.3800048828125
1996-05-03,,,,,405.0,135.25,60.0,,,3751.60009765625,641.6300048828125
1996-05-06,,,,,405.0,136.0,60.0,,,3751.60009765625,640.8099975585938
1996-05-07,,,,,405.75,136.25,60.0,,,3723.0,638.260009765625
1996-05-08,,,,,407.0,136.25,60.0,,,3707.300048828125,644.77001953125
1996-05-09,,,,,405.5,135.0,60.0,,,3728.300048828125,645.4400024414062
1996-05-10,,,,,404.75,134.25,60.0,,,3754.39990234375,652.0900268554688
1996-05-13,,,,,403.0,133.5,60.0,,,3739.199951171875,661.510009765625
1996-05-14,,,,,403.25,134.25,60.0,,,3759.699951171875,665.5999755859375
1996-05-15,,,,,402.75,134.75,60.0,,,3776.199951171875,665.4199829101562
1996-05-16,,,,,403.25,135.0,60.0,,,3753.60009765625,664.8499755859375
1996-05-17,,,,,401.75,134.0,60.0,,,3789.60009765625,668.9099731445312
1996-05-20,,,,,398.5,132.25,60.0,,,3778.199951171875,673.1500244140625
1996-05-21,,,,,398.0,130.25,60.0,,,3789.39990234375,672.760009765625
1996-05-22,,,,,398.0,130.75,62.5,,,3764.199951171875,678.4199829101562
1996-05-23,,,,,398.75,130.75,65.0,,,3747.0,676.0
1996-05-24,,,,,399.25,131.25,65.0,,,3752.10009765625,678.510009765625
1996-05-27,,,,,398.6667,130.0,65.0,,,3752.10009765625,678.510009765625
1996-05-28,,,,,398.25,130.5,65.0,,,3760.199951171875,672.22998046875
1996-05-29,,,,,399.75,132.0,65.0,,,3775.699951171875,667.9299926757812
1996-05-30,,,,,400.0,132.75,65.0,,,3746.699951171875,671.7000122070312
1996-05-31,,,,,400.0,133.0,65.0,,,3747.800048828125,669.1199951171875
1996-06-03,,,,,401.25,132.75,65.0,,,3739.199951171875,667.6799926757812
1996-06-04,,,,,400.25,132.25,65.0,,,3755.199951171875,672.5599975585938
1996-06-05,,,,,394.5,130.25,65.0,,,3753.39990234375,678.4400024414062
1996-06-06,,,,,392.75,129.25,65.0,,,3760.300048828125,673.030029296875
1996-06-07,,,,,394.25,130.0,65.0,,,3706.800048828125,673.3099975585938
1996-06-10,,,,,393.25,130.0,65.0,,,3728.800048828125,672.1599731445312
1996-06-11,,,,,392.25,130.0,65.0,,,3755.699951171875,670.969970703125
1996-06-12,,,,,391.25,129.5,65.0,,,3769.199951171875,669.0399780273438
1996-06-13,,,,,393.0,130.75,65.0,,,3761.699951171875,667.9199829101562
1996-06-14,,,,,392.25,130.25,65.0,,,3753.60009765625,665.8499755859375
1996-06-17,,,,,392.5,132.5,65.0,,,3761.5,665.1599731445312
1996-06-18,,,,,392.75,131.75,65.0,,,3756.39990234375,662.0599975585938
1996-06-19,,,,,393.5,131.25,65.0,,,3753.199951171875,661.9600219726562
1996-06-20,,,,,393.0,132.0,65.0,,,3727.5,662.0999755859375
1996-06-21,,,,,392.25,131.5,65.0,,,3722.300048828125,666.8400268554688
1996-06-24,,,,,392.75,131.5,65.0,,,3710.800048828125,668.8499755859375
1996-06-25,,,,,393.0,131.5,65.0,,,3679.5,668.47998046875
1996-06-26,,,,,391.5,133.0,65.0,,,3695.5,664.3900146484375
1996-06-27,,,,,390.0,134.25,65.0,,,3678.800048828125,668.5499877929688
1996-06-28,,,,,389.5,134.0,65.0,,,3711.0,670.6300048828125
1996-07-01,,,,,391.75,134.5,65.0,,,3725.60009765625,675.8800048828125
1996-07-02,,,,,392.75,135.25,65.0,,,3725.699951171875,673.6099853515625
1996-07-03,,,,,392.25,134.75,65.0,,,3714.10009765625,672.4000244140625
1996-07-04,,,,,390.0,134.25,65.0,,,3760.60009765625,672.4000244140625
1996-07-05,,,,,389.0,133.5,65.0,,,3743.199951171875,657.4400024414062
1996-07-08,,,,,391.0,133.0,65.0,,,3741.5,652.5399780273438
1996-07-09,,,,,388.75,131.25,65.0,,,3752.300048828125,654.75
1996-07-10,,,,,391.0,132.25,65.0,,,3765.800048828125,656.0599975585938
1996-07-11,,,,,391.0,132.5,65.0,,,3749.0,645.6699829101562
1996-07-12,,,,,391.0,132.0,65.0,,,3728.300048828125,646.1900024414062
1996-07-15,,,,,391.75,132.5,65.0,,,3698.300048828125,629.7999877929688
1996-07-16,,,,,395.75,134.0,65.0,,,3632.300048828125,628.3699951171875
1996-07-17,,,,,392.75,134.5,65.0,,,3658.199951171875,634.0700073242188
1996-07-18,,,,,393.25,134.5,65.0,,,3693.39990234375,643.5599975585938
1996-07-19,,,,,394.5,134.75,65.0,,,3710.5,638.72998046875
1996-07-22,,,,,394.75,135.5,65.0,,,3681.300048828125,633.77001953125
1996-07-23,,,,,396.75,135.75,65.0,,,3708.39990234375,626.8699951171875
1996-07-24,,,,,397.0,135.5,65.0,,,3668.800048828125,626.6500244140625
1996-07-25,,,,,397.25,134.5,65.0,,,3684.699951171875,631.1699829101562
1996-07-26,,,,,399.0,132.5,65.0,,,3673.300048828125,635.9000244140625
1996-07-29,,,,,399.75,132.5,65.0,,,3678.800048828125,630.9099731445312
1996-07-30,,,,,398.75,131.5,65.0,,,3668.5,635.260009765625
1996-07-31,,,,,400.5,131.0,65.0,,,3703.199951171875,639.9500122070312
1996-08-01,,,,,404.0,132.75,66.5,,,3734.39990234375,650.02001953125
1996-08-02,,,,,404.5,132.25,68.0,,,3770.60009765625,662.489990234375
1996-08-05,,,,,404.25,130.75,68.0,,,3788.300048828125,660.22998046875
1996-08-06,,,,,404.5,131.0,68.0,,,3788.39990234375,662.3800048828125
1996-08-07,,,,,401.0,130.25,68.0,,,3811.10009765625,664.1599731445312
1996-08-08,,,,,402.0,130.5,68.0,,,3811.39990234375,662.5900268554688
1996-08-09,,,,,402.0,130.75,68.0,,,3810.699951171875,662.0999755859375
1996-08-12,,,,,400.0,130.75,68.0,,,3803.300048828125,665.77001953125
1996-08-13,,,,,399.75,130.25,68.0,,,3823.39990234375,660.2000122070312
1996-08-14,,,,,400.25,130.5,68.0,,,3830.300048828125,662.0499877929688
1996-08-15,,,,,400.0,129.0,68.0,,,3837.39990234375,662.280029296875
1996-08-16,,,,,399.5,127.25,68.0,,,3872.89990234375,665.2100219726562
1996-08-19,,,,,398.25,125.25,68.0,,,3863.699951171875,666.5800170898438
1996-08-20,,,,,399.75,126.0,68.0,,,3883.199951171875,665.6900024414062
1996-08-21,,,,,400.0,127.25,68.0,,,3872.10009765625,665.0700073242188
1996-08-22,,,,,399.0,125.75,68.0,,,3891.10009765625,670.6799926757812
1996-08-23,,,,,400.0,126.0,68.0,,,3907.5,667.030029296875
1996-08-26,,,,,401.0,126.5,68.0,,,3907.5,663.8800048828125
1996-08-27,,,,,402.25,126.5,68.0,,,3905.699951171875,666.4000244140625
1996-08-28,,,,,401.0,126.5,68.0,,,3918.699951171875,664.8099975585938
1996-08-29,,,,,399.75,127.0,68.5,,,3885.0,657.4000244140625
1996-08-30,,,,,397.75,126.5,70.0,,,3867.60009765625,651.989990234375
1996-09-02,,,,,396.25,126.0,70.0,,,3884.39990234375,651.989990234375
1996-09-03,,,,,396.75,126.25,70.0,,,3855.89990234375,654.719970703125
1996-09-04,,,,,395.75,126.25,70.0,,,3872.699951171875,655.6099853515625
1996-09-05,,,,,395.0,126.25,70.0,,,3887.199951171875,649.4400024414062
1996-09-06,,,,,394.0,126.0,70.0,,,3893.0,655.6799926757812
1996-09-09,,,,,394.0,126.25,70.0,,,3910.800048828125,663.760009765625
1996-09-10,,,,,393.5,125.25,70.0,,,3916.10009765625,663.8099975585938
1996-09-11,,,,,394.0,124.0,70.0,,,3905.60009765625,667.280029296875
1996-09-12,,,,,391.0,123.0,70.0,,,3932.60009765625,671.1500244140625
1996-09-13,,,,,389.5,123.25,70.0,,,3967.89990234375,680.5399780273438
1996-09-16,,,,,389.0,123.0,70.0,,,3977.199951171875,683.97998046875
1996-09-17,,,,,388.75,122.5,70.0,,,3972.300048828125,682.9400024414062
1996-09-18,,,,,389.5,122.0,70.0,,,3955.699951171875,681.469970703125
1996-09-19,,,,,391.0,122.0,70.0,,,3974.300048828125,683.0
1996-09-20,,,,,388.75,121.0,70.0,,,3964.10009765625,687.030029296875
1996-09-23,,,,,387.0,120.0,70.0,,,3919.699951171875,686.47998046875
1996-09-24,,,,,388.0,118.0,70.0,,,3910.5,685.6099853515625
1996-09-25,,,,,388.75,119.0,70.0,,,3935.699951171875,685.8300170898438
1996-09-26,,,,,388.0,120.25,70.0,,,3933.199951171875,685.8599853515625
1996-09-27,,,,,385.5,119.5,70.0,,,3946.39990234375,686.1900024414062
1996-09-30,,,,,384.25,120.25,70.0,,,3953.699951171875,687.3300170898438
1996-10-01,,,,,383.0,119.5,70.0,,,3992.199951171875,689.0800170898438
1996-10-02,,,,,384.25,120.75,70.0,,,4015.10009765625,694.010009765625
1996-10-03,,,,,384.5,121.75,70.0,,,4000.0,692.780029296875
1996-10-04,,,,,384.75,121.75,70.0,,,4024.800048828125,701.4600219726562
1996-10-07,,,,,384.25,121.5,70.0,,,4031.5,703.3400268554688
1996-10-08,,,,,385.25,120.25,70.0,,,4035.60009765625,700.6400146484375
1996-10-09,,,,,385.75,119.25,70.0,,,4009.300048828125,696.739990234375
1996-10-10,,,,,387.75,118.5,70.0,,,3994.699951171875,694.6099853515625
1996-10-11,,,,,387.75,119.25,70.0,,,4028.10009765625,700.6599731445312
1996-10-14,,,,,386.0,118.25,70.0,,,4038.699951171875,703.5399780273438
1996-10-15,,,,,386.0,118.0,70.0,,,4050.800048828125,702.5700073242188
1996-10-16,,,,,385.25,117.5,70.0,,,4024.39990234375,704.4099731445312
1996-10-17,,,,,384.5,117.0,70.0,,,4042.10009765625,706.989990234375
1996-10-18,,,,,384.0,116.5,70.0,,,4053.10009765625,710.8200073242188
1996-10-21,,,,,383.5,117.5,70.0,,,4073.10009765625,709.8499755859375
1996-10-22,,,,,385.25,118.25,70.0,,,4057.199951171875,706.5700073242188
1996-10-23,,,,,387.25,119.75,70.0,,,4028.39990234375,707.27001953125
1996-10-24,,,,,387.75,119.25,70.0,,,3999.39990234375,702.2899780273438
1996-10-25,,,,,385.75,118.25,70.0,,,4022.39990234375,700.9199829101562
1996-10-28,,,,,384.0,118.0,70.0,,,4025.300048828125,697.260009765625
1996-10-29,,,,,384.0,117.0,70.0,,,3993.5,701.5
1996-10-30,,,,,381.25,116.5,72.5,,,3963.89990234375,700.9000244140625
1996-10-31,,,,,381.5,117.25,75.0,,,3979.10009765625,705.27001953125
1996-11-01,,,,,380.75,117.0,75.0,,,3948.5,703.77001953125
1996-11-04,,,,,381.25,117.25,75.75,,,3928.10009765625,706.72998046875
1996-11-05,,,,,382.0,118.0,78.0,,,3921.10009765625,714.1400146484375
1996-11-06,,,,,381.0,117.75,78.0,,,3935.699951171875,724.5900268554688
1996-11-07,,,,,380.75,117.25,78.0,,,3900.39990234375,727.6500244140625
1996-11-08,,,,,382.75,117.75,78.0,,,3910.800048828125,730.8200073242188
1996-11-11,,,,,385.0,118.25,78.0,,,3914.39990234375,731.8699951171875
1996-11-12,,,,,388.0,118.75,78.0,,,3934.300048828125,729.5599975585938
1996-11-13,,,,,388.0,120.0,78.0,,,3926.89990234375,731.1300048828125
1996-11-14,,,,,387.0,121.75,78.0,,,3926.10009765625,735.8800048828125
1996-11-15,,,,,385.75,120.25,78.0,,,3958.199951171875,737.6199951171875
1996-11-18,,,,,385.75,120.0,78.0,,,3962.10009765625,737.02001953125
1996-11-19,,,,,385.0,119.5,78.5,,,3978.10009765625,742.1599731445312
1996-11-20,,,,,384.25,119.75,80.0,,,3962.800048828125,743.9500122070312
1996-11-21,,,,,384.5,119.5,80.0,,,3953.800048828125,742.75
1996-11-22,,,,,383.5,119.25,85.0,,,4018.699951171875,748.72998046875
1996-11-25,,,,,382.75,118.5,85.0,,,4054.60009765625,757.030029296875
1996-11-26,,,,,379.0,116.75,85.0,,,4068.39990234375,755.9600219726562
1996-11-27,,,,,378.25,116.25,85.0,,,4049.199951171875,755.0
1996-11-28,,,,,376.0,116.0,85.0,,,4050.199951171875,755.0
1996-11-29,,,,,375.0,115.75,85.0,,,4058.0,757.02001953125
1996-12-02,,,,,374.25,115.75,85.0,,,4038.5,756.5599975585938
1996-12-03,,,,,372.0,116.5,85.0,,,4061.5,748.280029296875
1996-12-04,,,,,374.25,116.75,85.0,,,4045.199951171875,745.0999755859375
1996-12-05,,,,,374.5,117.25,85.0,,,4051.199951171875,744.3800048828125
1996-12-06,,,,,372.5,117.75,85.0,,,3963.0,739.5999755859375
1996-12-09,,,,,369.0,117.0,85.0,,,4011.60009765625,749.760009765625
1996-12-10,,,,,368.25,118.25,85.0,,,4035.699951171875,747.5399780273438
1996-12-11,,,,,369.25,119.75,85.0,,,3982.5,740.72998046875
1996-12-12,,,,,369.75,120.5,90.0,,,3990.699951171875,729.2999877929688
1996-12-13,,,,,369.75,119.5,95.0,,,3972.39990234375,728.6400146484375
1996-12-16,,,,,368.25,118.75,95.0,,,3993.800048828125,720.97998046875
1996-12-17,,,,,368.5,119.0,95.0,,,3979.60009765625,726.0399780273438
1996-12-18,,,,,371.25,119.5,95.0,,,4018.199951171875,731.5399780273438
1996-12-19,,,,,372.0,120.0,97.5,,,4051.300048828125,745.760009765625
1996-12-20,,,,,371.75,119.75,100.0,,,4077.60009765625,748.8699951171875
1996-12-23,,,,,372.75,120.25,100.0,,,4087.199951171875,746.9199829101562
1996-12-24,,,,,372.25,118.25,100.0,,,4092.5,751.030029296875
1996-12-26,,,,,372.0,119.0,100.0,,,4092.5,755.8200073242188
1996-12-27,,,,,371.5,118.25,100.0,,,4091.0,756.7899780273438
1996-12-30,,,,,370.75,118.25,102.5,,,4115.7001953125,753.8499755859375
1996-12-31,,,,,371.25,118.75,110.0,,,4118.5,740.739990234375
1997-01-02,,,,,370.75,122.5,110.0,,,4057.39990234375,737.010009765625
1997-01-03,,,,,367.25,121.5,112.5,,,4089.5,748.030029296875
1997-01-06,,,,,363.75,119.75,120.0,,,4106.5,747.6500244140625
1997-01-07,,,,,362.25,120.0,120.0,,,4078.800048828125,753.22998046875
1997-01-08,,,,,361.75,121.5,123.75,,,4087.5,748.4099731445312
1997-01-09,,,,,360.5,122.25,135.0,,,4087.0,754.8499755859375
1997-01-10,,,,,363.75,124.5,135.0,,,4056.60009765625,759.5
1997-01-13,,,,,364.0,124.0,135.0,,,4107.2998046875,759.510009765625
1997-01-14,,,,,362.0,123.0,135.0,,,4168.2001953125,768.8599853515625
1997-01-15,,,,,360.75,122.25,135.0,,,4158.89990234375,767.2000122070312
1997-01-16,,,,,360.25,122.25,135.0,,,4197.5,769.75
1997-01-17,,,,,361.0,123.75,135.0,,,4207.7001953125,776.1699829101562
1997-01-20,,,,,361.0,123.5,135.0,,,4194.0,776.7000122070312
1997-01-21,,,,,358.25,122.75,135.0,,,4195.5,782.719970703125
1997-01-22,,,,,357.25,122.75,137.5,,,4219.10009765625,786.22998046875
1997-01-23,,,,,356.5,122.75,145.0,,,4271.5,777.5599975585938
1997-01-24,,,,,357.75,123.0,148.75,,,4218.7998046875,770.52001953125
1997-01-27,,,,,358.5,124.75,160.0,,,4212.0,765.02001953125
1997-01-28,,,,,360.25,124.5,163.75,,,4237.39990234375,765.02001953125
1997-01-29,,,,,356.0,123.5,181.25,,,4207.5,772.5
1997-01-30,,,,,354.25,123.5,200.0,,,4228.39990234375,784.1699829101562
1997-01-31,,,,,351.5,123.5,200.0,,,4275.7998046875,786.1599731445312
1997-02-03,,,,,350.5,126.0,200.0,,,4257.7998046875,786.72998046875
1997-02-04,,,,,352.5,128.25,200.0,,,4260.89990234375,789.260009765625
1997-02-05,,,,,351.5,128.25,200.0,,,4281.5,778.280029296875
1997-02-06,,,,,352.0,131.5,200.0,,,4265.89990234375,780.1500244140625
1997-02-07,,,,,351.0,134.0,200.0,,,4307.7998046875,789.5599975585938
1997-02-10,,,,,353.75,136.0,200.0,,,4307.7001953125,785.4299926757812
1997-02-11,,,,,355.5,137.75,200.0,,,4304.2998046875,789.5900268554688
1997-02-12,,,,,357.75,138.0,200.0,,,4304.2998046875,802.77001953125
1997-02-13,,,,,368.75,142.5,200.0,,,4327.10009765625,811.8200073242188
1997-02-14,,,,,367.0,139.25,200.0,,,4341.0,808.47998046875
1997-02-17,,,,,365.75,134.25,200.0,,,4337.7998046875,808.47998046875
1997-02-18,,,,,367.25,136.75,200.0,,,4332.2998046875,816.2899780273438
1997-02-19,,,,,368.75,137.0,200.0,,,4357.39990234375,812.489990234375
1997-02-20,,,,,366.5,136.0,200.0,,,4356.10009765625,802.7999877929688
1997-02-21,,,,,370.25,137.25,200.0,,,4336.7998046875,801.77001953125
1997-02-24,,,,,373.5,140.75,200.0,,,4331.10009765625,810.280029296875
1997-02-25,,,,,374.75,142.5,200.0,,,4344.7001953125,812.030029296875
1997-02-26,,,,,380.0,145.75,200.0,,,4329.2998046875,805.6799926757812
1997-02-27,,,,,391.5,156.0,200.0,,,4339.2001953125,795.0700073242188
1997-02-28,,,,,398.75,158.0,200.0,,,4308.2998046875,790.8200073242188
1997-03-03,,,,,391.0,153.25,200.0,,,4307.10009765625,795.3099975585938
1997-03-04,,,,,389.0,153.5,200.0,,,4357.7001953125,790.9500122070312
1997-03-05,,,,,383.75,149.75,200.0,,,4360.10009765625,801.989990234375
1997-03-06,,,,,381.25,147.75,200.0,,,4399.2998046875,798.5599975585938
1997-03-07,,,,,383.0,150.75,200.0,,,4420.2998046875,804.969970703125
1997-03-10,,,,,378.0,150.0,195.0,,,4437.39990234375,813.6500244140625
1997-03-11,,,,,383.25,155.75,190.0,,,4444.2998046875,811.3400268554688
1997-03-12,,,,,384.75,160.25,190.0,,,4422.5,804.260009765625
1997-03-13,,,,,382.25,154.5,190.0,,,4397.7001953125,789.5599975585938
1997-03-14,,,,,383.0,154.25,190.0,,,4424.2998046875,793.1699829101562
1997-03-17,,,,,381.25,153.25,190.0,,,4373.2998046875,795.7100219726562
1997-03-18,,,,,377.25,149.0,190.0,,,4356.7998046875,789.6599731445312
1997-03-19,,,,,378.25,147.75,190.0,,,4332.2001953125,785.77001953125
1997-03-20,,,,,380.75,150.5,190.0,,,4258.10009765625,782.6500244140625
1997-03-21,,,,,378.5,151.75,190.0,,,4254.7998046875,784.0999755859375
1997-03-24,,,,,378.5,151.25,187.5,,,4214.7998046875,790.8900146484375
1997-03-25,,,,,376.25,149.0,180.0,,,4270.7001953125,789.0700073242188
1997-03-26,,,,,373.75,146.75,180.0,,,4301.5,790.5
1997-03-27,,,,,374.75,147.75,180.0,,,4312.89990234375,773.8800048828125
1997-03-31,,,,,371.0,147.0,180.0,,,4312.89990234375,757.1199951171875
1997-04-01,,,,,370.5,148.0,180.0,,,4248.10009765625,759.6400146484375
1997-04-02,,,,,371.75,150.25,180.0,,,4236.60009765625,750.1099853515625
1997-04-03,,,,,367.25,147.5,180.0,,,4214.60009765625,750.3200073242188
1997-04-04,,,,,364.5,147.5,180.0,,,4236.60009765625,757.9000244140625
1997-04-07,,,,,363.25,149.25,175.0,,,4271.7001953125,762.1300048828125
1997-04-08,,,,,366.25,153.75,170.0,,,4269.2998046875,766.1199951171875
1997-04-09,,,,,367.5,157.5,170.0,,,4292.2998046875,760.5999755859375
1997-04-10,,,,,370.25,160.0,170.0,,,4313.2001953125,758.3400268554688
1997-04-11,,,,,371.75,157.75,170.0,,,4270.7001953125,737.6500244140625
1997-04-14,,,,,369.25,155.75,170.0,,,4251.7001953125,743.72998046875
1997-04-15,,,,,367.0,153.5,170.0,,,4286.7998046875,754.719970703125
1997-04-16,,,,,366.25,151.0,167.5,,,4294.60009765625,763.530029296875
1997-04-17,,,,,373.25,153.5,165.0,,,4298.89990234375,761.77001953125
1997-04-18,,,,,379.5,155.0,165.0,,,4310.5,766.3400268554688
1997-04-21,,,,,379.0,156.25,165.0,,,4328.7001953125,760.3699951171875
1997-04-22,,,,,382.0,157.5,165.0,,,4346.10009765625,774.6099853515625
1997-04-23,,,,,376.0,155.75,165.0,,,4387.7001953125,773.6400146484375
1997-04-24,,,,,375.5,156.5,165.0,,,4388.5,771.1799926757812
1997-04-25,,,,,378.0,159.5,165.0,,,4369.7001953125,765.3699951171875
1997-04-28,,,,,377.5,159.5,165.0,,,4389.7001953125,772.9600219726562
1997-04-29,,,,,374.5,158.5,165.0,,,4433.2001953125,794.0499877929688
1997-04-30,,,,,374.5,157.75,165.0,,,4436.0,801.3400268554688
1997-05-01,,,,,373.0,156.75,165.0,,,4445.0,798.530029296875
1997-05-02,,,,,374.25,157.5,165.0,,,4455.60009765625,812.969970703125
1997-05-05,,,,,372.0,158.0,165.0,,,4455.60009765625,830.2899780273438
1997-05-06,,,,,374.75,159.25,165.0,,,4519.2998046875,827.760009765625
1997-05-07,,,,,373.25,157.5,165.0,,,4537.5,815.6199951171875
1997-05-08,,,,,376.0,157.5,165.0,,,4580.39990234375,820.260009765625
1997-05-09,,,,,384.25,163.5,165.0,,,4630.89990234375,824.780029296875
1997-05-12,,,,,396.0,172.0,165.0,,,4669.60009765625,837.6599731445312
1997-05-13,,,,,392.5,173.0,165.0,,,4691.0,833.1300048828125
1997-05-14,,,,,393.5,173.0,165.0,,,4686.89990234375,836.0399780273438
1997-05-15,,,,,395.0,174.5,165.0,,,4681.2001953125,841.8800048828125
1997-05-16,,,,,394.25,173.75,165.0,,,4693.89990234375,829.75
1997-05-19,,,,,391.25,173.75,165.0,,,4645.2001953125,833.27001953125
1997-05-20,,,,,392.5,179.25,165.0,,,4607.5,841.6599731445312
1997-05-21,,,,,396.5,181.75,165.0,,,4642.0,839.3499755859375
1997-05-22,,,,,392.5,179.0,165.0,,,4651.7998046875,835.6599731445312
1997-05-23,,,,,389.5,173.5,165.0,,,4661.7998046875,847.030029296875
1997-05-26,,,,,390.0,170.0,165.0,,,4661.7998046875,847.030029296875
1997-05-27,,,,,393.75,173.25,165.0,,,4681.60009765625,849.7100219726562
1997-05-28,,,,,402.5,187.5,165.0,,,4677.5,847.2100219726562
1997-05-29,,,,,416.75,201.25,165.0,,,4672.2998046875,844.0800170898438
1997-05-30,,,,,412.75,191.5,165.0,,,4621.2998046875,848.280029296875
1997-06-02,,,,,404.0,178.5,165.0,,,4562.7998046875,846.3599853515625
1997-06-03,,,,,408.75,184.25,162.5,,,4557.7998046875,845.47998046875
1997-06-04,,,,,423.75,207.25,160.0,,,4557.10009765625,840.1099853515625
1997-06-05,,,,,439.5,231.5,160.0,,,4576.2001953125,843.4299926757812
1997-06-06,,,,,490.0,245.0,160.0,,,4645.0,858.010009765625
1997-06-09,,,,,492.5,240.0,160.0,,,4686.7001953125,862.9099731445312
1997-06-10,,,,,470.0,213.25,160.0,,,4739.60009765625,865.27001953125
1997-06-11,,,,,458.0,216.75,160.0,,,4724.7998046875,869.5700073242188
1997-06-12,,,,,450.75,212.0,160.0,,,4757.39990234375,883.4600219726562
1997-06-13,,,,,441.5,209.25,160.0,,,4783.10009765625,893.27001953125
1997-06-16,,,,,436.0,206.5,160.0,,,4745.10009765625,893.9000244140625
1997-06-17,,,,,426.25,204.0,160.0,,,4682.2001953125,894.4199829101562
1997-06-18,,,,,414.0,194.75,160.0,,,4657.0,889.0599975585938
1997-06-19,,,,,414.25,198.5,160.0,,,4653.7001953125,897.989990234375
1997-06-20,,,,,418.0,202.0,160.0,,,4593.89990234375,898.7000122070312
1997-06-23,,,,,422.5,203.75,160.0,,,4575.7998046875,878.6199951171875
1997-06-24,,,,,418.0,200.0,160.0,,,4596.2998046875,896.3400268554688
1997-06-25,,,,,415.75,197.5,160.0,,,4640.0,888.989990234375
1997-06-26,,,,,418.5,199.25,160.0,,,4657.89990234375,883.6799926757812
1997-06-27,,,,,420.5,196.75,160.0,,,4640.2998046875,887.2999877929688
1997-06-30,,,,,425.0,195.0,160.0,,,4604.60009765625,885.1400146484375
1997-07-01,,,,,438.0,201.0,160.0,,,4728.2998046875,891.030029296875
1997-07-02,,,,,428.0,195.0,160.0,,,4751.39990234375,904.030029296875
1997-07-03,,,,,426.0,194.5,160.0,,,4831.7001953125,916.9199829101562
1997-07-04,,,,,421.0,192.25,160.0,,,4812.7998046875,916.9199829101562
1997-07-07,,,,,419.25,190.75,160.0,,,4810.7001953125,912.2000122070312
1997-07-08,,,,,410.0,181.75,160.0,,,4758.5,918.75
1997-07-09,,,,,403.0,176.0,160.0,,,4762.39990234375,907.5399780273438
1997-07-10,,,,,398.0,169.25,160.0,,,4767.7998046875,913.780029296875
1997-07-11,,,,,405.75,170.0,160.0,,,4799.5,916.6799926757812
1997-07-14,,,,,408.5,174.25,160.0,,,4857.39990234375,918.3800048828124
1997-07-15,,,,,405.25,174.75,160.0,,,4899.2998046875,925.760009765625
1997-07-16,,,,,406.0,178.25,160.0,,,4964.2001953125,936.5900268554688
1997-07-17,,,,,408.5,183.0,160.0,,,4949.0,931.6099853515624
1997-07-18,,,,,411.0,186.5,160.0,,,4877.2001953125,915.2999877929688
1997-07-21,,,,,413.75,191.75,160.0,,,4805.7001953125,912.9400024414062
1997-07-22,,,,,415.25,198.0,160.0,,,4846.7001953125,933.97998046875
1997-07-23,,,,,419.75,206.25,160.0,,,4874.5,936.5599975585938
1997-07-24,,,,,419.0,202.5,160.0,,,4862.89990234375,940.2999877929688
1997-07-25,,,,,423.25,207.0,160.0,,,4851.5,938.7899780273438
1997-07-28,,,,,426.0,207.25,160.0,,,4862.60009765625,936.4500122070312
1997-07-29,,,,,431.25,209.75,160.0,,,4876.60009765625,942.2899780273438
1997-07-30,,,,,428.5,209.75,161.25,,,4927.2998046875,952.2899780273438
1997-07-31,,,,,432.75,215.25,165.0,,,4907.5,954.3099975585938
1997-08-01,,,,,435.5,225.0,165.0,,,4899.2998046875,947.1400146484376
1997-08-04,,,,,447.75,238.0,165.0,,,4895.7001953125,950.2999877929688
1997-08-05,,,,,457.25,243.0,166.25,,,4960.60009765625,952.3699951171876
1997-08-06,,,,,435.0,236.25,170.0,,,5026.2001953125,960.3200073242188
1997-08-07,,,,,429.25,227.0,170.0,,,5086.7998046875,951.1900024414062
1997-08-08,,,,,441.25,234.0,170.0,,,5031.2998046875,933.5399780273438
1997-08-11,,,,,446.5,239.25,170.0,,,5031.89990234375,937.0
1997-08-12,,,,,441.0,235.25,170.0,,,5075.7998046875,926.530029296875
1997-08-13,,,,,437.75,231.75,170.0,,,5003.60009765625,922.02001953125
1997-08-14,,,,,432.25,223.25,170.0,,,4991.2998046875,924.77001953125
1997-08-15,,,,,426.5,219.75,170.0,,,4865.7998046875,900.8099975585938
1997-08-18,,,,,426.0,217.0,170.0,,,4835.0,912.489990234375
1997-08-19,,,,,418.25,208.25,170.0,,,4914.2001953125,926.010009765625
1997-08-20,,,,,409.75,203.25,170.0,,,4958.39990234375,939.3499755859376
1997-08-21,,,,,415.25,207.5,170.0,,,4978.0,925.0499877929688
1997-08-22,,,,,414.25,206.0,170.0,,,4901.10009765625,923.5399780273438
1997-08-25,,,,,411.0,205.75,170.0,,,4901.10009765625,920.1599731445312
1997-08-26,,,,,408.75,204.25,170.0,,,4886.2998046875,913.02001953125
1997-08-27,,,,,406.5,201.5,170.0,,,4906.89990234375,913.7000122070312
1997-08-28,,,,,408.5,198.5,180.0,,,4845.39990234375,903.6699829101562
1997-08-29,,,,,410.25,198.5,190.0,,,4817.5,899.469970703125
1997-09-01,,,,,410.0,200.0,190.0,,,4870.2001953125,899.469970703125
1997-09-02,,,,,411.0,196.5,190.0,,,4952.2001953125,927.5800170898438
1997-09-03,,,,,409.0,196.0,190.0,,,4976.89990234375,927.8599853515624
1997-09-04,,,,,416.5,198.0,197.5,,,4991.2998046875,930.8699951171876
1997-09-05,,,,,421.0,196.0,210.0,,,4994.2001953125,929.0499877929688
1997-09-08,,,,,421.5,197.5,225.0,,,4985.2001953125,931.2000122070312
1997-09-09,,,,,420.75,196.25,225.0,,,4950.5,933.6199951171876
1997-09-10,,,,,423.75,195.5,225.0,,,4905.2001953125,919.030029296875
1997-09-11,,,,,427.25,197.75,225.0,,,4854.7998046875,912.5900268554688
1997-09-12,,,,,428.25,200.75,225.0,,,4848.2001953125,923.9099731445312
1997-09-15,,,,,428.75,201.25,225.0,,,4902.89990234375,919.77001953125
1997-09-16,,,,,427.25,200.75,225.0,,,4976.39990234375,945.6400146484376
1997-09-17,,,,,422.5,197.5,225.0,,,5013.10009765625,943.0
1997-09-18,,,,,423.5,198.0,230.0,,,5046.2001953125,947.2899780273438
1997-09-19,,,,,428.0,201.5,235.0,,,5023.7998046875,950.510009765625
1997-09-22,,,,,434.75,205.75,235.0,,,5075.7001953125,955.4299926757812
1997-09-23,,,,,439.5,200.5,235.0,,,5027.5,951.9299926757812
1997-09-24,,,,,440.75,201.0,235.0,,,5077.2001953125,944.47998046875
1997-09-25,,,,,442.5,201.5,238.75,,,5065.5,937.9099731445312
1997-09-26,,,,,433.75,199.5,250.0,,,5226.2998046875,945.219970703125
1997-09-29,,,,,431.0,202.25,250.0,,,5220.2998046875,953.3400268554688
1997-09-30,,,,,434.5,204.75,250.0,,,5244.2001953125,947.280029296875
1997-10-01,,,,,436.0,202.5,250.0,,,5317.10009765625,955.4099731445312
1997-10-02,,,,,432.0,201.0,250.0,,,5296.10009765625,960.4600219726562
1997-10-03,,,,,431.75,201.75,250.0,,,5330.7998046875,965.030029296875
1997-10-06,,,,,426.75,201.5,250.0,,,5300.0,972.6900024414062
1997-10-07,,,,,425.75,202.75,250.0,,,5305.60009765625,983.1199951171876
1997-10-08,,,,,433.0,209.25,250.0,,,5262.10009765625,973.8400268554688
1997-10-09,,,,,436.25,213.75,250.0,,,5217.7998046875,970.6199951171876
1997-10-10,,,,,430.0,211.0,255.0,,,5227.2998046875,966.97998046875
1997-10-13,,,,,435.5,213.75,260.0,,,5300.10009765625,968.0999755859376
1997-10-14,,,,,438.5,215.5,260.0,,,5298.89990234375,970.280029296875
1997-10-15,,,,,436.75,223.5,262.5,,,5263.7001953125,965.719970703125
1997-10-16,,,,,435.75,230.0,272.5,,,5287.89990234375,955.25
1997-10-17,,,,,428.5,232.25,280.0,,,5271.10009765625,944.1599731445312
1997-10-20,,,,,422.75,222.5,280.0,,,5211.0,955.6099853515624
1997-10-21,,,,,424.25,215.75,282.5,,,5225.89990234375,972.280029296875
1997-10-22,,,,,422.0,212.5,290.0,,,5148.7998046875,968.489990234375
1997-10-23,,,,,423.5,211.75,290.0,,,4991.5,950.6900024414062
1997-10-24,,,,,422.0,212.25,290.0,,,4970.2001953125,941.6400146484376
1997-10-27,,,,,411.5,212.5,290.0,,,4840.7001953125,876.989990234375
1997-10-28,,,,,402.5,212.75,290.0,,,4755.39990234375,921.8499755859376
1997-10-29,,,,,408.0,219.0,290.0,,,4871.7998046875,919.1599731445312
1997-10-30,,,,,406.0,222.25,290.0,,,4801.89990234375,903.6799926757812
1997-10-31,,,,,406.5,217.0,290.0,,,4842.2998046875,914.6199951171876
1997-11-03,,,,,407.75,216.25,290.0,,,4906.39990234375,938.989990234375
1997-11-04,,,,,408.75,218.75,290.0,,,4897.39990234375,940.760009765625
1997-11-05,,,,,408.5,219.0,290.0,,,4908.2998046875,942.760009765625
1997-11-06,,,,,405.25,214.25,290.0,,,4863.7998046875,938.030029296875
1997-11-07,,,,,400.75,215.25,290.0,,,4764.39990234375,927.510009765625
1997-11-10,,,,,393.25,213.5,290.0,,,4806.7998046875,921.1300048828124
1997-11-11,,,,,391.5,216.5,290.0,,,4793.7001953125,923.780029296875
1997-11-12,,,,,394.5,219.25,290.0,,,4720.39990234375,905.9600219726562
1997-11-13,,,,,392.75,220.25,290.0,,,4711.0,916.6599731445312
1997-11-14,,,,,390.0,219.25,290.0,,,4741.7998046875,928.3499755859376
1997-11-17,,,,,387.5,216.5,290.0,,,4867.0,946.2000122070312
1997-11-18,,,,,389.25,216.5,290.0,,,4845.39990234375,938.22998046875
1997-11-19,,,,,397.75,220.25,290.0,,,4830.10009765625,944.5900268554688
1997-11-20,,,,,395.75,221.5,290.0,,,4908.39990234375,958.97998046875
1997-11-21,,,,,394.75,220.0,290.0,,,4985.7998046875,963.0900268554688
1997-11-24,,,,,392.0,219.0,290.0,,,4898.60009765625,946.6699829101562
1997-11-25,,,,,387.25,215.5,287.5,,,4863.5,950.8200073242188
1997-11-26,,,,,383.5,214.75,280.0,,,4891.2001953125,951.6400146484376
1997-11-27,,,,,386.25,217.5,280.0,,,4889.0,951.6400146484376
1997-11-28,,,,,384.0,215.75,280.0,,,4831.7998046875,955.4000244140624
1997-12-01,,,,,385.75,213.0,280.0,,,4921.7998046875,974.77001953125
1997-12-02,,,,,388.75,216.0,280.0,,,4977.60009765625,971.6799926757812
1997-12-03,,,,,389.75,215.75,280.0,,,4970.7001953125,976.77001953125
1997-12-04,,,,,386.5,215.0,280.0,,,5082.2998046875,973.0999755859376
1997-12-05,,,,,384.0,214.0,280.0,,,5142.89990234375,983.7899780273438
1997-12-08,,,,,382.0,214.0,280.0,,,5187.39990234375,982.3699951171876
1997-12-09,,,,,378.75,213.75,280.0,,,5177.10009765625,975.780029296875
1997-12-10,,,,,378.0,212.0,277.5,,,5130.7001953125,969.7899780273438
1997-12-11,,,,,368.25,210.5,270.0,,,5035.89990234375,954.9400024414062
1997-12-12,,,,,362.25,208.0,270.0,,,5045.2001953125,953.3900146484376
1997-12-15,,,,,359.75,202.0,270.0,,,5121.7998046875,963.3900146484376
1997-12-16,,,,,347.75,194.25,270.0,,,5203.39990234375,968.0399780273438
1997-12-17,,,,,347.25,188.5,270.0,,,5190.7998046875,965.5399780273438
1997-12-18,,,,,355.0,194.0,270.0,,,5168.2998046875,955.2999877929688
1997-12-19,,,,,355.5,190.75,270.0,,,5020.2001953125,946.780029296875
1997-12-22,,,,,355.25,188.5,270.0,,,5018.2001953125,953.7000122070312
1997-12-23,,,,,355.75,187.0,270.0,,,5049.7998046875,939.1300048828124
1997-12-24,,,,,359.75,189.5,270.0,,,5013.89990234375,932.7000122070312
1997-12-26,,,,,359.75,189.5,270.0,,,5013.89990234375,936.4600219726562
1997-12-29,,,,,365.5,198.0,270.0,,,5112.39990234375,953.3499755859376
1997-12-30,,,,,365.5,203.0,270.0,,,5132.39990234375,970.8400268554688
1997-12-31,,,,,365.0,206.25,270.0,,,5135.5,970.4299926757812
1998-01-02,,,,,367.0,206.0,270.0,,,5193.5,975.0399780273438
1998-01-05,,,,,365.75,205.5,270.0,,,5262.5,977.0700073242188
1998-01-06,,,,,360.75,203.75,270.0,,,5264.39990234375,966.5800170898438
1998-01-07,,,,,358.0,202.75,270.0,,,5224.10009765625,964.0
1998-01-08,,,,,365.5,208.25,270.0,,,5237.10009765625,956.0499877929688
1998-01-09,,,,,363.5,216.0,270.0,,,5138.2998046875,927.6900024414062
1998-01-12,,,,,364.25,222.0,270.0,,,5068.7998046875,939.2100219726562
1998-01-13,,,,,365.25,232.25,270.0,,,5083.89990234375,952.1199951171876
1998-01-14,,,,,384.25,249.25,270.0,,,5106.89990234375,957.9400024414062
1998-01-15,,,,,391.25,243.0,270.0,,,5165.7998046875,950.72998046875
1998-01-16,,,,,384.0,240.25,270.0,,,5263.10009765625,961.510009765625
1998-01-19,,,,,380.25,234.0,270.0,,,5273.60009765625,961.510009765625
1998-01-20,,,,,377.0,232.0,270.0,,,5278.2001953125,978.5999755859376
1998-01-21,,,,,379.0,234.0,270.0,,,5272.2998046875,970.8099975585938
1998-01-22,,,,,384.5,237.75,270.0,,,5253.10009765625,963.0399780273438
1998-01-23,,,,,385.25,236.75,275.0,,,5181.39990234375,957.5900268554688
1998-01-26,,,,,387.75,237.5,290.0,,,5237.2001953125,956.9500122070312
1998-01-27,,,,,386.75,235.0,290.0,,,5326.2998046875,969.02001953125
1998-01-28,,,,,388.0,232.5,290.0,,,5372.60009765625,977.4600219726562
1998-01-29,,,,,393.0,234.5,290.0,,,5422.39990234375,985.489990234375
1998-01-30,,,,,389.5,238.5,290.0,,,5458.5,980.280029296875
1998-02-02,,,,,391.25,240.0,290.0,,,5599.0,1001.27001953125
1998-02-03,,,,,389.5,239.25,290.0,,,5612.7998046875,1006.0
1998-02-04,,,,,389.75,239.75,290.0,,,5595.7998046875,1006.9000244140624
1998-02-05,,,,,402.0,242.25,290.0,,,5606.39990234375,1003.5399780273438
1998-02-06,,,,,399.75,240.5,290.0,,,5629.7001953125,1012.4600219726562
1998-02-09,,,,,396.5,239.5,290.0,,,5600.89990234375,1010.739990234375
1998-02-10,,,,,391.0,235.25,290.0,,,5613.2998046875,1019.010009765625
1998-02-11,,,,,391.75,235.5,290.0,,,5607.89990234375,1020.010009765625
1998-02-12,,,,,395.25,240.75,290.0,,,5552.5,1024.1400146484375
1998-02-13,,,,,390.75,240.25,290.0,,,5582.2998046875,1020.0900268554688
1998-02-16,,,,,389.25,239.75,290.0,,,5619.89990234375,1020.0900268554688
1998-02-17,,,,,386.25,237.25,290.0,,,5709.5,1022.760009765625
1998-02-18,,,,,382.0,234.5,290.0,,,5723.39990234375,1032.0799560546875
1998-02-19,,,,,381.75,233.0,290.0,,,5718.5,1028.280029296875
1998-02-20,,,,,384.5,235.5,290.0,,,5751.60009765625,1034.2099609375
1998-02-23,,,,,379.5,234.75,290.0,,,5702.7998046875,1038.1400146484375
1998-02-24,,,,,376.5,236.75,297.5,,,5651.0,1030.56005859375
1998-02-25,,,,,380.0,243.0,320.0,,,5745.10009765625,1042.9000244140625
1998-02-26,,,,,381.0,243.0,320.0,,,5764.7998046875,1048.6700439453125
1998-02-27,,,,,385.25,239.25,340.0,,,5767.2998046875,1049.3399658203125
1998-03-02,,,,,388.5,235.5,340.0,,,5820.60009765625,1047.699951171875
1998-03-03,,,,,388.5,235.0,340.0,,,5807.7001953125,1052.02001953125
1998-03-04,,,,,387.5,238.75,340.0,,,5733.10009765625,1047.3299560546875
1998-03-05,,,,,385.75,240.5,340.0,,,5695.60009765625,1035.050048828125
1998-03-06,,,,,384.0,238.25,345.0,,,5782.89990234375,1055.68994140625
1998-03-09,,,,,382.5,240.0,360.0,,,5818.89990234375,1052.31005859375
1998-03-10,,,,,387.75,247.5,360.0,,,5828.5,1064.25
1998-03-11,,,,,392.0,254.5,360.0,,,5829.7998046875,1068.469970703125
1998-03-12,,,,,391.0,259.0,360.0,,,5794.7998046875,1069.9200439453125
1998-03-13,,,,,393.0,269.75,366.25,,,5782.2998046875,1068.6099853515625
1998-03-16,,,,,399.0,280.0,385.0,,,5785.10009765625,1079.27001953125
1998-03-17,,,,,399.0,281.25,385.0,,,5834.89990234375,1080.449951171875
1998-03-18,,,,,401.5,270.5,391.25,,,5903.60009765625,1085.52001953125
1998-03-19,,,,,413.75,273.25,420.0,,,5997.89990234375,1089.739990234375
1998-03-20,,,,,413.25,271.25,450.0,,,5956.2998046875,1099.1600341796875
1998-03-23,,,,,416.5,280.25,450.0,,,5947.0,1095.550048828125
1998-03-24,,,,,423.5,291.5,450.0,,,5983.7001953125,1105.6500244140625
1998-03-25,,,,,414.5,289.75,450.0,,,5967.89990234375,1101.9300537109375
1998-03-26,,,,,414.0,282.25,460.0,,,5905.60009765625,1100.800048828125
1998-03-27,,,,,414.75,280.0,490.0,,,5939.2998046875,1095.43994140625
1998-03-30,,,,,408.75,267.25,490.0,,,5911.89990234375,1093.5999755859375
1998-03-31,,,,,408.75,266.0,490.0,,,5932.2001953125,1101.75
1998-04-01,,,,,409.5,271.75,490.0,,,6017.60009765625,1108.1500244140625
1998-04-02,,,,,408.0,273.0,505.0,,,6052.7998046875,1120.010009765625
1998-04-03,,,,,413.5,281.75,550.0,,,6064.2001953125,1122.699951171875
1998-04-06,,,,,418.5,280.5,550.0,,,6105.7998046875,1121.3800048828125
1998-04-07,,,,,415.75,273.5,550.0,,,6094.0,1109.550048828125
1998-04-08,,,,,418.5,283.0,550.0,,,6055.2001953125,1101.6500244140625
1998-04-09,,,,,421.75,290.75,550.0,,,6105.5,1110.6700439453125
1998-04-13,,,,,431.0,296.0,575.0,,,6105.5,1109.68994140625
1998-04-14,,,,,430.75,312.5,575.0,,,6104.10009765625,1115.75
1998-04-15,,,,,430.25,334.0,575.0,,,6074.10009765625,1119.3199462890625
1998-04-16,,,,,416.0,311.25,575.0,,,6002.0,1108.1700439453125
1998-04-17,,,,,414.0,310.5,575.0,,,5922.2001953125,1122.719970703125
1998-04-20,,,,,416.25,330.0,575.0,,,5954.10009765625,1123.6500244140625
1998-04-21,,,,,417.25,336.75,575.0,,,5955.0,1126.6700439453125
1998-04-22,,,,,419.75,354.5,575.0,,,5931.2001953125,1130.5400390625
1998-04-23,,,,,424.5,397.5,575.0,,,5898.10009765625,1119.5799560546875
1998-04-24,,,,,417.25,392.5,575.0,,,5863.89990234375,1107.9000244140625
1998-04-27,,,,,411.75,385.75,575.0,,,5722.39990234375,1086.5400390625
1998-04-28,,,,,409.5,368.75,575.0,,,5806.60009765625,1085.1099853515625
1998-04-29,,,,,406.75,370.0,575.0,,,5833.10009765625,1094.6199951171875
1998-04-30,,,,,406.0,369.5,575.0,,,5928.39990234375,1111.75
1998-05-01,,,,,400.75,371.5,575.0,,,6010.2998046875,1121.0
1998-05-04,,,,,397.75,363.0,575.0,,,6010.2998046875,1122.0699462890625
1998-05-05,,,,,397.75,361.5,575.0,,,5986.5,1115.5
1998-05-06,,,,,400.0,364.5,575.0,,,5992.39990234375,1104.9200439453125
1998-05-07,,,,,397.0,343.25,575.0,,,5938.0,1095.1400146484375
1998-05-08,,,,,395.75,328.75,571.25,,,5969.7998046875,1108.1400146484375
1998-05-11,,,,,397.25,324.0,560.0,,,6028.2998046875,1106.6400146484375
1998-05-12,,,,,391.25,330.75,560.0,,,5956.7001953125,1115.7900390625
1998-05-13,,,,,390.5,357.5,560.0,,,5972.89990234375,1118.8599853515625
1998-05-14,,,,,403.25,392.0,560.0,,,5948.5,1117.3699951171875
1998-05-15,,,,,404.75,396.75,560.0,,,5917.7998046875,1108.72998046875
1998-05-18,,,,,405.75,413.75,560.0,,,5826.2001953125,1105.8199462890625
1998-05-19,,,,,395.25,406.25,560.0,,,5877.7998046875,1109.52001953125
1998-05-20,,,,,389.25,397.5,560.0,,,5907.39990234375,1119.06005859375
1998-05-21,,,,,383.75,371.0,560.0,,,5935.60009765625,1114.6400146484375
1998-05-22,,,,,382.5,363.25,560.0,,,5955.60009765625,1110.469970703125
1998-05-25,,,,,381.3333,364.3333,560.0,,,5955.60009765625,1110.469970703125
1998-05-26,,,,,381.25,366.25,560.0,,,5970.7001953125,1094.02001953125
1998-05-27,,,,,377.25,355.0,552.5,,,5870.2001953125,1092.22998046875
1998-05-28,,,,,374.0,322.0,545.0,,,5862.2998046875,1097.5999755859375
1998-05-29,,,,,368.5,301.25,545.0,,,5870.7001953125,1090.8199462890625
1998-06-01,,,,,368.75,300.0,545.0,,,5837.89990234375,1090.97998046875
1998-06-02,,,,,365.5,277.5,545.0,,,5842.2998046875,1093.219970703125
1998-06-03,,,,,359.75,263.75,545.0,,,5898.39990234375,1082.72998046875
1998-06-04,,,,,361.25,275.25,545.0,,,5860.7998046875,1094.8299560546875
1998-06-05,,,,,362.75,297.5,545.0,,,5947.2998046875,1113.8599853515625
1998-06-08,,,,,360.75,296.25,545.0,,,6037.7998046875,1115.719970703125
1998-06-09,,,,,365.5,305.0,545.0,,,6019.7998046875,1118.4100341796875
1998-06-10,,,,,358.0,297.5,545.0,,,5987.39990234375,1112.280029296875
1998-06-11,,,,,356.75,276.75,545.0,,,5852.5,1094.5799560546875
1998-06-12,,,,,350.75,277.75,545.0,,,5769.7998046875,1098.8399658203125
1998-06-15,,,,,348.5,285.5,545.0,,,5715.7001953125,1077.010009765625
1998-06-16,,,,,349.5,282.0,545.0,,,5729.7001953125,1087.5899658203125
1998-06-17,,,,,358.0,288.0,532.5,,,5832.7001953125,1107.1099853515625
1998-06-18,,,,,364.0,302.0,520.0,,,5812.10009765625,1106.3699951171875
1998-06-19,,,,,360.25,297.5,520.0,,,5748.10009765625,1100.6500244140625
1998-06-22,,,,,359.75,300.0,520.0,,,5712.5,1103.2099609375
1998-06-23,,,,,357.5,302.5,520.0,,,5772.0,1119.489990234375
1998-06-24,,,,,353.5,311.0,520.0,,,5804.89990234375,1132.8800048828125
1998-06-25,,,,,353.25,303.5,520.0,,,5859.0,1129.280029296875
1998-06-26,,,,,352.5,301.75,520.0,,,5877.39990234375,1133.199951171875
1998-06-29,,,,,352.25,300.0,520.0,,,5884.5,1138.489990234375
1998-06-30,,,,,355.75,300.0,520.0,,,5832.60009765625,1133.8399658203125
1998-07-01,,,,,367.5,300.0,520.0,,,5919.89990234375,1148.56005859375
1998-07-02,,,,,368.5,299.25,520.0,,,5960.2001953125,1146.4200439453125
1998-07-03,,,,,366.0,299.25,520.0,,,5988.39990234375,1146.4200439453125
1998-07-06,,,,,366.5,295.25,520.0,,,5990.2998046875,1157.3299560546875
1998-07-07,,,,,373.75,298.0,520.0,,,6003.39990234375,1154.6600341796875
1998-07-08,,,,,378.5,300.0,520.0,,,6009.60009765625,1166.3800048828125
1998-07-09,,,,,381.5,300.5,520.0,,,5969.7001953125,1158.56005859375
1998-07-10,,,,,379.0,300.0,520.0,,,5929.7001953125,1164.3299560546875
1998-07-13,,,,,374.5,296.5,520.0,,,5958.2001953125,1165.18994140625
1998-07-14,,,,,378.0,296.75,520.0,,,6100.2001953125,1177.5799560546875
1998-07-15,,,,,383.25,299.25,520.0,,,6151.5,1174.81005859375
1998-07-16,,,,,392.75,328.75,520.0,,,6116.7998046875,1183.989990234375
1998-07-17,,,,,395.0,347.5,510.0,,,6174.0,1186.75
1998-07-20,,,,,397.0,349.5,500.0,,,6179.0,1184.0999755859375
1998-07-21,,,,,390.25,345.0,500.0,,,6132.7001953125,1165.0699462890625
1998-07-22,,,,,384.25,328.0,500.0,,,5989.60009765625,1164.0799560546875
1998-07-23,,,,,381.75,319.75,500.0,,,5976.2001953125,1139.75
1998-07-24,,,,,381.75,315.75,500.0,,,5892.2998046875,1140.800048828125
1998-07-27,,,,,378.25,312.25,500.0,,,5836.2001953125,1147.27001953125
1998-07-28,,,,,381.0,313.75,500.0,,,5835.89990234375,1130.239990234375
1998-07-29,,,,,384.5,315.5,500.0,,,5844.10009765625,1125.2099609375
1998-07-30,,,,,379.5,306.75,500.0,,,5910.7001953125,1142.949951171875
1998-07-31,,,,,378.5,308.75,500.0,,,5837.10009765625,1120.6700439453125
1998-08-03,,,,,374.5,311.5,500.0,,,5809.7001953125,1112.43994140625
1998-08-04,,,,,373.5,308.0,500.0,,,5736.10009765625,1072.1199951171875
1998-08-05,,,,,376.25,299.25,500.0,,,5632.5,1081.4300537109375
1998-08-06,,,,,380.25,300.5,500.0,,,5594.10009765625,1089.6300048828125
1998-08-07,,,,,382.25,299.5,495.0,,,5680.39990234375,1089.449951171875
1998-08-10,,,,,378.75,297.5,490.0,,,5587.60009765625,1083.1400146484375
1998-08-11,,,,,377.75,298.5,490.0,,,5432.7998046875,1068.97998046875
1998-08-12,,,,,376.0,297.5,490.0,,,5462.2001953125,1084.219970703125
1998-08-13,,,,,372.5,294.0,490.0,,,5399.5,1074.9100341796875
1998-08-14,,,,,374.25,290.0,490.0,,,5455.0,1062.75
1998-08-17,,,,,369.6667,285.6667,490.0,,,5467.2001953125,1083.6700439453125
1998-08-18,,,,,367.75,290.0,490.0,,,5648.2001953125,1101.199951171875
1998-08-19,,,,,370.0,285.5,490.0,,,5694.2998046875,1098.06005859375
1998-08-20,,,,,371.0,285.75,490.0,,,5667.39990234375,1091.5999755859375
1998-08-21,,,,,372.75,290.5,490.0,,,5477.0,1081.239990234375
1998-08-24,,,,,369.0,293.25,490.0,,,5553.7001953125,1088.1400146484375
1998-08-25,,,,,369.25,294.5,490.0,,,5654.39990234375,1092.8499755859375
1998-08-26,,,,,364.5,291.0,490.0,,,5545.39990234375,1084.18994140625
1998-08-27,,,,,358.75,283.25,490.0,,,5368.5,1042.5899658203125
1998-08-28,,,,,354.5,277.75,490.0,,,5249.39990234375,1027.1400146484375
1998-08-31,,,,,358.0,279.0,490.0,,,5249.39990234375,957.280029296875
1998-09-01,,,,,361.75,281.5,482.5,,,5169.10009765625,994.260009765625
1998-09-02,,,,,367.25,283.5,475.0,,,5235.89990234375,990.47998046875
1998-09-03,,,,,365.75,284.0,475.0,,,5118.7001953125,982.260009765625
1998-09-04,,,,,369.0,286.0,475.0,,,5167.0,973.8900146484376
1998-09-07,,,,,369.5,288.0,475.0,,,5347.0,973.8900146484376
1998-09-08,,,,,365.75,284.75,475.0,,,5344.2001953125,1023.4600219726562
1998-09-09,,,,,360.5,281.75,467.5,,,5311.2998046875,1006.2000122070312
1998-09-10,,,,,363.0,287.75,460.0,,,5136.60009765625,980.1900024414062
1998-09-11,,,,,368.5,296.75,460.0,,,5118.60009765625,1009.0599975585938
1998-09-14,,,,,366.0,299.25,460.0,,,5268.60009765625,1029.719970703125
1998-09-15,,,,,366.75,295.0,460.0,,,5281.7001953125,1037.6800537109375
1998-09-16,,,,,367.0,293.0,460.0,,,5291.7001953125,1045.47998046875
1998-09-17,,,,,360.25,292.5,460.0,,,5132.89990234375,1018.8699951171876
1998-09-18,,,,,360.75,293.0,460.0,,,5055.60009765625,1020.0900268554688
1998-09-21,,,,,359.5,292.75,460.0,,,4990.2998046875,1023.8900146484376
1998-09-22,,,,,355.5,285.5,460.0,,,5103.2998046875,1029.6300048828125
1998-09-23,,,,,354.25,281.0,460.0,,,5214.7001953125,1066.0899658203125
1998-09-24,,,,,358.25,287.0,460.0,,,5167.60009765625,1042.719970703125
1998-09-25,,,,,360.5,290.0,455.0,,,5061.0,1044.75
1998-09-28,,,,,354.75,290.5,440.0,,,5093.5,1048.68994140625
1998-09-29,,,,,352.75,292.0,440.0,,,5108.7001953125,1049.02001953125
1998-09-30,,,,,350.0,284.75,440.0,,,5064.39990234375,1017.010009765625
1998-10-01,,,,,356.0,288.0,430.0,,,4908.2001953125,986.3900146484376
1998-10-02,,,,,353.0,285.0,430.0,,,4750.39990234375,1002.5999755859376
1998-10-05,,,,,348.75,285.0,430.0,,,4648.7001953125,988.5599975585938
1998-10-06,,,,,343.0,285.0,430.0,,,4854.0,984.5900268554688
1998-10-07,,,,,347.0,286.75,430.0,,,4828.89990234375,970.6799926757812
1998-10-08,,,,,355.25,288.5,430.0,,,4698.89990234375,959.4400024414062
1998-10-09,,,,,353.0,286.0,430.0,,,4823.39990234375,984.3900146484376
1998-10-12,,,,,345.75,284.75,430.0,,,5037.7001953125,997.7100219726562
1998-10-13,,,,,344.75,283.0,430.0,,,4990.10009765625,994.7999877929688
1998-10-14,,,,,341.25,281.25,430.0,,,5038.39990234375,1005.530029296875
1998-10-15,,,,,340.75,278.75,430.0,,,5056.2998046875,1047.489990234375
1998-10-16,,,,,347.0,281.0,430.0,,,5133.10009765625,1056.4200439453125
1998-10-19,,,,,343.0,281.5,430.0,,,5077.5,1062.3900146484375
1998-10-20,,,,,337.25,276.75,430.0,,,5251.89990234375,1063.9300537109375
1998-10-21,,,,,339.75,277.75,430.0,,,5206.7001953125,1069.9200439453125
1998-10-22,,,,,339.25,277.75,430.0,,,5229.89990234375,1078.47998046875
1998-10-23,,,,,338.5,278.75,430.0,,,5217.10009765625,1070.6700439453125
1998-10-26,,,,,339.75,279.75,430.0,,,5231.5,1072.3199462890625
1998-10-27,,,,,342.0,283.5,430.0,,,5331.2001953125,1065.3399658203125
1998-10-28,,,,,341.0,287.5,420.0,,,5293.89990234375,1068.0899658203125
1998-10-29,,,,,338.25,281.25,420.0,,,5358.5,1085.9300537109375
1998-10-30,,,,,336.25,280.0,420.0,,,5438.39990234375,1098.6700439453125
1998-11-02,,,,,336.75,278.25,420.0,,,5525.5,1111.5999755859375
1998-11-03,,,,,338.75,277.0,420.0,,,5503.89990234375,1110.8399658203125
1998-11-04,,,,,342.5,277.5,420.0,,,5622.89990234375,1118.6700439453125
1998-11-05,,,,,346.75,280.0,420.0,,,5479.7998046875,1133.8499755859375
1998-11-06,,,,,344.75,278.5,420.0,,,5491.0,1141.010009765625
1998-11-09,,,,,340.25,276.75,420.0,,,5433.89990234375,1130.199951171875
1998-11-10,,,,,338.25,276.5,420.0,,,5432.2998046875,1128.260009765625
1998-11-11,,,,,339.25,277.0,420.0,,,5476.7998046875,1120.969970703125
1998-11-12,,,,,345.5,279.5,420.0,,,5449.0,1117.68994140625
1998-11-13,,,,,352.0,281.75,420.0,,,5463.2001953125,1125.719970703125
1998-11-16,,,,,347.0,279.75,420.0,,,5510.5,1135.8699951171875
1998-11-17,,,,,350.25,282.25,420.0,,,5502.7001953125,1139.3199462890625
1998-11-18,,,,,352.0,287.25,420.0,,,5474.0,1144.47998046875
1998-11-19,,,,,359.25,301.75,420.0,,,5606.2001953125,1152.6099853515625
1998-11-20,,,,,359.5,306.25,420.0,,,5717.5,1163.550048828125
1998-11-23,,,,,356.5,295.75,420.0,,,5848.39990234375,1188.2099609375
1998-11-24,,,,,352.75,284.25,420.0,,,5798.2998046875,1182.989990234375
1998-11-25,,,,,355.25,282.0,420.0,,,5755.2998046875,1186.8699951171875
1998-11-26,,,,,352.75,281.25,420.0,,,5827.89990234375,1186.8699951171875
1998-11-27,,,,,352.5,281.0,420.0,,,5844.2001953125,1192.3299560546875
1998-11-30,,,,,354.75,278.25,420.0,,,5743.89990234375,1163.6300048828125
1998-12-01,,,,,353.25,279.0,420.0,,,5537.5,1175.280029296875
1998-12-02,,,,,349.75,277.25,420.0,,,5507.2001953125,1171.25
1998-12-03,,,,,347.0,278.0,420.0,,,5566.10009765625,1150.1400146484375
1998-12-04,,,,,349.25,278.0,420.0,,,5581.89990234375,1176.739990234375
1998-12-07,,,,,349.5,277.5,420.0,,,5576.7001953125,1187.699951171875
1998-12-08,,,,,347.5,276.5,420.0,,,5615.7001953125,1181.3800048828125
1998-12-09,,,,,349.75,283.25,417.5,,,5669.10009765625,1183.489990234375
1998-12-10,,,,,353.5,294.75,410.0,,,5660.2998046875,1165.02001953125
1998-12-11,,,,,353.0,303.0,410.0,,,5541.7001953125,1166.4599609375
1998-12-14,,,,,349.75,297.75,410.0,,,5534.5,1141.199951171875
1998-12-15,,,,,351.25,298.25,410.0,,,5557.10009765625,1162.8299560546875
1998-12-16,,,,,354.0,309.5,410.0,,,5630.39990234375,1161.93994140625
1998-12-17,,,,,357.5,327.25,410.0,,,5685.2001953125,1179.97998046875
1998-12-18,,,,,349.0,316.0,410.0,,,5741.89990234375,1188.030029296875
1998-12-21,,,,,347.25,315.0,410.0,,,5876.5,1202.8399658203125
1998-12-22,,,,,347.25,320.0,410.0,,,5843.2998046875,1203.5699462890625
1998-12-23,,,,,346.75,315.5,410.0,,,5908.7998046875,1228.5400390625
1998-12-24,,,,,347.5,314.0,410.0,,,5867.2001953125,1226.27001953125
1998-12-28,,,,,349.75,315.75,410.0,,,5867.2001953125,1225.489990234375
1998-12-29,,,,,351.75,325.5,410.0,,,5941.5,1241.81005859375
1998-12-30,,,,,359.25,332.0,410.0,,,5882.60009765625,1231.9300537109375
1998-12-31,,,,,363.0,335.25,410.0,,,5882.60009765625,1229.22998046875
1999-01-04,,,,,363.0,336.75,410.0,,,5879.39990234375,1228.0999755859375
1999-01-05,,,,,362.75,338.75,410.0,,,5958.2001953125,1244.780029296875
1999-01-06,,,,,360.75,333.0,410.0,,,6148.7998046875,1272.3399658203125
1999-01-07,,,,,358.25,320.75,410.0,,,6101.2001953125,1269.72998046875
1999-01-08,,,,,362.0,320.75,410.0,,,6147.2001953125,1275.0899658203125
1999-01-11,,,,,361.25,320.5,410.0,,,6085.0,1263.8800048828125
1999-01-12,,,,,362.75,322.25,410.0,,,6033.60009765625,1239.510009765625
1999-01-13,,,,,356.0,318.0,410.0,,,5850.10009765625,1234.4000244140625
1999-01-14,,,,,354.75,316.0,411.25,,,5820.2001953125,1212.18994140625
1999-01-15,,,,,353.0,316.5,415.0,,,5941.0,1243.260009765625
1999-01-18,,,,,355.25,319.75,415.0,,,6123.89990234375,1243.260009765625
1999-01-19,,,,,354.0,323.5,415.0,,,6027.60009765625,1252.0
1999-01-20,,,,,355.0,326.75,415.0,,,6105.60009765625,1256.6199951171875
1999-01-21,,,,,355.0,325.5,415.0,,,6022.2998046875,1235.1600341796875
1999-01-22,,,,,353.5,324.5,415.0,,,5861.2001953125,1225.18994140625
1999-01-25,,,,,352.0,325.5,415.0,,,5880.89990234375,1233.97998046875
1999-01-26,,,,,353.5,330.0,415.0,,,5885.7001953125,1252.31005859375
1999-01-27,,,,,352.0,332.0,415.0,,,5876.39990234375,1243.1700439453125
1999-01-28,,,,,346.75,333.5,415.0,,,5872.5,1265.3699951171875
1999-01-29,,,,,346.25,336.5,415.0,,,5896.0,1279.6400146484375
1999-02-01,,,,,347.5,342.75,415.0,,,6012.39990234375,1273.0
1999-02-02,,,,,351.25,346.25,415.0,,,6013.0,1261.989990234375
1999-02-03,,,,,355.0,349.0,415.0,,,5940.2998046875,1272.0699462890625
1999-02-04,,,,,355.75,358.5,415.0,,,5939.89990234375,1248.489990234375
1999-02-05,,,,,359.75,360.25,415.0,,,5855.2998046875,1239.4000244140625
1999-02-08,,,,,354.5,348.0,415.0,,,5834.89990234375,1243.77001953125
1999-02-09,,,,,355.5,349.5,415.0,,,5779.89990234375,1216.1400146484375
1999-02-10,,,,,359.5,361.75,415.0,,,5770.2001953125,1223.550048828125
1999-02-11,,,,,361.25,361.0,415.0,,,5888.5,1254.0400390625
1999-02-12,,,,,365.0,360.0,415.0,,,5950.7001953125,1230.1300048828125
1999-02-15,,,,,370.75,361.75,415.0,,,6023.2001953125,1230.1300048828125
1999-02-16,,,,,366.5,362.0,415.0,,,6108.60009765625,1241.8699951171875
1999-02-17,,,,,364.5,356.0,415.0,,,6078.39990234375,1224.030029296875
1999-02-18,,,,,373.0,356.5,415.0,,,6074.89990234375,1237.280029296875
1999-02-19,,,,,377.75,362.25,415.0,,,6031.2001953125,1239.219970703125
1999-02-22,,,,,375.25,357.5,415.0,,,6069.89990234375,1272.1400146484375
1999-02-23,,,,,379.0,352.0,415.0,,,6155.2001953125,1271.1800537109375
1999-02-24,,,,,386.0,353.5,415.0,,,6307.60009765625,1253.4100341796875
1999-02-25,,,,,383.0,357.0,415.0,,,6206.5,1245.02001953125
1999-02-26,,,,,382.0,358.0,415.0,,,6175.10009765625,1238.3299560546875
1999-03-01,,,,,381.25,358.0,415.0,,,6060.89990234375,1236.1600341796875
1999-03-02,,,,,379.5,357.0,415.0,,,6061.2998046875,1225.5
1999-03-03,,,,,374.75,356.25,415.0,,,6048.2998046875,1227.699951171875
1999-03-04,,,,,373.25,352.5,415.0,,,6101.5,1246.6400146484375
1999-03-05,,,,,375.0,352.75,415.0,,,6205.5,1275.469970703125
1999-03-08,,,,,377.0,351.0,415.0,,,6208.89990234375,1282.72998046875
1999-03-09,,,,,378.25,352.0,415.0,,,6237.7001953125,1279.8399658203125
1999-03-10,,,,,372.75,350.25,415.0,,,6241.5,1286.8399658203125
1999-03-11,,,,,370.25,351.25,415.0,,,6335.7001953125,1297.6800537109375
1999-03-12,,,,,369.75,355.0,415.0,,,6282.2001953125,1294.5899658203125
1999-03-15,,,,,366.5,354.25,415.0,,,6206.7998046875,1307.260009765625
1999-03-16,,,,,366.25,355.0,415.0,,,6201.89990234375,1306.3800048828125
1999-03-17,,,,,368.0,356.25,415.0,,,6140.60009765625,1297.8199462890625
1999-03-18,,,,,368.5,354.0,415.0,,,6114.2998046875,1316.550048828125
1999-03-19,,,,,370.0,354.5,415.0,,,6163.2001953125,1299.2900390625
1999-03-22,,,,,372.75,361.75,415.0,,,6152.7998046875,1297.010009765625
1999-03-23,,,,,374.0,359.75,415.0,,,6060.5,1262.1400146484375
1999-03-24,,,,,375.25,358.75,415.0,,,6016.7001953125,1268.5899658203125
1999-03-25,,,,,372.5,360.75,415.0,,,6085.0,1289.989990234375
1999-03-26,,,,,373.25,372.5,415.0,,,6139.2001953125,1282.800048828125
1999-03-29,,,,,370.5,371.5,415.0,,,6252.89990234375,1310.1700439453125
1999-03-30,,,,,362.5,365.75,415.0,,,6264.2001953125,1300.75
1999-03-31,,,,,363.0,365.0,415.0,,,6295.2998046875,1286.3699951171875
1999-04-01,,,,,363.0,359.0,415.0,,,6330.0,1293.719970703125
1999-04-05,,,,,363.0,359.0,415.0,,,6330.0,1321.1199951171875
1999-04-06,,,,,358.0,361.5,415.0,,,6415.2998046875,1317.8900146484375
1999-04-07,,,,,357.5,364.0,415.0,,,6473.2001953125,1326.8900146484375
1999-04-08,,,,,357.25,367.25,415.0,,,6437.89990234375,1343.97998046875
1999-04-09,,,,,358.0,362.5,415.0,,,6472.7998046875,1348.3499755859375
1999-04-12,,,,,360.75,368.0,415.0,,,6441.2001953125,1358.6300048828125
1999-04-13,,,,,360.25,368.5,415.0,,,6513.10009765625,1349.8199462890625
1999-04-14,,,,,361.0,370.75,415.0,,,6493.60009765625,1328.43994140625
1999-04-15,,,,,360.25,370.25,415.0,,,6466.10009765625,1322.8499755859375
1999-04-16,,,,,362.0,372.0,415.0,,,6420.60009765625,1319.0
1999-04-19,,,,,365.25,379.75,415.0,,,6515.2998046875,1289.47998046875
1999-04-20,,,,,366.25,388.5,415.0,,,6319.7998046875,1306.1700439453125
1999-04-21,,,,,362.25,385.0,415.0,,,6311.0,1336.1199951171875
1999-04-22,,,,,359.75,377.25,415.0,,,6413.60009765625,1358.8199462890625
1999-04-23,,,,,357.25,371.0,415.0,,,6428.0,1356.8499755859375
1999-04-26,,,,,356.0,359.0,415.0,,,6503.60009765625,1360.0400390625
1999-04-27,,,,,356.25,355.5,415.0,,,6593.60009765625,1362.800048828125
1999-04-28,,,,,355.5,351.5,415.0,,,6598.7998046875,1350.9100341796875
1999-04-29,,,,,352.5,339.5,415.0,,,6497.60009765625,1342.8299560546875
1999-04-30,,,,,352.0,332.75,415.0,,,6552.2001953125,1335.1800537109375
1999-05-03,,,,,354.75,308.25,415.0,,,6552.2001953125,1354.6300048828125
1999-05-04,,,,,350.25,299.5,415.0,,,6533.10009765625,1332.0
1999-05-05,,,,,351.25,294.0,415.0,,,6401.7001953125,1347.31005859375
1999-05-06,,,,,354.25,305.5,415.0,,,6406.60009765625,1332.050048828125
1999-05-07,,,,,358.25,327.25,415.0,,,6356.0,1345.0
1999-05-10,,,,,356.0,332.5,415.0,,,6348.7998046875,1340.300048828125
1999-05-11,,,,,355.0,332.5,415.0,,,6378.2998046875,1355.6099853515625
1999-05-12,,,,,356.75,338.25,415.0,,,6343.10009765625,1364.0
1999-05-13,,,,,357.5,342.25,415.0,,,6456.60009765625,1367.56005859375
1999-05-14,,,,,357.75,346.0,415.0,,,6300.39990234375,1337.800048828125
1999-05-17,,,,,355.5,343.75,415.0,,,6165.7998046875,1339.489990234375
1999-05-18,,,,,355.5,343.75,415.0,,,6206.39990234375,1333.3199462890625
1999-05-19,,,,,356.0,342.5,415.0,,,6266.7001953125,1344.22998046875
1999-05-20,,,,,356.0,336.0,415.0,,,6368.2001953125,1338.8299560546875
1999-05-21,,,,,358.25,334.5,415.0,,,6353.10009765625,1330.2900390625
1999-05-24,,,,,358.0,334.5,415.0,,,6322.10009765625,1306.6500244140625
1999-05-25,,,,,358.25,333.75,415.0,,,6249.2998046875,1284.4000244140625
1999-05-26,,,,,360.5,340.0,415.0,,,6236.7998046875,1304.760009765625
1999-05-27,,,,,364.25,344.0,415.0,,,6199.5,1281.4100341796875
1999-05-28,,,,,366.5,343.75,415.0,,,6226.2001953125,1301.8399658203125
1999-05-31,,,,,365.0,343.0,415.0,,,6226.2001953125,1301.8399658203125
1999-06-01,,,,,363.25,343.25,415.0,,,6250.0,1294.260009765625
1999-06-02,,,,,362.75,345.5,415.0,,,6302.2001953125,1294.81005859375
1999-06-03,,,,,364.5,347.0,415.0,,,6348.60009765625,1299.5400390625
1999-06-04,,,,,368.0,346.5,415.0,,,6361.5,1327.75
1999-06-07,,,,,366.75,347.25,415.0,,,6412.0,1334.52001953125
1999-06-08,,,,,363.25,348.0,415.0,,,6431.5,1317.3299560546875
1999-06-09,,,,,365.5,351.5,415.0,,,6453.0,1318.6400146484375
1999-06-10,,,,,368.75,354.75,415.0,,,6403.39990234375,1302.8199462890625
1999-06-11,,,,,368.25,350.25,415.0,,,6484.7998046875,1293.6400146484375
1999-06-14,,,,,366.0,343.0,415.0,,,6430.2001953125,1294.0
1999-06-15,,,,,362.25,341.0,415.0,,,6451.2001953125,1301.1600341796875
1999-06-16,,,,,356.25,341.75,415.0,,,6504.89990234375,1330.4100341796875
1999-06-17,,,,,354.0,341.25,415.0,,,6493.60009765625,1339.9000244140625
1999-06-18,,,,,352.0,344.0,415.0,,,6527.7998046875,1342.8399658203125
1999-06-21,,,,,352.0,343.0,415.0,,,6581.2998046875,1349.0
1999-06-22,,,,,346.5,337.0,415.0,,,6552.39990234375,1335.8800048828125
1999-06-23,,,,,347.25,334.25,415.0,,,6496.5,1333.06005859375
1999-06-24,,,,,349.25,332.25,415.0,,,6416.7001953125,1315.780029296875
1999-06-25,,,,,350.5,334.5,415.0,,,6435.39990234375,1315.31005859375
1999-06-28,,,,,348.25,331.75,415.0,,,6405.7998046875,1331.3499755859375
1999-06-29,,,,,349.75,329.0,415.0,,,6307.10009765625,1351.449951171875
1999-06-30,,,,,350.0,325.5,415.0,,,6318.5,1372.7099609375
1999-07-01,,,,,352.5,325.0,415.0,,,6488.89990234375,1380.9599609375
1999-07-02,,,,,350.75,324.75,415.0,,,6491.89990234375,1391.219970703125
1999-07-05,,,,,348.5,320.25,415.0,,,6592.0,1391.219970703125
1999-07-06,,,,,347.5,318.25,415.0,,,6620.60009765625,1388.1199951171875
1999-07-07,,,,,347.0,320.0,415.0,,,6597.39990234375,1395.8599853515625
1999-07-08,,,,,350.75,328.0,415.0,,,6557.2998046875,1394.4200439453125
1999-07-09,,,,,354.0,335.5,415.0,,,6562.60009765625,1403.280029296875
1999-07-12,,,,,353.5,336.0,415.0,,,6545.5,1399.0999755859375
1999-07-13,,,,,350.25,337.5,415.0,,,6445.60009765625,1393.56005859375
1999-07-14,,,,,348.75,340.25,415.0,,,6473.10009765625,1398.1700439453125
1999-07-15,,,,,349.0,342.75,415.0,,,6575.0,1409.6199951171875
1999-07-16,,,,,350.5,339.75,415.0,,,6563.2998046875,1418.780029296875
1999-07-19,,,,,349.5,340.0,415.0,,,6483.7001953125,1407.6500244140625
1999-07-20,,,,,351.5,340.0,415.0,,,6392.0,1377.0999755859375
1999-07-21,,,,,354.25,340.5,415.0,,,6329.7998046875,1379.2900390625
1999-07-22,,,,,354.0,344.25,415.0,,,6297.7998046875,1360.969970703125
1999-07-23,,,,,355.75,345.75,415.0,,,6207.39990234375,1356.93994140625
1999-07-26,,,,,354.75,346.0,415.0,,,6169.10009765625,1347.760009765625
1999-07-27,,,,,354.0,345.0,415.0,,,6262.7998046875,1362.8399658203125
1999-07-28,,,,,345.0,339.25,415.0,,,6297.2001953125,1365.4000244140625
1999-07-29,,,,,345.0,343.5,415.0,,,6117.5,1341.030029296875
1999-07-30,,,,,347.75,344.0,415.0,,,6231.89990234375,1328.719970703125
1999-08-02,,,,,344.75,338.0,415.0,,,6288.2998046875,1328.050048828125
1999-08-03,,,,,349.5,338.25,415.0,,,6250.7001953125,1322.1800537109375
1999-08-04,,,,,352.75,341.75,415.0,,,6235.39990234375,1305.3299560546875
1999-08-05,,,,,354.25,346.0,415.0,,,6101.60009765625,1313.7099609375
1999-08-06,,,,,351.0,341.75,415.0,,,6121.0,1300.2900390625
1999-08-09,,,,,353.0,347.0,415.0,,,6126.5,1297.800048828125
1999-08-10,,,,,351.5,345.25,415.0,,,5978.39990234375,1281.4300537109375
1999-08-11,,,,,350.75,344.0,415.0,,,6014.39990234375,1301.9300537109375
1999-08-12,,,,,352.75,344.5,415.0,,,6153.2998046875,1298.1600341796875
1999-08-13,,,,,352.0,344.5,415.0,,,6245.10009765625,1327.6800537109375
1999-08-16,,,,,348.25,341.0,415.0,,,6235.39990234375,1330.77001953125
1999-08-17,,,,,347.5,341.25,415.0,,,6166.5,1344.1600341796875
1999-08-18,,,,,351.75,343.75,415.0,,,6201.7998046875,1332.8399658203125
1999-08-19,,,,,353.25,345.75,415.0,,,6118.0,1323.5899658203125
1999-08-20,,,,,357.5,348.0,415.0,,,6180.7998046875,1336.6099853515625
1999-08-23,,,,,352.0,349.0,415.0,,,6322.10009765625,1360.219970703125
1999-08-24,,,,,350.5,346.5,415.0,,,6315.10009765625,1363.5
1999-08-25,,,,,348.5,344.5,415.0,,,6369.5,1381.7900390625
1999-08-26,,,,,348.5,344.25,415.0,,,6383.89990234375,1362.010009765625
1999-08-27,,,,,350.0,343.0,415.0,,,6375.2001953125,1348.27001953125
1999-08-30,,,,,349.5,341.0,415.0,,,6375.2001953125,1324.02001953125
1999-08-31,,,,,350.25,343.25,415.0,,,6246.39990234375,1320.4100341796875
1999-09-01,,,,,349.25,344.25,415.0,,,6276.2001953125,1331.0699462890625
1999-09-02,,,,,350.0,347.0,415.0,,,6195.60009765625,1319.1099853515625
1999-09-03,,,,,353.25,354.25,415.0,,,6332.2001953125,1357.239990234375
1999-09-06,,,,,351.0,353.75,415.0,,,6375.7001953125,1357.239990234375
1999-09-07,,,,,354.75,357.75,415.0,,,6309.5,1350.449951171875
1999-09-08,,,,,355.0,358.0,415.0,,,6253.60009765625,1344.1500244140625
1999-09-09,,,,,357.0,357.75,415.0,,,6260.60009765625,1347.6600341796875
1999-09-10,,,,,360.75,363.5,415.0,,,6191.0,1351.6600341796875
1999-09-13,,,,,367.25,365.5,415.0,,,6169.0,1344.1300048828125
1999-09-14,,,,,376.75,372.25,415.0,,,6116.0,1336.2900390625
1999-09-15,,,,,376.0,369.75,415.0,,,6067.7001953125,1317.969970703125
1999-09-16,,,,,378.0,373.0,415.0,,,6014.60009765625,1318.47998046875
1999-09-17,,,,,376.5,370.5,415.0,,,6039.7998046875,1335.4200439453125
1999-09-20,,,,,375.25,365.5,415.0,,,6056.5,1335.530029296875
1999-09-21,,,,,377.5,365.25,415.0,,,5957.2998046875,1307.5799560546875
1999-09-22,,,,,383.25,370.0,415.0,,,5913.89990234375,1310.510009765625
1999-09-23,,,,,379.0,368.5,415.0,,,5969.7001953125,1280.4100341796875
1999-09-24,,,,,377.25,365.0,415.0,,,5937.60009765625,1277.3599853515625
1999-09-27,,,,,381.75,363.75,415.0,,,6078.60009765625,1283.31005859375
1999-09-28,,,,,401.0,373.5,415.0,,,6007.2001953125,1282.199951171875
1999-09-29,,,,,419.5,394.5,415.0,,,6020.60009765625,1268.3699951171875
1999-09-30,,,,,400.0,382.5,415.0,,,6029.7998046875,1282.7099609375
1999-10-01,,,,,416.0,385.5,415.0,,,5970.7001953125,1282.81005859375
1999-10-04,,,,,413.0,385.0,415.0,,,6052.89990234375,1304.5999755859375
1999-10-05,,,,,419.25,391.75,415.0,,,6084.5,1301.3499755859375
1999-10-06,,,,,412.75,387.25,415.0,,,6097.5,1325.4000244140625
1999-10-07,,,,,424.75,387.5,415.0,,,6200.5,1317.6400146484375
1999-10-08,,,,,428.25,394.25,415.0,,,6199.39990234375,1336.02001953125
1999-10-11,,,,,425.0,394.75,415.0,,,6234.7998046875,1335.2099609375
1999-10-12,,,,,432.25,400.0,415.0,,,6174.89990234375,1313.0400390625
1999-10-13,,,,,435.0,394.25,415.0,,,6113.39990234375,1285.550048828125
1999-10-14,,,,,437.75,385.75,415.0,,,6039.39990234375,1283.4200439453125
1999-10-15,,,,,430.25,381.5,415.0,,,5907.2998046875,1247.4100341796875
1999-10-18,,,,,413.5,382.0,415.0,,,5869.2001953125,1254.1300048828125
1999-10-19,,,,,414.5,378.75,415.0,,,5993.7001953125,1261.3199462890625
1999-10-20,,,,,424.0,385.0,415.0,,,6006.7001953125,1289.4300537109375
1999-10-21,,,,,429.25,389.5,415.0,,,5939.2998046875,1283.6099853515625
1999-10-22,,,,,433.25,390.0,415.0,,,6058.89990234375,1301.6500244140625
1999-10-25,,,,,433.5,394.75,415.0,,,6009.39990234375,1293.6300048828125
1999-10-26,,,,,430.0,396.25,415.0,,,6092.39990234375,1281.9100341796875
1999-10-27,,,,,415.5,395.0,415.0,,,6045.7001953125,1296.7099609375
1999-10-28,,,,,419.75,394.75,415.0,,,6149.10009765625,1342.43994140625
1999-10-29,,,,,423.5,395.25,415.0,,,6255.7001953125,1362.9300537109375
1999-11-01,,,,,420.5,395.0,415.0,,,6284.0,1354.1199951171875
1999-11-02,,,,,417.75,394.75,415.0,,,6252.0,1347.739990234375
1999-11-03,,,,,417.75,393.75,415.0,,,6280.7998046875,1354.9300537109375
1999-11-04,,,,,421.25,395.0,415.0,,,6331.2998046875,1362.6400146484375
1999-11-05,,,,,428.0,396.75,415.0,,,6356.60009765625,1370.22998046875
1999-11-08,,,,,421.5,397.25,415.0,,,6374.2998046875,1377.010009765625
1999-11-09,,,,,427.75,401.75,415.0,,,6435.5,1365.280029296875
1999-11-10,,,,,438.5,409.25,415.0,,,6447.0,1373.4599609375
1999-11-11,,,,,451.0,418.25,415.0,,,6551.39990234375,1381.4599609375
1999-11-12,,,,,450.75,419.0,415.0,,,6511.60009765625,1396.06005859375
1999-11-15,,,,,450.75,420.25,415.0,,,6533.60009765625,1394.3900146484375
1999-11-16,,,,,456.25,418.5,415.0,,,6583.0,1420.0699462890625
1999-11-17,,,,,454.25,417.0,415.0,,,6555.7001953125,1410.7099609375
1999-11-18,,,,,449.25,411.75,415.0,,,6550.7998046875,1424.93994140625
1999-11-19,,,,,438.0,400.75,415.0,,,6482.2998046875,1422.0
1999-11-22,,,,,431.0,400.75,415.0,,,6442.0,1420.93994140625
1999-11-23,,,,,434.25,407.5,415.0,,,6534.2001953125,1404.6400146484375
1999-11-24,,,,,434.25,406.5,415.0,,,6561.7998046875,1417.0799560546875
1999-11-25,,,,,445.5,406.0,415.0,,,6682.7998046875,1417.0799560546875
1999-11-26,,,,,446.0,403.0,415.0,,,6684.7998046875,1416.6199951171875
1999-11-29,,,,,442.5,401.0,415.0,,,6692.2998046875,1407.8299560546875
1999-11-30,,,,,441.75,401.0,415.0,,,6597.2001953125,1388.9100341796875
1999-12-01,,,,,443.0,400.0,415.0,,,6646.0,1397.719970703125
1999-12-02,,,,,441.25,402.25,415.0,,,6653.7001953125,1409.0400390625
1999-12-03,,,,,439.75,405.25,415.0,,,6742.2001953125,1433.300048828125
1999-12-06,,,,,439.0,407.5,415.0,,,6694.0,1423.3299560546875
1999-12-07,,,,,441.0,413.25,415.0,,,6660.89990234375,1409.1700439453125
1999-12-08,,,,,441.75,412.0,415.0,,,6619.39990234375,1403.8800048828125
1999-12-09,,,,,440.5,412.5,415.0,,,6680.7998046875,1408.1099853515625
1999-12-10,,,,,441.5,415.75,415.0,,,6739.5,1417.0400390625
1999-12-13,,,,,445.25,422.5,415.0,,,6710.7001953125,1415.219970703125
1999-12-14,,,,,450.5,429.0,415.0,,,6702.10009765625,1403.1700439453125
1999-12-15,,,,,448.0,435.25,415.0,,,6633.7998046875,1413.3299560546875
1999-12-16,,,,,440.5,435.5,415.0,,,6672.0,1418.780029296875
1999-12-17,,,,,441.75,443.75,415.0,,,6724.60009765625,1421.030029296875
1999-12-20,,,,,437.5,448.5,415.0,,,6731.2001953125,1418.0899658203125
1999-12-21,,,,,437.25,444.5,415.0,,,6707.5,1433.4300537109375
1999-12-22,,,,,441.75,442.25,415.0,,,6728.60009765625,1436.1300048828125
1999-12-23,,,,,448.0,444.25,415.0,,,6776.7998046875,1458.3399658203125
1999-12-24,,,,,442.5,446.5,415.0,,,6806.5,1458.3399658203125
1999-12-27,,,,,443.0,452.0,415.0,,,6806.5,1457.0999755859375
1999-12-28,,,,,440.75,449.25,415.0,,,6806.5,1457.6600341796875
1999-12-29,,,,,446.25,452.25,415.0,,,6835.89990234375,1463.4599609375
1999-12-30,,,,,450.5,457.5,415.0,,,6930.2001953125,1464.469970703125
1999-12-31,,,,,450.5,457.5,415.0,,,6930.2001953125,1469.25
2000-01-03,,,,,448.75,455.25,415.0,,,6930.2001953125,1455.219970703125
2000-01-04,,,,,446.0,451.0,415.0,,,6665.89990234375,1399.4200439453125
2000-01-05,,,,,432.3333,442.3333,415.0,,,6535.89990234375,1402.1099853515625
2000-01-06,,,,,421.75,440.25,415.0,,,6447.2001953125,1403.449951171875
2000-01-07,,,,,418.5,439.5,415.0,,,6504.7998046875,1441.469970703125
2000-01-10,,,,,420.0,447.0,415.0,,,6607.7001953125,1457.5999755859375
2000-01-11,,,,,422.0,455.25,415.0,,,6518.89990234375,1438.56005859375
2000-01-12,,,,,422.5,456.0,415.0,,,6532.7998046875,1432.25
2000-01-13,,,,,423.25,449.25,415.0,,,6531.5,1449.6800537109375
2000-01-14,,,,,427.25,444.75,415.0,,,6658.2001953125,1465.1500244140625
2000-01-17,,,,,434.25,443.75,415.0,,,6669.5,1465.1500244140625
2000-01-18,,,,,434.75,442.0,415.0,,,6504.60009765625,1455.1400146484375
2000-01-19,,,,,441.5,443.5,415.0,,,6445.5,1455.9000244140625
2000-01-20,,,,,448.5,446.25,415.0,,,6348.7001953125,1445.5699462890625
2000-01-21,,,,,445.5,455.25,415.0,,,6346.2998046875,1441.3599853515625
2000-01-24,,,,,452.25,464.75,415.0,,,6379.7998046875,1401.530029296875
2000-01-25,,,,,461.25,477.5,415.0,,,6274.10009765625,1410.030029296875
2000-01-26,,,,,456.75,477.0,415.0,,,6375.60009765625,1404.0899658203125
2000-01-27,,,,,459.25,478.75,415.0,,,6441.0,1398.56005859375
2000-01-28,,,,,490.75,490.75,415.0,,,6375.60009765625,1360.1600341796875
2000-01-31,,,,,498.25,489.25,415.0,,,6268.5,1394.4599609375
2000-02-01,,,,,493.5,487.75,415.0,,,6290.89990234375,1409.280029296875
2000-02-02,,,,,495.5,498.25,415.0,,,6302.7998046875,1409.1199951171875
2000-02-03,,,,,504.75,505.5,415.0,,,6324.2998046875,1424.969970703125
2000-02-04,,,,,516.0,519.5,415.0,,,6185.0,1424.3699951171875
2000-02-07,,,,,527.0,536.5,415.0,,,6118.60009765625,1424.239990234375
2000-02-08,,,,,518.5,559.25,415.0,,,6285.7998046875,1441.719970703125
2000-02-09,,,,,551.25,583.25,415.0,,,6315.39990234375,1411.7099609375
2000-02-10,,,,,554.5,587.5,415.0,,,6279.7998046875,1416.8299560546875
2000-02-11,,,,,548.75,589.25,415.0,,,6193.2998046875,1387.1199951171875
2000-02-14,,,,,546.75,600.75,415.0,,,6068.60009765625,1389.93994140625
2000-02-15,,,,,538.75,629.75,415.0,,,6005.2001953125,1402.050048828125
2000-02-16,,,,,557.5,667.5,415.0,,,6147.39990234375,1387.6700439453125
2000-02-17,,,,,577.5,726.75,415.0,,,6209.2998046875,1388.260009765625
2000-02-18,,,,,537.5,708.75,415.0,,,6165.0,1346.0899658203125
2000-02-21,,,,,521.25,746.25,415.0,,,6081.60009765625,1346.0899658203125
2000-02-22,,,,,516.25,787.5,415.0,,,6014.7001953125,1352.1700439453125
2000-02-23,,,,,513.0,833.75,415.0,,,6144.10009765625,1360.68994140625
2000-02-24,,,,,482.5,746.25,415.0,,,6086.7001953125,1353.4300537109375
2000-02-25,,,,,477.0,711.25,415.0,,,6198.0,1333.3599853515625
2000-02-28,,,,,476.5,716.25,415.0,,,6099.60009765625,1348.050048828125
2000-02-29,,,,,486.5,746.25,415.0,,,6232.60009765625,1366.4200439453125
2000-03-01,,,,,482.5,738.75,415.0,,,6364.89990234375,1379.18994140625
2000-03-02,,,,,480.0,707.5,415.0,,,6432.10009765625,1381.760009765625
2000-03-03,,,,,472.0,672.5,415.0,,,6487.5,1409.1700439453125
2000-03-06,,,,,475.75,676.25,415.0,,,6567.7998046875,1391.280029296875
2000-03-07,,,,,475.0,670.0,415.0,,,6466.5,1355.6199951171875
2000-03-08,,,,,480.0,693.75,415.0,,,6411.2001953125,1366.699951171875
2000-03-09,,,,,480.0,721.25,415.0,,,6532.10009765625,1401.68994140625
2000-03-10,,,,,481.5,717.5,415.0,,,6568.7001953125,1395.0699462890625
2000-03-13,,,,,480.25,716.25,415.0,,,6466.89990234375,1383.6199951171875
2000-03-14,,,,,485.0,708.75,415.0,,,6487.10009765625,1359.1500244140625
2000-03-15,,,,,485.75,717.5,415.0,,,6447.0,1392.1400146484375
2000-03-16,,,,,486.25,721.25,415.0,,,6557.2998046875,1458.469970703125
2000-03-17,,,,,488.5,727.5,415.0,,,6558.0,1464.469970703125
2000-03-20,,,,,492.0,730.0,415.0,,,6624.5,1456.6300048828125
2000-03-21,,,,,497.75,708.75,415.0,,,6617.89990234375,1493.8699951171875
2000-03-22,,,,,500.75,681.25,415.0,,,6609.60009765625,1500.6400146484375
2000-03-23,,,,,494.5,675.0,415.0,,,6594.60009765625,1527.3499755859375
2000-03-24,,,,,486.0,662.5,415.0,,,6738.5,1527.4599609375
2000-03-27,,,,,485.0,640.0,415.0,,,6687.2001953125,1523.8599853515625
2000-03-28,,,,,481.0,640.0,415.0,,,6650.10009765625,1507.72998046875
2000-03-29,,,,,484.0,633.75,415.0,,,6598.7998046875,1508.52001953125
2000-03-30,,,,,482.0,630.0,415.0,,,6445.2001953125,1487.9200439453125
2000-03-31,,,,,487.5,615.0,415.0,,,6540.2001953125,1498.5799560546875
2000-04-03,,,,,509.5,601.25,415.0,,,6462.10009765625,1505.969970703125
2000-04-04,,,,,514.0,605.0,415.0,,,6427.0,1494.72998046875
2000-04-05,,,,,523.5,606.25,415.0,,,6379.2998046875,1487.3699951171875
2000-04-06,,,,,520.5,607.5,415.0,,,6451.10009765625,1501.3399658203125
2000-04-07,,,,,511.25,602.5,415.0,,,6569.89990234375,1516.3499755859375
2000-04-10,,,,,490.25,587.5,415.0,,,6533.39990234375,1504.4599609375
2000-04-11,,,,,494.25,567.5,415.0,,,6379.2001953125,1500.5899658203125
2000-04-12,,,,,496.25,571.25,415.0,,,6350.7998046875,1467.1700439453125
2000-04-13,,,,,501.0,568.75,415.0,,,6357.0,1440.510009765625
2000-04-14,,,,,507.25,570.0,415.0,,,6178.10009765625,1356.56005859375
2000-04-17,,,,,510.75,588.75,415.0,,,5994.60009765625,1401.43994140625
2000-04-18,,,,,505.25,586.25,415.0,,,6074.0,1441.6099853515625
2000-04-19,,,,,502.75,592.5,415.0,,,6184.89990234375,1427.469970703125
2000-04-20,,,,,496.75,578.75,415.0,,,6241.2001953125,1434.5400390625
2000-04-24,,,,,484.0,574.0,415.0,,,6241.2001953125,1429.8599853515625
2000-04-25,,,,,480.0,575.75,415.0,,,6283.0,1477.43994140625
2000-04-26,,,,,478.75,588.75,415.0,,,6256.5,1460.989990234375
2000-04-27,,,,,480.25,583.75,415.0,,,6179.2998046875,1464.9200439453125
2000-04-28,,,,,510.75,602.5,415.0,,,6327.39990234375,1452.4300537109375
2000-05-01,,,,,540.0,620.0,415.0,,,6327.39990234375,1468.25
2000-05-02,,,,,542.5,630.0,415.0,,,6373.39990234375,1446.2900390625
2000-05-03,,,,,526.25,603.75,415.0,,,6184.7998046875,1415.0999755859375
2000-05-04,,,,,511.5,591.25,415.0,,,6199.60009765625,1409.5699462890625
2000-05-05,,,,,518.75,590.0,415.0,,,6238.7998046875,1432.6300048828125
2000-05-08,,,,,510.75,588.75,415.0,,,6216.2998046875,1424.1700439453125
2000-05-09,,,,,509.5,588.75,415.0,,,6123.7998046875,1412.1400146484375
2000-05-10,,,,,515.0,587.5,415.0,,,6100.7001953125,1383.050048828125
2000-05-11,,,,,516.0,582.5,415.0,,,6245.89990234375,1407.81005859375
2000-05-12,,,,,517.5,583.75,415.0,,,6283.5,1420.9599609375
2000-05-15,,,,,517.5,577.5,415.0,,,6247.7001953125,1452.3599853515625
2000-05-16,,,,,510.0,570.0,415.0,,,6318.39990234375,1466.0400390625
2000-05-17,,,,,512.75,580.0,415.0,,,6196.2001953125,1447.800048828125
2000-05-18,,,,,518.75,577.5,415.0,,,6233.0,1437.2099609375
2000-05-19,,,,,539.5,578.75,415.0,,,6045.39990234375,1406.949951171875
2000-05-22,,,,,554.25,582.5,415.0,,,6035.5,1400.719970703125
2000-05-23,,,,,552.5,574.5,415.0,,,6086.7998046875,1373.8599853515625
2000-05-24,,,,,568.25,577.5,415.0,,,6118.60009765625,1399.050048828125
2000-05-25,,,,,563.25,574.25,415.0,,,6231.10009765625,1381.52001953125
2000-05-26,,,,,549.5,569.0,415.0,,,6216.89990234375,1378.02001953125
2000-05-29,,,,,552.0,570.3333,415.0,,,6216.89990234375,1378.02001953125
2000-05-30,,,,,550.5,571.25,415.0,,,6359.60009765625,1422.449951171875
2000-05-31,,,,,554.75,576.25,415.0,,,6359.39990234375,1420.5999755859375
2000-06-01,,,,,555.25,585.25,415.0,,,6470.5,1448.81005859375
2000-06-02,,,,,556.75,588.0,415.0,,,6626.39990234375,1477.260009765625
2000-06-05,,,,,568.25,603.75,415.0,,,6546.7001953125,1467.6300048828125
2000-06-06,,,,,569.0,621.0,415.0,,,6546.7998046875,1457.8399658203125
2000-06-07,,,,,568.5,628.25,415.0,,,6503.7998046875,1471.3599853515625
2000-06-08,,,,,554.0,646.5,415.0,,,6496.60009765625,1461.6700439453125
2000-06-09,,,,,553.25,650.5,415.0,,,6443.7998046875,1456.949951171875
2000-06-12,,,,,553.75,649.75,415.0,,,6430.89990234375,1446.0
2000-06-13,,,,,559.25,656.25,415.0,,,6447.10009765625,1469.43994140625
2000-06-14,,,,,555.25,668.75,415.0,,,6536.2998046875,1470.5400390625
2000-06-15,,,,,544.0,668.75,415.0,,,6490.7998046875,1478.72998046875
2000-06-16,,,,,546.0,681.25,415.0,,,6526.0,1464.4599609375
2000-06-19,,,,,550.5,695.0,415.0,,,6490.2001953125,1486.0
2000-06-20,,,,,564.25,694.75,415.0,,,6526.89990234375,1475.949951171875
2000-06-21,,,,,570.75,695.0,415.0,,,6477.7998046875,1479.1300048828125
2000-06-22,,,,,570.75,679.5,415.0,,,6413.7998046875,1452.1800537109375
2000-06-23,,,,,572.75,656.25,415.0,,,6391.5,1441.47998046875
2000-06-26,,,,,570.5,665.5,415.0,,,6405.2001953125,1455.31005859375
2000-06-27,,,,,580.5,670.5,415.0,,,6375.2998046875,1450.550048828125
2000-06-28,,,,,575.25,657.5,415.0,,,6313.5,1454.8199462890625
2000-06-29,,,,,583.0,667.0,415.0,,,6239.0,1442.3900146484375
2000-06-30,,,,,571.5,656.25,415.0,,,6312.7001953125,1454.5999755859375
2000-07-03,,,,,563.5,645.0,415.0,,,6470.39990234375,1469.5400390625
2000-07-04,,,,,556.0,631.5,415.0,,,6417.0,1469.5400390625
2000-07-05,,,,,549.25,631.25,415.0,,,6382.5,1446.22998046875
2000-07-06,,,,,542.75,631.5,415.0,,,6419.60009765625,1456.6700439453125
2000-07-07,,,,,547.5,650.0,415.0,,,6497.5,1478.9000244140625
2000-07-10,,,,,553.0,668.0,415.0,,,6466.2001953125,1475.6199951171875
2000-07-11,,,,,554.25,676.0,415.0,,,6475.7998046875,1480.8800048828125
2000-07-12,,,,,554.0,675.25,415.0,,,6518.5,1492.9200439453125
2000-07-13,,,,,558.0,671.0,415.0,,,6475.7001953125,1495.8399658203125
2000-07-14,,,,,563.25,677.0,415.0,,,6475.39990234375,1509.97998046875
2000-07-17,,,,,576.75,699.25,415.0,,,6525.5,1510.489990234375
2000-07-18,,,,,585.25,717.0,415.0,,,6450.5,1493.739990234375
2000-07-19,,,,,577.5,718.75,415.0,,,6465.5,1481.9599609375
2000-07-20,,,,,577.75,720.75,415.0,,,6469.0,1495.5699462890625
2000-07-21,,,,,591.5,766.25,415.0,,,6378.39990234375,1480.18994140625
2000-07-24,,,,,583.5,776.75,415.0,,,6381.2998046875,1464.2900390625
2000-07-25,,,,,578.75,775.25,415.0,,,6390.7001953125,1474.469970703125
2000-07-26,,,,,570.75,772.75,415.0,,,6387.10009765625,1452.4200439453125
2000-07-27,,,,,568.25,769.5,415.0,,,6352.10009765625,1449.6199951171875
2000-07-28,,,,,567.25,770.0,415.0,,,6335.7001953125,1419.8900146484375
2000-07-31,,,,,574.0,796.25,415.0,,,6365.2998046875,1430.8299560546875
2000-08-01,,,,,593.0,836.25,415.0,,,6379.39990234375,1438.0999755859375
2000-08-02,,,,,609.75,857.5,415.0,,,6391.2998046875,1438.699951171875
2000-08-03,,,,,601.25,846.5,415.0,,,6317.10009765625,1452.56005859375
2000-08-04,,,,,576.75,808.25,415.0,,,6363.5,1462.9300537109375
2000-08-07,,,,,574.5,773.25,415.0,,,6387.7998046875,1479.3199462890625
2000-08-08,,,,,575.0,753.25,415.0,,,6358.10009765625,1482.800048828125
2000-08-09,,,,,584.5,793.75,415.0,,,6414.0,1472.8699951171875
2000-08-10,,,,,584.75,794.5,415.0,,,6387.2998046875,1460.25
2000-08-11,,,,,582.5,800.75,415.0,,,6384.5,1471.8399658203125
2000-08-14,,,,,574.0,779.5,415.0,,,6419.89990234375,1491.56005859375
2000-08-15,,,,,572.5,757.0,415.0,,,6475.5,1484.4300537109375
2000-08-16,,,,,580.0,775.75,415.0,,,6532.10009765625,1479.8499755859375
2000-08-17,,,,,576.75,765.25,415.0,,,6518.2001953125,1496.0699462890625
2000-08-18,,,,,572.75,753.25,415.0,,,6543.7001953125,1491.719970703125
2000-08-21,,,,,572.75,750.75,415.0,,,6542.2001953125,1499.47998046875
2000-08-22,,,,,577.25,752.75,415.0,,,6584.7998046875,1498.1300048828125
2000-08-23,,,,,576.75,748.25,415.0,,,6566.2001953125,1505.969970703125
2000-08-24,,,,,577.75,737.0,415.0,,,6557.0,1508.31005859375
2000-08-25,,,,,579.75,731.5,415.0,,,6563.7001953125,1506.449951171875
2000-08-28,,,,,587.5,720.75,415.0,,,6563.7001953125,1514.0899658203125
2000-08-29,,,,,591.75,722.75,415.0,,,6586.2998046875,1509.8399658203125
2000-08-30,,,,,599.25,726.0,415.0,,,6615.10009765625,1502.5899658203125
2000-08-31,,,,,594.75,725.25,415.0,,,6672.7001953125,1517.6800537109375
2000-09-01,,,,,595.0,727.75,415.0,,,6795.0,1520.77001953125
2000-09-04,,,,,613.25,734.5,415.0,,,6798.10009765625,1520.77001953125
2000-09-05,,,,,610.25,725.75,415.0,,,6752.5,1507.0799560546875
2000-09-06,,,,,610.75,734.5,415.0,,,6694.7001953125,1492.25
2000-09-07,,,,,617.5,754.5,415.0,,,6689.2001953125,1502.510009765625
2000-09-08,,,,,614.5,772.75,415.0,,,6600.7001953125,1494.5
2000-09-11,,,,,615.25,771.0,415.0,,,6582.0,1489.260009765625
2000-09-12,,,,,611.75,766.0,415.0,,,6555.5,1481.989990234375
2000-09-13,,,,,606.5,761.0,415.0,,,6478.2001953125,1484.9100341796875
2000-09-14,,,,,598.75,744.75,415.0,,,6555.5,1480.8699951171875
2000-09-15,,,,,590.5,729.75,415.0,,,6417.2998046875,1465.81005859375
2000-09-18,,,,,596.5,732.0,415.0,,,6410.2001953125,1444.510009765625
2000-09-19,,,,,597.25,726.25,415.0,,,6403.5,1459.9000244140625
2000-09-20,,,,,596.5,730.5,415.0,,,6279.89990234375,1451.3399658203125
2000-09-21,,,,,589.5,726.25,415.0,,,6199.2001953125,1449.050048828125
2000-09-22,,,,,589.0,735.5,415.0,,,6205.89990234375,1448.719970703125
2000-09-25,,,,,587.0,737.25,415.0,,,6257.10009765625,1439.030029296875
2000-09-26,,,,,581.75,723.5,415.0,,,6213.2001953125,1427.2099609375
2000-09-27,,,,,571.0,723.5,415.0,,,6269.2998046875,1426.5699462890625
2000-09-28,,,,,577.5,726.75,415.0,,,6264.10009765625,1458.2900390625
2000-09-29,,,,,578.5,722.25,415.0,,,6294.2001953125,1436.510009765625
2000-10-02,,,,,577.0,722.0,415.0,,,6284.5,1436.22998046875
2000-10-03,,,,,573.75,723.25,415.0,,,6345.0,1426.4599609375
2000-10-04,,,,,573.5,735.5,415.0,,,6334.89990234375,1434.3199462890625
2000-10-05,,,,,574.5,741.0,415.0,,,6382.0,1436.280029296875
2000-10-06,,,,,583.5,747.0,415.0,,,6391.2001953125,1408.989990234375
2000-10-09,,,,,584.5,748.5,415.0,,,6264.7998046875,1402.030029296875
2000-10-10,,,,,585.0,741.5,415.0,,,6247.7001953125,1387.02001953125
2000-10-11,,,,,586.25,742.25,415.0,,,6117.60009765625,1364.5899658203125
2000-10-12,,,,,588.5,745.0,415.0,,,6131.89990234375,1329.780029296875
2000-10-13,,,,,589.75,744.75,415.0,,,6209.60009765625,1374.1700439453125
2000-10-16,,,,,585.5,744.0,415.0,,,6285.7001953125,1374.6199951171875
2000-10-17,,,,,579.25,742.0,415.0,,,6203.2998046875,1349.969970703125
2000-10-18,,,,,579.0,743.5,415.0,,,6148.2001953125,1342.1300048828125
2000-10-19,,,,,584.25,748.5,415.0,,,6218.89990234375,1388.760009765625
2000-10-20,,,,,593.5,763.25,415.0,,,6276.2998046875,1396.9300537109375
2000-10-23,,,,,592.25,761.75,415.0,,,6315.89990234375,1395.780029296875
2000-10-24,,,,,586.0,763.0,415.0,,,6438.39990234375,1398.1300048828125
2000-10-25,,,,,580.25,759.0,415.0,,,6367.7998046875,1364.9000244140625
2000-10-26,,,,,582.5,758.25,415.0,,,6302.2998046875,1364.43994140625
2000-10-27,,,,,580.0,758.5,415.0,,,6366.60009765625,1379.5799560546875
2000-10-30,,,,,580.25,759.5,415.0,,,6388.39990234375,1398.6600341796875
2000-10-31,,,,,582.75,760.5,415.0,,,6438.39990234375,1429.4000244140625
2000-11-01,,,,,590.25,780.25,415.0,,,6457.60009765625,1421.219970703125
2000-11-02,,,,,594.0,784.0,415.0,,,6392.0,1428.3199462890625
2000-11-03,,,,,605.25,799.75,415.0,,,6385.39990234375,1426.68994140625
2000-11-06,,,,,600.25,792.25,415.0,,,6431.0,1432.18994140625
2000-11-07,,,,,595.5,783.0,415.0,,,6466.89990234375,1431.8699951171875
2000-11-08,,,,,602.0,789.75,415.0,,,6477.39990234375,1409.280029296875
2000-11-09,,,,,603.0,789.0,415.0,,,6442.2001953125,1400.1400146484375
2000-11-10,,,,,606.0,792.0,415.0,,,6400.2001953125,1365.97998046875
2000-11-13,,,,,602.25,788.75,415.0,,,6274.7998046875,1351.260009765625
2000-11-14,,,,,595.75,783.0,415.0,,,6412.89990234375,1382.949951171875
2000-11-15,,,,,597.25,788.0,415.0,,,6432.2998046875,1389.81005859375
2000-11-16,,,,,593.25,786.75,415.0,,,6430.39990234375,1372.3199462890625
2000-11-17,,,,,590.5,786.0,415.0,,,6440.10009765625,1367.719970703125
2000-11-20,,,,,596.0,790.25,415.0,,,6345.0,1342.6199951171875
2000-11-21,,,,,597.0,791.0,415.0,,,6382.2001953125,1347.3499755859375
2000-11-22,,,,,591.5,791.0,415.0,,,6221.39990234375,1322.3599853515625
2000-11-23,,,,,591.0,792.5,415.0,,,6287.2998046875,1322.3599853515625
2000-11-24,,,,,591.0,790.5,415.0,,,6327.60009765625,1341.77001953125
2000-11-27,,,,,590.75,792.75,415.0,,,6374.7001953125,1348.969970703125
2000-11-28,,,,,603.5,801.75,415.0,,,6249.7998046875,1336.0899658203125
2000-11-29,,,,,602.75,806.5,415.0,,,6164.89990234375,1341.9300537109375
2000-11-30,,,,,606.75,813.0,415.0,,,6142.2001953125,1314.949951171875
2000-12-01,,,,,609.25,823.75,415.0,,,6170.39990234375,1315.22998046875
2000-12-04,,,,,619.5,854.25,415.0,,,6158.7001953125,1324.969970703125
2000-12-05,,,,,623.5,884.25,415.0,,,6299.0,1376.5400390625
2000-12-06,,,,,608.0,863.75,415.0,,,6273.2998046875,1351.4599609375
2000-12-07,,,,,606.25,869.75,415.0,,,6231.39990234375,1343.550048828125
2000-12-08,,,,,612.0,911.0,415.0,,,6288.2998046875,1369.8900146484375
2000-12-11,,,,,614.75,913.75,415.0,,,6370.39990234375,1380.199951171875
2000-12-12,,,,,620.75,928.0,415.0,,,6390.39990234375,1371.1800537109375
2000-12-13,,,,,627.0,940.25,415.0,,,6403.0,1359.989990234375
2000-12-14,,,,,615.0,908.25,415.0,,,6263.7998046875,1340.9300537109375
2000-12-15,,,,,618.5,940.0,415.0,,,6175.7998046875,1312.1500244140625
2000-12-18,,,,,608.5,944.75,415.0,,,6246.5,1322.739990234375
2000-12-19,,,,,606.75,943.25,415.0,,,6295.0,1305.5999755859375
2000-12-20,,,,,608.75,929.0,415.0,,,6176.7001953125,1264.739990234375
2000-12-21,,,,,613.5,952.25,415.0,,,6115.5,1274.8599853515625
2000-12-22,,,,,614.75,961.25,415.0,,,6097.5,1305.949951171875
2000-12-26,,,,,612.0,965.0,415.0,,,6097.5,1315.18994140625
2000-12-27,,,,,614.25,971.25,415.0,,,6218.2001953125,1328.9200439453125
2000-12-28,,,,,618.5,975.0,415.0,,,6223.2001953125,1334.219970703125
2000-12-29,,,,,618.75,962.5,415.0,,,6222.5,1320.280029296875
2001-01-02,,,,,614.25,964.25,415.0,,,6174.7001953125,1283.27001953125
2001-01-03,,,,,615.5,980.5,415.0,,,6039.89990234375,1347.56005859375
2001-01-04,,,,,630.0,1000.0,415.0,,,6185.60009765625,1333.3399658203125
2001-01-05,,,,,626.75,989.25,415.0,,,6198.10009765625,1298.3499755859375
2001-01-08,,,,,625.75,1003.75,415.0,,,6149.60009765625,1295.8599853515625
2001-01-09,,,,,638.75,1042.5,415.0,,,6088.10009765625,1300.800048828125
2001-01-10,,,,,638.75,1053.75,415.0,,,6059.89990234375,1313.27001953125
2001-01-11,,,,,644.75,1100.0,415.0,,,6114.89990234375,1326.8199462890625
2001-01-12,,,,,637.0,1075.0,415.0,,,6165.5,1318.550048828125
2001-01-15,,,,,643.25,1078.75,415.0,,,6170.2998046875,1318.550048828125
2001-01-16,,,,,643.0,1073.75,415.0,,,6083.2998046875,1326.6500244140625
2001-01-17,,,,,634.25,1053.75,415.0,,,6197.39990234375,1329.469970703125
2001-01-18,,,,,617.5,1036.25,415.0,,,6209.89990234375,1347.969970703125
2001-01-19,,,,,617.75,1061.25,415.0,,,6209.2998046875,1342.5400390625
2001-01-22,,,,,627.0,1091.25,415.0,,,6232.0,1342.9000244140625
2001-01-23,,,,,625.0,1096.25,415.0,,,6214.7001953125,1360.4000244140625
2001-01-24,,,,,616.5,1085.0,415.0,,,6264.39990234375,1364.300048828125
2001-01-25,,,,,615.0,1090.0,415.0,,,6255.60009765625,1357.510009765625
2001-01-26,,,,,620.0,1105.0,415.0,,,6294.2998046875,1354.949951171875
2001-01-29,,,,,615.0,1103.75,415.0,,,6317.0,1364.1700439453125
2001-01-30,,,,,606.25,1082.5,415.0,,,6334.5,1373.72998046875
2001-01-31,,,,,607.0,1071.25,415.0,,,6297.5,1366.010009765625
2001-02-01,,,,,604.0,1070.0,415.0,,,6251.7998046875,1373.469970703125
2001-02-02,,,,,600.0,1073.75,415.0,,,6256.39990234375,1349.469970703125
2001-02-05,,,,,602.75,1078.75,415.0,,,6269.2001953125,1354.31005859375
2001-02-06,,,,,608.0,1092.5,415.0,,,6293.39990234375,1352.260009765625
2001-02-07,,,,,609.0,1088.75,415.0,,,6225.7001953125,1340.8900146484375
2001-02-08,,,,,606.0,1080.0,415.0,,,6206.10009765625,1332.530029296875
2001-02-09,,,,,598.25,1050.0,415.0,,,6164.2998046875,1314.760009765625
2001-02-12,,,,,598.75,1020.0,415.0,,,6241.39990234375,1330.31005859375
2001-02-13,,,,,596.25,988.75,415.0,,,6228.5,1318.800048828125
2001-02-14,,,,,598.75,995.0,415.0,,,6176.2001953125,1315.9200439453125
2001-02-15,,,,,598.0,987.5,415.0,,,6197.89990234375,1326.6099853515625
2001-02-16,,,,,600.25,997.5,415.0,,,6088.2998046875,1301.530029296875
2001-02-19,,,,,604.5,993.75,415.0,,,6094.0,1301.530029296875
2001-02-20,,,,,606.25,988.0,415.0,,,5980.10009765625,1278.93994140625
2001-02-21,,,,,610.5,976.25,415.0,,,5972.39990234375,1255.27001953125
2001-02-22,,,,,605.5,940.0,415.0,,,6003.10009765625,1252.8199462890625
2001-02-23,,,,,601.5,893.75,415.0,,,5943.7001953125,1245.8599853515625
2001-02-26,,,,,605.75,868.75,415.0,,,5916.7998046875,1267.6500244140625
2001-02-27,,,,,609.5,866.25,415.0,,,5941.2001953125,1257.93994140625
2001-02-28,,,,,614.5,858.75,415.0,,,5917.89990234375,1239.93994140625
2001-03-01,,,,,611.0,842.5,415.0,,,5908.60009765625,1241.22998046875
2001-03-02,,,,,599.25,802.5,415.0,,,5858.60009765625,1234.1800537109375
2001-03-05,,,,,582.25,776.25,415.0,,,5931.2998046875,1241.4100341796875
2001-03-06,,,,,585.25,777.5,415.0,,,6012.0,1253.800048828125
2001-03-07,,,,,587.5,781.25,415.0,,,6001.7998046875,1261.8900146484375
2001-03-08,,,,,596.25,808.75,415.0,,,6003.2001953125,1264.739990234375
2001-03-09,,,,,604.25,836.25,415.0,,,5917.2998046875,1233.4200439453125
2001-03-12,,,,,600.0,822.5,415.0,,,5826.5,1180.1600341796875
2001-03-13,,,,,591.0,791.25,415.0,,,5720.7001953125,1197.6600341796875
2001-03-14,,,,,592.75,801.25,415.0,,,5626.0,1166.7099609375
2001-03-15,,,,,594.0,805.0,415.0,,,5729.2001953125,1173.56005859375
2001-03-16,,,,,589.25,809.25,415.0,,,5562.7998046875,1150.530029296875
2001-03-19,,,,,587.5,813.75,415.0,,,5551.60009765625,1170.81005859375
2001-03-20,,,,,584.5,810.0,415.0,,,5646.7998046875,1142.6199951171875
2001-03-21,,,,,584.25,795.0,415.0,,,5540.7001953125,1122.1400146484375
2001-03-22,,,,,583.0,785.0,415.0,,,5314.7998046875,1117.5799560546875
2001-03-23,,,,,578.25,780.5,415.0,,,5402.2998046875,1139.8299560546875
2001-03-26,,,,,578.75,778.5,415.0,,,5576.60009765625,1152.68994140625
2001-03-27,,,,,581.5,780.75,415.0,,,5728.10009765625,1182.1700439453125
2001-03-28,,,,,582.0,777.5,415.0,,,5614.0,1153.2900390625
2001-03-29,,,,,575.75,758.75,415.0,,,5588.39990234375,1147.949951171875
2001-03-30,,,,,566.0,746.25,415.0,,,5633.7001953125,1160.3299560546875
2001-04-02,,,,,560.25,741.25,415.0,,,5618.5,1145.8699951171875
2001-04-03,,,,,565.5,730.0,415.0,,,5463.10009765625,1106.4599609375
2001-04-04,,,,,577.75,707.5,415.0,,,5535.7001953125,1103.25
2001-04-05,,,,,580.0,699.0,415.0,,,5621.7998046875,1151.43994140625
2001-04-06,,,,,573.75,693.75,415.0,,,5601.5,1128.4300537109375
2001-04-09,,,,,576.25,691.25,415.0,,,5663.2998046875,1137.5899658203125
2001-04-10,,,,,581.0,687.5,415.0,,,5803.0,1168.3800048828125
2001-04-11,,,,,582.0,678.75,415.0,,,5788.10009765625,1165.8900146484375
2001-04-12,,,,,595.0,667.0,415.0,,,5766.60009765625,1183.5
2001-04-16,,,,,612.0,665.0,415.0,,,5766.60009765625,1179.6800537109375
2001-04-17,,,,,629.5,688.75,415.0,,,5761.10009765625,1191.81005859375
2001-04-18,,,,,631.75,760.0,415.0,,,5890.2001953125,1238.1600341796875
2001-04-19,,,,,626.5,743.75,415.0,,,5871.60009765625,1253.68994140625
2001-04-20,,,,,625.25,713.75,415.0,,,5879.7998046875,1242.97998046875
2001-04-23,,,,,621.0,714.5,415.0,,,5871.2998046875,1224.3599853515625
2001-04-24,,,,,614.25,727.5,415.0,,,5840.2998046875,1209.469970703125
2001-04-25,,,,,611.5,715.0,415.0,,,5827.5,1228.75
2001-04-26,,,,,607.0,713.75,415.0,,,5868.2998046875,1234.52001953125
2001-04-27,,,,,601.0,706.25,415.0,,,5951.39990234375,1253.050048828125
2001-04-30,,,,,597.5,692.5,415.0,,,5967.0,1249.4599609375
2001-05-01,,,,,603.5,690.0,415.0,,,5928.0,1266.43994140625
2001-05-02,,,,,604.5,683.75,415.0,,,5904.2001953125,1267.4300537109375
2001-05-03,,,,,615.5,680.0,415.0,,,5765.7998046875,1248.5799560546875
2001-05-04,,,,,626.25,682.5,415.0,,,5870.2998046875,1266.6099853515625
2001-05-07,,,,,615.75,685.0,415.0,,,5870.2998046875,1263.510009765625
2001-05-08,,,,,608.25,682.5,415.0,,,5886.39990234375,1261.199951171875
2001-05-09,,,,,606.75,678.75,415.0,,,5893.7001953125,1255.5400390625
2001-05-10,,,,,610.0,671.25,415.0,,,5964.0,1255.1800537109375
2001-05-11,,,,,609.25,663.75,415.0,,,5896.7998046875,1245.6700439453125
2001-05-14,,,,,608.5,656.25,415.0,,,5690.5,1248.9200439453125
2001-05-15,,,,,607.75,637.5,415.0,,,5842.89990234375,1249.43994140625
2001-05-16,,,,,610.25,647.5,415.0,,,5884.0,1284.989990234375
2001-05-17,,,,,613.25,647.5,415.0,,,5904.60009765625,1288.489990234375
2001-05-18,,,,,615.25,655.0,415.0,,,5915.0,1291.9599609375
2001-05-21,,,,,621.5,663.75,415.0,,,5941.60009765625,1312.8299560546875
2001-05-22,,,,,620.0,661.25,415.0,,,5976.60009765625,1309.3800048828125
2001-05-23,,,,,617.0,655.0,415.0,,,5897.5,1289.050048828125
2001-05-24,,,,,617.0,650.75,415.0,,,5915.89990234375,1293.1700439453125
2001-05-25,,,,,619.5,656.5,415.0,,,5889.7998046875,1277.8900146484375
2001-05-28,,,,,620.6667,665.0,415.0,,,5889.7998046875,1277.8900146484375
2001-05-29,,,,,621.0,667.5,415.0,,,5863.89990234375,1267.9300537109375
2001-05-30,,,,,618.75,667.5,415.0,,,5796.89990234375,1248.0799560546875
2001-05-31,,,,,611.5,657.5,415.0,,,5796.2001953125,1255.8199462890625
2001-06-01,,,,,600.0,651.25,415.0,,,5809.60009765625,1260.6700439453125
2001-06-04,,,,,593.75,647.5,415.0,,,5856.5,1267.1099853515625
2001-06-05,,,,,592.25,642.5,415.0,,,5922.60009765625,1283.5699462890625
2001-06-06,,,,,587.25,635.5,415.0,,,5901.5,1270.030029296875
2001-06-07,,,,,589.75,630.0,415.0,,,5948.2998046875,1276.9599609375
2001-06-08,,,,,593.0,624.25,415.0,,,5950.60009765625,1264.9599609375
2001-06-11,,,,,594.0,623.0,415.0,,,5860.5,1254.3900146484375
2001-06-12,,,,,584.25,615.5,415.0,,,5804.0,1255.8499755859375
2001-06-13,,,,,582.0,605.75,415.0,,,5820.2001953125,1241.5999755859375
2001-06-14,,,,,581.5,606.25,415.0,,,5752.60009765625,1219.8699951171875
2001-06-15,,,,,582.0,608.25,415.0,,,5723.0,1214.3599853515625
2001-06-18,,,,,583.75,612.75,415.0,,,5671.60009765625,1208.4300537109375
2001-06-19,,,,,580.75,612.75,415.0,,,5680.39990234375,1212.5799560546875
2001-06-20,,,,,582.0,620.5,415.0,,,5699.60009765625,1223.1400146484375
2001-06-21,,,,,585.25,628.5,415.0,,,5641.39990234375,1237.0400390625
2001-06-22,,,,,580.0,622.75,415.0,,,5665.7001953125,1225.3499755859375
2001-06-25,,,,,576.5,616.0,415.0,,,5661.89990234375,1218.5999755859375
2001-06-26,,,,,573.5,613.25,415.0,,,5555.7001953125,1216.760009765625
2001-06-27,,,,,571.5,611.0,415.0,,,5607.89990234375,1211.0699462890625
2001-06-28,,,,,567.25,607.0,415.0,,,5638.39990234375,1226.199951171875
2001-06-29,,,,,562.25,600.25,415.0,,,5642.5,1224.3800048828125
2001-07-02,,,,,562.5,602.0,415.0,,,5716.7001953125,1236.719970703125
2001-07-03,,,,,559.5,598.5,415.0,,,5639.89990234375,1234.449951171875
2001-07-04,,,,,559.75,591.25,415.0,,,5600.5,1234.449951171875
2001-07-05,,,,,559.25,590.5,415.0,,,5549.60009765625,1219.239990234375
2001-07-06,,,,,554.0,582.0,415.0,,,5479.2001953125,1190.5899658203125
2001-07-09,,,,,562.5,577.75,415.0,,,5468.89990234375,1198.780029296875
2001-07-10,,,,,558.25,572.25,415.0,,,5467.89990234375,1181.52001953125
2001-07-11,,,,,557.0,566.75,415.0,,,5391.89990234375,1180.1800537109375
2001-07-12,,,,,563.75,568.0,415.0,,,5481.60009765625,1208.1400146484375
2001-07-13,,,,,560.75,566.25,415.0,,,5537.0,1215.6800537109375
2001-07-16,,,,,554.5,554.5,415.0,,,5517.10009765625,1202.449951171875
2001-07-17,,,,,551.5,541.5,415.0,,,5427.7998046875,1214.43994140625
2001-07-18,,,,,532.75,523.75,415.0,,,5404.60009765625,1207.7099609375
2001-07-19,,,,,519.25,515.75,415.0,,,5437.39990234375,1215.02001953125
2001-07-20,,,,,512.0,507.75,415.0,,,5387.10009765625,1210.8499755859375
2001-07-23,,,,,501.25,485.5,415.0,,,5405.2998046875,1191.030029296875
2001-07-24,,,,,498.75,472.5,415.0,,,5320.2001953125,1171.6500244140625
2001-07-25,,,,,505.5,466.5,415.0,,,5275.7001953125,1190.489990234375
2001-07-26,,,,,508.0,465.75,415.0,,,5286.10009765625,1202.9300537109375
2001-07-27,,,,,506.5,464.25,415.0,,,5403.10009765625,1205.8199462890625
2001-07-30,,,,,500.25,453.5,415.0,,,5446.7001953125,1204.52001953125
2001-07-31,,,,,476.5,438.5,415.0,,,5529.10009765625,1211.22998046875
2001-08-01,,,,,474.0,458.75,415.0,,,5546.89990234375,1215.9300537109375
2001-08-02,,,,,474.25,470.5,415.0,,,5584.5,1220.75
2001-08-03,,,,,481.5,481.25,415.0,,,5547.60009765625,1214.3499755859375
2001-08-06,,,,,478.5,480.0,415.0,,,5526.39990234375,1200.47998046875
2001-08-07,,,,,453.5,455.0,415.0,,,5536.7998046875,1204.4000244140625
2001-08-08,,,,,441.25,441.25,415.0,,,5476.5,1183.530029296875
2001-08-09,,,,,439.0,447.0,415.0,,,5402.89990234375,1183.4300537109375
2001-08-10,,,,,444.25,463.0,415.0,,,5427.2001953125,1190.1600341796875
2001-08-13,,,,,454.25,475.5,415.0,,,5431.10009765625,1191.2900390625
2001-08-14,,,,,447.5,467.0,415.0,,,5507.7998046875,1186.72998046875
2001-08-15,,,,,434.5,449.5,415.0,,,5461.60009765625,1178.02001953125
2001-08-16,,,,,425.5,442.75,415.0,,,5389.7998046875,1181.6600341796875
2001-08-17,,,,,447.25,450.0,415.0,,,5342.10009765625,1161.969970703125
2001-08-20,,,,,446.25,449.5,415.0,,,5357.5,1171.4100341796875
2001-08-21,,,,,439.75,447.75,415.0,,,5430.2998046875,1157.260009765625
2001-08-22,,,,,448.0,450.5,415.0,,,5408.7001953125,1165.31005859375
2001-08-23,,,,,460.0,453.5,415.0,,,5396.5,1162.0899658203125
2001-08-24,,,,,461.5,446.0,415.0,,,5471.89990234375,1184.9300537109375
2001-08-27,,,,,460.25,450.0,415.0,,,5471.89990234375,1179.2099609375
2001-08-28,,,,,461.25,454.75,415.0,,,5434.7001953125,1161.510009765625
2001-08-29,,,,,466.25,477.75,415.0,,,5417.60009765625,1148.56005859375
2001-08-30,,,,,452.5,466.0,415.0,,,5332.7001953125,1129.030029296875
2001-08-31,,,,,443.5,451.25,415.0,,,5345.0,1133.5799560546875
2001-09-03,,,,,444.25,459.5,415.0,,,5312.10009765625,1133.5799560546875
2001-09-04,,,,,443.5,459.0,415.0,,,5379.60009765625,1132.93994140625
2001-09-05,,,,,445.0,461.5,415.0,,,5316.10009765625,1131.739990234375
2001-09-06,,,,,443.75,463.25,415.0,,,5204.2998046875,1106.4000244140625
2001-09-07,,,,,443.5,460.75,415.0,,,5070.2998046875,1085.780029296875
2001-09-10,,,,,446.75,460.0,415.0,,,5033.7001953125,1092.5400390625
2001-09-11,,,,,445.25,461.25,415.0,,,4746.0,1092.5400390625
2001-09-12,,,,,464.5,478.75,415.0,,,4882.10009765625,1092.5400390625
2001-09-13,,,,,456.0,466.25,415.0,,,4943.60009765625,1092.5400390625
2001-09-14,,,,,469.75,459.5,415.0,,,4755.7998046875,1092.5400390625
2001-09-17,,,,,484.0,472.5,415.0,,,4898.89990234375,1038.77001953125
2001-09-18,,,,,488.25,470.0,415.0,,,4848.7001953125,1032.739990234375
2001-09-19,,,,,489.5,470.0,415.0,,,4721.7001953125,1016.0999755859376
2001-09-20,,,,,496.0,464.75,415.0,,,4556.89990234375,984.5399780273438
2001-09-21,,,,,494.5,457.0,415.0,,,4433.7001953125,965.7999877929688
2001-09-24,,,,,487.5,445.25,415.0,,,4613.89990234375,1003.4500122070312
2001-09-25,,,,,467.75,432.0,415.0,,,4663.39990234375,1012.27001953125
2001-09-26,,,,,447.25,418.75,415.0,,,4696.10009765625,1007.0399780273438
2001-09-27,,,,,446.0,396.75,415.0,,,4763.60009765625,1018.6099853515624
2001-09-28,,,,,437.5,377.25,415.0,,,4903.39990234375,1040.93994140625
2001-10-01,,,,,429.0,345.0,415.0,,,4785.60009765625,1038.550048828125
2001-10-02,,,,,417.0,323.5,415.0,,,4832.2998046875,1051.3299560546875
2001-10-03,,,,,432.0,342.5,415.0,,,4881.7998046875,1072.280029296875
2001-10-04,,,,,436.0,350.0,415.0,,,5016.2001953125,1069.6300048828125
2001-10-05,,,,,444.0,347.5,415.0,,,5036.0,1071.3800048828125
2001-10-08,,,,,445.0,352.5,415.0,,,5032.7001953125,1062.43994140625
2001-10-09,,,,,436.25,350.5,415.0,,,5009.7998046875,1056.75
2001-10-10,,,,,428.0,348.75,415.0,,,5153.10009765625,1080.989990234375
2001-10-11,,,,,432.25,350.75,415.0,,,5164.89990234375,1097.4300537109375
2001-10-12,,,,,444.25,355.5,415.0,,,5145.5,1091.6500244140625
2001-10-15,,,,,467.75,364.25,415.0,,,5067.2998046875,1089.97998046875
2001-10-16,,,,,462.25,362.0,415.0,,,5082.60009765625,1097.5400390625
2001-10-17,,,,,444.5,342.5,415.0,,,5203.39990234375,1077.0899658203125
2001-10-18,,,,,439.75,333.75,415.0,,,5116.0,1068.6099853515625
2001-10-19,,,,,433.75,327.5,415.0,,,5017.7001953125,1073.47998046875
2001-10-22,,,,,434.5,323.75,415.0,,,5070.39990234375,1089.9000244140625
2001-10-23,,,,,429.0,323.75,415.0,,,5193.2998046875,1084.780029296875
2001-10-24,,,,,430.75,327.0,415.0,,,5167.60009765625,1085.199951171875
2001-10-25,,,,,421.5,322.0,415.0,,,5086.60009765625,1100.0899658203125
2001-10-26,,,,,424.0,325.25,415.0,,,5188.7001953125,1104.6099853515625
2001-10-29,,,,,434.5,342.0,415.0,,,5085.89990234375,1078.300048828125
2001-10-30,,,,,431.25,346.25,415.0,,,5003.60009765625,1059.7900390625
2001-10-31,,,,,429.25,332.0,415.0,,,5039.7001953125,1059.780029296875
2001-11-01,,,,,422.25,321.25,415.0,,,5071.2001953125,1084.0999755859375
2001-11-02,,,,,425.75,327.75,415.0,,,5129.5,1087.199951171875
2001-11-05,,,,,425.25,333.25,415.0,,,5209.10009765625,1102.8399658203125
2001-11-06,,,,,425.75,330.5,415.0,,,5214.10009765625,1118.8599853515625
2001-11-07,,,,,421.25,330.0,415.0,,,5216.2998046875,1115.800048828125
2001-11-08,,,,,420.0,329.0,415.0,,,5278.10009765625,1118.5400390625
2001-11-09,,,,,423.25,328.5,415.0,,,5244.2001953125,1120.31005859375
2001-11-12,,,,,430.0,329.25,413.75,,,5146.2001953125,1118.3299560546875
2001-11-13,,,,,439.5,333.25,410.0,,,5277.10009765625,1139.0899658203125
2001-11-14,,,,,430.0,319.5,410.0,,,5240.7998046875,1141.2099609375
2001-11-15,,,,,428.75,322.0,410.0,,,5238.2001953125,1142.239990234375
2001-11-16,,,,,427.5,330.0,410.0,,,5291.0,1138.6500244140625
2001-11-19,,,,,431.0,341.25,410.0,,,5338.0,1151.06005859375
2001-11-20,,,,,441.5,340.0,410.0,,,5298.7001953125,1142.6600341796875
2001-11-21,,,,,445.0,336.25,410.0,,,5313.7998046875,1137.030029296875
2001-11-22,,,,,442.6667,335.3333,410.0,,,5345.89990234375,1137.030029296875
2001-11-23,,,,,439.6667,333.0,410.0,,,5293.2001953125,1150.3399658203125
2001-11-26,,,,,439.0,333.75,406.25,,,5302.5,1157.4200439453125
2001-11-27,,,,,441.25,335.5,395.0,,,5266.0,1149.5
2001-11-28,,,,,441.0,335.0,395.0,,,5205.2001953125,1128.52001953125
2001-11-29,,,,,440.0,335.75,395.0,,,5208.5,1140.199951171875
2001-11-30,,,,,445.75,341.0,395.0,,,5203.60009765625,1139.449951171875
2001-12-03,,,,,457.0,355.25,395.0,,,5164.60009765625,1129.9000244140625
2001-12-04,,,,,459.5,361.25,395.0,,,5212.10009765625,1144.800048828125
2001-12-05,,,,,454.5,367.5,395.0,,,5333.5,1170.3499755859375
2001-12-06,,,,,458.5,382.0,395.0,,,5369.7998046875,1167.0999755859375
2001-12-07,,,,,467.75,403.75,395.0,,,5264.7001953125,1158.31005859375
2001-12-10,,,,,470.5,421.5,395.0,,,5185.0,1139.9300537109375
2001-12-11,,,,,465.75,423.5,395.0,,,5160.7998046875,1136.760009765625
2001-12-12,,,,,463.75,400.0,395.0,,,5120.0,1137.0699462890625
2001-12-13,,,,,465.0,382.75,395.0,,,5074.89990234375,1119.3800048828125
2001-12-14,,,,,466.25,400.0,395.0,,,5061.0,1123.0899658203125
2001-12-17,,,,,466.0,405.75,395.0,,,5136.2998046875,1134.3599853515625
2001-12-18,,,,,464.75,409.25,395.0,,,5151.10009765625,1142.9200439453125
2001-12-19,,,,,458.75,408.5,395.0,,,5120.60009765625,1149.56005859375
2001-12-20,,,,,456.5,401.5,395.0,,,5080.2001953125,1139.9300537109375
2001-12-21,,,,,458.0,400.5,395.0,,,5159.2001953125,1144.8900146484375
2001-12-24,,,,,466.3333,411.3333,395.0,,,5177.39990234375,1144.6500244140625
2001-12-26,,,,,471.0,415.0,395.0,,,5177.39990234375,1149.3699951171875
2001-12-27,,,,,473.75,432.25,395.0,,,5213.2001953125,1157.1300048828125
2001-12-28,,,,,483.0,442.0,395.0,,,5242.39990234375,1161.02001953125
2001-12-31,,,,,484.5,443.75,395.0,,,5217.39990234375,1148.0799560546875
2002-01-02,,,,,485.25,443.5,395.0,,,5218.2998046875,1154.6700439453125
2002-01-03,,,,,480.0,436.75,395.0,,,5318.7998046875,1165.27001953125
2002-01-04,,,,,478.25,435.5,395.0,,,5323.7998046875,1172.510009765625
2002-01-07,,,,,473.5,425.25,395.0,,,5293.60009765625,1164.8900146484375
2002-01-08,,,,,475.3333,428.0,395.0,,,5250.39990234375,1160.7099609375
2002-01-09,,,,,477.25,431.5,395.0,,,5228.5,1155.1400146484375
2002-01-10,,,,,479.0,437.0,392.5,,,5190.7001953125,1156.550048828125
2002-01-11,,,,,480.0,437.0,385.0,,,5198.60009765625,1145.5999755859375
2002-01-14,,,,,482.25,437.0,382.5,,,5113.5,1138.4100341796875
2002-01-15,,,,,475.5,424.75,375.0,,,5166.0,1146.18994140625
2002-01-16,,,,,476.25,416.75,375.0,,,5127.60009765625,1127.5699462890625
2002-01-17,,,,,482.75,427.0,375.0,,,5138.5,1138.8800048828125
2002-01-18,,,,,482.5,421.75,375.0,,,5126.7998046875,1127.5799560546875
2002-01-21,,,,,478.6667,410.0,375.0,,,5138.5,1127.5799560546875
2002-01-22,,,,,478.0,402.5,375.0,,,5149.2001953125,1119.31005859375
2002-01-23,,,,,476.0,401.25,375.0,,,5180.7001953125,1128.1800537109375
2002-01-24,,,,,468.25,385.25,375.0,,,5233.10009765625,1132.1500244140625
2002-01-25,,,,,468.5,385.25,375.0,,,5193.10009765625,1133.280029296875
2002-01-28,,,,,468.0,388.5,375.0,,,5223.60009765625,1133.06005859375
2002-01-29,,,,,458.5,378.25,375.0,,,5131.39990234375,1100.6400146484375
2002-01-30,,,,,458.5,371.75,375.0,,,5089.2998046875,1113.5699462890625
2002-01-31,,,,,458.5,374.25,375.0,,,5164.7998046875,1130.199951171875
2002-02-01,,,,,453.25,373.0,375.0,,,5189.7001953125,1122.199951171875
2002-02-04,,,,,454.75,372.5,375.0,,,5167.2998046875,1094.43994140625
2002-02-05,,,,,456.5,374.75,375.0,,,5093.39990234375,1090.02001953125
2002-02-06,,,,,463.75,377.25,375.0,,,5073.7998046875,1083.510009765625
2002-02-07,,,,,465.5,376.25,375.0,,,5127.0,1080.1700439453125
2002-02-08,,,,,473.5,378.0,375.0,,,5128.10009765625,1096.219970703125
2002-02-11,,,,,478.0,376.75,375.0,,,5161.7998046875,1111.93994140625
2002-02-12,,,,,469.5,369.0,375.0,,,5135.7001953125,1107.5
2002-02-13,,,,,470.0,379.5,375.0,,,5153.89990234375,1118.510009765625
2002-02-14,,,,,480.5,397.0,375.0,,,5208.7998046875,1116.47998046875
2002-02-15,,,,,479.5,387.0,375.0,,,5182.5,1104.1800537109375
2002-02-18,,,,,475.25,382.75,375.0,,,5154.2998046875,1104.1800537109375
2002-02-19,,,,,472.0,378.0,375.0,,,5092.5,1083.3399658203125
2002-02-20,,,,,469.75,379.75,375.0,,,5024.2001953125,1097.97998046875
2002-02-21,,,,,470.75,376.0,375.0,,,5073.2998046875,1080.949951171875
2002-02-22,,,,,476.25,376.75,371.25,,,5050.7998046875,1089.8399658203125
2002-02-25,,,,,478.0,376.0,360.0,,,5100.7001953125,1109.4300537109375
2002-02-26,,,,,481.0,378.0,360.0,,,5139.0,1109.3800048828125
2002-02-27,,,,,490.0,380.5,360.0,,,5178.39990234375,1109.8900146484375
2002-02-28,,,,,496.25,383.25,360.0,,,5101.0,1106.72998046875
2002-03-01,,,,,491.25,374.75,360.0,,,5169.0,1131.780029296875
2002-03-04,,,,,507.5,376.5,360.0,,,5242.0,1153.8399658203125
2002-03-05,,,,,511.75,375.5,360.0,,,5214.0,1146.1400146484375
2002-03-06,,,,,509.0,365.25,360.0,,,5245.5,1162.77001953125
2002-03-07,,,,,509.25,362.25,360.0,,,5282.10009765625,1157.5400390625
2002-03-08,,,,,516.25,368.0,360.0,,,5285.7001953125,1164.31005859375
2002-03-11,,,,,525.0,378.75,360.0,,,5258.89990234375,1168.260009765625
2002-03-12,,,,,524.25,376.25,360.0,,,5252.5,1165.5799560546875
2002-03-13,,,,,517.75,372.25,360.0,,,5272.0,1154.0899658203125
2002-03-14,,,,,512.25,369.75,360.0,,,5261.39990234375,1153.0400390625
2002-03-15,,,,,512.25,373.0,360.0,,,5292.7001953125,1166.1600341796875
2002-03-18,,,,,515.0,372.75,360.0,,,5299.89990234375,1165.550048828125
2002-03-19,,,,,519.0,376.75,360.0,,,5316.10009765625,1170.2900390625
2002-03-20,,,,,516.75,380.0,360.0,,,5266.89990234375,1151.8499755859375
2002-03-21,,,,,515.0,379.75,360.0,,,5253.2998046875,1153.5899658203125
2002-03-22,,,,,512.5,380.0,360.0,,,5250.5,1148.699951171875
2002-03-25,,,,,518.0,383.25,360.0,,,5203.60009765625,1131.8699951171875
2002-03-26,,,,,517.0,394.75,360.0,,,5195.5,1138.489990234375
2002-03-27,,,,,515.75,393.0,360.0,,,5214.7001953125,1144.5799560546875
2002-03-28,,,,,518.25,389.5,360.0,,,5271.7998046875,1147.3900146484375
2002-04-01,,,,,527.0,396.0,360.0,,,5271.7998046875,1146.5400390625
2002-04-02,,,,,533.5,394.25,360.0,,,5251.39990234375,1136.760009765625
2002-04-03,,,,,538.5,387.0,360.0,,,5247.7998046875,1125.4000244140625
2002-04-04,,,,,528.5,372.5,360.0,,,5209.5,1126.3399658203125
2002-04-05,,,,,533.5,367.0,360.0,,,5233.60009765625,1122.72998046875
2002-04-08,,,,,531.5,366.5,360.0,,,5178.60009765625,1125.2900390625
2002-04-09,,,,,529.0,365.5,360.0,,,5179.60009765625,1117.800048828125
2002-04-10,,,,,526.6667,368.0,360.0,,,5229.10009765625,1130.469970703125
2002-04-11,,,,,533.5,372.5,360.0,,,5137.39990234375,1103.68994140625
2002-04-12,,,,,537.25,377.25,360.0,,,5161.0,1111.010009765625
2002-04-15,,,,,542.75,375.0,360.0,,,5201.39990234375,1102.550048828125
2002-04-16,,,,,538.5,373.75,360.0,,,5259.89990234375,1128.3699951171875
2002-04-17,,,,,543.5,371.75,360.0,,,5263.89990234375,1126.0699462890625
2002-04-18,,,,,562.5,375.0,357.5,,,5229.39990234375,1124.469970703125
2002-04-19,,,,,560.75,377.0,350.0,,,5243.60009765625,1125.1700439453125
2002-04-22,,,,,559.5,374.0,350.0,,,5221.5,1107.8299560546875
2002-04-23,,,,,554.0,371.5,350.0,,,5191.0,1100.9599609375
2002-04-24,,,,,556.0,370.5,350.0,,,5218.2001953125,1093.1400146484375
2002-04-25,,,,,558.0,371.5,350.0,,,5197.5,1091.47998046875
2002-04-26,,,,,556.75,368.75,350.0,,,5159.0,1076.3199462890625
2002-04-29,,,,,553.0,366.5,350.0,,,5153.89990234375,1065.449951171875
2002-04-30,,,,,540.5,363.5,350.0,,,5165.60009765625,1076.9200439453125
2002-05-01,,,,,527.5,358.0,350.0,,,5125.5,1086.4599609375
2002-05-02,,,,,520.75,353.75,350.0,,,5174.10009765625,1084.56005859375
2002-05-03,,,,,522.75,353.0,350.0,,,5203.10009765625,1073.4300537109375
2002-05-06,,,,,524.25,354.75,350.0,,,5203.10009765625,1052.6700439453125
2002-05-07,,,,,523.5,355.75,350.0,,,5119.89990234375,1049.489990234375
2002-05-08,,,,,528.0,361.5,350.0,,,5209.10009765625,1088.8499755859375
2002-05-09,,,,,530.5,360.25,350.0,,,5197.60009765625,1073.010009765625
2002-05-10,,,,,525.0,354.25,350.0,,,5171.2001953125,1054.989990234375
2002-05-13,,,,,529.0,354.5,350.0,,,5204.7998046875,1074.56005859375
2002-05-14,,,,,533.0,354.0,350.0,,,5239.5,1097.280029296875
2002-05-15,,,,,538.25,357.0,350.0,,,5259.10009765625,1091.0699462890625
2002-05-16,,,,,539.5,368.75,350.0,,,5248.5,1098.22998046875
2002-05-17,,,,,540.25,369.75,350.0,,,5218.0,1106.5899658203125
2002-05-20,,,,,544.5,375.5,350.0,,,5208.10009765625,1091.8800048828125
2002-05-21,,,,,548.5,381.25,350.0,,,5197.2001953125,1079.8800048828125
2002-05-22,,,,,544.0,371.0,350.0,,,5151.89990234375,1086.02001953125
2002-05-23,,,,,543.5,364.5,350.0,,,5175.2998046875,1097.0799560546875
2002-05-24,,,,,544.25,356.5,350.0,,,5169.10009765625,1083.8199462890625
2002-05-27,,,,,542.0,355.3333,350.0,,,5136.2998046875,1083.8199462890625
2002-05-28,,,,,543.25,354.0,350.0,,,5074.2001953125,1074.550048828125
2002-05-29,,,,,549.0,357.5,345.0,,,5083.0,1067.6600341796875
2002-05-30,,,,,549.0,356.25,330.0,,,5040.7998046875,1064.6600341796875
2002-05-31,,,,,551.5,353.0,330.0,,,5085.10009765625,1067.1400146484375
2002-06-03,,,,,548.5,350.75,330.0,,,5085.10009765625,1040.6800537109375
2002-06-04,,,,,553.25,355.0,330.0,,,5085.10009765625,1040.68994140625
2002-06-05,,,,,555.0,354.0,330.0,,,4989.2001953125,1049.9000244140625
2002-06-06,,,,,554.25,353.75,330.0,,,4957.60009765625,1029.1500244140625
2002-06-07,,,,,565.5,354.0,330.0,,,4920.39990234375,1027.530029296875
2002-06-10,,,,,563.5,352.75,330.0,,,4928.2001953125,1030.739990234375
2002-06-11,,,,,556.25,347.75,330.0,,,4934.7998046875,1013.5999755859376
2002-06-12,,,,,559.75,345.0,330.0,,,4851.7001953125,1020.260009765625
2002-06-13,,,,,558.25,337.25,330.0,,,4771.89990234375,1009.5599975585938
2002-06-14,,,,,558.25,337.5,330.0,,,4630.7998046875,1007.27001953125
2002-06-17,,,,,563.25,338.25,330.0,,,4756.7998046875,1036.1700439453125
2002-06-18,,,,,563.75,338.0,330.0,,,4702.0,1037.1400146484375
2002-06-19,,,,,568.0,337.75,322.5,,,4652.39990234375,1019.989990234375
2002-06-20,,,,,569.0,338.25,315.0,,,4580.2998046875,1006.2899780273438
2002-06-21,,,,,567.25,333.5,315.0,,,4605.39990234375,989.1400146484376
2002-06-24,,,,,565.75,331.25,315.0,,,4541.89990234375,992.719970703125
2002-06-25,,,,,565.75,326.5,315.0,,,4631.0,976.1400146484376
2002-06-26,,,,,556.0,325.5,315.0,,,4531.0,973.530029296875
2002-06-27,,,,,544.0,324.75,315.0,,,4540.7001953125,990.6400146484376
2002-06-28,,,,,547.0,322.25,315.0,,,4656.39990234375,989.8200073242188
2002-07-01,,,,,534.5,319.0,315.0,,,4685.7998046875,968.6500244140624
2002-07-02,,,,,532.25,319.25,315.0,,,4546.7998046875,948.0900268554688
2002-07-03,,,,,531.0,322.25,315.0,,,4392.60009765625,953.989990234375
2002-07-04,,,,,524.75,323.25,315.0,,,4471.2001953125,953.989990234375
2002-07-05,,,,,523.5,322.5,315.0,,,4615.7001953125,989.030029296875
2002-07-08,,,,,525.25,323.5,315.0,,,4601.2998046875,976.97998046875
2002-07-09,,,,,522.25,325.25,315.0,,,4542.89990234375,952.8300170898438
2002-07-10,,,,,523.75,326.5,315.0,,,4420.10009765625,920.469970703125
2002-07-11,,,,,528.0,326.0,315.0,,,4230.10009765625,927.3699951171876
2002-07-12,,,,,531.25,325.5,315.0,,,4224.10009765625,921.3900146484376
2002-07-15,,,,,532.75,324.75,315.0,,,3994.5,917.9299926757812
2002-07-16,,,,,532.5,324.25,307.5,,,4021.89990234375,900.9400024414062
2002-07-17,,,,,527.0,325.5,300.0,,,4190.60009765625,906.0399780273438
2002-07-18,,,,,525.75,325.25,300.0,,,4297.2998046875,881.5599975585938
2002-07-19,,,,,529.5,326.0,300.0,,,4098.2998046875,847.75
2002-07-22,,,,,529.5,325.5,300.0,,,3895.5,819.8499755859375
2002-07-23,,,,,523.0,321.0,300.0,,,3858.0,797.7000122070312
2002-07-24,,,,,521.5,323.0,300.0,,,3777.10009765625,843.4299926757812
2002-07-25,,,,,526.0,327.25,300.0,,,3965.89990234375,838.6799926757812
2002-07-26,,,,,529.25,335.25,300.0,,,4016.699951171875,852.8400268554688
2002-07-29,,,,,530.75,337.75,300.0,,,4202.7001953125,898.9600219726562
2002-07-30,,,,,528.5,332.5,300.0,,,4180.89990234375,902.780029296875
2002-07-31,,,,,533.0,323.5,300.0,,,4246.2001953125,911.6199951171876
2002-08-01,,,,,529.75,323.0,295.0,,,4044.5,884.6599731445312
2002-08-02,,,,,526.75,321.5,280.0,,,4075.60009765625,864.239990234375
2002-08-05,,,,,528.5,322.0,280.0,,,3996.39990234375,834.5999755859375
2002-08-06,,,,,531.5,324.0,280.0,,,4131.0,859.5700073242188
2002-08-07,,,,,531.75,322.0,280.0,,,4094.39990234375,876.77001953125
2002-08-08,,,,,538.5,322.0,280.0,,,4240.5,905.4600219726562
2002-08-09,,,,,543.25,323.75,280.0,,,4322.39990234375,908.6400146484376
2002-08-12,,,,,552.75,324.0,280.0,,,4221.60009765625,903.7999877929688
2002-08-13,,,,,553.75,323.75,280.0,,,4271.7001953125,884.2100219726562
2002-08-14,,,,,558.25,324.0,280.0,,,4171.10009765625,919.6199951171876
2002-08-15,,,,,562.0,324.25,280.0,,,4327.5,930.25
2002-08-16,,,,,556.75,322.5,275.0,,,4330.0,928.77001953125
2002-08-19,,,,,556.5,321.5,260.0,,,4426.89990234375,950.7000122070312
2002-08-20,,,,,551.75,321.5,260.0,,,4368.89990234375,937.4299926757812
2002-08-21,,,,,545.0,321.5,260.0,,,4364.7998046875,949.3599853515624
2002-08-22,,,,,543.75,320.75,260.0,,,4434.7001953125,962.7000122070312
2002-08-23,,,,,543.75,321.75,260.0,,,4389.7998046875,940.8599853515624
2002-08-26,,,,,548.25,324.25,260.0,,,4389.7998046875,947.9500122070312
2002-08-27,,,,,556.0,336.5,260.0,,,4449.7001953125,934.8200073242188
2002-08-28,,,,,568.75,363.5,260.0,,,4274.0,917.8699951171876
2002-08-29,,,,,564.25,347.5,260.0,,,4209.2998046875,917.7999877929688
2002-08-30,,,,,570.0,340.25,260.0,,,4227.2998046875,916.0700073242188
2002-09-02,,,,,566.0,331.25,257.5,,,4180.89990234375,916.0700073242188
2002-09-03,,,,,562.0,326.0,255.0,,,4028.699951171875,878.02001953125
2002-09-04,,,,,545.75,323.25,255.0,,,4027.0,893.4000244140625
2002-09-05,,,,,541.0,324.25,255.0,,,4011.0,879.1500244140625
2002-09-06,,,,,545.5,327.25,255.0,,,4107.2001953125,893.9199829101562
2002-09-09,,,,,548.5,333.5,255.0,,,4062.39990234375,902.9600219726562
2002-09-10,,,,,551.5,334.5,255.0,,,4175.5,909.5800170898438
2002-09-11,,,,,552.5,333.75,255.0,,,4210.7001953125,909.4500122070312
2002-09-12,,,,,552.0,331.75,255.0,,,4084.89990234375,886.9099731445312
2002-09-13,,,,,554.25,333.25,255.0,,,4008.0,889.8099975585938
2002-09-16,,,,,557.75,337.75,255.0,,,4044.300048828125,891.0999755859375
2002-09-17,,,,,552.5,336.0,255.0,,,4025.199951171875,873.52001953125
2002-09-18,,,,,553.75,336.0,252.5,,,3865.39990234375,869.4600219726562
2002-09-19,,,,,562.75,335.0,245.0,,,3813.5,843.3200073242188
2002-09-20,,,,,575.25,335.0,245.0,,,3860.10009765625,845.3900146484375
2002-09-23,,,,,566.0,334.0,245.0,,,3739.39990234375,833.7000122070312
2002-09-24,,,,,576.75,331.5,245.0,,,3671.10009765625,819.2899780273438
2002-09-25,,,,,571.0,328.75,245.0,,,3696.300048828125,839.6599731445312
2002-09-26,,,,,565.75,324.5,245.0,,,3850.60009765625,854.9500122070312
2002-09-27,,,,,564.0,319.25,232.5,,,3907.199951171875,827.3699951171875
2002-09-30,,,,,566.0,318.5,220.0,,,3721.800048828125,815.280029296875
2002-10-01,,,,,570.5,319.5,220.0,,,3797.39990234375,847.9099731445312
2002-10-02,,,,,571.5,321.0,220.0,,,3905.300048828125,827.9099731445312
2002-10-03,,,,,567.5,325.25,220.0,,,3880.300048828125,818.9500122070312
2002-10-04,,,,,561.0,319.25,220.0,,,3813.800048828125,800.5800170898438
2002-10-07,,,,,560.5,315.75,220.0,,,3780.89990234375,785.280029296875
2002-10-08,,,,,560.5,315.5,220.0,,,3730.5,798.5499877929688
2002-10-09,,,,,577.75,318.75,220.0,,,3742.39990234375,776.760009765625
2002-10-10,,,,,587.75,324.25,220.0,,,3777.300048828125,803.9199829101562
2002-10-11,,,,,585.75,322.25,217.5,,,3953.39990234375,835.3200073242188
2002-10-14,,,,,593.5,321.0,210.0,,,3931.60009765625,841.4400024414062
2002-10-15,,,,,591.75,320.5,210.0,,,4130.2998046875,881.27001953125
2002-10-16,,,,,592.5,320.5,210.0,,,4057.699951171875,860.02001953125
2002-10-17,,,,,599.75,320.5,210.0,,,4170.7001953125,879.2000122070312
2002-10-18,,,,,594.5,320.0,210.0,,,4130.5,884.3900146484375
2002-10-21,,,,,591.25,321.25,210.0,,,4133.7998046875,899.719970703125
2002-10-22,,,,,585.75,322.0,210.0,,,4118.89990234375,890.1599731445312
2002-10-23,,,,,585.75,320.75,207.5,,,4006.89990234375,896.1400146484375
2002-10-24,,,,,584.0,316.0,200.0,,,4103.7001953125,882.5
2002-10-25,,,,,589.0,310.75,200.0,,,4051.10009765625,897.6500244140625
2002-10-28,,,,,593.25,312.5,200.0,,,4090.5,890.22998046875
2002-10-29,,,,,594.0,313.25,200.0,,,3935.89990234375,882.1500244140625
2002-10-30,,,,,594.25,316.5,200.0,,,4002.699951171875,890.7100219726562
2002-10-31,,,,,586.25,313.5,200.0,,,4039.699951171875,885.760009765625
2002-11-01,,,,,579.0,312.0,200.0,,,3997.0,900.9600219726562
2002-11-04,,,,,583.25,312.5,200.0,,,4141.5,908.3499755859376
2002-11-05,,,,,583.5,313.75,197.5,,,4146.10009765625,915.3900146484376
2002-11-06,,,,,586.5,315.5,195.0,,,4103.7001953125,923.760009765625
2002-11-07,,,,,587.25,312.5,195.0,,,4081.300048828125,902.6500244140624
2002-11-08,,,,,589.0,307.75,195.0,,,4034.60009765625,894.739990234375
2002-11-11,,,,,584.0,298.75,195.0,,,4015.60009765625,876.1900024414062
2002-11-12,,,,,581.25,288.0,195.0,,,4085.10009765625,882.9500122070312
2002-11-13,,,,,591.0,287.0,195.0,,,4029.39990234375,882.530029296875
2002-11-14,,,,,590.5,287.0,195.0,,,4053.10009765625,904.27001953125
2002-11-15,,,,,598.0,291.5,192.5,,,4091.60009765625,909.8300170898438
2002-11-18,,,,,604.75,291.0,190.0,,,4116.0,900.3599853515625
2002-11-19,,,,,602.25,281.75,190.0,,,4096.5,896.739990234375
2002-11-20,,,,,595.5,278.25,190.0,,,4094.89990234375,914.1500244140624
2002-11-21,,,,,592.0,277.5,190.0,,,4190.0,933.760009765625
2002-11-22,,,,,595.75,278.5,190.0,,,4175.2001953125,930.5499877929688
2002-11-25,,,,,596.25,270.0,187.5,,,4122.2001953125,932.8699951171876
2002-11-26,,,,,589.75,264.0,180.0,,,4071.0,913.3099975585938
2002-11-27,,,,,589.25,267.5,180.0,,,4144.2001953125,938.8699951171876
2002-11-28,,,,,587.25,266.5,180.0,,,4185.39990234375,938.8699951171876
2002-11-29,,,,,589.75,266.25,180.0,,,4169.39990234375,936.3099975585938
2002-12-02,,,,,593.25,264.0,175.0,,,4154.2998046875,934.530029296875
2002-12-03,,,,,592.75,263.25,170.0,,,4075.39990234375,920.75
2002-12-04,,,,,592.75,262.25,170.0,,,4048.60009765625,917.5800170898438
2002-12-05,,,,,595.75,255.25,167.5,,,4032.39990234375,906.5499877929688
2002-12-06,,,,,599.5,250.0,160.0,,,4013.5,912.22998046875
2002-12-09,,,,,603.25,251.75,160.0,,,3933.89990234375,892.0
2002-12-10,,,,,602.25,249.25,160.0,,,3925.0,904.4500122070312
2002-12-11,,,,,597.5,247.25,157.5,,,3974.89990234375,904.9600219726562
2002-12-12,,,,,596.5,245.0,150.0,,,3935.300048828125,901.5800170898438
2002-12-13,,,,,603.75,244.0,150.0,,,3878.10009765625,889.47998046875
2002-12-16,,,,,606.0,239.5,150.0,,,3984.0,910.4000244140624
2002-12-17,,,,,610.0,236.0,150.0,,,3908.699951171875,902.989990234375
2002-12-18,,,,,603.75,243.25,150.0,,,3835.199951171875,891.1199951171875
2002-12-19,,,,,603.5,248.0,150.0,,,3841.39990234375,884.25
2002-12-20,,,,,594.75,238.25,143.75,,,3889.89990234375,895.760009765625
2002-12-23,,,,,592.5,227.0,125.0,,,3936.89990234375,897.3800048828125
2002-12-24,,,,,590.25,230.25,125.0,,,3942.10009765625,892.469970703125
2002-12-26,,,,,593.0,230.0,125.0,,,3942.10009765625,889.6599731445312
2002-12-27,,,,,593.75,236.0,125.0,,,3829.39990234375,875.4000244140625
2002-12-30,,,,,598.5,239.0,125.0,,,3900.60009765625,879.3900146484375
2002-12-31,,,,,599.5,238.5,125.0,,,3940.39990234375,879.8200073242188
2003-01-02,,,,,599.5,238.5,125.0,,,4009.5,909.030029296875
2003-01-03,,,,,599.5,238.5,125.0,,,4005.0,908.5900268554688
2003-01-06,,,,,599.5,238.5,125.0,,,4001.39990234375,929.010009765625
2003-01-07,,,,,599.5,238.5,125.0,,,3957.39990234375,922.9299926757812
2003-01-08,,,,,599.5,238.5,125.0,,,3924.800048828125,909.9299926757812
2003-01-09,,,,,599.5,238.5,125.0,,,3934.0,927.5700073242188
2003-01-10,,,,,599.5,238.5,125.0,,,3974.10009765625,927.5700073242188
2003-01-13,,,,,599.5,238.5,125.0,,,3948.300048828125,926.260009765625
2003-01-14,,,,,599.5,238.5,125.0,,,3945.60009765625,931.6599731445312
2003-01-15,,,,,599.5,238.5,125.0,,,3887.800048828125,918.219970703125
2003-01-16,,,,,599.5,238.5,125.0,,,3881.800048828125,914.5999755859376
2003-01-17,,,,,624.5,253.5,115.0,,,3820.60009765625,901.780029296875
2003-01-20,,,,,629.5,261.25,115.0,,,3778.60009765625,901.780029296875
2003-01-21,,,,,634.25,263.5,107.5,,,3736.699951171875,887.6199951171875
2003-01-22,,,,,641.25,267.25,100.0,,,3678.0,878.3599853515625
2003-01-23,,,,,649.0,269.5,100.0,,,3622.199951171875,887.3400268554688
2003-01-24,,,,,651.25,267.25,100.0,,,3603.699951171875,861.4000244140625
2003-01-27,,,,,648.5,268.25,100.0,,,3480.800048828125,847.47998046875
2003-01-28,,,,,645.0,267.25,100.0,,,3490.0,858.5399780273438
2003-01-29,,,,,649.0,265.5,100.0,,,3483.800048828125,864.3599853515625
2003-01-30,,,,,670.25,268.0,100.0,,,3578.699951171875,844.6099853515625
2003-01-31,,,,,671.5,259.5,100.0,,,3567.39990234375,855.7000122070312
2003-02-03,,,,,693.5,263.0,100.0,,,3689.39990234375,860.3200073242188
2003-02-04,,,,,706.25,267.75,100.0,,,3590.10009765625,848.2000122070312
2003-02-05,,,,,692.75,267.75,100.0,,,3678.699951171875,843.5900268554688
2003-02-06,,,,,681.75,264.0,100.0,,,3597.0,838.1500244140625
2003-02-07,,,,,688.5,255.5,100.0,,,3599.199951171875,829.6900024414062
2003-02-10,,,,,687.5,254.5,100.0,,,3579.10009765625,835.969970703125
2003-02-11,,,,,680.5,252.0,100.0,,,3669.199951171875,829.2000122070312
2003-02-12,,,,,688.75,253.25,100.0,,,3616.10009765625,818.6799926757812
2003-02-13,,,,,689.5,255.5,100.0,,,3610.800048828125,817.3699951171875
2003-02-14,,,,,698.75,257.5,100.0,,,3611.89990234375,834.8900146484375
2003-02-17,,,,,692.25,254.0,100.0,,,3692.39990234375,834.8900146484375
2003-02-18,,,,,685.5,254.5,100.0,,,3729.5,851.1699829101562
2003-02-19,,,,,671.0,254.0,100.0,,,3658.300048828125,845.1300048828125
2003-02-20,,,,,675.75,254.75,100.0,,,3687.300048828125,837.0999755859375
2003-02-21,,,,,667.25,254.5,100.0,,,3727.10009765625,848.1699829101562
2003-02-24,,,,,670.5,253.25,100.0,,,3701.800048828125,832.5800170898438
2003-02-25,,,,,679.75,253.5,100.0,,,3621.5,838.5700073242188
2003-02-26,,,,,678.5,252.5,100.0,,,3593.300048828125,827.5499877929688
2003-02-27,,,,,683.75,249.75,100.0,,,3569.89990234375,837.280029296875
2003-02-28,,,,,678.75,245.25,100.0,,,3655.60009765625,841.1500244140625
2003-03-03,,,,,685.75,244.0,100.0,,,3684.699951171875,834.8099975585938
2003-03-04,,,,,689.5,240.0,100.0,,,3625.300048828125,821.989990234375
2003-03-05,,,,,700.75,241.0,100.0,,,3563.5,829.8499755859375
2003-03-06,,,,,700.0,239.0,100.0,,,3555.39990234375,822.0999755859375
2003-03-07,,,,,695.5,239.0,100.0,,,3491.60009765625,828.8900146484375
2003-03-10,,,,,696.75,242.5,100.0,,,3436.10009765625,807.47998046875
2003-03-11,,,,,707.25,244.0,100.0,,,3452.699951171875,800.72998046875
2003-03-12,,,,,701.25,242.75,100.0,,,3287.0,804.1900024414062
2003-03-13,,,,,700.5,237.75,100.0,,,3486.89990234375,831.9000244140625
2003-03-14,,,,,690.25,232.75,100.0,,,3601.800048828125,833.27001953125
2003-03-17,,,,,698.0,235.0,100.0,,,3722.300048828125,862.7899780273438
2003-03-18,,,,,690.0,235.25,100.0,,,3747.300048828125,866.4500122070312
2003-03-19,,,,,683.75,234.0,100.0,,,3765.39990234375,874.02001953125
2003-03-20,,,,,674.25,233.5,100.0,,,3765.699951171875,875.6699829101562
2003-03-21,,,,,664.75,231.0,100.0,,,3861.10009765625,895.7899780273438
2003-03-24,,,,,659.75,225.25,100.0,,,3743.300048828125,864.22998046875
2003-03-25,,,,,654.25,211.25,100.0,,,3762.0,874.739990234375
2003-03-26,,,,,646.5,204.75,100.0,,,3793.10009765625,869.9500122070312
2003-03-27,,,,,646.0,197.0,100.0,,,3729.10009765625,868.52001953125
2003-03-28,,,,,636.0,196.0,100.0,,,3708.5,863.5
2003-03-31,,,,,644.25,188.5,100.0,,,3613.300048828125,848.1799926757812
2003-04-01,,,,,646.5,183.0,100.0,,,3684.800048828125,858.47998046875
2003-04-02,,,,,639.25,180.25,100.0,,,3753.39990234375,880.9000244140625
2003-04-03,,,,,626.0,179.0,100.0,,,3771.10009765625,876.4500122070312
2003-04-04,,,,,616.75,176.0,95.0,,,3814.39990234375,878.8499755859375
2003-04-07,,,,,619.25,177.75,90.0,,,3935.800048828125,879.9299926757812
2003-04-08,,,,,614.25,172.75,90.0,,,3868.800048828125,878.2899780273438
2003-04-09,,,,,626.25,174.0,90.0,,,3861.39990234375,865.989990234375
2003-04-10,,,,,628.5,174.5,90.0,,,3803.300048828125,871.5800170898438
2003-04-11,,,,,626.75,174.0,90.0,,,3808.10009765625,868.2999877929688
2003-04-14,,,,,626.25,169.0,90.0,,,3849.39990234375,885.22998046875
2003-04-15,,,,,627.25,166.5,90.0,,,3916.89990234375,890.8099975585938
2003-04-16,,,,,624.25,159.75,90.0,,,3854.89990234375,879.9099731445312
2003-04-17,,,,,629.25,150.75,90.0,,,3889.199951171875,893.5800170898438
2003-04-21,,,,,640.0,162.0,90.0,,,3889.199951171875,892.010009765625
2003-04-22,,,,,641.25,160.5,90.0,,,3917.699951171875,911.3699951171876
2003-04-23,,,,,643.5,160.75,90.0,,,3966.5,919.02001953125
2003-04-24,,,,,639.25,156.25,90.0,,,3899.0,911.4299926757812
2003-04-25,,,,,636.75,155.75,90.0,,,3870.199951171875,898.8099975585938
2003-04-28,,,,,629.75,150.75,90.0,,,3940.300048828125,914.8400268554688
2003-04-29,,,,,617.5,152.0,90.0,,,3927.800048828125,917.8400268554688
2003-04-30,,,,,607.25,153.0,90.0,,,3926.0,916.9199829101562
2003-05-01,,,,,608.0,155.5,90.0,,,3880.10009765625,916.2999877929688
2003-05-02,,,,,608.5,155.25,90.0,,,3952.60009765625,930.0800170898438
2003-05-05,,,,,608.0,156.0,90.0,,,3952.60009765625,926.5499877929688
2003-05-06,,,,,612.25,156.75,90.0,,,4006.39990234375,934.3900146484376
2003-05-07,,,,,631.0,162.25,90.0,,,3992.89990234375,929.6199951171876
2003-05-08,,,,,637.5,163.5,90.0,,,3928.89990234375,920.27001953125
2003-05-09,,,,,641.25,161.25,90.0,,,3969.39990234375,933.4099731445312
2003-05-12,,,,,646.75,157.0,90.0,,,3987.39990234375,945.1099853515624
2003-05-13,,,,,664.5,161.25,90.0,,,3999.89990234375,942.2999877929688
2003-05-14,,,,,660.75,160.5,90.0,,,3975.0,939.280029296875
2003-05-15,,,,,665.25,161.25,90.0,,,4011.10009765625,946.6699829101562
2003-05-16,,,,,664.0,161.5,90.0,,,4049.0,944.2999877929688
2003-05-19,,,,,658.5,161.25,90.0,,,3941.300048828125,920.77001953125
2003-05-20,,,,,666.75,166.0,90.0,,,3971.60009765625,919.72998046875
2003-05-21,,,,,677.0,175.75,90.0,,,3936.39990234375,923.4199829101562
2003-05-22,,,,,675.0,178.25,90.0,,,3990.5,931.8699951171876
2003-05-23,,,,,669.0,175.0,90.0,,,3979.800048828125,933.219970703125
2003-05-26,,,,,672.3333,187.3333,90.0,,,3979.800048828125,933.219970703125
2003-05-27,,,,,681.5,198.5,90.0,,,3992.39990234375,951.47998046875
2003-05-28,,,,,681.75,199.0,90.0,,,4071.89990234375,953.219970703125
2003-05-29,,,,,658.75,186.25,90.0,,,4083.60009765625,949.6400146484376
2003-05-30,,,,,645.25,183.75,90.0,,,4048.10009765625,963.5900268554688
2003-06-02,,,,,643.75,187.25,90.0,,,4129.2998046875,967.0
2003-06-03,,,,,648.75,191.0,90.0,,,4115.7001953125,971.5599975585938
2003-06-04,,,,,668.5,192.5,90.0,,,4126.60009765625,986.239990234375
2003-06-05,,,,,669.25,190.0,90.0,,,4104.2998046875,990.1400146484376
2003-06-06,,,,,667.0,184.75,90.0,,,4150.7998046875,987.760009765625
2003-06-09,,,,,660.25,176.25,90.0,,,4129.10009765625,975.9299926757812
2003-06-10,,,,,659.75,175.25,90.0,,,4113.0,984.8400268554688
2003-06-11,,,,,656.25,177.0,90.0,,,4150.2001953125,997.47998046875
2003-06-12,,,,,651.5,177.25,90.0,,,4161.2998046875,998.510009765625
2003-06-13,,,,,657.75,184.5,90.0,,,4134.10009765625,988.6099853515624
2003-06-16,,,,,671.5,188.5,90.0,,,4152.89990234375,1010.739990234375
2003-06-17,,,,,670.75,184.25,90.0,,,4190.39990234375,1011.6599731445312
2003-06-18,,,,,665.0,179.0,90.0,,,4207.0,1010.0900268554688
2003-06-19,,,,,670.5,179.0,90.0,,,4131.5,994.7000122070312
2003-06-20,,,,,678.75,180.25,90.0,,,4160.10009765625,995.6900024414062
2003-06-23,,,,,669.25,181.0,90.0,,,4087.89990234375,981.6400146484376
2003-06-24,,,,,669.5,180.75,90.0,,,4060.89990234375,983.4500122070312
2003-06-25,,,,,669.75,179.5,90.0,,,4067.89990234375,975.3200073242188
2003-06-26,,,,,665.75,180.75,90.0,,,4041.699951171875,985.8200073242188
2003-06-27,,,,,661.25,179.5,90.0,,,4067.800048828125,976.219970703125
2003-06-30,,,,,668.25,178.75,90.0,,,4031.199951171875,974.5
2003-07-01,,,,,674.0,183.5,90.0,,,3963.89990234375,982.3200073242188
2003-07-02,,,,,677.0,188.25,90.0,,,4006.89990234375,993.75
2003-07-03,,,,,676.75,187.5,90.0,,,4024.800048828125,985.7000122070312
2003-07-04,,,,,678.25,188.75,90.0,,,4021.5,985.7000122070312
2003-07-07,,,,,678.0,185.75,90.0,,,4074.800048828125,1004.4199829101562
2003-07-08,,,,,671.5,180.75,90.0,,,4073.60009765625,1007.8400268554688
2003-07-09,,,,,667.5,176.0,90.0,,,4054.699951171875,1002.2100219726562
2003-07-10,,,,,675.0,175.0,90.0,,,4028.800048828125,988.7000122070312
2003-07-11,,,,,677.0,177.75,90.0,,,4058.10009765625,998.1400146484376
2003-07-14,,,,,680.5,177.25,90.0,,,4127.60009765625,1003.8599853515624
2003-07-15,,,,,688.75,176.0,90.0,,,4102.5,1000.4199829101562
2003-07-16,,,,,688.5,174.5,90.0,,,4077.10009765625,994.0900268554688
2003-07-17,,,,,685.75,172.5,90.0,,,4056.60009765625,981.72998046875
2003-07-18,,,,,689.5,169.0,90.0,,,4073.199951171875,993.3200073242188
2003-07-21,,,,,687.75,167.0,90.0,,,4044.300048828125,978.7999877929688
2003-07-22,,,,,691.0,167.0,90.0,,,4079.800048828125,988.1099853515624
2003-07-23,,,,,692.75,165.5,90.0,,,4086.5,988.6099853515624
2003-07-24,,,,,696.75,168.75,90.0,,,4149.60009765625,981.5999755859376
2003-07-25,,,,,693.25,169.25,90.0,,,4131.2001953125,998.6799926757812
2003-07-28,,,,,694.0,169.75,90.0,,,4148.7998046875,996.52001953125
2003-07-29,,,,,701.75,173.25,90.0,,,4137.0,989.280029296875
2003-07-30,,,,,695.75,178.5,90.0,,,4141.2001953125,987.489990234375
2003-07-31,,,,,688.75,179.0,90.0,,,4157.0,990.3099975585938
2003-08-01,,,,,686.75,182.5,90.0,,,4098.39990234375,980.1500244140624
2003-08-04,,,,,679.0,183.75,90.0,,,4100.10009765625,982.8200073242188
2003-08-05,,,,,684.0,180.5,90.0,,,4121.0,965.4600219726562
2003-08-06,,,,,683.75,176.75,90.0,,,4070.39990234375,967.0800170898438
2003-08-07,,,,,683.6667,177.6667,90.0,,,4095.60009765625,974.1199951171876
2003-08-08,,,,,682.0,178.75,90.0,,,4147.7998046875,977.5900268554688
2003-08-11,,,,,686.75,176.75,90.0,,,4176.7001953125,980.5900268554688
2003-08-12,,,,,697.75,180.25,90.0,,,4185.60009765625,990.3499755859376
2003-08-13,,,,,694.25,175.75,90.0,,,4180.7001953125,984.030029296875
2003-08-14,,,,,692.0,173.5,90.0,,,4237.7998046875,990.510009765625
2003-08-15,,,,,698.5,177.5,90.0,,,4247.2998046875,990.6699829101562
2003-08-18,,,,,701.0,179.75,90.0,,,4272.10009765625,999.739990234375
2003-08-19,,,,,699.25,179.5,90.0,,,4250.7998046875,1002.3499755859376
2003-08-20,,,,,704.75,180.25,90.0,,,4217.39990234375,1000.2999877929688
2003-08-21,,,,,705.75,186.25,90.0,,,4223.5,1003.27001953125
2003-08-22,,,,,703.0,188.75,90.0,,,4225.89990234375,993.0599975585938
2003-08-25,,,,,696.5,194.0,90.0,,,4225.89990234375,993.7100219726562
2003-08-26,,,,,694.0,200.0,90.0,,,4177.39990234375,996.72998046875
2003-08-27,,,,,700.25,204.25,90.0,,,4206.39990234375,996.7899780273438
2003-08-28,,,,,711.25,205.0,90.0,,,4198.0,1002.8400268554688
2003-08-29,,,,,710.0,204.0,90.0,,,4161.10009765625,1008.010009765625
2003-09-01,,,,,712.0,204.25,90.0,,,4204.39990234375,1008.010009765625
2003-09-02,,,,,715.25,203.25,90.0,,,4204.39990234375,1021.989990234375
2003-09-03,,,,,714.75,201.75,90.0,,,4262.10009765625,1026.27001953125
2003-09-04,,,,,715.75,202.5,90.0,,,4248.7998046875,1027.969970703125
2003-09-05,,,,,714.5,211.5,90.0,,,4257.2001953125,1021.3900146484376
2003-09-08,,,,,713.25,219.25,90.0,,,4292.10009765625,1031.6400146484375
2003-09-09,,,,,712.0,228.0,90.0,,,4263.89990234375,1023.1699829101562
2003-09-10,,,,,708.75,228.75,90.0,,,4252.10009765625,1010.9199829101562
2003-09-11,,,,,700.75,220.25,90.0,,,4242.2001953125,1016.4199829101562
2003-09-12,,,,,704.0,218.5,90.0,,,4237.7998046875,1018.6300048828124
2003-09-15,,,,,701.25,212.0,90.0,,,4260.89990234375,1014.8099975585938
2003-09-16,,,,,701.75,212.5,90.0,,,4299.0,1029.3199462890625
2003-09-17,,,,,697.75,219.5,90.0,,,4293.0,1025.969970703125
2003-09-18,,,,,701.25,216.5,90.0,,,4314.7001953125,1039.5799560546875
2003-09-19,,,,,702.25,217.25,90.0,,,4257.0,1036.300048828125
2003-09-22,,,,,706.5,222.75,90.0,,,4228.2001953125,1022.8200073242188
2003-09-23,,,,,708.5,219.0,90.0,,,4221.7001953125,1029.030029296875
2003-09-24,,,,,707.75,220.0,90.0,,,4236.39990234375,1009.3800048828124
2003-09-25,,,,,712.5,222.25,90.0,,,4202.2001953125,1003.27001953125
2003-09-26,,,,,711.5,215.75,90.0,,,4157.10009765625,996.8499755859376
2003-09-29,,,,,706.0,210.25,90.0,,,4142.7001953125,1006.5800170898438
2003-09-30,,,,,708.25,209.0,90.0,,,4091.300048828125,995.969970703125
2003-10-01,,,,,715.0,215.0,90.0,,,4169.2001953125,1018.219970703125
2003-10-02,,,,,715.75,215.5,90.0,,,4209.10009765625,1020.239990234375
2003-10-03,,,,,718.25,213.5,90.0,,,4274.0,1029.8499755859375
2003-10-06,,,,,713.5,211.25,90.0,,,4270.10009765625,1034.3499755859375
2003-10-07,,,,,720.25,208.5,90.0,,,4272.0,1039.25
2003-10-08,,,,,731.5,208.25,90.0,,,4268.60009765625,1033.780029296875
2003-10-09,,,,,733.0,213.0,90.0,,,4313.89990234375,1038.72998046875
2003-10-10,,,,,733.25,210.75,90.0,,,4311.0,1038.06005859375
2003-10-13,,,,,731.25,209.0,90.0,,,4362.2998046875,1045.3499755859375
2003-10-14,,,,,733.75,207.25,90.0,,,4334.10009765625,1049.47998046875
2003-10-15,,,,,733.5,203.75,90.0,,,4368.7998046875,1046.760009765625
2003-10-16,,,,,728.75,192.0,90.0,,,4339.7001953125,1050.0699462890625
2003-10-17,,,,,728.5,193.75,90.0,,,4344.0,1039.3199462890625
2003-10-20,,,,,733.0,196.25,90.0,,,4347.60009765625,1044.6800537109375
2003-10-21,,,,,739.25,196.25,90.0,,,4352.2998046875,1046.030029296875
2003-10-22,,,,,740.5,199.5,90.0,,,4285.60009765625,1030.3599853515625
2003-10-23,,,,,744.5,203.5,90.0,,,4240.2001953125,1033.77001953125
2003-10-24,,,,,744.25,201.0,90.0,,,4239.0,1028.9100341796875
2003-10-27,,,,,746.0,197.0,90.0,,,4251.2998046875,1031.1300048828125
2003-10-28,,,,,749.0,197.5,90.0,,,4272.89990234375,1046.7900390625
2003-10-29,,,,,753.5,200.25,90.0,,,4265.7001953125,1048.1099853515625
2003-10-30,,,,,759.75,205.5,90.0,,,4300.89990234375,1046.93994140625
2003-10-31,,,,,756.25,208.5,90.0,,,4287.60009765625,1050.7099609375
2003-11-03,,,,,747.75,208.5,88.5,,,4332.60009765625,1059.02001953125
2003-11-04,,,,,744.5,209.0,87.0,,,4330.2998046875,1053.25
2003-11-05,,,,,756.75,209.0,87.0,,,4303.39990234375,1051.81005859375
2003-11-06,,,,,761.0,208.0,87.0,,,4324.2001953125,1058.050048828125
2003-11-07,,,,,759.5,206.75,87.0,,,4376.89990234375,1053.2099609375
2003-11-10,,,,,762.25,206.0,87.0,,,4341.7998046875,1047.1099853515625
2003-11-11,,,,,763.25,204.0,87.0,,,4345.10009765625,1046.5699462890625
2003-11-12,,,,,762.25,197.75,87.0,,,4371.2998046875,1058.530029296875
2003-11-13,,,,,768.0,199.25,87.0,,,4373.0,1058.4100341796875
2003-11-14,,,,,773.75,200.75,87.0,,,4397.0,1050.3499755859375
2003-11-17,,,,,767.5,199.75,87.0,,,4338.89990234375,1043.6300048828125
2003-11-18,,,,,762.5,198.75,87.0,,,4354.7001953125,1034.1500244140625
2003-11-19,,,,,774.25,200.0,87.0,,,4327.39990234375,1042.43994140625
2003-11-20,,,,,767.75,197.5,87.0,,,4308.0,1033.6500244140625
2003-11-21,,,,,767.0,195.5,87.0,,,4319.0,1035.280029296875
2003-11-24,,,,,763.5,194.5,87.0,,,4382.39990234375,1052.0799560546875
2003-11-25,,,,,759.0,192.5,87.0,,,4388.7998046875,1053.8900146484375
2003-11-26,,,,,763.0,191.0,87.0,,,4370.39990234375,1058.449951171875
2003-11-27,,,,,767.75,190.5,87.0,,,4361.10009765625,1058.449951171875
2003-11-28,,,,,765.75,191.0,87.0,,,4342.60009765625,1058.199951171875
2003-12-01,,,,,770.25,191.75,87.0,,,4410.0,1070.1199951171875
2003-12-02,,,,,776.0,191.0,87.0,,,4378.89990234375,1066.6199951171875
2003-12-03,,,,,780.25,193.0,87.0,,,4392.0,1064.72998046875
2003-12-04,,,,,785.5,194.75,87.0,,,4378.2001953125,1069.719970703125
2003-12-05,,,,,789.25,199.25,87.0,,,4367.0,1061.5
2003-12-08,,,,,796.0,201.5,87.0,,,4359.7998046875,1069.300048828125
2003-12-09,,,,,802.75,207.25,87.0,,,4379.60009765625,1060.1800537109375
2003-12-10,,,,,805.5,210.5,87.0,,,4335.39990234375,1059.050048828125
2003-12-11,,,,,811.75,211.25,87.0,,,4331.2998046875,1071.2099609375
2003-12-12,,,,,814.75,208.5,87.0,,,4347.60009765625,1074.1400146484375
2003-12-15,,,,,825.75,208.25,87.0,,,4348.0,1068.0400390625
2003-12-16,,,,,829.5,205.5,87.0,,,4333.0,1075.1300048828125
2003-12-17,,,,,834.75,202.0,87.0,,,4354.2001953125,1076.47998046875
2003-12-18,,,,,841.75,202.0,87.0,,,4397.2998046875,1089.1800537109375
2003-12-19,,,,,834.25,199.0,87.0,,,4412.2998046875,1088.6600341796875
2003-12-22,,,,,818.75,198.25,87.0,,,4424.0,1092.93994140625
2003-12-23,,,,,805.5,201.75,87.0,,,4440.89990234375,1096.02001953125
2003-12-24,,,,,813.25,203.0,87.0,,,4444.7001953125,1094.0400390625
2003-12-26,,,,,813.25,203.0,87.0,,,4444.7001953125,1095.8900146484375
2003-12-29,,,,,824.25,203.0,87.0,,,4457.5,1109.47998046875
2003-12-30,,,,,814.75,200.0,87.0,,,4470.39990234375,1109.6400146484375
2003-12-31,,,,,814.75,197.25,87.0,,,4476.89990234375,1111.9200439453125
2004-01-02,,,,,815.75,195.5,87.0,,,4510.2001953125,1108.47998046875
2004-01-05,,,,,827.75,198.75,87.0,,,4513.2998046875,1122.219970703125
2004-01-06,,,,,845.75,202.5,87.0,,,4505.2001953125,1123.6700439453125
2004-01-07,,,,,846.75,200.75,87.0,,,4473.0,1126.3299560546875
2004-01-08,,,,,847.25,201.75,87.0,,,4494.2001953125,1131.9200439453125
2004-01-09,,,,,853.25,203.0,87.0,,,4466.2998046875,1121.8599853515625
2004-01-12,,,,,855.5,207.0,87.0,,,4449.60009765625,1127.22998046875
2004-01-13,,,,,865.0,216.5,87.0,,,4440.10009765625,1121.219970703125
2004-01-14,,,,,864.75,218.75,87.0,,,4461.39990234375,1130.52001953125
2004-01-15,,,,,856.25,214.5,87.0,,,4456.10009765625,1132.050048828125
2004-01-16,,,,,853.75,212.25,87.0,,,4487.89990234375,1139.8299560546875
2004-01-19,,,,,862.0,217.5,87.0,,,4518.10009765625,1139.8299560546875
2004-01-20,,,,,860.25,216.75,87.0,,,4499.2998046875,1138.77001953125
2004-01-21,,,,,865.0,223.75,87.0,,,4511.2001953125,1147.6199951171875
2004-01-22,,,,,866.0,240.5,87.0,,,4476.7998046875,1143.93994140625
2004-01-23,,,,,866.0,246.0,87.0,,,4460.7998046875,1141.550048828125
2004-01-26,,,,,860.0,243.75,87.0,,,4445.5,1155.3699951171875
2004-01-27,,,,,855.0,236.5,87.0,,,4447.0,1144.050048828125
2004-01-28,,,,,859.75,240.5,87.0,,,4468.10009765625,1128.47998046875
2004-01-29,,,,,851.5,240.5,87.0,,,4411.5,1134.1099853515625
2004-01-30,,,,,834.5,231.0,87.0,,,4390.7001953125,1131.1300048828125
2004-02-02,,,,,833.25,233.0,87.0,,,4381.39990234375,1135.260009765625
2004-02-03,,,,,827.25,230.5,87.0,,,4390.60009765625,1136.030029296875
2004-02-04,,,,,825.0,235.25,87.0,,,4398.5,1126.52001953125
2004-02-05,,,,,825.5,238.5,87.0,,,4384.39990234375,1128.5899658203125
2004-02-06,,,,,826.25,239.0,87.0,,,4402.7001953125,1142.760009765625
2004-02-09,,,,,835.75,239.25,87.0,,,4434.39990234375,1139.81005859375
2004-02-10,,,,,838.75,238.5,88.5,,,4405.0,1145.5400390625
2004-02-11,,,,,839.5,238.0,90.0,,,4396.10009765625,1157.760009765625
2004-02-12,,,,,849.0,240.75,90.0,,,4377.7001953125,1152.1099853515625
2004-02-13,,,,,853.25,244.0,90.0,,,4412.0,1145.81005859375
2004-02-16,,,,,851.5,243.0,90.0,,,4408.10009765625,1145.81005859375
2004-02-17,,,,,856.25,242.5,90.0,,,4461.5,1156.989990234375
2004-02-18,,,,,865.75,245.5,95.0,,,4442.89990234375,1151.8199462890625
2004-02-19,,,,,859.75,245.25,100.0,,,4515.60009765625,1147.06005859375
2004-02-20,,,,,857.75,242.75,100.0,,,4515.0,1144.1099853515625
2004-02-23,,,,,843.25,232.25,100.0,,,4524.2998046875,1140.989990234375
2004-02-24,,,,,854.75,231.75,105.0,,,4496.7998046875,1139.0899658203125
2004-02-25,,,,,863.25,235.75,115.0,,,4507.60009765625,1143.6700439453125
2004-02-26,,,,,861.25,229.5,120.0,,,4515.89990234375,1144.9100341796875
2004-02-27,,,,,875.75,230.25,125.0,,,4492.2001953125,1144.93994140625
2004-03-01,,,,,895.5,237.0,135.0,,,4537.0,1155.969970703125
2004-03-02,,,,,891.75,241.5,150.0,,,4540.10009765625,1149.0999755859375
2004-03-03,,,,,880.25,240.5,152.5,,,4525.10009765625,1151.030029296875
2004-03-04,,,,,883.75,240.5,163.75,,,4559.10009765625,1154.8699951171875
2004-03-05,,,,,883.5,247.0,175.0,,,4547.10009765625,1156.8599853515625
2004-03-08,,,,,893.5,257.5,175.0,,,4553.7998046875,1147.199951171875
2004-03-09,,,,,897.75,260.75,187.5,,,4542.0,1140.5799560546875
2004-03-10,,,,,908.5,263.5,210.0,,,4545.2998046875,1123.8900146484375
2004-03-11,,,,,910.0,271.75,225.0,,,4445.2001953125,1106.780029296875
2004-03-12,,,,,910.25,280.5,230.0,,,4467.39990234375,1120.5699462890625
2004-03-15,,,,,909.75,282.5,230.0,,,4412.89990234375,1104.489990234375
2004-03-16,,,,,906.0,282.75,230.0,,,4428.89990234375,1110.699951171875
2004-03-17,,,,,907.25,283.25,230.0,,,4456.7998046875,1123.75
2004-03-18,,,,,906.25,276.25,230.0,,,4397.89990234375,1122.3199462890625
2004-03-19,,,,,899.25,279.75,230.0,,,4417.7001953125,1109.780029296875
2004-03-22,,,,,896.75,278.75,230.0,,,4333.7998046875,1095.4000244140625
2004-03-23,,,,,907.25,289.0,230.0,,,4318.5,1093.949951171875
2004-03-24,,,,,920.25,289.75,230.0,,,4309.5,1091.3299560546875
2004-03-25,,,,,916.25,285.0,230.0,,,4373.60009765625,1109.18994140625
2004-03-26,,,,,912.0,286.75,230.0,,,4357.5,1108.06005859375
2004-03-29,,,,,909.75,287.5,230.0,,,4406.7001953125,1122.469970703125
2004-03-30,,,,,891.25,287.25,230.0,,,4412.7998046875,1127.0
2004-03-31,,,,,899.5,287.5,230.0,,,4385.7001953125,1126.2099609375
2004-04-01,,,,,912.5,290.25,230.0,,,4410.7001953125,1132.1700439453125
2004-04-02,,,,,912.5,300.75,230.0,,,4465.60009765625,1141.81005859375
2004-04-05,,,,,901.0,313.0,230.0,,,4480.7001953125,1150.5699462890625
2004-04-06,,,,,887.75,313.75,230.0,,,4472.7998046875,1148.1600341796875
2004-04-07,,,,,887.5,320.0,230.0,,,4468.7001953125,1140.530029296875
2004-04-08,,,,,894.0,326.25,230.0,,,4489.7001953125,1139.3199462890625
2004-04-12,,,,,940.0,339.0,230.0,,,4489.7001953125,1145.199951171875
2004-04-13,,,,,939.25,337.75,230.0,,,4515.7998046875,1129.43994140625
2004-04-14,,,,,927.25,325.5,230.0,,,4485.39990234375,1128.1700439453125
2004-04-15,,,,,928.5,320.25,230.0,,,4505.5,1128.8399658203125
2004-04-16,,,,,923.25,314.75,230.0,,,4537.2998046875,1134.6099853515625
2004-04-19,,,,,935.25,317.75,230.0,,,4546.2001953125,1135.8199462890625
2004-04-20,,,,,930.0,321.75,230.0,,,4569.0,1118.1500244140625
2004-04-21,,,,,905.25,303.75,230.0,,,4539.89990234375,1124.0899658203125
2004-04-22,,,,,875.0,278.25,230.0,,,4571.7998046875,1139.9300537109375
2004-04-23,,,,,849.25,268.25,230.0,,,4570.0,1140.5999755859375
2004-04-26,,,,,835.0,273.75,227.5,,,4571.89990234375,1135.530029296875
2004-04-27,,,,,845.5,278.25,220.0,,,4575.7001953125,1138.1099853515625
2004-04-28,,,,,831.25,272.5,220.0,,,4524.5,1122.4100341796875
2004-04-29,,,,,800.25,245.75,220.0,,,4519.5,1113.8900146484375
2004-04-30,,,,,800.0,251.5,220.0,,,4489.7001953125,1107.300048828125
2004-05-03,,,,,805.25,261.25,220.0,,,4489.7001953125,1117.489990234375
2004-05-04,,,,,816.75,264.75,218.75,,,4547.2001953125,1119.550048828125
2004-05-05,,,,,821.75,257.25,215.0,,,4569.5,1121.530029296875
2004-05-06,,,,,808.0,253.75,215.0,,,4516.2001953125,1113.989990234375
2004-05-07,,,,,798.75,254.25,215.0,,,4498.39990234375,1098.699951171875
2004-05-10,,,,,776.5,236.75,215.0,,,4395.2001953125,1087.1199951171875
2004-05-11,,,,,785.5,238.5,215.0,,,4454.7001953125,1095.449951171875
2004-05-12,,,,,791.5,239.25,215.0,,,4412.89990234375,1097.280029296875
2004-05-13,,,,,796.0,244.25,215.0,,,4453.7998046875,1096.43994140625
2004-05-14,,,,,796.0,244.75,215.0,,,4441.7998046875,1095.699951171875
2004-05-17,,,,,815.25,247.0,215.0,,,4403.0,1084.0999755859375
2004-05-18,,,,,805.75,242.75,215.0,,,4414.39990234375,1091.489990234375
2004-05-19,,,,,807.25,238.75,215.0,,,4471.7998046875,1088.6800537109375
2004-05-20,,,,,809.25,243.5,215.0,,,4428.7001953125,1089.18994140625
2004-05-21,,,,,810.25,243.0,215.0,,,4431.39990234375,1093.56005859375
2004-05-24,,,,,822.0,251.0,215.0,,,4428.89990234375,1095.4100341796875
2004-05-25,,,,,835.0,256.25,215.0,,,4418.0,1113.050048828125
2004-05-26,,,,,840.0,255.0,212.5,,,4438.2998046875,1114.93994140625
2004-05-27,,,,,845.0,253.75,210.0,,,4453.60009765625,1121.280029296875
2004-05-28,,,,,841.75,252.25,210.0,,,4430.7001953125,1120.6800537109375
2004-05-31,,,,,843.5,255.0,210.0,,,4430.7001953125,1120.6800537109375
2004-06-01,,,,,845.25,254.5,210.0,,,4422.7001953125,1121.199951171875
2004-06-02,,,,,846.25,254.75,210.0,,,4422.7998046875,1124.989990234375
2004-06-03,,,,,833.5,248.5,210.0,,,4435.39990234375,1116.6400146484375
2004-06-04,,,,,832.25,246.0,210.0,,,4454.5,1122.5
2004-06-07,,,,,834.25,243.0,210.0,,,4491.60009765625,1140.4200439453125
2004-06-08,,,,,840.0,243.0,210.0,,,4504.7998046875,1142.1800537109375
2004-06-09,,,,,822.25,236.0,210.0,,,4489.5,1131.3299560546875
2004-06-10,,,,,798.75,217.75,210.0,,,4486.10009765625,1136.469970703125
2004-06-11,,,,,798.25,220.5,210.0,,,4484.0,1136.469970703125
2004-06-14,,,,,795.75,218.0,210.0,,,4433.2001953125,1125.2900390625
2004-06-15,,,,,781.25,217.75,210.0,,,4458.60009765625,1132.010009765625
2004-06-16,,,,,782.0,223.25,210.0,,,4491.10009765625,1133.56005859375
2004-06-17,,,,,779.5,224.0,210.0,,,4493.2998046875,1132.050048828125
2004-06-18,,,,,798.5,228.25,210.0,,,4505.7998046875,1135.02001953125
2004-06-21,,,,,814.5,231.75,210.0,,,4502.2001953125,1130.300048828125
2004-06-22,,,,,808.0,227.0,210.0,,,4468.5,1134.4100341796875
2004-06-23,,,,,810.75,226.25,210.0,,,4486.7001953125,1144.06005859375
2004-06-24,,,,,809.5,225.75,210.0,,,4503.2001953125,1140.6500244140625
2004-06-25,,,,,812.5,230.5,210.0,,,4494.10009765625,1134.4300537109375
2004-06-28,,,,,800.75,226.5,210.0,,,4518.7001953125,1133.3499755859375
2004-06-29,,,,,784.5,224.25,210.0,,,4512.39990234375,1136.199951171875
2004-06-30,,,,,790.25,223.0,210.0,,,4464.10009765625,1140.8399658203125
2004-07-01,,,,,785.0,216.5,210.0,,,4424.7001953125,1128.93994140625
2004-07-02,,,,,783.5,215.25,210.0,,,4407.39990234375,1125.3800048828125
2004-07-05,,,,,784.25,215.25,210.0,,,4403.2998046875,1125.3800048828125
2004-07-06,,,,,780.75,216.75,210.0,,,4370.7001953125,1116.2099609375
2004-07-07,,,,,787.0,221.5,210.0,,,4358.39990234375,1118.3299560546875
2004-07-08,,,,,807.25,226.75,210.0,,,4381.10009765625,1109.1099853515625
2004-07-09,,,,,815.25,227.0,210.0,,,4393.2001953125,1112.81005859375
2004-07-12,,,,,823.75,227.5,208.75,,,4360.0,1114.3499755859375
2004-07-13,,,,,815.5,225.0,205.0,,,4357.7001953125,1115.1400146484375
2004-07-14,,,,,817.5,224.5,205.0,,,4372.60009765625,1111.469970703125
2004-07-15,,,,,819.75,226.75,205.0,,,4340.7001953125,1106.68994140625
2004-07-16,,,,,822.3333,226.6667,205.0,,,4339.2001953125,1101.3900146484375
2004-07-19,,,,,827.25,227.0,205.0,,,4321.10009765625,1100.9000244140625
2004-07-20,,,,,836.25,228.25,205.0,,,4339.39990234375,1108.6700439453125
2004-07-21,,,,,833.75,230.0,205.0,,,4377.2998046875,1093.8800048828125
2004-07-22,,,,,830.25,226.75,205.0,,,4306.2998046875,1096.8399658203125
2004-07-23,,,,,822.75,224.0,205.0,,,4326.2998046875,1086.199951171875
2004-07-26,,,,,818.5,222.5,205.0,,,4287.0,1084.0699462890625
2004-07-27,,,,,811.25,221.25,205.0,,,4324.89990234375,1094.8299560546875
2004-07-28,,,,,803.5,220.0,205.0,,,4356.2998046875,1095.4200439453125
2004-07-29,,,,,813.0,216.75,205.0,,,4418.7001953125,1100.4300537109375
2004-07-30,,,,,818.0,218.25,205.0,,,4413.10009765625,1101.719970703125
2004-08-02,,,,,829.25,219.5,205.0,,,4415.7001953125,1106.6199951171875
2004-08-03,,,,,830.25,219.25,205.0,,,4429.7001953125,1099.68994140625
2004-08-04,,,,,834.0,218.0,205.0,,,4408.10009765625,1098.6300048828125
2004-08-05,,,,,831.75,217.75,205.0,,,4413.39990234375,1080.699951171875
2004-08-06,,,,,832.75,214.25,205.0,,,4337.89990234375,1063.969970703125
2004-08-09,,,,,837.0,215.75,205.0,,,4314.39990234375,1065.219970703125
2004-08-10,,,,,839.75,218.0,205.0,,,4350.89990234375,1079.0400390625
2004-08-11,,,,,845.25,217.5,205.0,,,4312.2001953125,1075.7900390625
2004-08-12,,,,,847.0,216.25,205.0,,,4328.10009765625,1063.22998046875
2004-08-13,,,,,853.25,214.5,205.0,,,4301.5,1064.800048828125
2004-08-16,,,,,873.5,215.25,205.0,,,4350.2001953125,1079.3399658203125
2004-08-17,,,,,879.25,217.5,205.0,,,4358.7001953125,1081.7099609375
2004-08-18,,,,,867.25,218.5,205.0,,,4355.2998046875,1095.1700439453125
2004-08-19,,,,,864.75,221.5,205.0,,,4362.60009765625,1091.22998046875
2004-08-20,,,,,857.25,223.25,205.0,,,4369.2001953125,1098.3499755859375
2004-08-23,,,,,847.75,223.5,205.0,,,4405.2998046875,1095.6800537109375
2004-08-24,,,,,844.75,220.25,205.0,,,4407.5,1096.18994140625
2004-08-25,,,,,851.75,217.75,205.0,,,4411.60009765625,1104.9599609375
2004-08-26,,,,,855.5,217.25,205.0,,,4453.89990234375,1105.0899658203125
2004-08-27,,,,,868.5,217.75,205.0,,,4490.10009765625,1107.77001953125
2004-08-30,,,,,865.25,217.0,205.0,,,4490.10009765625,1099.1500244140625
2004-08-31,,,,,868.0,216.0,205.0,,,4459.2998046875,1104.239990234375
2004-09-01,,,,,868.75,215.5,205.0,,,4502.10009765625,1105.9100341796875
2004-09-02,,,,,875.5,215.5,205.0,,,4518.60009765625,1118.31005859375
2004-09-03,,,,,868.5,215.0,205.0,,,4550.7998046875,1113.6300048828125
2004-09-06,,,,,850.5,213.75,205.0,,,4563.7998046875,1113.6300048828125
2004-09-07,,,,,850.75,212.5,205.0,,,4565.60009765625,1121.300048828125
2004-09-08,,,,,839.5,209.0,205.0,,,4558.39990234375,1116.27001953125
2004-09-09,,,,,837.25,208.5,205.0,,,4538.0,1118.3800048828125
2004-09-10,,,,,835.75,207.0,205.0,,,4545.0,1123.9200439453125
2004-09-13,,,,,837.5,210.5,205.0,,,4558.5,1125.8199462890625
2004-09-14,,,,,844.5,210.25,205.0,,,4545.60009765625,1128.3299560546875
2004-09-15,,,,,844.75,211.0,205.0,,,4548.5,1120.3699951171875
2004-09-16,,,,,844.0,210.5,205.0,,,4556.5,1123.5
2004-09-17,,,,,839.75,210.25,203.75,,,4591.0,1128.550048828125
2004-09-20,,,,,839.75,208.5,200.0,,,4579.5,1122.199951171875
2004-09-21,,,,,847.75,208.0,200.0,,,4608.39990234375,1129.300048828125
2004-09-22,,,,,849.0,209.5,200.0,,,4592.2998046875,1113.56005859375
2004-09-23,,,,,848.0,209.5,200.0,,,4568.2998046875,1108.3599853515625
2004-09-24,,,,,854.5,216.75,200.0,,,4578.10009765625,1110.1099853515625
2004-09-27,,,,,855.0,223.25,200.0,,,4541.2001953125,1103.52001953125
2004-09-28,,,,,867.75,225.5,200.0,,,4567.2998046875,1110.06005859375
2004-09-29,,,,,856.5,220.5,200.0,,,4588.10009765625,1114.800048828125
2004-09-30,,,,,859.0,219.75,200.0,,,4570.7998046875,1114.5799560546875
2004-10-01,,,,,866.5,224.0,200.0,,,4659.7001953125,1131.5
2004-10-04,,,,,849.75,221.0,200.0,,,4681.7998046875,1135.1700439453125
2004-10-05,,,,,836.25,217.5,200.0,,,4707.10009765625,1134.47998046875
2004-10-06,,,,,847.25,225.0,200.0,,,4706.2998046875,1142.050048828125
2004-10-07,,,,,849.5,227.75,200.0,,,4698.7001953125,1130.6500244140625
2004-10-08,,,,,846.0,233.5,198.75,,,4698.89990234375,1122.1400146484375
2004-10-11,,,,,846.5,232.25,195.0,,,4685.5,1124.3900146484375
2004-10-12,,,,,849.25,228.0,195.0,,,4647.89990234375,1121.8399658203125
2004-10-13,,,,,836.0,220.0,195.0,,,4634.7998046875,1113.6500244140625
2004-10-14,,,,,841.0,220.0,195.0,,,4629.39990234375,1103.2900390625
2004-10-15,,,,,842.0,220.25,195.0,,,4622.7001953125,1108.199951171875
2004-10-18,,,,,846.75,218.5,195.0,,,4626.60009765625,1114.02001953125
2004-10-19,,,,,839.5,214.75,195.0,,,4655.2001953125,1103.22998046875
2004-10-20,,,,,846.0,216.75,195.0,,,4616.39990234375,1103.6600341796875
2004-10-21,,,,,854.5,217.25,195.0,,,4617.39990234375,1106.489990234375
2004-10-22,,,,,849.5,216.5,195.0,,,4615.39990234375,1095.739990234375
2004-10-25,,,,,855.25,218.0,195.0,,,4564.60009765625,1094.800048828125
2004-10-26,,,,,850.75,217.0,195.0,,,4583.39990234375,1111.0899658203125
2004-10-27,,,,,845.25,216.0,195.0,,,4630.10009765625,1125.4000244140625
2004-10-28,,,,,832.5,215.75,195.0,,,4642.7998046875,1127.43994140625
2004-10-29,,,,,837.0,214.75,195.0,,,4624.2001953125,1130.199951171875
2004-11-01,,,,,836.5,214.25,195.0,,,4673.7998046875,1130.510009765625
2004-11-02,,,,,828.75,211.75,195.0,,,4693.2001953125,1130.56005859375
2004-11-03,,,,,828.75,211.0,195.0,,,4718.5,1143.199951171875
2004-11-04,,,,,840.5,212.75,195.0,,,4728.2998046875,1161.6700439453125
2004-11-05,,,,,846.0,214.75,195.0,,,4739.7998046875,1166.1700439453125
2004-11-08,,,,,849.5,216.5,195.0,,,4716.60009765625,1164.8900146484375
2004-11-09,,,,,851.5,216.0,195.0,,,4717.7001953125,1164.0799560546875
2004-11-10,,,,,847.5,216.0,195.0,,,4734.5,1162.9100341796875
2004-11-11,,,,,852.0,214.5,195.0,,,4776.89990234375,1173.47998046875
2004-11-12,,,,,867.25,215.75,195.0,,,4793.89990234375,1184.1700439453125
2004-11-15,,,,,878.5,220.25,195.0,,,4803.10009765625,1183.81005859375
2004-11-16,,,,,872.0,219.0,195.0,,,4770.39990234375,1175.4300537109375
2004-11-17,,,,,865.0,220.25,195.0,,,4795.89990234375,1181.93994140625
2004-11-18,,,,,868.25,222.5,195.0,,,4805.2998046875,1183.550048828125
2004-11-19,,,,,855.3333,218.6667,195.0,,,4760.7998046875,1170.3399658203125
2004-11-22,,,,,856.75,217.25,195.0,,,4733.10009765625,1177.239990234375
2004-11-23,,,,,856.0,217.5,192.5,,,4742.39990234375,1176.93994140625
2004-11-24,,,,,861.25,216.5,190.0,,,4719.39990234375,1181.760009765625
2004-11-25,,,,,866.0,217.25,190.0,,,4753.39990234375,1181.760009765625
2004-11-26,,,,,868.0,215.75,190.0,,,4741.60009765625,1182.6500244140625
2004-11-29,,,,,864.75,215.0,190.0,,,4749.7998046875,1178.5699462890625
2004-11-30,,,,,868.25,213.5,190.0,,,4703.2001953125,1173.8199462890625
2004-12-01,,,,,871.75,212.75,190.0,,,4735.7001953125,1191.3699951171875
2004-12-02,,,,,879.0,213.0,190.0,,,4751.2001953125,1190.3299560546875
2004-12-03,,,,,872.25,208.75,190.0,,,4747.89990234375,1191.1700439453125
2004-12-06,,,,,872.25,207.0,188.75,,,4722.7998046875,1190.25
2004-12-07,,,,,869.75,209.0,185.0,,,4728.7001953125,1177.0699462890625
2004-12-08,,,,,854.0,207.75,182.5,,,4703.89990234375,1182.81005859375
2004-12-09,,,,,835.0,201.75,180.0,,,4688.39990234375,1189.239990234375
2004-12-10,,,,,831.0,194.0,180.0,,,4694.0,1188.0
2004-12-13,,,,,836.5,196.75,180.0,,,4736.7998046875,1198.6800537109375
2004-12-14,,,,,838.5,194.0,180.0,,,4722.7998046875,1203.3800048828125
2004-12-15,,,,,839.5,186.75,180.0,,,4728.2001953125,1205.719970703125
2004-12-16,,,,,846.5,185.5,180.0,,,4735.2001953125,1203.2099609375
2004-12-17,,,,,840.0,178.5,177.5,,,4696.7998046875,1194.199951171875
2004-12-20,,,,,841.25,181.0,170.0,,,4731.10009765625,1194.6500244140625
2004-12-21,,,,,845.0,184.75,170.0,,,4733.0,1205.449951171875
2004-12-22,,,,,845.75,184.25,170.0,,,4777.39990234375,1209.5699462890625
2004-12-23,,,,,844.75,185.75,170.0,,,4787.7001953125,1210.1300048828125
2004-12-24,,,,,847.0,185.75,170.0,,,4798.10009765625,1210.1300048828125
2004-12-27,,,,,854.0,185.0,170.0,,,4798.10009765625,1204.9200439453125
2004-12-28,,,,,867.5,189.5,170.0,,,4798.10009765625,1213.5400390625
2004-12-29,,,,,870.25,187.0,170.0,,,4819.7998046875,1213.449951171875
2004-12-30,,,,,863.0,185.25,170.0,,,4820.10009765625,1213.550048828125
2004-12-31,,,,,862.5,186.0,170.0,,,4814.2998046875,1211.9200439453125
2005-01-03,,,,,862.5,185.5,170.0,,,4814.2998046875,1202.0799560546875
2005-01-04,,,,,851.75,182.75,170.0,,,4847.0,1188.050048828125
2005-01-05,,,,,846.25,181.75,170.0,,,4806.0,1183.739990234375
2005-01-06,,,,,850.5,183.5,170.0,,,4824.2998046875,1187.8900146484375
2005-01-07,,,,,847.5,183.25,170.0,,,4854.10009765625,1186.18994140625
2005-01-10,,,,,846.0,185.0,170.0,,,4840.7001953125,1190.25
2005-01-11,,,,,856.0,192.5,170.0,,,4818.7001953125,1182.989990234375
2005-01-12,,,,,859.5,193.75,170.0,,,4783.60009765625,1187.699951171875
2005-01-13,,,,,865.25,190.75,170.0,,,4800.2998046875,1177.449951171875
2005-01-14,,,,,860.5,188.0,170.0,,,4820.7998046875,1184.52001953125
2005-01-17,,,,,858.5,185.0,170.0,,,4846.7001953125,1184.52001953125
2005-01-18,,,,,859.0,184.0,170.0,,,4823.89990234375,1195.97998046875
2005-01-19,,,,,866.5,185.5,170.0,,,4818.2998046875,1184.6300048828125
2005-01-20,,,,,865.75,187.5,168.75,,,4800.7998046875,1175.4100341796875
2005-01-21,,,,,865.5,187.5,165.0,,,4803.2998046875,1167.8699951171875
2005-01-24,,,,,872.0,192.5,165.0,,,4812.5,1163.75
2005-01-25,,,,,869.5,193.25,165.0,,,4843.2001953125,1168.4100341796875
2005-01-26,,,,,865.5,191.75,165.0,,,4847.10009765625,1174.0699462890625
2005-01-27,,,,,870.0,191.5,165.0,,,4853.39990234375,1174.550048828125
2005-01-28,,,,,871.0,191.0,165.0,,,4832.7998046875,1171.3599853515625
2005-01-31,,,,,873.0,191.0,164.25,,,4852.2998046875,1181.27001953125
2005-02-01,,,,,880.25,191.25,162.0,,,4906.2001953125,1189.4100341796875
2005-02-02,,,,,878.0,191.0,162.0,,,4916.2001953125,1193.18994140625
2005-02-03,,,,,873.5,188.5,160.0,,,4908.2998046875,1189.8900146484375
2005-02-04,,,,,868.75,183.75,160.0,,,4941.5,1203.030029296875
2005-02-07,,,,,870.75,181.75,160.0,,,4979.7998046875,1201.719970703125
2005-02-08,,,,,862.5,180.5,160.0,,,4995.5,1202.300048828125
2005-02-09,,,,,852.0,180.5,160.0,,,4990.39990234375,1191.989990234375
2005-02-10,,,,,858.0,181.0,155.0,,,5000.0,1197.010009765625
2005-02-11,,,,,871.0,182.0,155.0,,,5044.2001953125,1205.300048828125
2005-02-14,,,,,873.25,185.25,155.0,,,5041.7998046875,1206.1400146484375
2005-02-15,,,,,863.5,187.25,155.0,,,5058.89990234375,1210.1199951171875
2005-02-16,,,,,859.5,184.5,155.0,,,5053.2001953125,1210.3399658203125
2005-02-17,,,,,859.0,182.75,152.5,,,5057.39990234375,1200.75
2005-02-18,,,,,864.5,182.75,148.75,,,5057.2001953125,1201.5899658203125
2005-02-21,,,,,863.25,182.75,145.0,,,5060.7998046875,1201.5899658203125
2005-02-22,,,,,871.25,182.5,145.0,,,5032.89990234375,1184.1600341796875
2005-02-23,,,,,871.25,184.25,145.0,,,4988.5,1190.800048828125
2005-02-24,,,,,871.5,185.25,145.0,,,4972.10009765625,1200.199951171875
2005-02-25,,,,,866.25,185.25,145.0,,,5006.7998046875,1211.3699951171875
2005-02-28,,,,,871.5,182.5,145.0,,,4968.5,1203.5999755859375
2005-03-01,,,,,868.5,184.25,145.0,,,5000.5,1210.4100341796875
2005-03-02,,,,,865.25,185.75,145.0,,,4992.7998046875,1210.0799560546875
2005-03-03,,,,,869.0,191.25,145.0,,,5014.7998046875,1210.469970703125
2005-03-04,,,,,868.5,205.25,145.0,,,5036.2998046875,1222.1199951171875
2005-03-07,,,,,872.25,208.0,145.0,,,5027.2001953125,1225.31005859375
2005-03-08,,,,,872.5,206.75,145.0,,,5010.89990234375,1219.4300537109375
2005-03-09,,,,,876.75,207.5,145.0,,,4996.10009765625,1207.010009765625
2005-03-10,,,,,877.0,205.5,145.0,,,4962.10009765625,1209.25
2005-03-11,,,,,870.25,200.75,145.0,,,4982.10009765625,1200.0799560546875
2005-03-14,,,,,872.75,201.75,145.0,,,4975.0,1206.8299560546875
2005-03-15,,,,,872.25,201.0,145.0,,,5000.2001953125,1197.75
2005-03-16,,,,,879.0,206.0,145.0,,,4937.60009765625,1188.0699462890625
2005-03-17,,,,,885.5,205.5,145.0,,,4922.10009765625,1190.2099609375
2005-03-18,,,,,878.75,202.0,145.0,,,4923.2998046875,1189.6500244140625
2005-03-21,,,,,877.5,202.0,145.0,,,4933.5,1183.780029296875
2005-03-22,,,,,865.75,200.0,145.0,,,4937.2998046875,1171.7099609375
2005-03-23,,,,,861.75,198.0,145.0,,,4910.39990234375,1172.530029296875
2005-03-24,,,,,859.25,195.0,145.0,,,4922.5,1171.4200439453125
2005-03-28,,,,,863.0,194.0,145.0,,,4922.5,1174.280029296875
2005-03-29,,,,,861.25,195.0,145.0,,,4919.0,1165.3599853515625
2005-03-30,,,,,862.25,196.5,145.0,,,4900.7001953125,1181.4100341796875
2005-03-31,,,,,865.0,199.75,145.0,,,4894.39990234375,1180.5899658203125
2005-04-01,,,,,865.75,203.0,145.0,,,4914.0,1172.9200439453125
2005-04-04,,,,,858.5,201.5,145.0,,,4896.7001953125,1176.1199951171875
2005-04-05,,,,,859.0,199.5,145.0,,,4942.89990234375,1181.3900146484375
2005-04-06,,,,,862.5,200.25,145.0,,,4947.39990234375,1184.0699462890625
2005-04-07,,,,,865.5,201.25,145.0,,,4977.0,1191.1400146484375
2005-04-08,,,,,862.75,198.75,145.0,,,4983.7001953125,1181.199951171875
2005-04-11,,,,,862.5,198.5,147.5,,,4973.2998046875,1181.2099609375
2005-04-12,,,,,865.75,198.5,150.0,,,4946.2001953125,1187.760009765625
2005-04-13,,,,,865.0,198.0,150.0,,,4960.7998046875,1173.7900390625
2005-04-14,,,,,865.75,198.0,150.0,,,4945.39990234375,1162.050048828125
2005-04-15,,,,,861.5,198.75,150.0,,,4891.60009765625,1142.6199951171875
2005-04-18,,,,,864.0,199.0,150.0,,,4827.10009765625,1145.97998046875
2005-04-19,,,,,865.5,200.25,150.0,,,4855.60009765625,1152.780029296875
2005-04-20,,,,,876.5,202.0,150.0,,,4822.0,1137.5
2005-04-21,,,,,875.5,205.0,150.0,,,4819.60009765625,1159.949951171875
2005-04-22,,,,,875.25,201.5,150.0,,,4849.2998046875,1152.1199951171875
2005-04-25,,,,,878.75,202.0,150.0,,,4864.89990234375,1162.0999755859375
2005-04-26,,,,,882.0,202.75,150.0,,,4845.5,1151.8299560546875
2005-04-27,,,,,876.75,202.5,150.0,,,4789.39990234375,1156.3800048828125
2005-04-28,,,,,869.75,200.75,150.0,,,4790.2001953125,1143.219970703125
2005-04-29,,,,,867.5,197.0,152.5,,,4801.7001953125,1156.8499755859375
2005-05-02,,,,,872.0,197.0,155.0,,,4801.7001953125,1162.1600341796875
2005-05-03,,,,,870.0,195.75,155.0,,,4861.2998046875,1161.1700439453125
2005-05-04,,,,,871.0,194.25,155.0,,,4882.5,1175.6500244140625
2005-05-05,,,,,876.25,196.25,155.0,,,4902.2998046875,1172.6300048828125
2005-05-06,,,,,876.6667,197.0,155.0,,,4918.89990234375,1171.3499755859375
2005-05-09,,,,,875.5,194.5,155.0,,,4910.2998046875,1178.8399658203125
2005-05-10,,,,,877.5,195.0,155.0,,,4892.39990234375,1166.219970703125
2005-05-11,,,,,880.25,194.75,155.0,,,4875.39990234375,1171.1099853515625
2005-05-12,,,,,874.5,194.0,155.0,,,4893.2998046875,1159.3599853515625
2005-05-13,,,,,867.5,191.75,155.0,,,4886.5,1154.050048828125
2005-05-16,,,,,858.0,190.0,155.0,,,4884.2001953125,1165.68994140625
2005-05-17,,,,,859.5,190.25,155.0,,,4898.5,1173.800048828125
2005-05-18,,,,,860.5,189.5,155.0,,,4949.39990234375,1185.56005859375
2005-05-19,,,,,865.5,191.0,155.0,,,4962.7001953125,1191.0799560546875
2005-05-20,,,,,864.5,189.5,156.25,,,4971.7998046875,1189.280029296875
2005-05-23,,,,,862.75,189.5,160.0,,,4989.7998046875,1193.8599853515625
2005-05-24,,,,,866.25,188.75,160.0,,,4982.5,1194.0699462890625
2005-05-25,,,,,866.75,188.0,160.0,,,4971.5,1190.010009765625
2005-05-26,,,,,865.5,187.0,160.0,,,4994.89990234375,1197.6199951171875
2005-05-27,,,,,863.0,185.25,160.0,,,4986.2998046875,1198.780029296875
2005-05-30,,,,,863.3333,186.0,160.0,,,4986.2998046875,1198.780029296875
2005-05-31,,,,,863.75,186.25,160.0,,,4964.0,1191.5
2005-06-01,,,,,869.0,185.5,160.0,,,5011.0,1202.219970703125
2005-06-02,,,,,876.5,185.75,160.0,,,5005.0,1204.2900390625
2005-06-03,,,,,878.0,186.0,160.0,,,4999.39990234375,1196.02001953125
2005-06-06,,,,,878.25,186.75,160.0,,,4980.39990234375,1197.510009765625
2005-06-07,,,,,881.0,191.0,160.0,,,5025.2998046875,1197.260009765625
2005-06-08,,,,,879.0,190.0,160.0,,,5003.7001953125,1194.6700439453125
2005-06-09,,,,,877.25,189.5,162.5,,,5009.2001953125,1200.9300537109375
2005-06-10,,,,,873.5,187.5,165.0,,,5030.39990234375,1198.1099853515625
2005-06-13,,,,,871.5,186.5,165.0,,,5050.39990234375,1200.8199462890625
2005-06-14,,,,,874.25,186.5,165.0,,,5046.7998046875,1203.9100341796875
2005-06-15,,,,,875.75,188.0,165.0,,,5019.5,1206.5799560546875
2005-06-16,,,,,881.75,191.5,165.0,,,5045.0,1210.9599609375
2005-06-17,,,,,889.25,191.0,165.0,,,5077.60009765625,1216.9599609375
2005-06-20,,,,,898.75,190.5,165.0,,,5072.0,1216.0999755859375
2005-06-21,,,,,886.0,189.75,165.0,,,5082.10009765625,1213.6099853515625
2005-06-22,,,,,891.25,189.5,165.0,,,5099.2998046875,1213.8800048828125
2005-06-23,,,,,890.5,190.0,165.0,,,5114.39990234375,1200.72998046875
2005-06-24,,,,,895.5,189.0,165.0,,,5079.0,1191.5699462890625
2005-06-27,,,,,893.25,188.5,165.0,,,5043.5,1190.68994140625
2005-06-28,,,,,890.5,186.5,166.25,,,5090.39990234375,1201.5699462890625
2005-06-29,,,,,884.75,184.5,170.0,,,5109.10009765625,1199.8499755859375
2005-06-30,,,,,886.5,184.25,170.0,,,5113.2001953125,1191.3299560546875
2005-07-01,,,,,883.0,182.0,170.0,,,5161.0,1194.43994140625
2005-07-04,,,,,874.0,178.0,170.0,,,5184.2998046875,1194.43994140625
2005-07-05,,,,,870.75,174.0,170.0,,,5190.10009765625,1204.989990234375
2005-07-06,,,,,865.5,179.5,170.0,,,5229.60009765625,1194.93994140625
2005-07-07,,,,,869.75,179.75,170.0,,,5158.2998046875,1197.8699951171875
2005-07-08,,,,,867.75,182.25,170.0,,,5232.2001953125,1211.8599853515625
2005-07-11,,,,,867.75,183.5,170.0,,,5242.39990234375,1219.43994140625
2005-07-12,,,,,873.75,184.75,172.5,,,5217.2001953125,1222.2099609375
2005-07-13,,,,,875.5,184.0,175.0,,,5245.89990234375,1223.2900390625
2005-07-14,,,,,868.5,183.5,175.0,,,5259.7001953125,1226.5
2005-07-15,,,,,866.25,183.5,175.0,,,5230.89990234375,1227.9200439453125
2005-07-18,,,,,867.0,185.25,175.0,,,5214.2001953125,1221.1300048828125
2005-07-19,,,,,868.75,186.5,175.0,,,5201.60009765625,1229.3499755859375
2005-07-20,,,,,870.5,188.25,175.0,,,5215.2001953125,1235.199951171875
2005-07-21,,,,,878.25,192.5,175.0,,,5221.60009765625,1227.0400390625
2005-07-22,,,,,887.25,196.5,175.0,,,5241.7998046875,1233.6800537109375
2005-07-25,,,,,888.5,194.0,175.0,,,5270.7001953125,1229.030029296875
2005-07-26,,,,,886.5,193.5,175.0,,,5256.2001953125,1231.1600341796875
2005-07-27,,,,,881.25,191.0,175.0,,,5263.60009765625,1236.7900390625
2005-07-28,,,,,885.75,190.25,175.0,,,5270.2998046875,1243.719970703125
2005-07-29,,,,,893.5,194.0,175.0,,,5282.2998046875,1234.1800537109375
2005-08-01,,,,,901.25,194.0,175.0,,,5290.89990234375,1235.3499755859375
2005-08-02,,,,,908.5,194.0,175.0,,,5327.5,1244.1199951171875
2005-08-03,,,,,913.5,194.25,175.0,,,5332.2998046875,1245.0400390625
2005-08-04,,,,,915.0,194.75,175.0,,,5315.5,1235.8599853515625
2005-08-05,,,,,913.0,193.5,175.0,,,5314.7998046875,1226.4200439453125
2005-08-08,,,,,904.5,192.5,175.0,,,5344.2998046875,1223.1300048828125
2005-08-09,,,,,906.0,190.5,175.0,,,5363.7001953125,1231.3800048828125
2005-08-10,,,,,904.5,189.25,175.0,,,5377.5,1229.1300048828125
2005-08-11,,,,,911.75,189.0,175.0,,,5358.60009765625,1237.81005859375
2005-08-12,,,,,921.25,190.0,175.0,,,5345.7998046875,1230.3900146484375
2005-08-15,,,,,913.75,188.0,175.0,,,5344.2001953125,1233.8699951171875
2005-08-16,,,,,896.5,185.5,175.0,,,5322.39990234375,1219.3399658203125
2005-08-17,,,,,894.25,185.5,175.0,,,5292.7001953125,1220.239990234375
2005-08-18,,,,,889.75,185.75,175.0,,,5269.2998046875,1219.02001953125
2005-08-19,,,,,889.25,185.0,175.0,,,5312.60009765625,1219.7099609375
2005-08-22,,,,,888.0,183.75,175.0,,,5318.39990234375,1221.72998046875
2005-08-23,,,,,895.75,184.5,175.0,,,5300.2001953125,1217.5899658203125
2005-08-24,,,,,896.75,185.75,175.0,,,5275.2001953125,1209.5899658203125
2005-08-25,,,,,896.75,185.5,175.0,,,5255.7001953125,1212.3699951171875
2005-08-26,,,,,895.25,184.75,175.0,,,5228.10009765625,1205.0999755859375
2005-08-29,,,,,900.25,185.75,175.0,,,5228.10009765625,1212.280029296875
2005-08-30,,,,,896.0,185.5,175.0,,,5255.7998046875,1208.4100341796875
2005-08-31,,,,,891.75,184.0,175.0,,,5296.89990234375,1220.3299560546875
2005-09-01,,,,,896.25,184.5,175.0,,,5328.5,1221.5899658203125
2005-09-02,,,,,906.5,185.75,177.5,,,5326.89990234375,1218.02001953125
2005-09-05,,,,,910.25,185.75,180.0,,,5337.7998046875,1218.02001953125
2005-09-06,,,,,910.6667,185.6667,180.0,,,5359.2001953125,1233.3900146484375
2005-09-07,,,,,907.25,185.0,180.0,,,5365.89990234375,1236.3599853515625
2005-09-08,,,,,911.5,185.0,180.0,,,5340.7998046875,1231.6700439453125
2005-09-09,,,,,910.5,185.0,180.0,,,5359.2998046875,1241.47998046875
2005-09-12,,,,,918.0,184.75,180.0,,,5375.10009765625,1240.56005859375
2005-09-13,,,,,910.25,184.0,180.0,,,5338.0,1231.199951171875
2005-09-14,,,,,910.75,184.0,180.0,,,5347.39990234375,1227.1600341796875
2005-09-15,,,,,917.25,185.5,180.0,,,5383.5,1227.72998046875
2005-09-16,,,,,919.25,187.75,180.0,,,5407.89990234375,1237.9100341796875
2005-09-19,,,,,923.5,194.5,185.0,,,5429.7001953125,1231.02001953125
2005-09-20,,,,,932.25,202.0,185.0,,,5416.39990234375,1221.3399658203125
2005-09-21,,,,,928.25,199.5,185.0,,,5369.7001953125,1210.199951171875
2005-09-22,,,,,932.5,200.25,185.0,,,5385.7001953125,1214.6199951171875
2005-09-23,,,,,927.0,198.75,185.0,,,5413.60009765625,1215.2900390625
2005-09-26,,,,,912.75,192.75,185.0,,,5453.10009765625,1215.6300048828125
2005-09-27,,,,,916.5,195.0,185.0,,,5447.2998046875,1215.6600341796875
2005-09-28,,,,,915.25,196.0,185.0,,,5494.7998046875,1216.8900146484375
2005-09-29,,,,,927.25,198.75,185.0,,,5478.2001953125,1227.6800537109375
2005-09-30,,,,,930.25,197.5,185.0,,,5477.7001953125,1228.81005859375
2005-10-03,,,,,927.5,197.5,185.0,,,5501.60009765625,1226.699951171875
2005-10-04,,,,,923.0,195.5,185.0,,,5494.39990234375,1214.469970703125
2005-10-05,,,,,917.75,194.25,185.0,,,5427.7998046875,1196.3900146484375
2005-10-06,,,,,923.0,194.25,185.0,,,5372.39990234375,1191.489990234375
2005-10-07,,,,,930.75,197.5,185.0,,,5362.2998046875,1195.9000244140625
2005-10-10,,,,,935.5,202.5,185.0,,,5374.60009765625,1187.3299560546875
2005-10-11,,,,,943.0,209.5,185.0,,,5380.7001953125,1184.8699951171875
2005-10-12,,,,,942.75,210.75,185.0,,,5342.2001953125,1177.6800537109375
2005-10-13,,,,,940.75,211.0,185.0,,,5265.2001953125,1176.8399658203125
2005-10-14,,,,,930.25,207.75,185.0,,,5275.0,1186.5699462890625
2005-10-17,,,,,935.75,210.0,185.0,,,5286.5,1190.0999755859375
2005-10-18,,,,,933.75,214.25,185.0,,,5263.89990234375,1178.1400146484375
2005-10-19,,,,,928.5,211.0,185.0,,,5167.89990234375,1195.760009765625
2005-10-20,,,,,924.75,209.0,185.0,,,5164.10009765625,1177.800048828125
2005-10-21,,,,,926.75,210.0,185.0,,,5142.10009765625,1179.5899658203125
2005-10-24,,,,,928.5,210.5,185.0,,,5207.60009765625,1199.3800048828125
2005-10-25,,,,,933.0,211.75,185.0,,,5182.10009765625,1196.5400390625
2005-10-26,,,,,941.75,219.0,185.0,,,5227.7998046875,1191.3800048828125
2005-10-27,,,,,945.0,227.75,185.0,,,5182.7998046875,1178.9000244140625
2005-10-28,,,,,942.0,226.25,185.0,,,5213.39990234375,1198.4100341796875
2005-10-31,,,,,939.5,227.75,185.0,,,5317.2998046875,1207.010009765625
2005-11-01,,,,,932.0,224.0,185.0,,,5344.2998046875,1202.760009765625
2005-11-02,,,,,927.75,221.75,185.0,,,5358.60009765625,1214.760009765625
2005-11-03,,,,,937.25,226.25,185.0,,,5431.89990234375,1219.93994140625
2005-11-04,,,,,935.0,228.25,185.0,,,5423.60009765625,1220.1400146484375
2005-11-07,,,,,930.25,226.25,185.0,,,5460.7998046875,1222.81005859375
2005-11-08,,,,,934.0,229.0,185.0,,,5460.89990234375,1218.5899658203125
2005-11-09,,,,,948.75,234.0,185.0,,,5439.7998046875,1220.6500244140625
2005-11-10,,,,,956.75,241.5,185.0,,,5423.5,1230.9599609375
2005-11-11,,,,,959.0,241.75,185.0,,,5465.10009765625,1234.719970703125
2005-11-14,,,,,971.75,253.5,185.0,,,5470.0,1233.760009765625
2005-11-15,,,,,967.75,251.0,185.0,,,5439.60009765625,1229.010009765625
2005-11-16,,,,,981.5,255.5,187.5,,,5430.0,1231.2099609375
2005-11-17,,,,,977.5,257.75,190.0,,,5460.0,1242.800048828125
2005-11-18,,,,,979.75,259.25,190.0,,,5498.89990234375,1248.27001953125
2005-11-21,,,,,979.75,266.0,190.0,,,5497.89990234375,1254.8499755859375
2005-11-22,,,,,977.0,266.25,190.0,,,5517.2001953125,1261.22998046875
2005-11-23,,,,,974.75,258.5,190.0,,,5531.7001953125,1265.6099853515625
2005-11-24,,,,,982.0,258.5,190.0,,,5511.0,1265.6099853515625
2005-11-25,,,,,986.0,258.5,190.0,,,5523.7998046875,1268.25
2005-11-28,,,,,996.0,262.5,190.0,,,5477.39990234375,1257.4599609375
2005-11-29,,,,,999.25,263.5,190.0,,,5491.0,1257.47998046875
2005-11-30,,,,,985.75,262.25,190.0,,,5423.2001953125,1249.47998046875
2005-12-01,,,,,988.0,260.0,190.0,,,5486.10009765625,1264.6700439453125
2005-12-02,,,,,1001.25,268.5,190.0,,,5528.10009765625,1265.0799560546875
2005-12-05,,,,,1001.75,271.75,190.0,,,5510.39990234375,1262.0899658203125
2005-12-06,,,,,995.5,272.75,190.0,,,5538.7998046875,1263.699951171875
2005-12-07,,,,,1001.0,275.25,190.0,,,5528.7998046875,1257.3699951171875
2005-12-08,,,,,999.0,278.75,190.0,,,5531.10009765625,1255.8399658203125
2005-12-09,,,,,1002.25,290.25,190.0,,,5517.39990234375,1259.3699951171875
2005-12-12,,,,,1013.75,296.75,195.0,,,5501.5,1260.4300537109375
2005-12-13,,,,,1000.0,281.75,195.0,,,5507.2001953125,1267.4300537109375
2005-12-14,,,,,974.5,265.25,195.0,,,5521.10009765625,1272.739990234375
2005-12-15,,,,,957.0,257.75,195.0,,,5495.2998046875,1270.93994140625
2005-12-16,,,,,955.25,259.0,195.0,,,5531.60009765625,1267.3199462890625
2005-12-19,,,,,969.0,261.5,195.0,,,5539.7998046875,1259.9200439453125
2005-12-20,,,,,966.75,263.25,195.0,,,5547.89990234375,1259.6199951171875
2005-12-21,,,,,952.75,251.25,195.0,,,5587.39990234375,1262.7900390625
2005-12-22,,,,,957.25,248.75,195.0,,,5597.0,1268.1199951171875
2005-12-23,,,,,964.5,252.5,195.0,,,5595.5,1268.6600341796875
2005-12-27,,,,,968.0,260.0,195.0,,,5595.5,1256.5400390625
2005-12-28,,,,,970.25,260.75,195.0,,,5622.7998046875,1258.1700439453125
2005-12-29,,,,,970.75,262.25,195.0,,,5638.2998046875,1254.4200439453125
2005-12-30,,,,,966.75,256.5,195.0,,,5618.7998046875,1248.2900390625
2006-01-03,,,,,976.75,262.75,195.0,,,5681.5,1268.800048828125
2006-01-04,,,,,990.5,272.0,195.0,,,5714.60009765625,1273.4599609375
2006-01-05,,,,,991.5,270.75,195.0,,,5691.2001953125,1273.47998046875
2006-01-06,,,,,989.5,265.0,195.0,,,5731.7998046875,1285.449951171875
2006-01-09,,,,,1000.5,273.25,195.0,,,5731.5,1290.1500244140625
2006-01-10,,,,,1015.25,278.0,195.0,,,5688.7998046875,1289.68994140625
2006-01-11,,,,,1013.0,273.25,195.0,,,5731.5,1294.1800537109375
2006-01-12,,,,,1017.75,273.75,195.0,,,5735.2001953125,1286.06005859375
2006-01-13,,,,,1025.75,273.5,196.25,,,5711.0,1287.6099853515625
2006-01-16,,,,,1047.0,285.5,200.0,,,5740.2001953125,1287.6099853515625
2006-01-17,,,,,1043.75,285.5,200.0,,,5699.0,1282.9300537109375
2006-01-18,,,,,1031.5,276.5,200.0,,,5663.7001953125,1277.9300537109375
2006-01-19,,,,,1038.25,274.0,200.0,,,5693.2001953125,1285.0400390625
2006-01-20,,,,,1045.0,278.5,200.0,,,5672.39990234375,1261.489990234375
2006-01-23,,,,,1042.5,277.25,201.25,,,5660.89990234375,1263.8199462890625
2006-01-24,,,,,1045.5,277.5,205.0,,,5633.7998046875,1266.8599853515625
2006-01-25,,,,,1053.0,276.0,205.0,,,5704.39990234375,1264.6800537109375
2006-01-26,,,,,1059.25,278.25,205.0,,,5722.60009765625,1273.8299560546875
2006-01-27,,,,,1057.25,275.25,205.0,,,5786.7998046875,1283.719970703125
2006-01-30,,,,,1073.0,277.5,205.0,,,5779.7998046875,1285.18994140625
2006-01-31,,,,,1073.5,287.5,205.0,,,5760.2998046875,1280.0799560546875
2006-02-01,,,,,1077.0,293.5,205.0,,,5801.60009765625,1282.4599609375
2006-02-02,,,,,1079.75,296.25,205.0,,,5747.2998046875,1270.8399658203125
2006-02-03,,,,,1082.0,311.5,205.0,,,5759.2998046875,1264.030029296875
2006-02-06,,,,,1079.0,314.75,205.0,,,5772.39990234375,1265.02001953125
2006-02-07,,,,,1070.5,306.0,205.0,,,5746.7998046875,1254.780029296875
2006-02-08,,,,,1052.75,288.25,205.0,,,5725.10009765625,1265.6500244140625
2006-02-09,,,,,1065.0,296.25,205.0,,,5808.7998046875,1263.780029296875
2006-02-10,,,,,1063.5,298.75,205.0,,,5764.10009765625,1266.989990234375
2006-02-13,,,,,1030.25,280.0,205.0,,,5793.5,1262.8599853515625
2006-02-14,,,,,1007.75,273.75,205.0,,,5792.2998046875,1275.530029296875
2006-02-15,,,,,1016.25,284.75,205.0,,,5791.5,1280.0
2006-02-16,,,,,1001.0,276.25,207.5,,,5828.89990234375,1289.3800048828125
2006-02-17,,,,,1010.5,280.75,213.75,,,5846.2001953125,1287.239990234375
2006-02-20,,,,,1025.5,292.0,225.0,,,5863.0,1287.239990234375
2006-02-21,,,,,1023.75,291.0,225.0,,,5857.7001953125,1283.030029296875
2006-02-22,,,,,1027.0,292.75,225.0,,,5872.39990234375,1292.6700439453125
2006-02-23,,,,,1024.25,287.5,225.0,,,5836.0,1287.7900390625
2006-02-24,,,,,1027.75,285.0,225.0,,,5860.5,1289.4300537109375
2006-02-27,,,,,1040.25,287.75,225.0,,,5875.89990234375,1294.1199951171875
2006-02-28,,,,,1042.0,285.25,225.0,,,5791.5,1280.6600341796875
2006-03-01,,,,,1050.25,290.25,225.0,,,5844.10009765625,1291.239990234375
2006-03-02,,,,,1054.75,296.0,225.0,,,5833.0,1289.1400146484375
2006-03-03,,,,,1060.5,301.25,225.0,,,5858.7001953125,1287.22998046875
2006-03-06,,,,,1055.75,303.75,225.0,,,5897.7998046875,1278.260009765625
2006-03-07,,,,,1043.0,296.75,225.0,,,5857.39990234375,1275.8800048828125
2006-03-08,,,,,1028.5,288.5,226.25,,,5812.89990234375,1278.469970703125
2006-03-09,,,,,1015.25,282.25,230.0,,,5855.89990234375,1272.22998046875
2006-03-10,,,,,1012.75,288.75,230.0,,,5907.89990234375,1281.4200439453125
2006-03-13,,,,,1015.25,290.25,235.0,,,5952.7998046875,1284.1300048828125
2006-03-14,,,,,1020.0,300.5,242.5,,,5950.60009765625,1297.47998046875
2006-03-15,,,,,1027.25,308.75,250.0,,,5965.10009765625,1303.02001953125
2006-03-16,,,,,1026.5,314.75,250.0,,,5993.2998046875,1305.3299560546875
2006-03-17,,,,,1032.5,316.25,257.5,,,5999.39990234375,1307.25
2006-03-20,,,,,1039.5,318.0,265.0,,,5991.7001953125,1305.0799560546875
2006-03-21,,,,,1040.0,317.25,265.0,,,5991.2998046875,1297.22998046875
2006-03-22,,,,,1041.5,319.25,267.5,,,6007.5,1305.0400390625
2006-03-23,,,,,1042.75,320.5,277.5,,,5990.10009765625,1301.6700439453125
2006-03-24,,,,,1044.5,322.0,290.0,,,6036.2998046875,1302.949951171875
2006-03-27,,,,,1059.5,335.25,295.0,,,5972.2001953125,1301.6099853515625
2006-03-28,,,,,1071.5,342.25,295.0,,,5935.7001953125,1293.22998046875
2006-03-29,,,,,1066.5,336.75,295.0,,,5959.2001953125,1302.8900146484375
2006-03-30,,,,,1083.75,342.75,295.0,,,6015.2998046875,1300.25
2006-03-31,,,,,1088.25,344.5,302.5,,,5964.60009765625,1294.8699951171875
2006-04-03,,,,,1075.75,337.0,310.0,,,6024.2998046875,1297.81005859375
2006-04-04,,,,,1078.0,339.0,310.0,,,6004.7001953125,1305.9300537109375
2006-04-05,,,,,1070.5,338.5,310.0,,,6044.10009765625,1311.56005859375
2006-04-06,,,,,1081.0,344.5,310.0,,,6045.7001953125,1309.0400390625
2006-04-07,,,,,1082.25,352.25,315.0,,,6026.10009765625,1295.5
2006-04-10,,,,,1085.5,354.75,330.0,,,6067.0,1296.6199951171875
2006-04-11,,,,,1092.5,359.25,330.0,,,6016.5,1286.5699462890625
2006-04-12,,,,,1087.0,343.5,330.0,,,6000.7998046875,1288.1199951171875
2006-04-13,,,,,1079.0,344.0,330.0,,,6029.39990234375,1289.1199951171875
2006-04-17,,,,,1103.0,358.0,330.0,,,6029.39990234375,1285.3299560546875
2006-04-18,,,,,1102.25,361.25,330.0,,,6044.10009765625,1307.280029296875
2006-04-19,,,,,1115.0,366.25,340.0,,,6089.7998046875,1309.9300537109375
2006-04-20,,,,,1126.25,369.75,340.0,,,6081.39990234375,1311.4599609375
2006-04-21,,,,,1104.75,347.75,340.0,,,6132.7001953125,1311.280029296875
2006-04-24,,,,,1123.25,360.25,342.5,,,6098.7001953125,1308.1099853515625
2006-04-25,,,,,1118.75,357.0,350.0,,,6086.60009765625,1301.739990234375
2006-04-26,,,,,1129.0,365.0,350.0,,,6104.2998046875,1305.4100341796875
2006-04-27,,,,,1136.5,366.0,350.0,,,6060.0,1309.719970703125
2006-04-28,,,,,1147.0,362.5,350.0,,,6023.10009765625,1310.6099853515625
2006-05-01,,,,,1170.0,380.0,350.0,,,6023.10009765625,1305.18994140625
2006-05-02,,,,,1165.5,378.5,350.0,,,6082.10009765625,1313.2099609375
2006-05-03,,,,,1183.25,386.0,355.0,,,6010.0,1308.1199951171875
2006-05-04,,,,,1179.0,378.75,370.0,,,6036.89990234375,1312.25
2006-05-05,,,,,1182.0,382.5,370.0,,,6091.7001953125,1325.760009765625
2006-05-08,,,,,1190.0,379.5,370.0,,,6067.10009765625,1324.6600341796875
2006-05-09,,,,,1206.75,378.0,370.0,,,6105.60009765625,1325.1400146484375
2006-05-10,,,,,1253.75,394.75,370.0,,,6083.39990234375,1322.8499755859375
2006-05-11,,,,,1276.25,395.5,373.75,,,6042.0,1305.9200439453125
2006-05-12,,,,,1306.0,400.25,388.75,,,5912.10009765625,1291.239990234375
2006-05-15,,,,,1308.75,389.25,400.0,,,5841.2998046875,1294.5
2006-05-16,,,,,1280.25,370.75,400.0,,,5846.2001953125,1292.0799560546875
2006-05-17,,,,,1320.25,382.5,400.0,,,5675.5,1270.3199462890625
2006-05-18,,,,,1322.5,375.75,400.0,,,5671.60009765625,1261.81005859375
2006-05-19,,,,,1314.75,363.75,400.0,,,5657.39990234375,1267.030029296875
2006-05-22,,,,,1285.75,345.0,400.0,,,5532.7001953125,1262.0699462890625
2006-05-23,,,,,1294.0,345.75,400.0,,,5678.7001953125,1256.5799560546875
2006-05-24,,,,,1311.25,359.25,400.0,,,5587.10009765625,1258.5699462890625
2006-05-25,,,,,1287.5,349.0,400.0,,,5677.7001953125,1272.8800048828125
2006-05-26,,,,,1297.25,354.0,400.0,,,5791.0,1280.1600341796875
2006-05-29,,,,,1293.0,353.0,400.0,,,5791.0,1280.1600341796875
2006-05-30,,,,,1292.5,354.0,400.0,,,5652.0,1259.8699951171875
2006-05-31,,,,,1283.5,358.0,400.0,,,5723.7998046875,1270.0899658203125
2006-06-01,,,,,1242.25,344.25,400.0,,,5749.7001953125,1285.7099609375
2006-06-02,,,,,1231.25,344.0,400.0,,,5764.60009765625,1288.219970703125
2006-06-05,,,,,1255.75,358.25,400.0,,,5762.10009765625,1265.2900390625
2006-06-06,,,,,1249.0,356.75,400.0,,,5669.7998046875,1263.8499755859375
2006-06-07,,,,,1238.75,343.75,400.0,,,5706.2998046875,1256.1500244140625
2006-06-08,,,,,1233.0,335.5,400.0,,,5562.89990234375,1257.9300537109375
2006-06-09,,,,,1199.5,317.5,400.0,,,5655.2001953125,1252.300048828125
2006-06-12,,,,,1191.0,319.25,400.0,,,5620.89990234375,1237.43994140625
2006-06-13,,,,,1157.0,303.5,400.0,,,5519.60009765625,1223.68994140625
2006-06-14,,,,,1117.0,278.5,400.0,,,5506.7998046875,1230.0400390625
2006-06-15,,,,,1148.25,293.0,400.0,,,5619.2998046875,1256.1600341796875
2006-06-16,,,,,1160.75,305.25,400.0,,,5597.39990234375,1251.5400390625
2006-06-19,,,,,1145.75,304.0,400.0,,,5626.10009765625,1240.1300048828125
2006-06-20,,,,,1153.0,296.5,400.0,,,5658.2001953125,1240.1199951171875
2006-06-21,,,,,1175.75,307.0,400.0,,,5665.0,1252.199951171875
2006-06-22,,,,,1196.0,318.25,400.0,,,5684.10009765625,1245.5999755859375
2006-06-23,,,,,1173.0,306.25,400.0,,,5692.10009765625,1244.5
2006-06-26,,,,,1175.0,310.5,400.0,,,5681.2001953125,1250.56005859375
2006-06-27,,,,,1188.5,319.0,400.0,,,5652.2998046875,1239.199951171875
2006-06-28,,,,,1185.25,311.75,400.0,,,5678.60009765625,1246.0
2006-06-29,,,,,1189.0,309.75,400.0,,,5791.5,1272.8699951171875
2006-06-30,,,,,1221.5,319.0,400.0,,,5833.39990234375,1270.199951171875
2006-07-03,,,,,1243.0,325.75,400.0,,,5884.39990234375,1280.18994140625
2006-07-04,,,,,1233.5,326.5,400.0,,,5883.5,1280.18994140625
2006-07-05,,,,,1233.0,328.5,400.0,,,5826.7001953125,1270.9100341796875
2006-07-06,,,,,1230.0,325.25,400.0,,,5890.0,1274.0799560546875
2006-07-07,,,,,1233.0,328.5,400.0,,,5888.89990234375,1265.47998046875
2006-07-10,,,,,1227.25,322.75,400.0,,,5896.89990234375,1267.3399658203125
2006-07-11,,,,,1230.5,321.75,400.0,,,5857.2998046875,1272.4300537109375
2006-07-12,,,,,1253.0,330.0,400.0,,,5860.60009765625,1258.5999755859375
2006-07-13,,,,,1252.75,329.25,400.0,,,5765.0,1242.280029296875
2006-07-14,,,,,1253.25,331.0,400.0,,,5707.60009765625,1236.199951171875
2006-07-17,,,,,1253.5,330.0,400.0,,,5701.0,1234.489990234375
2006-07-18,,,,,1234.5,319.25,400.0,,,5681.7001953125,1236.8599853515625
2006-07-19,,,,,1211.75,309.5,400.0,,,5778.0,1259.81005859375
2006-07-20,,,,,1224.75,315.75,400.0,,,5770.89990234375,1249.1300048828125
2006-07-21,,,,,1216.25,309.75,400.0,,,5719.7001953125,1240.2900390625
2006-07-24,,,,,1206.0,309.0,400.0,,,5833.89990234375,1260.9100341796875
2006-07-25,,,,,1220.25,314.25,400.0,,,5851.2001953125,1268.8800048828125
2006-07-26,,,,,1221.5,315.0,400.0,,,5877.10009765625,1268.4000244140625
2006-07-27,,,,,1232.0,317.0,400.0,,,5929.5,1263.199951171875
2006-07-28,,,,,1226.5,317.75,400.0,,,5974.89990234375,1278.550048828125
2006-07-31,,,,,1228.5,315.0,400.0,,,5928.2998046875,1276.6600341796875
2006-08-01,,,,,1231.5,316.75,400.0,,,5880.7998046875,1270.9200439453125
2006-08-02,,,,,1250.75,321.25,400.0,,,5932.10009765625,1277.4100341796875
2006-08-03,,,,,1247.0,326.75,400.0,,,5838.39990234375,1280.27001953125
2006-08-04,,,,,1240.0,324.75,400.0,,,5889.39990234375,1279.3599853515625
2006-08-07,,,,,1251.25,326.5,400.0,,,5828.7998046875,1275.77001953125
2006-08-08,,,,,1245.25,324.0,400.0,,,5818.10009765625,1271.47998046875
2006-08-09,,,,,1239.5,321.0,400.0,,,5860.5,1265.949951171875
2006-08-10,,,,,1251.5,326.25,400.0,,,5823.39990234375,1271.81005859375
2006-08-11,,,,,1244.25,321.5,400.0,,,5820.10009765625,1266.739990234375
2006-08-14,,,,,1232.25,318.5,400.0,,,5870.89990234375,1268.2099609375
2006-08-15,,,,,1228.0,319.5,400.0,,,5897.89990234375,1285.5799560546875
2006-08-16,,,,,1233.75,327.25,400.0,,,5896.60009765625,1295.4300537109375
2006-08-17,,,,,1238.0,337.25,400.0,,,5900.39990234375,1297.47998046875
2006-08-18,,,,,1217.5,333.5,400.0,,,5903.39990234375,1302.300048828125
2006-08-21,,,,,1227.75,338.0,400.0,,,5915.2001953125,1297.52001953125
2006-08-22,,,,,1234.25,345.0,400.0,,,5902.60009765625,1298.8199462890625
2006-08-23,,,,,1229.5,341.25,400.0,,,5860.0,1292.989990234375
2006-08-24,,,,,1229.75,346.25,400.0,,,5869.10009765625,1296.06005859375
2006-08-25,,,,,1226.5,345.25,400.0,,,5878.60009765625,1295.0899658203125
2006-08-28,,,,,1221.5,345.0,400.0,,,5878.60009765625,1301.780029296875
2006-08-29,,,,,1220.75,341.0,400.0,,,5888.2998046875,1304.280029296875
2006-08-30,,,,,1225.75,339.75,400.0,,,5929.2998046875,1305.3699951171875
2006-08-31,,,,,1239.25,341.25,400.0,,,5906.10009765625,1303.8199462890625
2006-09-01,,,,,1247.25,346.25,400.0,,,5949.2001953125,1311.010009765625
2006-09-04,,,,,1251.0,346.25,400.0,,,5986.60009765625,1311.010009765625
2006-09-05,,,,,1264.25,348.0,400.0,,,5981.7001953125,1313.25
2006-09-06,,,,,1271.75,351.0,400.0,,,5929.2998046875,1300.260009765625
2006-09-07,,,,,1260.0,350.25,400.0,,,5858.10009765625,1294.02001953125
2006-09-08,,,,,1240.5,340.0,400.0,,,5879.2998046875,1298.9200439453125
2006-09-11,,,,,1214.0,322.5,400.0,,,5850.7998046875,1299.5400390625
2006-09-12,,,,,1204.25,319.0,400.0,,,5895.5,1313.0
2006-09-13,,,,,1186.5,312.75,400.0,,,5892.2001953125,1318.0699462890625
2006-09-14,,,,,1190.5,320.75,400.0,,,5877.2001953125,1316.280029296875
2006-09-15,,,,,1163.75,312.75,400.0,,,5877.0,1319.6600341796875
2006-09-18,,,,,1161.75,311.25,400.0,,,5890.2998046875,1321.1800537109375
2006-09-19,,,,,1165.5,317.0,400.0,,,5831.7998046875,1317.6400146484375
2006-09-20,,,,,1142.5,308.25,400.0,,,5866.2001953125,1325.1800537109375
2006-09-21,,,,,1134.5,308.25,400.0,,,5896.7001953125,1318.030029296875
2006-09-22,,,,,1147.75,314.5,400.0,,,5822.2998046875,1314.780029296875
2006-09-25,,,,,1137.25,318.0,400.0,,,5798.2998046875,1326.3699951171875
2006-09-26,,,,,1134.75,318.25,400.0,,,5873.60009765625,1336.3499755859375
2006-09-27,,,,,1138.5,318.25,400.0,,,5930.10009765625,1336.5899658203125
2006-09-28,,,,,1151.5,322.25,400.0,,,5971.2998046875,1338.8800048828125
2006-09-29,,,,,1146.75,321.25,400.0,,,5960.7998046875,1335.8499755859375
2006-10-02,,,,,1154.5,318.5,400.0,,,5957.7998046875,1331.3199462890625
2006-10-03,,,,,1139.0,312.25,400.0,,,5937.10009765625,1334.1099853515625
2006-10-04,,,,,1109.75,299.5,400.0,,,5966.5,1350.199951171875
2006-10-05,,,,,1083.5,299.0,400.0,,,6004.5,1353.219970703125
2006-10-06,,,,,1078.0,300.0,400.0,,,6001.2001953125,1349.5899658203125
2006-10-09,,,,,1086.25,303.0,400.0,,,6030.89990234375,1350.6600341796875
2006-10-10,,,,,1081.25,304.75,400.0,,,6072.7001953125,1353.4200439453125
2006-10-11,,,,,1067.0,301.0,400.0,,,6073.5,1349.949951171875
2006-10-12,,,,,1072.75,307.75,400.0,,,6121.2998046875,1362.8299560546875
2006-10-13,,,,,1074.0,310.75,400.0,,,6157.2998046875,1365.6199951171875
2006-10-16,,,,,1086.75,320.75,400.0,,,6172.39990234375,1369.06005859375
2006-10-17,,,,,1094.0,324.25,400.0,,,6108.60009765625,1364.050048828125
2006-10-18,,,,,1087.0,321.5,400.0,,,6150.39990234375,1365.800048828125
2006-10-19,,,,,1083.75,330.75,400.0,,,6156.0,1366.9599609375
2006-10-20,,,,,1091.25,334.25,400.0,,,6155.2001953125,1368.5999755859375
2006-10-23,,,,,1078.0,324.25,400.0,,,6166.10009765625,1377.02001953125
2006-10-24,,,,,1064.5,318.75,400.0,,,6182.5,1377.3800048828125
2006-10-25,,,,,1067.75,321.25,400.0,,,6214.60009765625,1382.219970703125
2006-10-26,,,,,1082.5,324.0,400.0,,,6184.7998046875,1389.0799560546875
2006-10-27,,,,,1078.5,323.25,400.0,,,6160.89990234375,1377.3399658203125
2006-10-30,,,,,1089.5,325.0,400.0,,,6126.7998046875,1377.9300537109375
2006-10-31,,,,,1080.75,323.25,400.0,,,6129.2001953125,1377.93994140625
2006-11-01,,,,,1091.25,324.0,400.0,,,6149.60009765625,1367.81005859375
2006-11-02,,,,,1102.75,325.75,400.0,,,6149.2998046875,1367.3399658203125
2006-11-03,,,,,1170.0,326.75,400.0,,,6148.10009765625,1364.300048828125
2006-11-06,,,,,1190.75,337.5,400.0,,,6224.5,1379.780029296875
2006-11-07,,,,,1178.0,333.25,400.0,,,6244.0,1382.8399658203125
2006-11-08,,,,,1182.25,331.75,400.0,,,6239.0,1385.719970703125
2006-11-09,,,,,1177.25,329.25,400.0,,,6231.5,1378.3299560546875
2006-11-10,,,,,1213.75,337.25,400.0,,,6208.39990234375,1380.9000244140625
2006-11-13,,,,,1206.0,331.25,400.0,,,6194.2001953125,1384.4200439453125
2006-11-14,,,,,1187.5,324.75,400.0,,,6186.60009765625,1393.219970703125
2006-11-15,,,,,1177.5,320.0,400.0,,,6229.7998046875,1396.5699462890625
2006-11-16,,,,,1183.75,321.25,400.0,,,6254.89990234375,1399.760009765625
2006-11-17,,,,,1167.25,320.25,400.0,,,6192.0,1401.199951171875
2006-11-20,,,,,1223.25,321.25,400.0,,,6204.5,1400.5
2006-11-21,,,,,1362.25,326.75,400.0,,,6202.60009765625,1402.81005859375
2006-11-22,,,,,1182.5,329.0,400.0,,,6160.2998046875,1406.0899658203125
2006-11-23,,,,,1170.75,327.25,400.0,,,6140.0,1406.0899658203125
2006-11-24,,,,,1181.5,327.0,400.0,,,6122.10009765625,1400.949951171875
2006-11-27,,,,,1192.0,329.25,400.0,,,6050.10009765625,1381.9599609375
2006-11-28,,,,,1175.0,327.75,400.0,,,6025.89990234375,1386.719970703125
2006-11-29,,,,,1166.25,325.25,400.0,,,6084.39990234375,1399.47998046875
2006-11-30,,,,,1167.0,325.0,400.0,,,6048.89990234375,1400.6300048828125
2006-12-01,,,,,1176.0,329.5,400.0,,,6021.5,1396.7099609375
2006-12-04,,,,,1169.0,330.0,400.0,,,6050.39990234375,1409.1199951171875
2006-12-05,,,,,1150.75,330.5,400.0,,,6086.39990234375,1414.760009765625
2006-12-06,,,,,1128.25,330.75,400.0,,,6090.39990234375,1412.9000244140625
2006-12-07,,,,,1116.75,327.0,400.0,,,6131.5,1407.2900390625
2006-12-08,,,,,1120.5,330.0,400.0,,,6152.39990234375,1409.8399658203125
2006-12-11,,,,,1110.25,329.0,400.0,,,6159.7998046875,1413.0400390625
2006-12-12,,,,,1116.75,331.25,400.0,,,6156.39990234375,1411.56005859375
2006-12-13,,,,,1115.0,329.0,400.0,,,6192.5,1413.2099609375
2006-12-14,,,,,1109.5,328.5,400.0,,,6228.0,1425.489990234375
2006-12-15,,,,,1110.25,328.75,400.0,,,6260.0,1427.0899658203125
2006-12-18,,,,,1103.5,325.0,400.0,,,6247.39990234375,1422.47998046875
2006-12-19,,,,,1110.25,323.75,400.0,,,6204.0,1425.550048828125
2006-12-20,,,,,1122.0,327.5,400.0,,,6198.60009765625,1423.530029296875
2006-12-21,,,,,1124.0,326.0,400.0,,,6183.7001953125,1418.300048828125
2006-12-22,,,,,1123.75,326.0,400.0,,,6190.0,1410.760009765625
2006-12-26,,,,,1131.0,327.0,400.0,,,6190.0,1416.9000244140625
2006-12-27,,,,,1125.75,327.5,400.0,,,6245.2001953125,1426.8399658203125
2006-12-28,,,,,1124.5,326.75,400.0,,,6241.0,1424.72998046875
2006-12-29,,,,,1122.5,327.0,400.0,,,6220.7998046875,1418.300048828125
2007-01-02,,,,,1136.25,336.0,400.0,,,6310.89990234375,1418.300048828125
2007-01-03,,,,,1138.75,338.0,400.0,,,6319.0,1416.5999755859375
2007-01-04,,,,,1128.75,337.75,400.0,,,6287.0,1418.3399658203125
2007-01-05,,,,,1128.25,340.5,400.0,,,6220.10009765625,1409.7099609375
2007-01-08,,,,,1115.0,334.5,400.0,,,6194.2001953125,1412.8399658203125
2007-01-09,,,,,1120.5,332.75,400.0,,,6196.10009765625,1412.1099853515625
2007-01-10,,,,,1133.5,332.75,400.0,,,6160.7001953125,1414.8499755859375
2007-01-11,,,,,1139.75,331.5,400.0,,,6230.10009765625,1423.8199462890625
2007-01-12,,,,,1138.5,331.0,400.0,,,6239.0,1430.72998046875
2007-01-15,,,,,1148.75,334.25,400.0,,,6263.5,1430.72998046875
2007-01-16,,,,,1144.75,332.5,400.0,,,6215.7001953125,1431.9000244140625
2007-01-17,,,,,1139.0,334.25,400.0,,,6204.5,1430.6199951171875
2007-01-18,,,,,1153.5,341.5,400.0,,,6210.2998046875,1426.3699951171875
2007-01-19,,,,,1155.0,340.5,400.0,,,6237.2001953125,1430.5
2007-01-22,,,,,1160.75,343.25,400.0,,,6218.39990234375,1422.949951171875
2007-01-23,,,,,1164.75,346.75,400.0,,,6227.60009765625,1427.989990234375
2007-01-24,,,,,1171.75,349.75,400.0,,,6314.7998046875,1440.1300048828125
2007-01-25,,,,,1174.5,350.75,400.0,,,6269.2998046875,1423.9000244140625
2007-01-26,,,,,1173.5,351.75,400.0,,,6228.0,1422.1800537109375
2007-01-29,,,,,1171.75,347.5,400.0,,,6239.89990234375,1420.6199951171875
2007-01-30,,,,,1170.5,340.75,400.0,,,6242.0,1428.8199462890625
2007-01-31,,,,,1172.25,338.75,400.0,,,6203.10009765625,1438.239990234375
2007-02-01,,,,,1185.0,341.75,400.0,,,6282.2001953125,1445.93994140625
2007-02-02,,,,,1180.75,343.0,400.0,,,6310.89990234375,1448.3900146484375
2007-02-05,,,,,1166.75,337.25,400.0,,,6317.89990234375,1446.989990234375
2007-02-06,,,,,1178.5,341.5,402.5,,,6346.2998046875,1448.0
2007-02-07,,,,,1190.5,345.25,410.0,,,6369.5,1450.02001953125
2007-02-08,,,,,1192.0,342.75,410.0,,,6346.39990234375,1448.31005859375
2007-02-09,,,,,1198.0,341.75,417.5,,,6382.7998046875,1438.06005859375
2007-02-12,,,,,1197.5,338.5,425.0,,,6353.5,1433.3699951171875
2007-02-13,,,,,1194.75,339.25,425.0,,,6381.7998046875,1444.260009765625
2007-02-14,,,,,1210.25,343.5,425.0,,,6421.2001953125,1455.300048828125
2007-02-15,,,,,1215.0,343.75,433.75,,,6433.2998046875,1456.81005859375
2007-02-16,,,,,1205.75,342.5,460.0,,,6419.5,1455.5400390625
2007-02-19,,,,,1221.0,342.5,460.0,,,6444.39990234375,1455.5400390625
2007-02-20,,,,,1214.5,339.5,460.0,,,6412.2998046875,1459.6800537109375
2007-02-21,,,,,1209.0,339.25,460.0,,,6357.10009765625,1457.6300048828125
2007-02-22,,,,,1228.0,347.0,460.0,,,6380.89990234375,1456.3800048828125
2007-02-23,,,,,1226.75,349.5,460.0,,,6401.5,1451.18994140625
2007-02-26,,,,,1242.75,358.25,460.0,,,6434.7001953125,1449.3699951171875
2007-02-27,,,,,1237.25,355.0,460.0,,,6286.10009765625,1399.0400390625
2007-02-28,,,,,1237.25,348.25,460.0,,,6171.5,1406.8199462890625
2007-03-01,,,,,1243.75,353.0,460.0,,,6116.0,1403.1700439453125
2007-03-02,,,,,1221.5,350.5,460.0,,,6116.2001953125,1387.1700439453125
2007-03-05,,,,,1192.0,341.5,460.0,,,6058.7001953125,1374.1199951171875
2007-03-06,,,,,1191.0,343.75,460.0,,,6138.5,1395.4100341796875
2007-03-07,,,,,1188.5,348.25,460.0,,,6156.5,1391.969970703125
2007-03-08,,,,,1195.0,350.0,460.0,,,6227.7001953125,1401.8900146484375
2007-03-09,,,,,1204.75,352.5,460.0,,,6245.2001953125,1402.8399658203125
2007-03-12,,,,,1199.75,352.75,460.0,,,6233.2998046875,1406.5999755859375
2007-03-13,,,,,1208.0,351.75,460.0,,,6161.2001953125,1377.949951171875
2007-03-14,,,,,1203.0,349.25,460.0,,,6000.7001953125,1387.1700439453125
2007-03-15,,,,,1211.75,349.75,460.0,,,6133.2001953125,1392.280029296875
2007-03-16,,,,,1217.0,352.0,460.0,,,6130.60009765625,1386.949951171875
2007-03-19,,,,,1226.0,352.0,460.0,,,6189.39990234375,1402.06005859375
2007-03-20,,,,,1229.75,352.0,460.0,,,6220.2998046875,1410.93994140625
2007-03-21,,,,,1234.25,352.0,460.0,,,6256.7998046875,1435.0400390625
2007-03-22,,,,,1236.5,354.25,460.0,,,6318.0,1434.5400390625
2007-03-23,,,,,1234.75,355.0,460.0,,,6339.39990234375,1436.1099853515625
2007-03-26,,,,,1234.75,354.5,460.0,,,6291.89990234375,1437.5
2007-03-27,,,,,1239.25,355.5,460.0,,,6292.60009765625,1428.6099853515625
2007-03-28,,,,,1244.25,355.75,460.0,,,6267.2001953125,1417.22998046875
2007-03-29,,,,,1246.25,355.5,460.0,,,6324.2001953125,1422.530029296875
2007-03-30,,,,,1244.75,354.75,460.0,,,6308.0,1420.8599853515625
2007-04-02,,,,,1242.25,354.5,460.0,,,6315.5,1424.550048828125
2007-04-03,,,,,1244.5,353.5,460.0,,,6366.10009765625,1437.77001953125
2007-04-04,,,,,1246.25,354.0,460.0,,,6364.7001953125,1439.3699951171875
2007-04-05,,,,,1253.5,354.0,460.0,,,6397.2998046875,1443.760009765625
2007-04-09,,,,,1257.0,355.0,460.0,,,6397.2998046875,1444.6099853515625
2007-04-10,,,,,1259.0,359.0,460.0,,,6417.7998046875,1448.3900146484375
2007-04-11,,,,,1263.0,362.25,460.0,,,6413.2998046875,1438.8699951171875
2007-04-12,,,,,1267.0,368.5,460.0,,,6416.39990234375,1447.800048828125
2007-04-13,,,,,1268.0,371.75,460.0,,,6462.39990234375,1452.8499755859375
2007-04-16,,,,,1281.75,379.5,460.0,,,6516.2001953125,1468.3299560546875
2007-04-17,,,,,1275.75,376.0,460.0,,,6497.7998046875,1471.47998046875
2007-04-18,,,,,1280.0,377.25,460.0,,,6449.39990234375,1472.5
2007-04-19,,,,,1291.75,379.75,460.0,,,6440.60009765625,1470.72998046875
2007-04-20,,,,,1311.0,379.75,460.0,,,6486.7998046875,1484.3499755859375
2007-04-23,,,,,1326.75,385.0,460.0,,,6479.7001953125,1480.9300537109375
2007-04-24,,,,,1323.75,383.75,460.0,,,6429.5,1480.4100341796875
2007-04-25,,,,,1307.25,377.75,460.0,,,6462.0,1495.4200439453125
2007-04-26,,,,,1308.0,379.0,460.0,,,6469.39990234375,1494.25
2007-04-27,,,,,1291.5,372.75,460.0,,,6418.7001953125,1494.0699462890625
2007-04-30,,,,,1291.5,373.0,460.0,,,6449.2001953125,1482.3699951171875
2007-05-01,,,,,1290.0,370.0,460.0,,,6419.60009765625,1486.300048828125
2007-05-02,,,,,1292.5,372.75,460.0,,,6484.5,1495.9200439453125
2007-05-03,,,,,1293.25,373.75,460.0,,,6537.7998046875,1502.3900146484375
2007-05-04,,,,,1308.5,375.0,460.0,,,6603.7001953125,1505.6199951171875
2007-05-07,,,,,1337.5,379.5,460.0,,,6603.7001953125,1509.47998046875
2007-05-08,,,,,1334.5,377.5,460.0,,,6550.39990234375,1507.719970703125
2007-05-09,,,,,1333.0,374.25,460.0,,,6549.60009765625,1512.5799560546875
2007-05-10,,,,,1327.25,367.25,460.0,,,6524.10009765625,1491.469970703125
2007-05-11,,,,,1318.75,362.5,460.0,,,6565.7001953125,1505.8499755859375
2007-05-14,,,,,1331.5,367.0,460.0,,,6555.5,1503.1500244140625
2007-05-15,,,,,1323.0,361.0,460.0,,,6568.7001953125,1501.18994140625
2007-05-16,,,,,1330.25,362.5,460.0,,,6559.5,1514.1400146484375
2007-05-17,,,,,1314.25,359.0,460.0,,,6579.2998046875,1512.75
2007-05-18,,,,,1309.75,362.0,460.0,,,6640.89990234375,1522.75
2007-05-21,,,,,1312.0,365.25,460.0,,,6636.7998046875,1525.0999755859375
2007-05-22,,,,,1301.75,375.0,460.0,,,6606.60009765625,1524.1199951171875
2007-05-23,,,,,1296.25,376.0,460.0,,,6616.39990234375,1522.280029296875
2007-05-24,,,,,1295.5,376.0,460.0,,,6565.5,1507.510009765625
2007-05-25,,,,,1282.25,367.75,460.0,,,6570.60009765625,1515.72998046875
2007-05-28,,,,,1273.6667,368.0,460.0,,,6570.60009765625,1515.72998046875
2007-05-29,,,,,1270.0,369.75,460.0,,,6606.5,1518.1099853515625
2007-05-30,,,,,1266.5,368.75,460.0,,,6602.10009765625,1530.22998046875
2007-05-31,,,,,1272.75,368.5,460.0,,,6621.5,1530.6199951171875
2007-06-01,,,,,1288.5,370.75,455.0,,,6676.7001953125,1536.3399658203125
2007-06-04,,,,,1294.5,374.0,450.0,,,6664.10009765625,1539.1800537109375
2007-06-05,,,,,1297.5,372.0,450.0,,,6632.7998046875,1530.949951171875
2007-06-06,,,,,1296.25,369.5,450.0,,,6522.7001953125,1517.3800048828125
2007-06-07,,,,,1301.0,369.75,450.0,,,6505.10009765625,1490.719970703125
2007-06-08,,,,,1291.75,369.0,450.0,,,6505.10009765625,1507.6700439453125
2007-06-11,,,,,1289.0,367.25,450.0,,,6567.5,1509.1199951171875
2007-06-12,,,,,1293.25,369.0,450.0,,,6520.5,1493.0
2007-06-13,,,,,1284.0,367.5,450.0,,,6559.60009765625,1515.6700439453125
2007-06-14,,,,,1282.25,368.0,450.0,,,6649.89990234375,1522.969970703125
2007-06-15,,,,,1281.5,369.25,450.0,,,6732.39990234375,1532.9100341796875
2007-06-18,,,,,1291.0,371.75,450.0,,,6703.5,1531.050048828125
2007-06-19,,,,,1293.5,371.5,450.0,,,6650.2001953125,1533.699951171875
2007-06-20,,,,,1296.75,373.0,450.0,,,6649.2998046875,1512.8399658203125
2007-06-21,,,,,1292.5,375.0,450.0,,,6596.0,1522.18994140625
2007-06-22,,,,,1293.5,376.0,450.0,,,6567.39990234375,1502.56005859375
2007-06-25,,,,,1296.5,375.75,450.0,,,6588.39990234375,1497.739990234375
2007-06-26,,,,,1284.0,370.5,450.0,,,6559.2998046875,1492.8900146484375
2007-06-27,,,,,1270.25,366.5,450.0,,,6527.60009765625,1506.3399658203125
2007-06-28,,,,,1277.75,367.5,450.0,,,6571.2998046875,1505.7099609375
2007-06-29,,,,,1275.75,368.0,450.0,,,6607.89990234375,1503.3499755859375
2007-07-02,,,,,1277.5,368.5,450.0,,,6590.60009765625,1519.4300537109375
2007-07-03,,,,,1285.5,369.0,450.0,,,6639.7998046875,1524.8699951171875
2007-07-04,,,,,1286.0,367.0,450.0,,,6673.10009765625,1524.8699951171875
2007-07-05,,,,,1290.0,366.25,450.0,,,6635.2001953125,1525.4000244140625
2007-07-06,,,,,1288.5,365.5,450.0,,,6690.10009765625,1530.43994140625
2007-07-09,,,,,1297.25,367.5,450.0,,,6712.7001953125,1531.8499755859375
2007-07-10,,,,,1298.25,369.0,450.0,,,6630.89990234375,1510.1199951171875
2007-07-11,,,,,1309.5,369.0,450.0,,,6615.10009765625,1518.760009765625
2007-07-12,,,,,1307.5,369.0,450.0,,,6697.7001953125,1547.699951171875
2007-07-13,,,,,1313.75,369.75,450.0,,,6716.7001953125,1552.5
2007-07-16,,,,,1316.0,368.5,450.0,,,6697.7001953125,1549.52001953125
2007-07-17,,,,,1311.5,368.0,450.0,,,6659.2001953125,1549.3699951171875
2007-07-18,,,,,1314.75,367.5,450.0,,,6567.10009765625,1546.1700439453125
2007-07-19,,,,,1322.0,369.5,450.0,,,6640.2001953125,1553.0799560546875
2007-07-20,,,,,1327.75,372.0,450.0,,,6585.2001953125,1534.0999755859375
2007-07-23,,,,,1335.5,372.0,450.0,,,6624.39990234375,1541.5699462890625
2007-07-24,,,,,1332.25,371.5,450.0,,,6498.7001953125,1511.0400390625
2007-07-25,,,,,1325.5,367.5,450.0,,,6454.2998046875,1518.0899658203125
2007-07-26,,,,,1321.75,365.5,450.0,,,6251.2001953125,1482.6600341796875
2007-07-27,,,,,1311.0,364.25,450.0,,,6215.2001953125,1458.949951171875
2007-07-30,,,,,1279.5,362.75,450.0,,,6206.10009765625,1473.9100341796875
2007-07-31,,,,,1293.25,366.5,450.0,,,6360.10009765625,1455.27001953125
2007-08-01,,,,,1286.25,366.0,450.0,,,6250.60009765625,1465.81005859375
2007-08-02,,,,,1286.0,365.75,450.0,,,6300.2998046875,1472.199951171875
2007-08-03,,,,,1286.0,365.5,450.0,,,6224.2998046875,1433.06005859375
2007-08-06,,,,,1295.0,365.0,450.0,,,6189.10009765625,1467.6700439453125
2007-08-07,,,,,1286.0,363.25,450.0,,,6308.7998046875,1476.7099609375
2007-08-08,,,,,1285.5,362.5,450.0,,,6393.89990234375,1497.489990234375
2007-08-09,,,,,1279.0,363.25,450.0,,,6271.2001953125,1453.0899658203125
2007-08-10,,,,,1271.75,356.25,450.0,,,6038.2998046875,1453.6400146484375
2007-08-13,,,,,1275.5,355.0,450.0,,,6219.0,1452.9200439453125
2007-08-14,,,,,1277.75,355.25,450.0,,,6143.5,1426.5400390625
2007-08-15,,,,,1268.25,352.0,450.0,,,6109.2998046875,1406.699951171875
2007-08-16,,,,,1257.75,344.25,450.0,,,5858.89990234375,1411.27001953125
2007-08-17,,,,,1236.5,334.25,450.0,,,6064.2001953125,1445.93994140625
2007-08-20,,,,,1247.0,331.0,450.0,,,6078.7001953125,1445.550048828125
2007-08-21,,,,,1247.75,329.75,450.0,,,6086.10009765625,1447.1199951171875
2007-08-22,,,,,1241.5,320.25,450.0,,,6196.0,1464.0699462890625
2007-08-23,,,,,1243.5,325.0,450.0,,,6196.89990234375,1462.5
2007-08-24,,,,,1241.25,326.0,450.0,,,6220.10009765625,1479.3699951171875
2007-08-27,,,,,1249.0,330.75,450.0,,,6220.10009765625,1466.7900390625
2007-08-28,,,,,1258.0,331.75,450.0,,,6102.2001953125,1432.3599853515625
2007-08-29,,,,,1259.5,328.5,450.0,,,6132.2001953125,1463.760009765625
2007-08-30,,,,,1265.5,331.25,450.0,,,6212.0,1457.6400146484375
2007-08-31,,,,,1270.0,332.75,450.0,,,6303.2998046875,1473.989990234375
2007-09-03,,,,,1273.5,334.25,450.0,,,6315.2001953125,1473.989990234375
2007-09-04,,,,,1275.25,333.5,450.0,,,6376.7998046875,1489.4200439453125
2007-09-05,,,,,1278.0,334.5,450.0,,,6270.7001953125,1472.2900390625
2007-09-06,,,,,1281.0,334.5,450.0,,,6313.2998046875,1478.550048828125
2007-09-07,,,,,1289.5,336.75,450.0,,,6191.2001953125,1453.550048828125
2007-09-10,,,,,1296.5,336.75,450.0,,,6134.10009765625,1451.699951171875
2007-09-11,,,,,1294.75,334.75,450.0,,,6280.7001953125,1471.489990234375
2007-09-12,,,,,1304.5,336.0,450.0,,,6306.2001953125,1471.56005859375
2007-09-13,,,,,1302.5,335.5,450.0,,,6363.89990234375,1483.949951171875
2007-09-14,,,,,1296.75,333.25,450.0,,,6289.2998046875,1484.25
2007-09-17,,,,,1301.0,331.5,450.0,,,6182.7998046875,1476.6500244140625
2007-09-18,,,,,1302.5,333.25,450.0,,,6283.2998046875,1519.780029296875
2007-09-19,,,,,1309.0,334.0,450.0,,,6460.0,1529.030029296875
2007-09-20,,,,,1314.25,335.75,450.0,,,6429.0,1518.75
2007-09-21,,,,,1336.75,341.5,450.0,,,6456.7001953125,1525.75
2007-09-24,,,,,1333.5,341.0,450.0,,,6465.89990234375,1517.72998046875
2007-09-25,,,,,1337.5,341.75,450.0,,,6396.89990234375,1517.2099609375
2007-09-26,,,,,1350.5,340.5,450.0,,,6433.0,1525.4200439453125
2007-09-27,,,,,1348.75,342.25,450.0,,,6486.39990234375,1531.3800048828125
2007-09-28,,,,,1368.25,345.25,450.0,,,6466.7998046875,1526.75
2007-10-01,,,,,1385.5,352.0,450.0,,,6506.2998046875,1547.0400390625
2007-10-02,,,,,1367.0,355.75,450.0,,,6500.39990234375,1546.6300048828125
2007-10-03,,,,,1356.5,351.5,450.0,,,6535.2001953125,1539.5899658203125
2007-10-04,,,,,1354.25,360.0,450.0,,,6547.89990234375,1542.8399658203125
2007-10-05,,,,,1368.5,369.5,450.0,,,6595.7998046875,1557.5899658203125
2007-10-08,,,,,1373.5,367.75,450.0,,,6540.89990234375,1552.5799560546875
2007-10-09,,,,,1358.5,363.0,450.0,,,6615.39990234375,1565.1500244140625
2007-10-10,,,,,1378.25,368.5,450.0,,,6633.0,1562.469970703125
2007-10-11,,,,,1390.25,376.75,450.0,,,6724.5,1554.4100341796875
2007-10-12,,,,,1406.25,378.25,450.0,,,6730.7001953125,1561.800048828125
2007-10-15,,,,,1421.75,380.0,450.0,,,6644.5,1548.7099609375
2007-10-16,,,,,1420.5,374.25,450.0,,,6614.2998046875,1538.530029296875
2007-10-17,,,,,1416.5,371.75,450.0,,,6677.7001953125,1541.239990234375
2007-10-18,,,,,1446.25,373.25,450.0,,,6609.39990234375,1540.0799560546875
2007-10-19,,,,,1455.0,373.0,450.0,,,6527.89990234375,1500.6300048828125
2007-10-22,,,,,1440.75,362.75,450.0,,,6459.2998046875,1506.3299560546875
2007-10-23,,,,,1440.5,363.0,450.0,,,6514.0,1519.5899658203125
2007-10-24,,,,,1440.75,363.0,450.0,,,6482.0,1515.8800048828125
2007-10-25,,,,,1446.0,361.0,450.0,,,6576.2998046875,1514.4000244140625
2007-10-26,,,,,1453.25,368.75,450.0,,,6661.2998046875,1535.280029296875
2007-10-29,,,,,1461.5,374.75,450.0,,,6706.0,1540.97998046875
2007-10-30,,,,,1448.5,372.25,450.0,,,6659.0,1531.02001953125
2007-10-31,,,,,1441.75,370.25,450.0,,,6721.60009765625,1549.3800048828125
2007-11-01,,,,,1454.75,374.0,450.0,,,6586.10009765625,1508.43994140625
2007-11-02,,,,,1442.25,371.25,450.0,,,6530.60009765625,1509.6500244140625
2007-11-05,,,,,1457.5,376.0,450.0,,,6461.39990234375,1502.1700439453125
2007-11-06,,,,,1466.75,375.25,450.0,,,6474.89990234375,1520.27001953125
2007-11-07,,,,,1476.75,379.75,450.0,,,6385.10009765625,1475.6199951171875
2007-11-08,,,,,1463.25,375.25,450.0,,,6381.89990234375,1474.77001953125
2007-11-09,,,,,1452.25,374.25,450.0,,,6304.89990234375,1453.699951171875
2007-11-12,,,,,1419.25,369.75,450.0,,,6337.89990234375,1439.1800537109375
2007-11-13,,,,,1409.25,367.5,450.0,,,6362.39990234375,1481.050048828125
2007-11-14,,,,,1430.0,372.25,450.0,,,6432.10009765625,1470.5799560546875
2007-11-15,,,,,1433.5,371.25,450.0,,,6359.60009765625,1451.1500244140625
2007-11-16,,,,,1436.25,367.75,450.0,,,6291.2001953125,1458.739990234375
2007-11-19,,,,,1451.25,365.25,450.0,,,6120.7998046875,1433.27001953125
2007-11-20,,,,,1458.25,361.25,450.0,,,6226.5,1439.699951171875
2007-11-21,,,,,1473.5,364.75,450.0,,,6070.89990234375,1416.77001953125
2007-11-22,,,,,1469.25,358.75,450.0,,,6155.2998046875,1416.77001953125
2007-11-23,,,,,1474.25,354.75,450.0,,,6262.10009765625,1440.699951171875
2007-11-26,,,,,1482.5,358.5,450.0,,,6180.5,1407.219970703125
2007-11-27,,,,,1469.25,356.0,450.0,,,6140.7001953125,1428.22998046875
2007-11-28,,,,,1442.5,348.0,450.0,,,6306.2001953125,1469.02001953125
2007-11-29,,,,,1443.0,347.75,450.0,,,6349.10009765625,1469.719970703125
2007-11-30,,,,,1442.25,347.5,450.0,,,6432.5,1481.1400146484375
2007-12-03,,,,,1448.0,351.0,450.0,,,6386.60009765625,1472.4200439453125
2007-12-04,,,,,1464.5,350.25,450.0,,,6315.2001953125,1462.7900390625
2007-12-05,,,,,1474.5,350.75,450.0,,,6493.7998046875,1485.010009765625
2007-12-06,,,,,1464.0,350.0,450.0,,,6485.60009765625,1507.3399658203125
2007-12-07,,,,,1466.5,347.5,450.0,,,6554.89990234375,1504.6600341796875
2007-12-10,,,,,1464.0,346.5,450.0,,,6565.39990234375,1515.9599609375
2007-12-11,,,,,1465.75,346.5,450.0,,,6536.89990234375,1477.6500244140625
2007-12-12,,,,,1470.75,349.25,450.0,,,6559.7998046875,1486.5899658203125
2007-12-13,,,,,1478.5,349.0,450.0,,,6364.2001953125,1488.4100341796875
2007-12-14,,,,,1473.75,347.0,450.0,,,6397.0,1467.949951171875
2007-12-17,,,,,1482.0,352.75,450.0,,,6277.7998046875,1445.9000244140625
2007-12-18,,,,,1494.5,357.0,450.0,,,6279.2998046875,1454.97998046875
2007-12-19,,,,,1515.0,358.25,450.0,,,6284.5,1453.0
2007-12-20,,,,,1514.0,355.75,450.0,,,6345.60009765625,1460.1199951171875
2007-12-21,,,,,1515.25,355.75,450.0,,,6434.10009765625,1484.4599609375
2007-12-24,,,,,1527.0,355.5,450.0,,,6479.2998046875,1496.449951171875
2007-12-26,,,,,1542.0,365.0,450.0,,,6479.2998046875,1497.6600341796875
2007-12-27,,,,,1536.25,365.75,450.0,,,6497.7998046875,1476.27001953125
2007-12-28,,,,,1534.5,366.25,450.0,,,6476.89990234375,1478.489990234375
2007-12-31,,,,,1535.5,367.5,450.0,,,6456.89990234375,1468.3599853515625
2008-01-02,,,,,1531.25,370.75,450.0,,,6416.7001953125,1447.1600341796875
2008-01-03,,,,,1542.25,374.5,450.0,,,6479.39990234375,1447.1600341796875
2008-01-04,,,,,1551.75,375.75,450.0,,,6348.5,1411.6300048828125
2008-01-07,,,,,1533.5,368.5,450.0,,,6335.7001953125,1416.1800537109375
2008-01-08,,,,,1538.5,373.5,450.0,,,6356.5,1390.18994140625
2008-01-09,,,,,1555.5,378.0,450.0,,,6272.7001953125,1409.1300048828125
2008-01-10,,,,,1543.75,374.75,450.0,,,6222.7001953125,1420.3299560546875
2008-01-11,,,,,1561.75,378.0,450.0,,,6202.0,1401.02001953125
2008-01-14,,,,,1573.25,379.5,450.0,,,6215.7001953125,1416.25
2008-01-15,,,,,1579.25,381.75,450.0,,,6025.60009765625,1380.949951171875
2008-01-16,,,,,1567.0,378.5,450.0,,,5942.89990234375,1373.199951171875
2008-01-17,,,,,1562.25,373.25,450.0,,,5902.39990234375,1333.25
2008-01-18,,,,,1555.0,369.5,450.0,,,5901.7001953125,1325.18994140625
2008-01-21,,,,,1557.75,370.25,450.0,,,5578.2001953125,1325.18994140625
2008-01-22,,,,,1526.25,364.25,450.0,,,5740.10009765625,1310.5
2008-01-23,,,,,1550.5,369.5,450.0,,,5609.39990234375,1338.5999755859375
2008-01-24,,,,,1578.75,369.75,450.0,,,5875.7998046875,1352.0699462890625
2008-01-25,,,,,1641.5,378.0,450.0,,,5869.0,1330.6099853515625
2008-01-28,,,,,1687.25,382.75,450.0,,,5788.89990234375,1353.9599609375
2008-01-29,,,,,1711.5,388.75,450.0,,,5885.2001953125,1362.300048828125
2008-01-30,,,,,1690.75,389.75,450.0,,,5837.2998046875,1355.81005859375
2008-01-31,,,,,1702.0,389.75,450.0,,,5879.7998046875,1378.550048828125
2008-02-01,,,,,1741.0,398.5,450.0,,,6029.2001953125,1395.4200439453125
2008-02-04,,,,,1781.75,419.25,450.0,,,6026.2001953125,1380.8199462890625
2008-02-05,,,,,1785.75,423.25,450.0,,,5868.0,1336.6400146484375
2008-02-06,,,,,1789.25,418.25,450.0,,,5875.39990234375,1326.449951171875
2008-02-07,,,,,1835.5,425.0,450.0,,,5724.10009765625,1336.9100341796875
2008-02-08,,,,,1857.5,433.0,450.0,,,5784.0,1331.2900390625
2008-02-11,,,,,1902.5,442.25,450.0,,,5707.7001953125,1339.1300048828125
2008-02-12,,,,,1951.5,444.25,450.0,,,5910.0,1348.8599853515625
2008-02-13,,,,,1921.0,428.5,450.0,,,5880.10009765625,1367.2099609375
2008-02-14,,,,,1995.75,440.75,450.0,,,5879.2998046875,1348.8599853515625
2008-02-15,,,,,2019.25,442.0,450.0,,,5787.60009765625,1349.989990234375
2008-02-18,,,,,2090.25,455.25,450.0,,,5946.60009765625,1349.989990234375
2008-02-19,,,,,2131.25,478.25,450.0,,,5966.89990234375,1348.780029296875
2008-02-20,,,,,2110.25,486.25,450.0,,,5893.60009765625,1360.030029296875
2008-02-21,,,,,2160.0,506.5,450.0,,,5932.2001953125,1342.530029296875
2008-02-22,,,,,2171.0,509.25,450.0,,,5888.5,1353.1099853515625
2008-02-25,,,,,2157.0,518.5,450.0,,,5999.5,1371.800048828125
2008-02-26,,,,,2133.25,520.25,450.0,,,6087.39990234375,1381.2900390625
2008-02-27,,,,,2157.0,549.75,450.0,,,6076.5,1380.02001953125
2008-02-28,,,,,2120.5,548.5,450.0,,,5965.7001953125,1367.6800537109375
2008-02-29,,,,,2153.75,579.25,450.0,,,5884.2998046875,1330.6300048828125
2008-03-03,,,,,2173.25,579.75,450.0,,,5818.60009765625,1331.3399658203125
2008-03-04,,,,,2260.0,585.25,450.0,,,5767.7001953125,1326.75
2008-03-05,,,,,2227.25,550.0,450.0,,,5853.5,1333.699951171875
2008-03-06,,,,,2252.75,549.25,450.0,,,5766.39990234375,1304.3399658203125
2008-03-07,,,,,2149.0,515.0,450.0,,,5699.89990234375,1293.3699951171875
2008-03-10,,,,,2035.75,489.25,450.0,,,5629.10009765625,1273.3699951171875
2008-03-11,,,,,2034.25,478.25,450.0,,,5690.39990234375,1320.6500244140625
2008-03-12,,,,,2035.25,488.0,450.0,,,5776.39990234375,1308.77001953125
2008-03-13,,,,,2084.25,506.5,450.0,,,5692.39990234375,1315.47998046875
2008-03-14,,,,,2098.75,508.5,450.0,,,5631.7001953125,1288.1400146484375
2008-03-17,,,,,2064.25,502.5,450.0,,,5414.39990234375,1276.5999755859375
2008-03-18,,,,,1965.75,468.75,450.0,,,5605.7998046875,1330.739990234375
2008-03-19,,,,,1951.25,472.5,450.0,,,5545.60009765625,1298.4200439453125
2008-03-20,,,,,1879.25,448.5,450.0,,,5495.2001953125,1329.510009765625
2008-03-24,,,,,1880.0,439.0,450.0,,,5495.2001953125,1349.8800048828125
2008-03-25,,,,,1901.75,441.25,450.0,,,5689.10009765625,1352.989990234375
2008-03-26,,,,,1980.75,456.5,450.0,,,5660.39990234375,1341.1300048828125
2008-03-27,,,,,2010.25,456.0,450.0,,,5717.5,1325.760009765625
2008-03-28,,,,,2030.5,448.5,450.0,,,5692.89990234375,1315.219970703125
2008-03-31,,,,,2032.75,446.5,450.0,,,5702.10009765625,1322.699951171875
2008-04-01,,,,,1956.5,434.5,450.0,,,5852.60009765625,1370.1800537109375
2008-04-02,,,,,1937.5,438.25,450.0,,,5915.89990234375,1367.530029296875
2008-04-03,,,,,1980.0,444.5,450.0,,,5891.2998046875,1369.31005859375
2008-04-04,,,,,1987.5,440.5,450.0,,,5947.10009765625,1370.4000244140625
2008-04-07,,,,,2024.5,448.0,450.0,,,6014.7998046875,1372.5400390625
2008-04-08,,,,,2019.5,456.0,450.0,,,5990.2001953125,1365.5400390625
2008-04-09,,,,,2017.75,454.25,450.0,,,5983.89990234375,1354.489990234375
2008-04-10,,,,,2031.25,461.0,450.0,,,5965.10009765625,1360.550048828125
2008-04-11,,,,,2018.0,464.5,450.0,,,5895.5,1332.8299560546875
2008-04-14,,,,,1972.75,462.5,450.0,,,5831.60009765625,1328.3199462890625
2008-04-15,,,,,1992.75,460.75,450.0,,,5906.89990234375,1334.4300537109375
2008-04-16,,,,,1988.25,456.75,450.0,,,6046.2001953125,1364.7099609375
2008-04-17,,,,,2042.75,462.0,450.0,,,5980.39990234375,1365.56005859375
2008-04-18,,,,,2053.0,459.0,450.0,,,6056.60009765625,1390.3299560546875
2008-04-21,,,,,2032.75,456.75,450.0,,,6053.0,1388.1700439453125
2008-04-22,,,,,1992.0,454.75,450.0,,,6034.7001953125,1375.93994140625
2008-04-23,,,,,2028.5,455.0,450.0,,,6083.60009765625,1379.9300537109375
2008-04-24,,,,,2001.25,446.75,450.0,,,6050.7001953125,1388.8199462890625
2008-04-25,,,,,1955.5,437.75,450.0,,,6091.39990234375,1397.8399658203125
2008-04-28,,,,,1971.75,441.5,450.0,,,6090.39990234375,1396.3699951171875
2008-04-29,,,,,1969.5,434.75,450.0,,,6089.39990234375,1390.93994140625
2008-04-30,,,,,1928.0,425.25,450.0,,,6087.2998046875,1385.5899658203125
2008-05-01,,,,,1915.0,416.5,450.0,,,6087.2998046875,1409.3399658203125
2008-05-02,,,,,1855.25,407.75,450.0,,,6215.5,1413.9000244140625
2008-05-05,,,,,1911.75,421.5,450.0,,,6215.5,1407.489990234375
2008-05-06,,,,,1932.5,424.25,450.0,,,6215.2998046875,1418.260009765625
2008-05-07,,,,,1950.75,426.5,450.0,,,6261.0,1392.5699462890625
2008-05-08,,,,,1979.75,428.25,450.0,,,6270.7998046875,1397.6800537109375
2008-05-09,,,,,2053.25,438.5,450.0,,,6204.7001953125,1388.280029296875
2008-05-12,,,,,2060.5,443.5,450.0,,,6220.7001953125,1403.5799560546875
2008-05-13,,,,,2086.5,442.25,450.0,,,6211.89990234375,1403.0400390625
2008-05-14,,,,,2057.5,437.0,450.0,,,6216.0,1408.6600341796875
2008-05-15,,,,,2039.0,436.5,450.0,,,6251.7998046875,1423.5699462890625
2008-05-16,,,,,2094.0,439.5,450.0,,,6304.2998046875,1425.3499755859375
2008-05-19,,,,,2153.5,452.25,450.0,,,6376.5,1426.6300048828125
2008-05-20,,,,,2156.0,449.75,450.0,,,6191.60009765625,1413.4000244140625
2008-05-21,,,,,2170.0,449.0,450.0,,,6198.10009765625,1390.7099609375
2008-05-22,,,,,2208.0,455.5,450.0,,,6181.60009765625,1394.3499755859375
2008-05-23,,,,,2171.25,454.75,450.0,,,6087.2998046875,1375.9300537109375
2008-05-26,,,,,2190.0,456.0,450.0,,,6087.2998046875,1375.9300537109375
2008-05-27,,,,,2181.0,454.0,450.0,,,6058.5,1385.3499755859375
2008-05-28,,,,,2092.25,441.5,450.0,,,6069.60009765625,1390.8399658203125
2008-05-29,,,,,2044.5,435.5,450.0,,,6068.10009765625,1398.260009765625
2008-05-30,,,,,1986.0,429.5,450.0,,,6053.5,1400.3800048828125
2008-06-02,,,,,2006.75,436.0,450.0,,,6007.60009765625,1385.6700439453125
2008-06-03,,,,,2023.5,436.5,450.0,,,6057.7001953125,1377.6500244140625
2008-06-04,,,,,2002.0,433.0,450.0,,,5970.10009765625,1377.199951171875
2008-06-05,,,,,1993.5,428.5,450.0,,,5995.2998046875,1404.050048828125
2008-06-06,,,,,2048.75,432.5,450.0,,,5906.7998046875,1360.6800537109375
2008-06-09,,,,,2068.5,436.5,450.0,,,5877.60009765625,1361.760009765625
2008-06-10,,,,,2033.75,427.5,450.0,,,5827.2998046875,1358.43994140625
2008-06-11,,,,,2019.75,427.0,450.0,,,5723.2998046875,1335.489990234375
2008-06-12,,,,,2019.5,428.5,450.0,,,5790.5,1339.8699951171875
2008-06-13,,,,,2035.75,443.25,450.0,,,5802.7998046875,1360.030029296875
2008-06-16,,,,,2036.5,453.0,450.0,,,5794.60009765625,1360.1400146484375
2008-06-17,,,,,2055.75,460.75,450.0,,,5861.89990234375,1350.9300537109375
2008-06-18,,,,,2089.5,464.75,450.0,,,5756.89990234375,1337.81005859375
2008-06-19,,,,,2089.25,470.5,450.0,,,5708.39990234375,1342.8299560546875
2008-06-20,,,,,2060.75,472.5,450.0,,,5620.7998046875,1317.9300537109375
2008-06-23,,,,,2063.5,476.5,450.0,,,5667.2001953125,1318.0
2008-06-24,,,,,2043.75,472.5,450.0,,,5634.7001953125,1314.2900390625
2008-06-25,,,,,2022.25,467.75,450.0,,,5666.10009765625,1321.969970703125
2008-06-26,,,,,2047.5,467.75,450.0,,,5518.2001953125,1283.1500244140625
2008-06-27,,,,,2073.0,472.5,450.0,,,5530.0,1278.3800048828125
2008-06-30,,,,,2073.5,473.25,450.0,,,5625.89990234375,1280.0
2008-07-01,,,,,2080.0,467.5,450.0,,,5479.89990234375,1284.9100341796875
2008-07-02,,,,,2084.75,469.5,450.0,,,5426.2998046875,1261.52001953125
2008-07-03,,,,,2064.5,468.5,450.0,,,5476.60009765625,1262.9000244140625
2008-07-04,,,,,2029.5,461.0,450.0,,,5412.7998046875,1262.9000244140625
2008-07-07,,,,,2001.25,455.25,450.0,,,5512.7001953125,1252.31005859375
2008-07-08,,,,,1994.25,449.0,450.0,,,5440.5,1273.699951171875
2008-07-09,,,,,1966.25,445.0,450.0,,,5529.60009765625,1244.68994140625
2008-07-10,,,,,1988.5,449.0,450.0,,,5406.7998046875,1253.3900146484375
2008-07-11,,,,,2035.0,454.25,450.0,,,5261.60009765625,1239.489990234375
2008-07-14,,,,,2040.5,457.25,450.0,,,5300.39990234375,1228.300048828125
2008-07-15,,,,,2012.5,451.75,450.0,,,5171.89990234375,1214.9100341796875
2008-07-16,,,,,1956.0,442.5,450.0,,,5150.60009765625,1245.3599853515625
2008-07-17,,,,,1934.5,433.5,450.0,,,5286.2998046875,1260.3199462890625
2008-07-18,,,,,1864.5,423.25,450.0,,,5376.39990234375,1260.6800537109375
2008-07-21,,,,,1860.75,419.25,450.0,,,5404.2998046875,1260.0
2008-07-22,,,,,1870.0,421.0,450.0,,,5364.2001953125,1277.0
2008-07-23,,,,,1805.5,398.25,450.0,,,5449.89990234375,1282.18994140625
2008-07-24,,,,,1740.0,388.5,450.0,,,5362.2998046875,1252.5400390625
2008-07-25,,,,,1741.5,389.75,450.0,,,5352.60009765625,1257.760009765625
2008-07-28,,,,,1762.25,390.0,450.0,,,5312.60009765625,1234.3699951171875
2008-07-29,,,,,1767.75,393.25,450.0,,,5319.2001953125,1263.199951171875
2008-07-30,,,,,1744.75,383.0,450.0,,,5420.7001953125,1284.260009765625
2008-07-31,,,,,1755.75,380.5,450.0,,,5411.89990234375,1267.3800048828125
2008-08-01,,,,,1719.5,377.5,450.0,,,5354.7001953125,1260.31005859375
2008-08-04,,,,,1622.25,367.25,450.0,,,5320.2001953125,1249.010009765625
2008-08-05,,,,,1554.25,355.0,450.0,,,5454.5,1284.8800048828125
2008-08-06,,,,,1595.75,357.5,450.0,,,5486.10009765625,1289.18994140625
2008-08-07,,,,,1605.25,355.0,450.0,,,5477.5,1266.0699462890625
2008-08-08,,,,,1573.75,347.0,450.0,,,5489.2001953125,1296.3199462890625
2008-08-11,,,,,1567.0,335.0,450.0,,,5541.7998046875,1305.3199462890625
2008-08-12,,,,,1494.5,314.5,450.0,,,5534.5,1289.5899658203125
2008-08-13,,,,,1504.25,314.5,450.0,,,5448.60009765625,1285.8299560546875
2008-08-14,,,,,1525.75,323.5,450.0,,,5497.5,1292.9300537109375
2008-08-15,,,,,1443.0,299.0,450.0,,,5454.7998046875,1298.199951171875
2008-08-18,,,,,1423.75,292.5,452.5,,,5450.2001953125,1278.5999755859375
2008-08-19,,,,,1332.75,278.0,460.0,,,5320.39990234375,1266.68994140625
2008-08-20,,,,,1366.25,289.25,460.0,,,5371.7998046875,1274.5400390625
2008-08-21,,,,,1391.5,289.25,460.0,,,5370.2001953125,1277.719970703125
2008-08-22,,,,,1462.5,294.25,460.0,,,5505.60009765625,1292.199951171875
2008-08-25,,,,,1428.25,289.75,460.0,,,5505.60009765625,1266.8399658203125
2008-08-26,,,,,1437.75,292.5,460.0,,,5470.7001953125,1271.510009765625
2008-08-27,,,,,1440.25,293.0,460.0,,,5528.2001953125,1281.6600341796875
2008-08-28,,,,,1463.25,294.5,460.0,,,5601.2001953125,1300.6800537109375
2008-08-29,,,,,1474.25,299.25,460.0,,,5636.60009765625,1282.8299560546875
2008-09-01,,,,,1455.75,305.5,460.0,,,5602.7998046875,1282.8299560546875
2008-09-02,,,,,1409.25,293.0,460.0,,,5620.7001953125,1277.5799560546875
2008-09-03,,,,,1407.5,291.0,460.0,,,5499.7001953125,1274.97998046875
2008-09-04,,,,,1381.5,288.5,460.0,,,5362.10009765625,1236.8299560546875
2008-09-05,,,,,1383.0,284.25,460.0,,,5240.7001953125,1242.31005859375
2008-09-08,,,,,1387.25,277.75,460.0,,,5446.2998046875,1267.7900390625
2008-09-09,,,,,1319.25,259.5,460.0,,,5415.60009765625,1224.510009765625
2008-09-10,,,,,1226.5,228.25,460.0,,,5366.2001953125,1232.0400390625
2008-09-11,,,,,1177.5,227.5,460.0,,,5318.39990234375,1249.050048828125
2008-09-12,,,,,1176.75,241.25,460.0,,,5416.7001953125,1251.699951171875
2008-09-15,,,,,1200.5,242.5,460.0,,,5204.2001953125,1192.699951171875
2008-09-16,,,,,1127.25,231.75,460.0,,,5025.60009765625,1213.5999755859375
2008-09-17,,,,,1095.0,227.5,460.0,,,4912.39990234375,1156.3900146484375
2008-09-18,,,,,1137.5,243.25,460.0,,,4880.0,1206.510009765625
2008-09-19,,,,,1123.0,237.25,460.0,,,5311.2998046875,1255.0799560546875
2008-09-22,,,,,1175.75,244.75,458.75,,,5236.2998046875,1207.0899658203125
2008-09-23,,,,,1240.0,256.25,455.0,,,5136.10009765625,1188.219970703125
2008-09-24,,,,,1200.0,251.5,455.0,,,5095.60009765625,1185.8699951171875
2008-09-25,,,,,1206.75,251.0,455.0,,,5197.0,1209.1800537109375
2008-09-26,,,,,1181.25,240.75,455.0,,,5088.5,1213.27001953125
2008-09-29,,,,,1110.0,223.5,455.0,,,4818.7998046875,1106.4200439453125
2008-09-30,,,,,1050.25,210.75,455.0,,,4902.5,1166.3599853515625
2008-10-01,,,,,1025.0,205.0,455.0,,,4959.60009765625,1161.06005859375
2008-10-02,,,,,1021.5,209.25,455.0,,,4870.2998046875,1114.280029296875
2008-10-03,,,,,967.0,201.5,455.0,,,4980.2998046875,1099.22998046875
2008-10-06,,,,,960.75,202.75,455.0,,,4589.2001953125,1056.8900146484375
2008-10-07,,,,,1012.5,204.0,455.0,,,4605.2001953125,996.22998046875
2008-10-08,,,,,987.25,201.0,455.0,,,4366.7001953125,984.9400024414062
2008-10-09,,,,,1008.75,202.5,455.0,,,4313.7998046875,909.9199829101562
2008-10-10,,,,,1011.75,202.0,455.0,,,3932.10009765625,899.219970703125
2008-10-13,,,,,995.5,194.5,455.0,,,4256.89990234375,1003.3499755859376
2008-10-14,,,,,1032.0,206.25,455.0,,,4394.2001953125,998.010009765625
2008-10-15,,,,,1005.5,200.75,455.0,,,4079.60009765625,907.8400268554688
2008-10-16,,,,,937.75,191.0,455.0,,,3861.39990234375,946.4299926757812
2008-10-17,,,,,890.0,179.25,455.0,,,4063.0,940.5499877929688
2008-10-20,,,,,907.25,183.5,455.0,,,4282.7001953125,985.4000244140624
2008-10-21,,,,,891.5,182.25,455.0,,,4229.7001953125,955.0499877929688
2008-10-22,,,,,883.0,182.5,455.0,,,4040.89990234375,896.780029296875
2008-10-23,,,,,818.75,174.5,452.5,,,4087.800048828125,908.1099853515624
2008-10-24,,,,,801.25,172.25,445.0,,,3883.39990234375,876.77001953125
2008-10-27,,,,,782.25,170.0,445.0,,,3852.60009765625,848.9199829101562
2008-10-28,,,,,815.0,176.25,445.0,,,3926.39990234375,940.510009765625
2008-10-29,,,,,806.5,186.5,445.0,,,4242.5,930.0900268554688
2008-10-30,,,,,853.0,205.75,445.0,,,4291.7001953125,954.0900268554688
2008-10-31,,,,,807.5,199.5,445.0,,,4377.2998046875,968.75
2008-11-03,,,,,832.5,201.75,445.0,,,4443.2998046875,966.2999877929688
2008-11-04,,,,,824.75,205.75,445.0,,,4639.5,1005.75
2008-11-05,,,,,873.5,212.5,445.0,,,4530.7001953125,952.77001953125
2008-11-06,,,,,860.5,221.5,445.0,,,4272.39990234375,904.8800048828124
2008-11-07,,,,,846.5,224.0,445.0,,,4365.0,930.989990234375
2008-11-10,,,,,871.0,227.5,445.0,,,4403.89990234375,919.2100219726562
2008-11-11,,,,,842.5,224.5,445.0,,,4246.7001953125,898.9500122070312
2008-11-12,,,,,835.5,219.25,445.0,,,4182.0,852.2999877929688
2008-11-13,,,,,813.25,211.25,445.0,,,4169.2001953125,911.2899780273438
2008-11-14,,,,,847.25,219.5,445.0,,,4233.0,873.2899780273438
2008-11-17,,,,,843.25,221.0,445.0,,,4132.2001953125,850.75
2008-11-18,,,,,826.75,218.25,445.0,,,4208.60009765625,859.1199951171875
2008-11-19,,,,,850.0,216.25,445.0,,,4005.699951171875,806.5800170898438
2008-11-20,,,,,808.0,187.75,445.0,,,3875.0,752.4400024414062
2008-11-21,,,,,801.0,181.5,445.0,,,3781.0,800.030029296875
2008-11-24,,,,,834.75,188.25,445.0,,,4153.0,851.8099975585938
2008-11-25,,,,,869.25,200.5,445.0,,,4171.2998046875,857.3900146484375
2008-11-26,,,,,869.5,198.0,445.0,,,4152.7001953125,887.6799926757812
2008-11-27,,,,,870.0,194.0,445.0,,,4226.10009765625,887.6799926757812
2008-11-28,,,,,868.25,191.0,445.0,,,4288.0,896.239990234375
2008-12-01,,,,,848.75,186.0,445.0,,,4065.5,816.2100219726562
2008-12-02,,,,,807.75,176.0,445.0,,,4122.89990234375,848.8099975585938
2008-12-03,,,,,818.75,175.0,445.0,,,4170.0,870.739990234375
2008-12-04,,,,,803.75,174.25,445.0,,,4163.60009765625,845.219970703125
2008-12-05,,,,,804.5,170.75,445.0,,,4049.39990234375,876.0700073242188
2008-12-08,,,,,824.25,171.5,445.0,,,4300.10009765625,909.7000122070312
2008-12-09,,,,,820.75,176.5,445.0,,,4381.2998046875,888.6699829101562
2008-12-10,,,,,827.0,178.0,445.0,,,4367.2998046875,899.239990234375
2008-12-11,,,,,842.5,184.0,445.0,,,4388.7001953125,873.5900268554688
2008-12-12,,,,,819.75,178.5,442.5,,,4280.39990234375,879.72998046875
2008-12-15,,,,,844.25,178.75,435.0,,,4277.60009765625,868.5700073242188
2008-12-16,,,,,835.25,177.25,435.0,,,4309.10009765625,913.1799926757812
2008-12-17,,,,,863.25,178.5,435.0,,,4324.2001953125,904.4199829101562
2008-12-18,,,,,869.0,178.0,435.0,,,4330.7001953125,885.280029296875
2008-12-19,,,,,858.75,177.5,435.0,,,4286.89990234375,887.8800048828125
2008-12-22,,,,,858.0,176.0,435.0,,,4249.2001953125,871.6300048828125
2008-12-23,,,,,857.25,176.0,435.0,,,4256.0,863.1599731445312
2008-12-24,,,,,853.25,175.25,435.0,,,4216.60009765625,868.1500244140625
2008-12-26,,,,,885.0,173.0,435.0,,,4216.60009765625,872.7999877929688
2008-12-29,,,,,922.5,182.75,435.0,,,4319.39990234375,869.4199829101562
2008-12-30,,,,,909.5,186.5,435.0,,,4392.7001953125,890.6400146484375
2008-12-31,,,,,916.0,185.75,435.0,,,4434.2001953125,903.25
2009-01-02,,,,,934.25,189.0,435.0,,,4561.7998046875,931.7999877929688
2009-01-05,,,,,938.75,192.5,435.0,,,4579.60009765625,927.4500122070312
2009-01-06,,,,,943.75,189.25,435.0,,,4638.89990234375,934.7000122070312
2009-01-07,,,,,990.0,201.0,435.0,,,4507.5,906.6500244140624
2009-01-08,,,,,988.0,199.0,435.0,,,4505.39990234375,909.72998046875
2009-01-09,,,,,995.75,196.5,435.0,,,4448.5,890.3499755859375
2009-01-12,,,,,990.75,192.25,435.0,,,4426.2001953125,870.260009765625
2009-01-13,,,,,940.75,185.25,435.0,,,4399.2001953125,871.7899780273438
2009-01-14,,,,,952.25,184.5,435.0,,,4180.60009765625,842.6199951171875
2009-01-15,,,,,921.25,181.0,435.0,,,4121.10009765625,843.739990234375
2009-01-16,,,,,942.0,182.0,430.0,,,4147.10009765625,850.1199951171875
2009-01-19,,,,,963.0,185.75,425.0,,,4108.5,850.1199951171875
2009-01-20,,,,,950.25,183.75,425.0,,,4091.39990234375,805.219970703125
2009-01-21,,,,,941.75,185.5,425.0,,,4059.89990234375,840.239990234375
2009-01-22,,,,,935.0,185.75,425.0,,,4052.199951171875,827.5
2009-01-23,,,,,929.0,184.25,425.0,,,4052.5,831.9500122070312
2009-01-26,,,,,959.5,194.0,425.0,,,4209.0,836.5700073242188
2009-01-27,,,,,959.0,192.5,425.0,,,4194.39990234375,845.7100219726562
2009-01-28,,,,,956.5,193.0,425.0,,,4295.2001953125,874.0900268554688
2009-01-29,,,,,954.0,191.25,425.0,,,4190.10009765625,845.1400146484375
2009-01-30,,,,,972.5,195.0,425.0,,,4149.60009765625,825.8800048828125
2009-02-02,,,,,979.0,196.25,425.0,,,4077.800048828125,825.4400024414062
2009-02-03,,,,,972.5,197.0,425.0,,,4164.5,838.510009765625
2009-02-04,,,,,963.5,193.0,425.0,,,4228.60009765625,832.22998046875
2009-02-05,,,,,975.75,198.75,425.0,,,4228.89990234375,845.8499755859375
2009-02-06,,,,,983.5,204.25,425.0,,,4291.89990234375,868.5999755859375
2009-02-09,,,,,991.25,211.5,425.0,,,4307.60009765625,869.8900146484375
2009-02-10,,,,,1004.75,211.0,425.0,,,4213.10009765625,827.1599731445312
2009-02-11,,,,,1040.75,214.25,425.0,,,4234.2998046875,833.739990234375
2009-02-12,,,,,1069.0,216.75,425.0,,,4202.2001953125,835.1900024414062
2009-02-13,,,,,1064.75,215.75,425.0,,,4189.60009765625,826.8400268554688
2009-02-16,,,,,1063.75,216.5,425.0,,,4134.7998046875,826.8400268554688
2009-02-17,,,,,1075.5,218.25,425.0,,,4034.10009765625,789.1699829101562
2009-02-18,,,,,1100.5,219.0,425.0,,,4006.800048828125,788.4199829101562
2009-02-19,,,,,1084.25,218.5,425.0,,,4018.39990234375,778.9400024414062
2009-02-20,,,,,1076.25,217.0,425.0,,,3889.10009765625,770.0499877929688
2009-02-23,,,,,1080.75,213.0,425.0,,,3850.699951171875,743.3300170898438
2009-02-24,,,,,1080.0,201.75,425.0,,,3816.39990234375,773.1400146484375
2009-02-25,,,,,1052.5,200.0,425.0,,,3849.0,764.9000244140625
2009-02-26,,,,,1056.75,198.0,425.0,,,3915.60009765625,752.8300170898438
2009-02-27,,,,,1055.75,195.75,425.0,,,3830.10009765625,735.0900268554688
2009-03-02,,,,,1090.75,199.75,425.0,,,3625.800048828125,700.8200073242188
2009-03-03,,,,,1053.25,193.5,425.0,,,3512.10009765625,696.3300170898438
2009-03-04,,,,,1042.0,194.5,425.0,,,3645.89990234375,712.8699951171875
2009-03-05,,,,,1055.75,200.0,425.0,,,3529.89990234375,682.5499877929688
2009-03-06,,,,,1072.25,201.0,425.0,,,3530.699951171875,683.3800048828125
2009-03-09,,,,,1073.5,202.25,425.0,,,3542.39990234375,676.530029296875
2009-03-10,,,,,1052.25,198.0,425.0,,,3715.199951171875,719.5999755859375
2009-03-11,,,,,1049.5,198.0,425.0,,,3693.800048828125,721.3599853515625
2009-03-12,,,,,1050.5,198.0,425.0,,,3712.10009765625,750.739990234375
2009-03-13,,,,,1055.75,198.0,425.0,,,3753.699951171875,756.5499877929688
2009-03-16,,,,,1060.3333,198.6667,425.0,,,3864.0,753.8900146484375
2009-03-17,,,,,1057.75,199.75,425.0,,,3857.10009765625,778.1199951171875
2009-03-18,,,,,1052.75,196.75,425.0,,,3805.0,794.3499755859375
2009-03-19,,,,,1069.0,202.25,425.0,,,3816.89990234375,784.0399780273438
2009-03-20,,,,,1120.5,207.0,425.0,,,3842.89990234375,768.5399780273438
2009-03-23,,,,,1114.5,208.25,425.0,,,3952.800048828125,822.9199829101562
2009-03-24,,,,,1126.5,212.75,425.0,,,3911.5,806.1199951171875
2009-03-25,,,,,1122.25,207.75,425.0,,,3900.300048828125,813.8800048828125
2009-03-26,,,,,1145.5,218.0,425.0,,,3925.199951171875,832.8599853515625
2009-03-27,,,,,1146.75,223.5,425.0,,,3898.89990234375,815.9400024414062
2009-03-30,,,,,1133.0,217.25,425.0,,,3762.89990234375,787.530029296875
2009-03-31,,,,,1129.25,215.0,425.0,,,3926.10009765625,797.8699951171875
2009-04-01,,,,,1131.75,217.75,425.0,,,3955.60009765625,811.0800170898438
2009-04-02,,,,,1140.75,221.0,425.0,,,4125.0,834.3800048828125
2009-04-03,,,,,1150.25,222.75,425.0,,,4029.699951171875,842.5
2009-04-06,,,,,1150.0,222.5,425.0,,,3993.5,835.47998046875
2009-04-07,,,,,1160.75,224.75,425.0,,,3930.5,815.5499877929688
2009-04-08,,,,,1166.0,226.75,425.0,,,3925.5,825.1599731445312
2009-04-09,,,,,1192.75,234.0,425.0,,,3983.699951171875,856.5599975585938
2009-04-13,,,,,1245.0,240.0,425.0,,,3983.699951171875,858.72998046875
2009-04-14,,,,,1236.0,239.0,425.0,,,3989.0,841.5
2009-04-15,,,,,1222.5,235.75,425.0,,,3968.39990234375,852.0599975585938
2009-04-16,,,,,1225.75,237.0,425.0,,,4053.0,865.2999877929688
2009-04-17,,,,,1213.0,234.75,425.0,,,4092.800048828125,869.5999755859375
2009-04-20,,,,,1197.0,233.75,425.0,,,3990.89990234375,832.3900146484375
2009-04-21,,,,,1163.0,225.0,425.0,,,3987.5,850.0800170898438
2009-04-22,,,,,1170.25,226.75,425.0,,,4030.699951171875,843.5499877929688
2009-04-23,,,,,1172.0,232.0,425.0,,,4018.199951171875,851.9199829101562
2009-04-24,,,,,1180.5,235.0,425.0,,,4156.0,866.22998046875
2009-04-27,,,,,1170.0,232.25,425.0,,,4167.0,857.510009765625
2009-04-28,,,,,1115.75,223.0,425.0,,,4096.39990234375,855.1599731445312
2009-04-29,,,,,1097.75,217.5,425.0,,,4189.60009765625,873.6400146484375
2009-04-30,,,,,1107.0,222.5,425.0,,,4243.7001953125,872.8099975585938
2009-05-01,,,,,1095.0,217.0,425.0,,,4243.2001953125,877.52001953125
2009-05-04,,,,,1097.25,215.5,425.0,,,4243.2001953125,907.239990234375
2009-05-05,,,,,1128.25,222.5,425.0,,,4336.89990234375,903.7999877929688
2009-05-06,,,,,1134.75,224.25,425.0,,,4396.5,919.530029296875
2009-05-07,,,,,1161.5,234.25,425.0,,,4398.7001953125,907.3900146484376
2009-05-08,,,,,1154.25,241.75,425.0,,,4462.10009765625,929.22998046875
2009-05-11,,,,,1142.25,242.25,425.0,,,4435.5,909.239990234375
2009-05-12,,,,,1128.5,236.75,425.0,,,4425.5,908.3499755859376
2009-05-13,,,,,1138.0,235.0,425.0,,,4331.39990234375,883.9199829101562
2009-05-14,,,,,1111.25,223.5,425.0,,,4362.60009765625,893.0700073242188
2009-05-15,,,,,1122.0,226.0,425.0,,,4348.10009765625,882.8800048828125
2009-05-18,,,,,1116.0,226.0,425.0,,,4446.5,909.7100219726562
2009-05-19,,,,,1136.25,231.0,425.0,,,4482.2998046875,908.1300048828124
2009-05-20,,,,,1146.0,234.5,425.0,,,4468.39990234375,903.469970703125
2009-05-21,,,,,1154.5,235.5,425.0,,,4345.5,888.3300170898438
2009-05-22,,,,,1155.0,234.5,425.0,,,4365.2998046875,887.0
2009-05-25,,,,,1158.0,235.0,425.0,,,4365.2998046875,887.0
2009-05-26,,,,,1143.25,234.0,425.0,,,4411.7001953125,910.3300170898438
2009-05-27,,,,,1140.75,230.5,425.0,,,4416.2001953125,893.0599975585938
2009-05-28,,,,,1134.0,224.0,425.0,,,4387.5,906.8300170898438
2009-05-29,,,,,1164.5,234.0,425.0,,,4417.89990234375,919.1400146484376
2009-06-01,,,,,1211.25,238.0,425.0,,,4506.2001953125,942.8699951171876
2009-06-02,,,,,1219.25,241.25,425.0,,,4477.0,944.739990234375
2009-06-03,,,,,1249.0,250.0,425.0,,,4383.39990234375,931.760009765625
2009-06-04,,,,,1242.75,243.5,425.0,,,4386.89990234375,942.4600219726562
2009-06-05,,,,,1280.75,255.25,425.0,,,4438.60009765625,940.0900268554688
2009-06-08,,,,,1251.75,255.25,425.0,,,4405.2001953125,939.1400146484376
2009-06-09,,,,,1243.5,250.75,425.0,,,4404.7998046875,942.4299926757812
2009-06-10,,,,,1261.5,257.75,425.0,,,4436.7998046875,939.1500244140624
2009-06-11,,,,,1265.25,257.25,425.0,,,4461.89990234375,944.8900146484376
2009-06-12,,,,,1262.5,257.75,425.0,,,4442.0,946.2100219726562
2009-06-15,,,,,1238.25,250.5,425.0,,,4326.0,923.719970703125
2009-06-16,,,,,1223.75,246.75,425.0,,,4328.60009765625,911.969970703125
2009-06-17,,,,,1218.75,242.25,425.0,,,4278.5,910.7100219726562
2009-06-18,,,,,1213.5,243.0,425.0,,,4280.89990234375,918.3699951171876
2009-06-19,,,,,1211.75,243.0,425.0,,,4345.89990234375,921.22998046875
2009-06-22,,,,,1199.25,244.25,425.0,,,4234.10009765625,893.0399780273438
2009-06-23,,,,,1166.0,235.5,425.0,,,4230.0,895.0999755859375
2009-06-24,,,,,1170.25,237.75,425.0,,,4280.0,900.9400024414062
2009-06-25,,,,,1177.75,239.5,425.0,,,4252.60009765625,920.260009765625
2009-06-26,,,,,1205.75,247.25,425.0,,,4241.0,918.9000244140624
2009-06-29,,,,,1192.75,248.0,425.0,,,4294.0,927.22998046875
2009-06-30,,,,,1196.25,252.0,425.0,,,4249.2001953125,919.3200073242188
2009-07-01,,,,,1188.5,252.5,425.0,,,4340.7001953125,923.3300170898438
2009-07-02,,,,,1194.5,253.5,425.0,,,4234.2998046875,896.4199829101562
2009-07-03,,,,,1190.0,252.0,425.0,,,4236.2998046875,896.4199829101562
2009-07-06,,,,,1170.0,246.25,425.0,,,4194.89990234375,898.719970703125
2009-07-07,,,,,1151.5,242.5,425.0,,,4187.0,881.030029296875
2009-07-08,,,,,1116.0,239.25,425.0,,,4140.2001953125,879.5599975585938
2009-07-09,,,,,1108.5,238.0,425.0,,,4158.7001953125,882.6799926757812
2009-07-10,,,,,1107.5,236.75,425.0,,,4127.2001953125,879.1300048828125
2009-07-13,,,,,1101.25,234.75,425.0,,,4202.10009765625,901.0499877929688
2009-07-14,,,,,1123.75,237.75,425.0,,,4237.7001953125,905.8400268554688
2009-07-15,,,,,1147.0,245.0,425.0,,,4346.5,932.6799926757812
2009-07-16,,,,,1166.75,247.25,425.0,,,4361.7998046875,940.739990234375
2009-07-17,,,,,1171.75,247.5,425.0,,,4388.7998046875,940.3800048828124
2009-07-20,,,,,1182.25,250.5,425.0,,,4443.60009765625,951.1300048828124
2009-07-21,,,,,1190.25,255.75,425.0,,,4481.2001953125,954.5800170898438
2009-07-22,,,,,1175.5,255.75,425.0,,,4493.7001953125,954.0700073242188
2009-07-23,,,,,1179.75,257.75,425.0,,,4559.7998046875,976.2899780273438
2009-07-24,,,,,1180.0,258.5,425.0,,,4576.60009765625,979.260009765625
2009-07-27,,,,,1205.0,261.5,425.0,,,4586.10009765625,982.1799926757812
2009-07-28,,,,,1217.5,263.25,425.0,,,4528.7998046875,979.6199951171876
2009-07-29,,,,,1192.25,259.5,425.0,,,4547.5,975.1500244140624
2009-07-30,,,,,1175.0,256.5,425.0,,,4631.60009765625,986.75
2009-07-31,,,,,1194.5,260.25,425.0,,,4608.39990234375,987.47998046875
2009-08-03,,,,,1215.75,266.5,425.0,,,4682.5,1002.6300048828124
2009-08-04,,,,,1233.75,274.0,425.0,,,4671.39990234375,1005.6500244140624
2009-08-05,,,,,1271.0,279.0,425.0,,,4647.10009765625,1002.719970703125
2009-08-06,,,,,1285.5,276.75,425.0,,,4690.5,997.0800170898438
2009-08-07,,,,,1261.75,271.0,425.0,,,4731.60009765625,1010.47998046875
2009-08-10,,,,,1253.75,275.5,425.0,,,4722.2001953125,1007.0999755859376
2009-08-11,,,,,1250.25,276.25,425.0,,,4671.2998046875,994.3499755859376
2009-08-12,,,,,1238.25,274.75,425.0,,,4716.7998046875,1005.8099975585938
2009-08-13,,,,,1258.25,274.5,425.0,,,4755.5,1012.72998046875
2009-08-14,,,,,1275.5,277.0,425.0,,,4714.0,1004.0900268554688
2009-08-17,,,,,1245.5,275.0,425.0,,,4645.0,979.72998046875
2009-08-18,,,,,1233.25,270.5,425.0,,,4685.7998046875,989.6699829101562
2009-08-19,,,,,1228.5,271.75,425.0,,,4689.7001953125,996.4600219726562
2009-08-20,,,,,1247.0,274.25,425.0,,,4756.60009765625,1007.3699951171876
2009-08-21,,,,,1238.25,273.5,425.0,,,4850.89990234375,1026.1300048828125
2009-08-24,,,,,1255.75,284.75,425.0,,,4896.2001953125,1025.5699462890625
2009-08-25,,,,,1243.75,285.5,425.0,,,4916.7998046875,1028.0
2009-08-26,,,,,1245.75,288.5,425.0,,,4890.60009765625,1028.1199951171875
2009-08-27,,,,,1235.25,285.0,425.0,,,4869.39990234375,1030.97998046875
2009-08-28,,,,,1245.25,288.75,425.0,,,4908.89990234375,1028.9300537109375
2009-08-31,,,,,1246.25,291.5,425.0,,,4908.89990234375,1020.6199951171876
2009-09-01,,,,,1248.25,292.25,425.0,,,4819.7001953125,998.0399780273438
2009-09-02,,,,,1223.25,287.75,425.0,,,4817.60009765625,994.75
2009-09-03,,,,,1240.25,288.75,425.0,,,4796.7998046875,1003.239990234375
2009-09-04,,,,,1259.75,293.25,425.0,,,4851.7001953125,1016.4000244140624
2009-09-07,,,,,1261.75,293.0,425.0,,,4933.2001953125,1016.4000244140624
2009-09-08,,,,,1273.75,295.25,425.0,,,4947.2998046875,1025.3900146484375
2009-09-09,,,,,1291.25,297.0,425.0,,,5004.2998046875,1033.3699951171875
2009-09-10,,,,,1286.0,293.5,425.0,,,4987.7001953125,1044.1400146484375
2009-09-11,,,,,1289.75,293.75,425.0,,,5011.5,1042.72998046875
2009-09-14,,,,,1308.5,293.5,425.0,,,5018.89990234375,1049.3399658203125
2009-09-15,,,,,1309.75,292.5,425.0,,,5042.10009765625,1052.6300048828125
2009-09-16,,,,,1336.5,297.75,425.0,,,5124.10009765625,1068.760009765625
2009-09-17,,,,,1345.75,300.0,425.0,,,5164.0,1065.489990234375
2009-09-18,,,,,1336.75,304.25,425.0,,,5172.89990234375,1068.300048828125
2009-09-21,,,,,1324.25,300.75,425.0,,,5134.39990234375,1064.6600341796875
2009-09-22,,,,,1326.75,298.75,425.0,,,5142.60009765625,1071.6600341796875
2009-09-23,,,,,1336.5,302.25,425.0,,,5139.39990234375,1060.8699951171875
2009-09-24,,,,,1328.25,298.5,425.0,,,5079.2998046875,1050.780029296875
2009-09-25,,,,,1293.75,293.0,425.0,,,5082.2001953125,1044.3800048828125
2009-09-28,,,,,1279.75,291.75,425.0,,,5165.7001953125,1062.97998046875
2009-09-29,,,,,1277.75,291.0,425.0,,,5159.7001953125,1060.6099853515625
2009-09-30,,,,,1282.0,290.25,425.0,,,5133.89990234375,1057.0799560546875
2009-10-01,,,,,1292.5,296.0,425.0,,,5047.7998046875,1029.8499755859375
2009-10-02,,,,,1278.5,291.5,425.0,,,4988.7001953125,1025.2099609375
2009-10-05,,,,,1282.25,298.5,425.0,,,5024.2998046875,1040.4599609375
2009-10-06,,,,,1303.25,303.0,425.0,,,5138.0,1054.719970703125
2009-10-07,,,,,1329.5,313.0,425.0,,,5108.89990234375,1057.5799560546875
2009-10-08,,,,,1337.0,315.75,425.0,,,5154.60009765625,1065.47998046875
2009-10-09,,,,,1337.75,320.5,425.0,,,5161.89990234375,1071.489990234375
2009-10-12,,,,,1340.25,323.5,425.0,,,5210.2001953125,1076.18994140625
2009-10-13,,,,,1348.25,331.75,425.0,,,5154.2001953125,1073.18994140625
2009-10-14,,,,,1361.5,331.25,425.0,,,5256.10009765625,1092.02001953125
2009-10-15,,,,,1356.25,330.0,425.0,,,5223.0,1096.56005859375
2009-10-16,,,,,1344.0,327.5,425.0,,,5190.2001953125,1087.6800537109375
2009-10-19,,,,,1347.75,330.0,425.0,,,5281.5,1097.9100341796875
2009-10-20,,,,,1368.75,337.25,425.0,,,5243.39990234375,1091.06005859375
2009-10-21,,,,,1355.25,336.75,425.0,,,5257.89990234375,1081.4000244140625
2009-10-22,,,,,1365.75,339.25,425.0,,,5207.39990234375,1092.9100341796875
2009-10-23,,,,,1373.5,339.0,425.0,,,5242.60009765625,1079.5999755859375
2009-10-26,,,,,1363.0,337.0,425.0,,,5191.7001953125,1066.949951171875
2009-10-27,,,,,1335.25,332.25,425.0,,,5201.0,1063.4100341796875
2009-10-28,,,,,1322.5,329.0,425.0,,,5080.39990234375,1042.6300048828125
2009-10-29,,,,,1319.5,319.5,425.0,,,5137.7001953125,1066.1099853515625
2009-10-30,,,,,1330.75,330.75,425.0,,,5044.60009765625,1036.18994140625
2009-11-02,,,,,1328.5,324.5,425.0,,,5104.5,1042.8800048828125
2009-11-03,,,,,1343.5,325.75,425.0,,,5037.2001953125,1045.4100341796875
2009-11-04,,,,,1358.75,329.25,425.0,,,5107.89990234375,1046.5
2009-11-05,,,,,1358.0,330.75,425.0,,,5125.60009765625,1066.6300048828125
2009-11-06,,,,,1358.0,332.25,425.0,,,5142.7001953125,1069.300048828125
2009-11-09,,,,,1357.5,332.5,425.0,,,5235.2001953125,1093.0799560546875
2009-11-10,,,,,1357.25,333.75,425.0,,,5230.60009765625,1093.010009765625
2009-11-11,,,,,1362.75,339.0,425.0,,,5266.7998046875,1098.510009765625
2009-11-12,,,,,1376.75,350.5,425.0,,,5276.5,1087.239990234375
2009-11-13,,,,,1359.5,352.75,425.0,,,5296.39990234375,1093.47998046875
2009-11-16,,,,,1409.5,365.5,425.0,,,5382.7001953125,1109.300048828125
2009-11-17,,,,,1442.0,374.5,425.0,,,5345.89990234375,1110.3199462890625
2009-11-18,,,,,1453.25,374.0,425.0,,,5342.10009765625,1109.800048828125
2009-11-19,,,,,1444.0,370.5,425.0,,,5267.7001953125,1094.9000244140625
2009-11-20,,,,,1441.25,367.0,425.0,,,5251.39990234375,1091.3800048828125
2009-11-23,,,,,1467.25,369.75,425.0,,,5355.5,1106.239990234375
2009-11-24,,,,,1456.0,373.5,425.0,,,5324.0,1105.6500244140625
2009-11-25,,,,,1463.75,374.75,425.0,,,5364.7998046875,1110.6300048828125
2009-11-26,,,,,1470.25,375.25,425.0,,,5194.10009765625,1110.6300048828125
2009-11-27,,,,,1440.25,365.75,425.0,,,5245.7001953125,1091.489990234375
2009-11-30,,,,,1452.75,367.5,425.0,,,5190.7001953125,1095.6300048828125
2009-12-01,,,,,1464.0,373.5,425.0,,,5312.2001953125,1108.8599853515625
2009-12-02,,,,,1493.5,388.75,425.0,,,5327.39990234375,1109.239990234375
2009-12-03,,,,,1502.5,391.75,425.0,,,5313.0,1099.9200439453125
2009-12-04,,,,,1482.5,383.75,425.0,,,5322.39990234375,1105.97998046875
2009-12-07,,,,,1438.5,371.25,425.0,,,5310.7001953125,1103.25
2009-12-08,,,,,1451.5,378.0,425.0,,,5223.10009765625,1091.93994140625
2009-12-09,,,,,1417.5,370.5,425.0,,,5203.89990234375,1095.949951171875
2009-12-10,,,,,1421.5,365.0,425.0,,,5244.39990234375,1102.3499755859375
2009-12-11,,,,,1429.75,367.75,425.0,,,5261.60009765625,1106.4100341796875
2009-12-14,,,,,1434.0,366.0,425.0,,,5315.2998046875,1114.1099853515625
2009-12-15,,,,,1444.75,367.0,425.0,,,5285.7998046875,1107.9300537109375
2009-12-16,,,,,1447.75,368.0,425.0,,,5320.2998046875,1109.1800537109375
2009-12-17,,,,,1448.75,373.25,425.0,,,5217.60009765625,1096.0799560546875
2009-12-18,,,,,1428.5,364.25,425.0,,,5196.7998046875,1102.469970703125
2009-12-21,,,,,1433.5,366.0,425.0,,,5294.0,1114.050048828125
2009-12-22,,,,,1415.75,364.25,425.0,,,5328.7001953125,1118.02001953125
2009-12-23,,,,,1398.25,355.75,425.0,,,5372.39990234375,1120.5899658203125
2009-12-24,,,,,1447.0,369.0,425.0,,,5402.39990234375,1126.47998046875
2009-12-28,,,,,1485.0,389.5,425.0,,,5402.39990234375,1127.780029296875
2009-12-29,,,,,1481.25,390.0,425.0,,,5437.60009765625,1126.199951171875
2009-12-30,,,,,1471.0,391.25,425.0,,,5397.89990234375,1126.4200439453125
2009-12-31,,,,,1470.75,400.75,425.0,,,5412.89990234375,1115.0999755859375
2010-01-04,,,,,1491.75,417.0,425.0,,,5500.2998046875,1132.989990234375
2010-01-05,,,,,1523.0,424.25,425.0,,,5522.5,1136.52001953125
2010-01-06,,,,,1537.75,423.0,425.0,,,5530.0,1137.1400146484375
2010-01-07,,,,,1559.5,428.25,425.0,,,5526.7001953125,1141.68994140625
2010-01-08,,,,,1550.75,426.75,425.0,,,5534.2001953125,1144.97998046875
2010-01-11,,,,,1582.75,430.5,425.0,,,5538.10009765625,1146.97998046875
2010-01-12,,,,,1605.5,437.25,425.0,,,5498.7001953125,1136.219970703125
2010-01-13,,,,,1579.75,426.75,425.0,,,5473.5,1145.6800537109375
2010-01-14,,,,,1593.0,431.75,425.0,,,5498.2001953125,1148.4599609375
2010-01-15,,,,,1612.0,451.0,425.0,,,5455.39990234375,1136.030029296875
2010-01-18,,,,,1619.0,458.25,425.0,,,5494.39990234375,1136.030029296875
2010-01-19,,,,,1634.5,461.75,425.0,,,5513.10009765625,1150.22998046875
2010-01-20,,,,,1640.25,464.25,425.0,,,5420.7998046875,1138.0400390625
2010-01-21,,,,,1629.75,470.25,425.0,,,5335.10009765625,1116.47998046875
2010-01-22,,,,,1565.75,444.25,425.0,,,5303.0,1091.760009765625
2010-01-25,,,,,1552.25,439.25,425.0,,,5260.2998046875,1096.780029296875
2010-01-26,,,,,1534.5,436.5,425.0,,,5276.89990234375,1092.1700439453125
2010-01-27,,,,,1523.5,426.5,425.0,,,5217.5,1097.5
2010-01-28,,,,,1518.5,419.75,425.0,,,5145.7001953125,1084.530029296875
2010-01-29,,,,,1512.75,421.0,425.0,,,5188.5,1073.8699951171875
2010-02-01,,,,,1519.0,421.5,425.0,,,5247.39990234375,1089.18994140625
2010-02-02,,,,,1551.5,433.75,425.0,,,5283.2998046875,1103.3199462890625
2010-02-03,,,,,1584.75,444.0,426.25,,,5253.2001953125,1097.280029296875
2010-02-04,,,,,1561.75,433.75,430.0,,,5139.2998046875,1063.1099853515625
2010-02-05,,,,,1490.25,400.0,430.0,,,5060.89990234375,1066.18994140625
2010-02-08,,,,,1485.5,404.5,430.0,,,5092.2998046875,1056.739990234375
2010-02-09,,,,,1488.5,410.5,430.0,,,5111.7998046875,1070.52001953125
2010-02-10,,,,,1507.0,419.0,432.5,,,5132.0,1068.1300048828125
2010-02-11,,,,,1518.0,416.5,443.75,,,5161.5,1078.469970703125
2010-02-12,,,,,1519.75,420.5,457.5,,,5142.5,1075.510009765625
2010-02-15,,,,,1515.5,420.0,465.0,,,5167.5,1075.510009765625
2010-02-16,,,,,1536.0,431.5,465.0,,,5244.10009765625,1094.8699951171875
2010-02-17,,,,,1548.0,437.25,465.0,,,5276.60009765625,1099.510009765625
2010-02-18,,,,,1520.75,433.5,465.0,,,5325.10009765625,1106.75
2010-02-19,,,,,1511.25,432.25,465.0,,,5358.2001953125,1109.1700439453125
2010-02-22,,,,,1543.0,445.0,465.0,,,5352.10009765625,1108.010009765625
2010-02-23,,,,,1535.75,442.25,465.0,,,5315.10009765625,1094.5999755859375
2010-02-24,,,,,1515.25,433.0,465.0,,,5342.89990234375,1105.239990234375
2010-02-25,,,,,1515.0,423.0,465.0,,,5278.2001953125,1102.93994140625
2010-02-26,,,,,1537.0,428.75,465.0,,,5354.5,1104.489990234375
2010-03-01,,,,,1548.25,437.0,465.0,,,5405.89990234375,1115.7099609375
2010-03-02,,,,,1555.25,440.25,465.0,,,5484.10009765625,1118.31005859375
2010-03-03,,,,,1579.75,444.5,467.5,,,5533.2001953125,1118.7900390625
2010-03-04,,,,,1576.75,452.0,475.0,,,5527.2001953125,1122.969970703125
2010-03-05,,,,,1578.5,465.75,476.25,,,5599.7998046875,1138.699951171875
2010-03-08,,,,,1589.75,477.5,480.0,,,5606.7001953125,1138.5
2010-03-09,,,,,1589.0,468.75,480.0,,,5602.2998046875,1140.449951171875
2010-03-10,,,,,1602.25,472.25,480.0,,,5640.60009765625,1145.6099853515625
2010-03-11,,,,,1587.75,454.5,482.5,,,5617.2998046875,1150.239990234375
2010-03-12,,,,,1613.5,463.5,492.5,,,5625.7001953125,1149.989990234375
2010-03-15,,,,,1610.75,464.0,500.0,,,5593.89990234375,1150.510009765625
2010-03-16,,,,,1625.5,465.0,510.0,,,5620.39990234375,1159.4599609375
2010-03-17,,,,,1635.25,473.5,510.0,,,5644.60009765625,1166.2099609375
2010-03-18,,,,,1632.0,477.75,510.0,,,5642.60009765625,1165.8299560546875
2010-03-19,,,,,1625.0,478.5,510.0,,,5650.10009765625,1159.9000244140625
2010-03-22,,,,,1596.25,463.25,510.0,,,5644.5,1165.81005859375
2010-03-23,,,,,1605.0,460.0,510.0,,,5673.60009765625,1174.1700439453125
2010-03-24,,,,,1599.75,458.5,510.0,,,5677.89990234375,1167.719970703125
2010-03-25,,,,,1581.75,447.75,510.0,,,5727.7001953125,1165.72998046875
2010-03-26,,,,,1603.75,456.0,510.0,,,5703.0,1166.5899658203125
2010-03-29,,,,,1608.25,463.75,510.0,,,5710.7001953125,1173.219970703125
2010-03-30,,,,,1626.25,475.0,510.0,,,5672.2998046875,1173.27001953125
2010-03-31,,,,,1640.75,478.5,510.0,,,5679.60009765625,1169.4300537109375
2010-04-01,,,,,1653.0,485.5,510.0,,,5744.89990234375,1178.0999755859375
2010-04-05,,,,,1687.0,494.0,510.0,,,5744.89990234375,1187.43994140625
2010-04-06,,,,,1700.0,506.5,510.0,,,5780.39990234375,1189.43994140625
2010-04-07,,,,,1717.25,511.0,510.0,,,5762.10009765625,1182.449951171875
2010-04-08,,,,,1712.0,508.0,510.0,,,5712.7001953125,1186.43994140625
2010-04-09,,,,,1719.75,508.25,510.0,,,5771.0,1194.3699951171875
2010-04-12,,,,,1732.25,519.25,512.5,,,5777.7001953125,1196.47998046875
2010-04-13,,,,,1721.5,518.0,520.0,,,5761.7001953125,1197.300048828125
2010-04-14,,,,,1727.75,541.5,521.25,,,5796.2998046875,1210.6500244140625
2010-04-15,,,,,1725.0,547.0,526.25,,,5825.0,1211.6700439453125
2010-04-16,,,,,1718.5,541.25,532.5,,,5744.0,1192.1300048828125
2010-04-19,,,,,1684.25,525.75,540.0,,,5727.89990234375,1197.52001953125
2010-04-20,,,,,1703.75,539.0,540.0,,,5783.7001953125,1207.1700439453125
2010-04-21,,,,,1731.0,559.25,541.25,,,5723.39990234375,1205.93994140625
2010-04-22,,,,,1744.0,566.0,545.0,,,5665.2998046875,1208.6700439453125
2010-04-23,,,,,1734.25,562.25,547.5,,,5723.7001953125,1217.280029296875
2010-04-26,,,,,1752.0,569.25,557.5,,,5753.89990234375,1212.050048828125
2010-04-27,,,,,1745.5,565.5,565.0,,,5603.5,1183.7099609375
2010-04-28,,,,,1724.75,550.5,565.0,,,5586.60009765625,1191.3599853515625
2010-04-29,,,,,1717.0,544.0,565.0,,,5617.7998046875,1206.780029296875
2010-04-30,,,,,1739.75,556.25,570.0,,,5553.2998046875,1186.68994140625
2010-05-03,,,,,1737.25,550.0,585.0,,,5553.2998046875,1202.260009765625
2010-05-04,,,,,1722.5,541.25,587.5,,,5411.10009765625,1173.5999755859375
2010-05-05,,,,,1668.25,509.5,595.0,,,5341.89990234375,1165.8699951171875
2010-05-06,,,,,1666.25,510.0,595.0,,,5261.0,1128.1500244140625
2010-05-07,,,,,1661.75,502.75,595.0,,,5123.0,1110.8800048828125
2010-05-10,,,,,1686.25,526.5,597.5,,,5387.39990234375,1159.72998046875
2010-05-11,,,,,1689.5,526.25,607.5,,,5334.2001953125,1155.7900390625
2010-05-12,,,,,1700.25,534.5,615.0,,,5383.5,1171.6700439453125
2010-05-13,,,,,1735.0,545.25,621.25,,,5433.7001953125,1157.43994140625
2010-05-14,,,,,1727.75,541.25,642.5,,,5262.89990234375,1135.6800537109375
2010-05-17,,,,,1707.25,521.25,650.0,,,5262.5,1136.93994140625
2010-05-18,,,,,1685.5,508.5,653.75,,,5307.2998046875,1120.800048828125
2010-05-19,,,,,1650.75,489.25,670.0,,,5158.10009765625,1115.050048828125
2010-05-20,,,,,1578.25,446.5,675.0,,,5073.10009765625,1071.5899658203125
2010-05-21,,,,,1500.0,424.0,675.0,,,5062.89990234375,1087.68994140625
2010-05-24,,,,,1523.75,446.75,680.0,,,5069.60009765625,1073.6500244140625
2010-05-25,,,,,1501.25,435.75,685.0,,,4940.7001953125,1074.030029296875
2010-05-26,,,,,1525.5,450.5,691.25,,,5038.10009765625,1067.949951171875
2010-05-27,,,,,1539.5,448.25,710.0,,,5195.2001953125,1103.06005859375
2010-05-28,,,,,1560.0,469.75,710.0,,,5188.39990234375,1089.4100341796875
2010-05-31,,,,,1561.0,464.0,710.0,,,5188.39990234375,1089.4100341796875
2010-06-01,,,,,1565.75,466.25,710.0,,,5163.2998046875,1070.7099609375
2010-06-02,,,,,1550.0,457.0,710.0,,,5151.2998046875,1098.3800048828125
2010-06-03,,,,,1563.75,462.0,710.0,,,5211.2001953125,1102.8299560546875
2010-06-04,,,,,1541.25,449.75,710.0,,,5126.0,1064.8800048828125
2010-06-07,,,,,1504.0,424.75,710.0,,,5069.10009765625,1050.469970703125
2010-06-08,,,,,1524.0,432.25,710.0,,,5028.2001953125,1062.0
2010-06-09,,,,,1530.75,448.5,712.5,,,5085.89990234375,1055.68994140625
2010-06-10,,,,,1535.25,454.25,715.0,,,5132.5,1086.8399658203125
2010-06-11,,,,,1545.25,456.0,715.0,,,5163.7001953125,1091.5999755859375
2010-06-14,,,,,1555.75,456.75,715.0,,,5202.10009765625,1089.6300048828125
2010-06-15,,,,,1558.25,460.75,715.0,,,5217.7998046875,1115.22998046875
2010-06-16,,,,,1579.0,475.5,715.0,,,5237.89990234375,1114.6099853515625
2010-06-17,,,,,1577.0,476.75,715.0,,,5253.89990234375,1116.0400390625
2010-06-18,,,,,1580.75,483.75,715.0,,,5250.7998046875,1117.510009765625
2010-06-21,,,,,1603.5,499.75,715.0,,,5299.10009765625,1113.199951171875
2010-06-22,,,,,1594.0,494.0,715.0,,,5247.0,1095.31005859375
2010-06-23,,,,,1578.25,484.0,715.0,,,5178.5,1092.0400390625
2010-06-24,,,,,1560.5,474.0,715.0,,,5100.2001953125,1073.68994140625
2010-06-25,,,,,1567.25,475.25,715.0,,,5046.5,1076.760009765625
2010-06-28,,,,,1585.75,481.5,715.0,,,5071.7001953125,1074.5699462890625
2010-06-29,,,,,1562.5,467.5,715.0,,,4914.2001953125,1041.239990234375
2010-06-30,,,,,1535.5,452.75,715.0,,,4916.89990234375,1030.7099609375
2010-07-01,,,,,1513.5,436.5,715.0,,,4805.7998046875,1027.3699951171875
2010-07-02,,,,,1512.0,435.25,717.5,,,4838.10009765625,1022.5800170898438
2010-07-05,,,,,1511.75,432.0,720.0,,,4823.5,1022.5800170898438
2010-07-06,,,,,1507.25,433.5,720.0,,,4965.0,1028.06005859375
2010-07-07,,,,,1509.5,437.75,720.0,,,5014.7998046875,1060.27001953125
2010-07-08,,,,,1532.75,450.75,720.0,,,5105.5,1070.25
2010-07-09,,,,,1526.5,449.75,720.0,,,5132.89990234375,1077.9599609375
2010-07-12,,,,,1528.5,458.5,720.0,,,5167.0,1078.75
2010-07-13,,,,,1519.5,460.0,720.0,,,5271.0,1095.3399658203125
2010-07-14,,,,,1532.0,466.5,720.0,,,5253.5,1095.1700439453125
2010-07-15,,,,,1527.5,468.0,720.0,,,5211.2998046875,1096.47998046875
2010-07-16,,,,,1522.5,464.25,720.0,,,5158.89990234375,1064.8800048828125
2010-07-19,,,,,1510.5,452.75,720.0,,,5148.2998046875,1071.25
2010-07-20,,,,,1509.75,446.0,720.0,,,5139.5,1083.47998046875
2010-07-21,,,,,1514.25,452.0,720.0,,,5214.60009765625,1069.5899658203125
2010-07-22,,,,,1516.25,451.5,720.0,,,5313.7998046875,1093.6700439453125
2010-07-23,,,,,1536.0,461.25,720.0,,,5312.60009765625,1102.6600341796875
2010-07-26,,,,,1550.75,473.5,720.0,,,5351.10009765625,1115.010009765625
2010-07-27,,,,,1559.25,478.0,720.0,,,5365.7001953125,1113.8399658203125
2010-07-28,,,,,1542.5,471.5,720.0,,,5319.7001953125,1106.1300048828125
2010-07-29,,,,,1551.0,478.5,720.0,,,5314.0,1101.530029296875
2010-07-30,,,,,1561.0,490.5,720.0,,,5258.0,1101.5999755859375
2010-08-02,,,,,1588.0,501.5,720.0,,,5397.10009765625,1125.8599853515625
2010-08-03,,,,,1594.75,513.5,720.0,,,5396.5,1120.4599609375
2010-08-04,,,,,1592.0,507.25,720.0,,,5386.2001953125,1127.239990234375
2010-08-05,,,,,1580.5,496.25,720.0,,,5365.7998046875,1125.81005859375
2010-08-06,,,,,1571.5,496.75,720.0,,,5332.39990234375,1121.6400146484375
2010-08-09,,,,,1563.0,490.25,720.0,,,5410.5,1127.7900390625
2010-08-10,,,,,1544.5,479.0,720.0,,,5376.39990234375,1121.06005859375
2010-08-11,,,,,1545.0,477.0,720.0,,,5245.2001953125,1089.469970703125
2010-08-12,,,,,1516.25,466.75,720.0,,,5266.10009765625,1083.6099853515625
2010-08-13,,,,,1532.25,474.75,720.0,,,5275.39990234375,1079.25
2010-08-16,,,,,1532.25,481.0,720.0,,,5276.10009765625,1079.3800048828125
2010-08-17,,,,,1541.75,488.25,720.0,,,5350.60009765625,1092.5400390625
2010-08-18,,,,,1541.75,497.0,720.0,,,5302.89990234375,1094.1600341796875
2010-08-19,,,,,1539.5,493.25,720.0,,,5211.2998046875,1075.6300048828125
2010-08-20,,,,,1521.0,484.0,720.0,,,5195.2998046875,1071.68994140625
2010-08-23,,,,,1513.0,481.25,720.0,,,5234.7998046875,1067.3599853515625
2010-08-24,,,,,1502.75,481.75,720.0,,,5156.0,1051.8699951171875
2010-08-25,,,,,1516.25,488.5,720.0,,,5109.39990234375,1055.3299560546875
2010-08-26,,,,,1535.25,499.5,720.0,,,5155.7998046875,1047.219970703125
2010-08-27,,,,,1533.25,502.75,720.0,,,5201.60009765625,1064.5899658203125
2010-08-30,,,,,1537.25,506.75,720.0,,,5201.60009765625,1048.9200439453125
2010-08-31,,,,,1519.75,494.25,720.0,,,5225.2001953125,1049.3299560546875
2010-09-01,,,,,1527.75,508.75,720.0,,,5366.39990234375,1080.2900390625
2010-09-02,,,,,1541.0,520.75,720.0,,,5371.0,1090.0999755859375
2010-09-03,,,,,1554.5,525.5,720.0,,,5428.2001953125,1104.510009765625
2010-09-06,,,,,1565.0,533.0,720.0,,,5439.2001953125,1104.510009765625
2010-09-07,,,,,1562.75,529.75,720.0,,,5407.7998046875,1091.8399658203125
2010-09-08,,,,,1557.5,524.5,720.0,,,5429.7001953125,1098.8699951171875
2010-09-09,,,,,1557.25,526.0,720.0,,,5494.2001953125,1104.1800537109375
2010-09-10,,,,,1553.0,523.0,720.0,,,5501.60009765625,1109.550048828125
2010-09-13,,,,,1548.75,520.5,720.0,,,5565.5,1121.9000244140625
2010-09-14,,,,,1567.5,541.0,720.0,,,5567.39990234375,1121.0999755859375
2010-09-15,,,,,1591.5,550.5,720.0,,,5555.60009765625,1125.0699462890625
2010-09-16,,,,,1601.5,555.75,720.0,,,5540.10009765625,1124.6600341796875
2010-09-17,,,,,1617.25,553.25,720.0,,,5508.5,1125.5899658203125
2010-09-20,,,,,1621.25,543.75,720.0,,,5602.5,1142.7099609375
2010-09-21,,,,,1622.25,537.0,720.0,,,5576.2001953125,1139.780029296875
2010-09-22,,,,,1632.5,541.0,720.0,,,5551.89990234375,1134.280029296875
2010-09-23,,,,,1636.5,544.5,720.0,,,5547.10009765625,1124.8299560546875
2010-09-24,,,,,1643.75,558.5,720.0,,,5598.5,1148.6700439453125
2010-09-27,,,,,1642.75,561.75,720.0,,,5573.39990234375,1142.1600341796875
2010-09-28,,,,,1623.25,549.0,720.0,,,5578.39990234375,1147.699951171875
2010-09-29,,,,,1648.25,567.75,720.0,,,5569.2998046875,1144.72998046875
2010-09-30,,,,,1649.25,569.0,720.0,,,5548.60009765625,1141.199951171875
2010-10-01,,,,,1674.5,574.0,720.0,,,5592.89990234375,1146.239990234375
2010-10-04,,,,,1677.75,571.75,720.0,,,5556.0,1137.030029296875
2010-10-05,,,,,1676.0,563.0,720.0,,,5635.7998046875,1160.75
2010-10-06,,,,,1703.0,583.0,720.0,,,5681.39990234375,1159.969970703125
2010-10-07,,,,,1719.0,594.5,720.0,,,5662.10009765625,1158.06005859375
2010-10-08,,,,,1700.25,586.75,720.0,,,5657.60009765625,1165.1500244140625
2010-10-11,,,,,1703.5,589.5,722.5,,,5672.39990234375,1165.3199462890625
2010-10-12,,,,,1689.25,586.5,725.0,,,5661.60009765625,1169.77001953125
2010-10-13,,,,,1694.25,590.25,725.0,,,5747.39990234375,1178.0999755859375
2010-10-14,,,,,1715.5,602.5,725.0,,,5727.2001953125,1173.81005859375
2010-10-15,,,,,1704.75,599.75,725.0,,,5703.39990234375,1176.18994140625
2010-10-18,,,,,1683.5,581.5,725.0,,,5742.5,1184.7099609375
2010-10-19,,,,,1690.0,584.25,725.0,,,5703.89990234375,1165.9000244140625
2010-10-20,,,,,1669.25,576.75,725.0,,,5728.89990234375,1178.1700439453125
2010-10-21,,,,,1683.5,591.75,725.0,,,5757.89990234375,1180.260009765625
2010-10-22,,,,,1676.0,591.75,725.0,,,5741.39990234375,1183.0799560546875
2010-10-25,,,,,1694.25,607.25,725.0,,,5752.0,1185.6199951171875
2010-10-26,,,,,1701.25,613.25,725.0,,,5707.2998046875,1185.6400146484375
2010-10-27,,,,,1705.5,630.0,727.5,,,5646.0,1182.449951171875
2010-10-28,,,,,1684.25,623.5,737.5,,,5677.89990234375,1183.780029296875
2010-10-29,,,,,1696.0,636.5,745.0,,,5675.2001953125,1183.260009765625
2010-11-01,,,,,1717.0,653.5,745.0,,,5694.60009765625,1184.3800048828125
2010-11-02,,,,,1715.75,653.0,745.0,,,5757.39990234375,1193.5699462890625
2010-11-03,,,,,1715.25,643.0,747.5,,,5749.0,1197.9599609375
2010-11-04,,,,,1722.5,659.0,755.0,,,5862.7998046875,1221.06005859375
2010-11-05,,,,,1766.75,682.25,755.0,,,5875.39990234375,1225.8499755859375
2010-11-08,,,,,1764.25,690.0,755.0,,,5850.0,1223.25
2010-11-09,,,,,1780.0,718.75,755.0,,,5875.2001953125,1213.4000244140625
2010-11-10,,,,,1767.75,704.0,755.0,,,5816.89990234375,1218.7099609375
2010-11-11,,,,,1759.5,713.75,755.0,,,5815.2001953125,1213.5400390625
2010-11-12,,,,,1721.0,699.75,755.0,,,5796.89990234375,1199.2099609375
2010-11-15,,,,,1683.25,679.75,755.0,,,5820.39990234375,1197.75
2010-11-16,,,,,1668.75,672.5,755.0,,,5681.89990234375,1178.3399658203125
2010-11-17,,,,,1636.75,639.75,755.0,,,5692.60009765625,1178.5899658203125
2010-11-18,,,,,1654.0,680.25,755.0,,,5768.7001953125,1196.68994140625
2010-11-19,,,,,1660.5,699.0,755.0,,,5732.7998046875,1199.72998046875
2010-11-22,,,,,1668.75,709.25,756.25,,,5680.7998046875,1197.8399658203125
2010-11-23,,,,,1655.25,686.25,760.0,,,5581.2998046875,1180.72998046875
2010-11-24,,,,,1663.25,697.5,760.0,,,5657.10009765625,1198.3499755859375
2010-11-25,,,,,1658.5,698.0,760.0,,,5698.89990234375,1198.3499755859375
2010-11-26,,,,,1650.25,689.0,760.0,,,5668.7001953125,1189.4000244140625
2010-11-29,,,,,1646.5,681.25,760.0,,,5551.0,1187.760009765625
2010-11-30,,,,,1651.75,699.25,761.25,,,5528.2998046875,1180.550048828125
2010-12-01,,,,,1673.25,710.25,765.0,,,5642.5,1206.0699462890625
2010-12-02,,,,,1703.25,744.5,765.0,,,5767.60009765625,1221.530029296875
2010-12-03,,,,,1717.75,764.5,765.0,,,5745.2998046875,1224.7099609375
2010-12-06,,,,,1730.75,771.5,765.0,,,5770.2998046875,1223.1199951171875
2010-12-07,,,,,1722.0,765.0,765.0,,,5808.5,1223.75
2010-12-08,,,,,1688.5,734.25,765.0,,,5794.5,1228.280029296875
2010-12-09,,,,,1690.0,739.0,765.0,,,5808.0,1233.0
2010-12-10,,,,,1683.75,744.0,765.0,,,5813.0,1240.4000244140625
2010-12-13,,,,,1691.75,748.75,765.0,,,5860.7998046875,1240.4599609375
2010-12-14,,,,,1707.0,761.75,765.0,,,5891.2001953125,1241.5899658203125
2010-12-15,,,,,1703.75,760.5,765.0,,,5882.2001953125,1235.22998046875
2010-12-16,,,,,1698.25,749.5,766.25,,,5881.10009765625,1242.8699951171875
2010-12-17,,,,,1701.5,744.0,770.0,,,5871.7998046875,1243.9100341796875
2010-12-20,,,,,1706.25,745.0,770.0,,,5891.60009765625,1247.0799560546875
2010-12-21,,,,,1712.75,749.5,770.0,,,5951.7998046875,1254.5999755859375
2010-12-22,,,,,1730.0,756.5,771.25,,,5983.5,1258.8399658203125
2010-12-23,,,,,1728.0,755.5,775.0,,,5996.10009765625,1256.77001953125
2010-12-24,,,,,1732.75,757.75,775.0,,,6008.89990234375,1256.77001953125
2010-12-27,,,,,1732.75,757.75,775.0,,,6008.89990234375,1257.5400390625
2010-12-28,,,,,1748.0,774.75,775.0,,,6008.89990234375,1258.510009765625
2010-12-29,,,,,1753.0,791.0,776.25,,,5996.39990234375,1259.780029296875
2010-12-30,,,,,1766.5,797.0,780.0,,,5971.0,1257.8800048828125
2010-12-31,,,,,1752.25,793.25,780.0,,,5899.89990234375,1257.6400146484375
2011-01-03,,,,,1752.25,793.25,780.0,,,5899.89990234375,1271.8699951171875
2011-01-04,,,,,1769.0,794.25,780.0,,,6013.89990234375,1270.199951171875
2011-01-05,,,,,1735.5,772.0,782.5,,,6043.89990234375,1276.56005859375
2011-01-06,,,,,1734.0,775.25,790.0,,,6019.5,1273.8499755859375
2011-01-07,,,,,1730.5,758.5,792.5,,,5984.2998046875,1271.5
2011-01-10,,,,,1745.25,757.5,800.0,,,5956.2998046875,1269.75
2011-01-11,,,,,1750.0,764.5,800.0,,,6014.0,1274.47998046875
2011-01-12,,,,,1777.75,796.5,800.0,,,6050.7001953125,1285.9599609375
2011-01-13,,,,,1806.5,815.5,800.0,,,6023.89990234375,1283.760009765625
2011-01-14,,,,,1817.0,807.75,800.0,,,6002.10009765625,1293.239990234375
2011-01-17,,,,,1814.0,795.0,805.0,,,5985.7001953125,1293.239990234375
2011-01-18,,,,,1816.25,800.0,810.0,,,6056.39990234375,1295.02001953125
2011-01-19,,,,,1842.5,821.25,810.0,,,5976.7001953125,1281.9200439453125
2011-01-20,,,,,1824.75,809.25,813.75,,,5867.89990234375,1280.260009765625
2011-01-21,,,,,1812.0,810.5,825.0,,,5896.2998046875,1283.3499755859375
2011-01-24,,,,,1829.5,824.5,827.5,,,5943.89990234375,1290.8399658203125
2011-01-25,,,,,1800.25,800.25,838.75,,,5917.7001953125,1291.1800537109375
2011-01-26,,,,,1791.75,791.5,850.0,,,5969.2001953125,1296.6300048828125
2011-01-27,,,,,1811.0,815.75,850.0,,,5965.10009765625,1299.5400390625
2011-01-28,,,,,1780.75,803.75,853.75,,,5881.39990234375,1276.3399658203125
2011-01-31,,,,,1794.0,815.75,865.0,,,5862.89990234375,1286.1199951171875
2011-02-01,,,,,1805.5,825.25,865.0,,,5957.7998046875,1307.5899658203125
2011-02-02,,,,,1832.75,824.5,865.0,,,6000.10009765625,1304.030029296875
2011-02-03,,,,,1832.0,814.0,870.0,,,5983.2998046875,1307.0999755859375
2011-02-04,,,,,1849.5,819.0,875.0,,,5997.39990234375,1310.8699951171875
2011-02-07,,,,,1843.75,819.25,875.0,,,6051.0,1319.050048828125
2011-02-08,,,,,1847.0,827.25,878.75,,,6091.2998046875,1324.5699462890625
2011-02-09,,,,,1863.5,839.0,890.0,,,6052.2998046875,1320.8800048828125
2011-02-10,,,,,1846.0,828.75,892.5,,,6020.0,1321.8699951171875
2011-02-11,,,,,1834.5,825.0,900.0,,,6062.89990234375,1329.1500244140625
2011-02-14,,,,,1825.75,823.25,905.0,,,6060.10009765625,1332.3199462890625
2011-02-15,,,,,1839.0,839.0,930.0,,,6037.10009765625,1328.010009765625
2011-02-16,,,,,1835.0,842.5,951.25,,,6085.2998046875,1336.3199462890625
2011-02-17,,,,,1833.5,843.5,1005.0,,,6087.39990234375,1340.4300537109375
2011-02-18,,,,,1842.25,847.75,1031.25,,,6083.0,1343.010009765625
2011-02-21,,,,,1846.75,859.5,1056.25,,,6014.7998046875,1343.010009765625
2011-02-22,,,,,1839.25,852.5,1075.0,,,5996.7998046875,1315.43994140625
2011-02-23,,,,,1799.0,809.75,1075.0,,,5923.5,1307.4000244140625
2011-02-24,,,,,1790.0,779.5,1075.0,,,5920.0,1306.0999755859375
2011-02-25,,,,,1796.25,785.5,1075.0,,,6001.2001953125,1319.8800048828125
2011-02-28,,,,,1818.5,796.5,1075.0,,,5994.0,1327.219970703125
2011-03-01,,,,,1817.0,803.75,1075.0,,,5935.7998046875,1306.3299560546875
2011-03-02,,,,,1840.25,818.25,1075.0,,,5914.89990234375,1308.43994140625
2011-03-03,,,,,1844.5,820.0,1075.0,,,6005.10009765625,1330.969970703125
2011-03-04,,,,,1834.25,812.0,1075.0,,,5990.39990234375,1321.1500244140625
2011-03-07,,,,,1840.75,814.5,1075.0,,,5973.7998046875,1310.1300048828125
2011-03-08,,,,,1811.5,785.25,1075.0,,,5974.7998046875,1321.8199462890625
2011-03-09,,,,,1806.25,794.5,1075.0,,,5937.2998046875,1320.02001953125
2011-03-10,,,,,1796.5,778.5,1075.0,,,5845.2998046875,1295.1099853515625
2011-03-11,,,,,1772.75,765.25,1075.0,,,5828.7001953125,1304.280029296875
2011-03-14,,,,,1756.25,757.5,1075.0,,,5775.2001953125,1296.3900146484375
2011-03-15,,,,,1732.0,729.25,1075.0,,,5695.2998046875,1281.8699951171875
2011-03-16,,,,,1706.75,712.5,1075.0,,,5598.2001953125,1256.8800048828125
2011-03-17,,,,,1690.5,703.0,1068.75,,,5696.10009765625,1273.719970703125
2011-03-18,,,,,1714.75,725.25,1050.0,,,5718.10009765625,1279.2099609375
2011-03-21,,,,,1734.25,738.0,1050.0,,,5786.10009765625,1298.3800048828125
2011-03-22,,,,,1745.0,745.25,1050.0,,,5762.7001953125,1293.77001953125
2011-03-23,,,,,1740.75,739.5,1050.0,,,5795.89990234375,1297.5400390625
2011-03-24,,,,,1757.5,752.75,1050.0,,,5880.89990234375,1309.6600341796875
2011-03-25,,,,,1750.5,753.5,1050.0,,,5900.7998046875,1313.800048828125
2011-03-28,,,,,1737.0,744.25,1050.0,,,5904.5,1310.18994140625
2011-03-29,,,,,1747.25,747.5,1050.0,,,5932.2001953125,1319.43994140625
2011-03-30,,,,,1758.75,761.5,1050.0,,,5948.2998046875,1328.260009765625
2011-03-31,,,,,1777.25,762.25,1050.0,,,5908.7998046875,1325.8299560546875
2011-04-01,,,,,1776.0,771.25,1050.0,,,6009.89990234375,1332.4100341796875
2011-04-04,,,,,1777.0,779.25,1050.0,,,6017.0,1332.8699951171875
2011-04-05,,,,,1789.5,784.0,1050.0,,,6007.10009765625,1332.6300048828125
2011-04-06,,,,,1802.0,792.75,1050.0,,,6041.10009765625,1335.5400390625
2011-04-07,,,,,1789.0,782.75,1050.0,,,6007.39990234375,1333.510009765625
2011-04-08,,,,,1798.0,785.75,1050.0,,,6055.7998046875,1328.1700439453125
2011-04-11,,,,,1811.5,802.5,1050.0,,,6053.39990234375,1324.4599609375
2011-04-12,,,,,1781.25,778.75,1050.0,,,5964.5,1314.1600341796875
2011-04-13,,,,,1784.0,769.75,1050.0,,,6010.39990234375,1314.4100341796875
2011-04-14,,,,,1782.25,769.75,1050.0,,,5963.7998046875,1314.52001953125
2011-04-15,,,,,1794.75,776.75,1050.0,,,5996.0,1319.6800537109375
2011-04-18,,,,,1792.25,763.0,1050.0,,,5870.10009765625,1305.1400146484375
2011-04-19,,,,,1781.5,737.0,1050.0,,,5896.89990234375,1312.6199951171875
2011-04-20,,,,,1792.25,748.5,1050.0,,,6022.2998046875,1330.3599853515625
2011-04-21,,,,,1811.25,768.25,1050.0,,,6018.2998046875,1337.3800048828125
2011-04-25,,,,,1838.0,773.0,1050.0,,,6018.2998046875,1335.25
2011-04-26,,,,,1811.75,757.75,1050.0,,,6069.39990234375,1347.239990234375
2011-04-27,,,,,1815.75,758.75,1050.0,,,6068.2001953125,1355.6600341796875
2011-04-28,,,,,1828.75,772.75,1050.0,,,6069.89990234375,1360.47998046875
2011-04-29,,,,,1845.75,785.25,1050.0,,,6069.89990234375,1363.6099853515625
2011-05-02,,,,,1867.0,787.0,1050.0,,,6069.89990234375,1361.219970703125
2011-05-03,,,,,1865.5,777.0,1050.0,,,6082.89990234375,1356.6199951171875
2011-05-04,,,,,1849.25,771.25,1050.0,,,5984.10009765625,1347.3199462890625
2011-05-05,,,,,1820.0,745.5,1050.0,,,5920.0,1335.0999755859375
2011-05-06,,,,,1792.75,717.25,1050.0,,,5976.7998046875,1340.199951171875
2011-05-09,,,,,1792.0,723.75,1050.0,,,5942.7001953125,1346.2900390625
2011-05-10,,,,,1795.5,731.5,1050.0,,,6018.89990234375,1357.1600341796875
2011-05-11,,,,,1801.0,730.5,1050.0,,,5976.0,1342.0799560546875
2011-05-12,,,,,1771.0,716.5,1050.0,,,5945.0,1348.6500244140625
2011-05-13,,,,,1772.75,720.0,1050.0,,,5925.89990234375,1337.77001953125
2011-05-16,,,,,1759.75,712.5,1050.0,,,5923.7001953125,1329.469970703125
2011-05-17,,,,,1768.5,716.75,1050.0,,,5861.0,1328.97998046875
2011-05-18,,,,,1770.75,727.25,1050.0,,,5923.5,1340.6800537109375
2011-05-19,,,,,1777.5,737.0,1050.0,,,5956.0,1343.5999755859375
2011-05-20,,,,,1769.5,732.25,1050.0,,,5948.5,1333.27001953125
2011-05-23,,,,,1761.75,731.0,1050.0,,,5835.89990234375,1317.3699951171875
2011-05-24,,,,,1761.75,736.75,1050.0,,,5858.39990234375,1316.280029296875
2011-05-25,,,,,1770.5,740.0,1050.0,,,5870.10009765625,1320.469970703125
2011-05-26,,,,,1784.0,752.75,1050.0,,,5881.0,1325.68994140625
2011-05-27,,,,,1785.5,758.0,1050.0,,,5938.89990234375,1331.0999755859375
2011-05-30,,,,,1803.0,764.0,1050.0,,,5938.89990234375,1331.0999755859375
2011-05-31,,,,,1814.0,768.0,1050.0,,,5990.0,1345.199951171875
2011-06-01,,,,,1828.25,781.0,1050.0,,,5928.60009765625,1314.550048828125
2011-06-02,,,,,1822.5,775.25,1050.0,,,5847.89990234375,1312.93994140625
2011-06-03,,,,,1815.25,768.5,1050.0,,,5855.0,1300.1600341796875
2011-06-06,,,,,1827.5,792.5,1050.0,,,5863.2001953125,1286.1700439453125
2011-06-07,,,,,1817.75,796.25,1050.0,,,5864.7001953125,1284.93994140625
2011-06-08,,,,,1827.75,807.25,1050.0,,,5808.89990234375,1279.56005859375
2011-06-09,,,,,1826.25,809.5,1050.0,,,5856.2998046875,1289.0
2011-06-10,,,,,1840.0,816.5,1050.0,,,5765.7998046875,1270.97998046875
2011-06-13,,,,,1826.25,812.5,1050.0,,,5773.5,1271.8299560546875
2011-06-14,,,,,1804.75,800.0,1050.0,,,5803.10009765625,1287.8699951171875
2011-06-15,,,,,1794.5,795.5,1050.0,,,5742.60009765625,1265.4200439453125
2011-06-16,,,,,1769.25,769.25,1050.0,,,5698.7998046875,1267.6400146484375
2011-06-17,,,,,1764.0,759.75,1050.0,,,5714.89990234375,1271.5
2011-06-20,,,,,1751.5,747.0,1050.0,,,5693.39990234375,1278.3599853515625
2011-06-21,,,,,1744.75,758.25,1050.0,,,5775.2998046875,1295.52001953125
2011-06-22,,,,,1752.75,769.25,1050.0,,,5773.0,1287.1400146484375
2011-06-23,,,,,1729.5,761.75,1050.0,,,5674.39990234375,1283.5
2011-06-24,,,,,1707.5,747.75,1050.0,,,5697.7001953125,1268.449951171875
2011-06-27,,,,,1678.75,728.0,1050.0,,,5722.2998046875,1280.0999755859375
2011-06-28,,,,,1688.0,731.25,1050.0,,,5766.89990234375,1296.6700439453125
2011-06-29,,,,,1711.0,743.75,1050.0,,,5856.0,1307.4100341796875
2011-06-30,,,,,1727.75,760.5,1050.0,,,5945.7001953125,1320.6400146484375
2011-07-01,,,,,1715.0,755.0,1050.0,,,5989.7998046875,1339.6700439453125
2011-07-04,,,,,1725.0,763.0,1050.0,,,6017.5,1339.6700439453125
2011-07-05,,,,,1722.25,764.0,1050.0,,,6024.0,1337.8800048828125
2011-07-06,,,,,1741.75,777.75,1050.0,,,6002.89990234375,1339.219970703125
2011-07-07,,,,,1734.5,775.5,1050.0,,,6054.60009765625,1353.219970703125
2011-07-08,,,,,1743.75,784.0,1050.0,,,5990.60009765625,1343.800048828125
2011-07-11,,,,,1735.75,774.0,1050.0,,,5929.2001953125,1319.489990234375
2011-07-12,,,,,1725.5,766.0,1050.0,,,5869.0,1313.6400146484375
2011-07-13,,,,,1745.25,773.5,1050.0,,,5906.39990234375,1317.719970703125
2011-07-14,,,,,1771.0,784.0,1050.0,,,5847.0,1308.8699951171875
2011-07-15,,,,,1760.5,778.5,1050.0,,,5843.7001953125,1316.1400146484375
2011-07-18,,,,,1765.5,786.5,1050.0,,,5752.7998046875,1305.43994140625
2011-07-19,,,,,1781.5,799.5,1050.0,,,5790.0,1326.72998046875
2011-07-20,,,,,1773.25,793.5,1050.0,,,5853.7998046875,1325.8399658203125
2011-07-21,,,,,1783.25,798.25,1050.0,,,5899.89990234375,1343.800048828125
2011-07-22,,,,,1788.5,808.5,1050.0,,,5935.0,1345.02001953125
2011-07-25,,,,,1795.75,806.75,1050.0,,,5925.2998046875,1337.4300537109375
2011-07-26,,,,,1791.0,811.0,1050.0,,,5929.7001953125,1331.93994140625
2011-07-27,,,,,1815.75,843.25,1050.0,,,5856.60009765625,1304.8900146484375
2011-07-28,,,,,1791.5,830.75,1050.0,,,5873.2001953125,1300.6700439453125
2011-07-29,,,,,1784.0,828.0,1050.0,,,5815.2001953125,1292.280029296875
2011-08-01,,,,,1796.75,841.0,1050.0,,,5774.39990234375,1286.93994140625
2011-08-02,,,,,1793.0,830.75,1050.0,,,5718.39990234375,1254.050048828125
2011-08-03,,,,,1794.5,824.5,1050.0,,,5584.5,1260.3399658203125
2011-08-04,,,,,1769.5,788.75,1050.0,,,5393.10009765625,1200.0699462890625
2011-08-05,,,,,1703.5,741.25,1050.0,,,5247.0,1199.3800048828125
2011-08-08,,,,,1721.5,731.25,1050.0,,,5069.0,1119.4599609375
2011-08-09,,,,,1726.25,725.75,1050.0,,,5164.89990234375,1172.530029296875
2011-08-10,,,,,1756.75,746.75,1050.0,,,5007.2001953125,1120.760009765625
2011-08-11,,,,,1783.5,736.5,1050.0,,,5162.7998046875,1172.6400146484375
2011-08-12,,,,,1798.5,746.25,1050.0,,,5320.0,1178.81005859375
2011-08-15,,,,,1796.5,754.75,1050.0,,,5350.60009765625,1204.489990234375
2011-08-16,,,,,1818.25,752.5,1050.0,,,5357.60009765625,1192.760009765625
2011-08-17,,,,,1829.0,762.5,1050.0,,,5331.60009765625,1193.8900146484375
2011-08-18,,,,,1842.25,776.25,1050.0,,,5092.2001953125,1140.6500244140625
2011-08-19,,,,,1858.75,757.75,1050.0,,,5040.7998046875,1123.530029296875
2011-08-22,,,,,1892.5,753.75,1050.0,,,5095.2998046875,1123.8199462890625
2011-08-23,,,,,1907.25,763.5,1050.0,,,5129.39990234375,1162.3499755859375
2011-08-24,,,,,1868.25,760.0,1050.0,,,5205.89990234375,1177.5999755859375
2011-08-25,,,,,1813.25,750.5,1050.0,,,5131.10009765625,1159.27001953125
2011-08-26,,,,,1822.25,753.0,1050.0,,,5129.89990234375,1176.800048828125
2011-08-29,,,,,1838.25,759.75,1050.0,,,5129.89990234375,1210.0799560546875
2011-08-30,,,,,1832.25,759.25,1050.0,,,5268.7001953125,1212.9200439453125
2011-08-31,,,,,1854.25,780.0,1050.0,,,5394.5,1218.8900146484375
2011-09-01,,,,,1851.0,785.0,1057.5,,,5418.7001953125,1204.4200439453125
2011-09-02,,,,,1856.25,785.5,1065.0,,,5292.0,1173.969970703125
2011-09-05,,,,,1876.0,775.25,1065.0,,,5102.60009765625,1173.969970703125
2011-09-06,,,,,1883.75,766.5,1065.0,,,5156.7998046875,1165.239990234375
2011-09-07,,,,,1838.25,752.75,1065.0,,,5318.60009765625,1198.6199951171875
2011-09-08,,,,,1840.5,757.0,1065.0,,,5340.39990234375,1185.9000244140625
2011-09-09,,,,,1850.25,758.25,1065.0,,,5214.7001953125,1154.22998046875
2011-09-12,,,,,1825.0,733.25,1065.0,,,5129.60009765625,1162.27001953125
2011-09-13,,,,,1820.0,720.0,1065.0,,,5174.2998046875,1172.8699951171875
2011-09-14,,,,,1816.0,726.0,1065.0,,,5227.0,1188.6800537109375
2011-09-15,,,,,1805.0,723.0,1065.0,,,5337.5,1209.1099853515625
2011-09-16,,,,,1785.5,727.25,1070.0,,,5368.39990234375,1216.010009765625
2011-09-19,,,,,1816.25,729.75,1075.0,,,5259.60009765625,1204.0899658203125
2011-09-20,,,,,1772.75,716.25,1075.0,,,5363.7001953125,1202.0899658203125
2011-09-21,,,,,1783.0,718.5,1080.0,,,5288.39990234375,1166.760009765625
2011-09-22,,,,,1745.0,681.75,1085.0,,,5041.60009765625,1129.56005859375
2011-09-23,,,,,1687.25,656.0,1085.0,,,5066.7998046875,1136.4300537109375
2011-09-26,,,,,1544.5,623.5,1085.0,,,5089.39990234375,1162.949951171875
2011-09-27,,,,,1567.25,641.75,1085.0,,,5294.10009765625,1175.3800048828125
2011-09-28,,,,,1555.5,647.75,1085.0,,,5217.60009765625,1151.06005859375
2011-09-29,,,,,1544.0,627.0,1085.0,,,5196.7998046875,1160.4000244140625
2011-09-30,,,,,1533.0,629.0,1085.0,,,5128.5,1131.4200439453125
2011-10-03,,,,,1514.5,605.5,1085.0,,,5075.5,1099.22998046875
2011-10-04,,,,,1496.75,590.75,1085.0,,,4944.39990234375,1123.949951171875
2011-10-05,,,,,1445.0,561.5,1085.0,,,5102.2001953125,1144.030029296875
2011-10-06,,,,,1497.5,590.75,1085.0,,,5291.2998046875,1164.969970703125
2011-10-07,,,,,1524.75,610.25,1085.0,,,5303.39990234375,1155.4599609375
2011-10-10,,,,,1514.5,602.25,1085.0,,,5399.0,1194.8900146484375
2011-10-11,,,,,1527.75,613.5,1085.0,,,5395.7001953125,1195.5400390625
2011-10-12,,,,,1536.75,608.75,1085.0,,,5441.7998046875,1207.25
2011-10-13,,,,,1545.0,607.25,1085.0,,,5403.39990234375,1203.6600341796875
2011-10-14,,,,,1544.5,602.75,1085.0,,,5466.39990234375,1224.5799560546875
2011-10-17,,,,,1554.5,632.0,1085.0,,,5436.7001953125,1200.8599853515625
2011-10-18,,,,,1541.25,613.5,1085.0,,,5410.39990234375,1225.3800048828125
2011-10-19,,,,,1543.25,626.0,1085.0,,,5450.5,1209.8800048828125
2011-10-20,,,,,1490.25,596.5,1085.0,,,5384.7001953125,1215.3900146484375
2011-10-21,,,,,1500.5,602.25,1085.0,,,5488.7001953125,1238.25
2011-10-24,,,,,1533.25,630.75,1085.0,,,5548.10009765625,1254.18994140625
2011-10-25,,,,,1552.25,643.5,1085.0,,,5525.5,1229.050048828125
2011-10-26,,,,,1579.5,653.5,1085.0,,,5553.2001953125,1242.0
2011-10-27,,,,,1603.0,655.25,1085.0,,,5713.7998046875,1284.5899658203125
2011-10-28,,,,,1645.25,670.0,1085.0,,,5702.2001953125,1285.0899658203125
2011-10-31,,,,,1617.25,657.25,1085.0,,,5544.2001953125,1253.300048828125
2011-11-01,,,,,1592.5,641.5,1085.0,,,5421.60009765625,1218.280029296875
2011-11-02,,,,,1597.25,642.25,1085.0,,,5484.10009765625,1237.9000244140625
2011-11-03,,,,,1608.0,653.5,1085.0,,,5545.60009765625,1261.1500244140625
2011-11-04,,,,,1634.5,661.0,1085.0,,,5527.2001953125,1253.22998046875
2011-11-07,,,,,1639.75,659.0,1085.0,,,5510.7998046875,1261.1199951171875
2011-11-08,,,,,1655.75,666.5,1085.0,,,5567.2998046875,1275.9200439453125
2011-11-09,,,,,1661.5,672.0,1085.0,,,5460.39990234375,1229.0999755859375
2011-11-10,,,,,1622.5,648.0,1085.0,,,5444.7998046875,1239.699951171875
2011-11-11,,,,,1630.75,653.0,1085.0,,,5545.39990234375,1263.8499755859375
2011-11-14,,,,,1654.5,665.0,1085.0,,,5519.0,1251.780029296875
2011-11-15,,,,,1642.75,665.0,1085.0,,,5517.39990234375,1257.81005859375
2011-11-16,,,,,1627.0,657.75,1085.0,,,5509.0,1236.9100341796875
2011-11-17,,,,,1620.0,645.5,1085.0,,,5423.10009765625,1216.1300048828125
2011-11-18,,,,,1587.75,608.5,1085.0,,,5362.89990234375,1215.6500244140625
2011-11-21,,,,,1579.5,599.5,1085.0,,,5222.60009765625,1192.97998046875
2011-11-22,,,,,1555.5,590.5,1085.0,,,5206.7998046875,1188.0400390625
2011-11-23,,,,,1564.0,598.75,1085.0,,,5139.7998046875,1161.7900390625
2011-11-24,,,,,1546.5,587.5,1085.0,,,5127.60009765625,1161.7900390625
2011-11-25,,,,,1539.5,579.25,1085.0,,,5164.7001953125,1158.6700439453125
2011-11-28,,,,,1553.5,584.5,1085.0,,,5312.7998046875,1192.550048828125
2011-11-29,,,,,1543.5,584.25,1085.0,,,5337.0,1195.18994140625
2011-11-30,,,,,1537.25,592.5,1085.0,,,5505.39990234375,1246.9599609375
2011-12-01,,,,,1561.75,621.5,1085.0,,,5489.2998046875,1244.5799560546875
2011-12-02,,,,,1561.25,641.75,1085.0,,,5552.2998046875,1244.280029296875
2011-12-05,,,,,1546.0,649.0,1085.0,,,5568.0,1257.0799560546875
2011-12-06,,,,,1516.0,639.25,1085.0,,,5568.7001953125,1258.469970703125
2011-12-07,,,,,1530.0,681.25,1085.0,,,5546.89990234375,1261.010009765625
2011-12-08,,,,,1515.25,677.75,1085.0,,,5483.7998046875,1234.3499755859375
2011-12-09,,,,,1494.25,669.5,1085.0,,,5529.2001953125,1255.18994140625
2011-12-12,,,,,1503.5,676.0,1085.0,,,5427.89990234375,1236.469970703125
2011-12-13,,,,,1490.25,658.75,1085.0,,,5490.2001953125,1225.72998046875
2011-12-14,,,,,1463.5,635.75,1085.0,,,5366.7998046875,1211.8199462890625
2011-12-15,,,,,1406.0,623.5,1085.0,,,5400.89990234375,1215.75
2011-12-16,,,,,1420.75,626.75,1085.0,,,5387.2998046875,1219.6600341796875
2011-12-19,,,,,1415.0,622.75,1085.0,,,5365.0,1205.3499755859375
2011-12-20,,,,,1419.5,617.25,1085.0,,,5419.60009765625,1241.300048828125
2011-12-21,,,,,1438.75,633.5,1085.0,,,5389.7001953125,1243.719970703125
2011-12-22,,,,,1423.5,632.25,1085.0,,,5457.0,1254.0
2011-12-23,,,,,1433.25,660.5,1085.0,,,5512.7001953125,1265.3299560546875
2011-12-27,,,,,1433.0,660.0,1085.0,,,5512.7001953125,1265.4300537109375
2011-12-28,,,,,1426.5,663.0,1085.0,,,5507.39990234375,1249.6400146484375
2011-12-29,,,,,1363.75,635.5,1085.0,,,5566.7998046875,1263.02001953125
2011-12-30,,,,,1386.5,635.25,1085.0,,,5572.2998046875,1257.5999755859375
2012-01-03,,,,,1413.0,663.5,1085.0,,,5699.89990234375,1277.06005859375
2012-01-04,,,,,1428.5,663.0,1085.0,,,5668.5,1277.300048828125
2012-01-05,,,,,1426.25,653.75,1085.0,,,5624.2998046875,1281.06005859375
2012-01-06,,,,,1416.5,640.25,1085.0,,,5649.7001953125,1277.81005859375
2012-01-09,,,,,1406.75,615.5,1085.0,,,5612.2998046875,1280.699951171875
2012-01-10,,,,,1441.0,631.25,1085.0,,,5696.7001953125,1292.0799560546875
2012-01-11,,,,,1480.5,640.25,1085.0,,,5670.7998046875,1292.47998046875
2012-01-12,,,,,1504.0,648.25,1085.0,,,5662.39990234375,1295.5
2012-01-13,,,,,1487.5,634.25,1085.0,,,5636.60009765625,1289.0899658203125
2012-01-16,,,,,1490.75,640.5,1085.0,,,5657.39990234375,1289.0899658203125
2012-01-17,,,,,1518.75,652.5,1085.0,,,5694.0,1293.6700439453125
2012-01-18,,,,,1516.5,653.5,1085.0,,,5702.39990234375,1308.0400390625
2012-01-19,,,,,1530.0,673.0,1085.0,,,5741.2001953125,1314.5
2012-01-20,,,,,1521.25,674.75,1085.0,,,5728.60009765625,1315.3800048828125
2012-01-23,,,,,1537.0,680.5,1085.0,,,5782.60009765625,1316.0
2012-01-24,,,,,1554.5,684.5,1085.0,,,5751.89990234375,1314.6500244140625
2012-01-25,,,,,1554.0,682.0,1085.0,,,5723.0,1326.06005859375
2012-01-26,,,,,1593.5,697.0,1085.0,,,5795.2001953125,1318.4300537109375
2012-01-27,,,,,1607.25,691.25,1085.0,,,5733.5,1316.3299560546875
2012-01-30,,,,,1610.0,687.0,1085.0,,,5671.10009765625,1313.010009765625
2012-01-31,,,,,1625.5,695.0,1085.0,,,5681.60009765625,1312.4100341796875
2012-02-01,,,,,1600.25,690.5,1085.0,,,5790.7001953125,1324.0899658203125
2012-02-02,,,,,1623.75,699.5,1085.0,,,5796.10009765625,1325.5400390625
2012-02-03,,,,,1632.25,714.5,1085.0,,,5901.10009765625,1344.9000244140625
2012-02-06,,,,,1618.75,704.5,1085.0,,,5892.2001953125,1344.3299560546875
2012-02-07,,,,,1625.25,706.0,1085.0,,,5890.2998046875,1347.050048828125
2012-02-08,,,,,1653.5,712.25,1085.0,,,5875.89990234375,1349.9599609375
2012-02-09,,,,,1664.5,717.5,1085.0,,,5895.5,1351.949951171875
2012-02-10,,,,,1648.25,707.75,1085.0,,,5852.39990234375,1342.6400146484375
2012-02-13,,,,,1664.5,705.5,1085.0,,,5905.7001953125,1351.77001953125
2012-02-14,,,,,1642.75,697.5,1085.0,,,5899.89990234375,1350.5
2012-02-15,,,,,1640.0,692.0,1085.0,,,5892.2001953125,1343.22998046875
2012-02-16,,,,,1618.5,685.25,1085.0,,,5885.39990234375,1358.0400390625
2012-02-17,,,,,1640.0,699.0,1085.0,,,5905.10009765625,1361.22998046875
2012-02-20,,,,,1648.0,694.25,1085.0,,,5945.2998046875,1361.22998046875
2012-02-21,,,,,1660.75,701.5,1085.0,,,5928.2001953125,1362.2099609375
2012-02-22,,,,,1703.75,714.0,1085.0,,,5916.60009765625,1357.6600341796875
2012-02-23,,,,,1723.75,721.75,1085.0,,,5937.89990234375,1363.4599609375
2012-02-24,,,,,1720.5,717.75,1085.0,,,5935.10009765625,1365.739990234375
2012-02-27,,,,,1708.25,712.5,1085.0,,,5915.60009765625,1367.5899658203125
2012-02-28,,,,,1710.5,708.25,1085.0,,,5927.89990234375,1372.1800537109375
2012-02-29,,,,,1727.5,725.0,1085.0,,,5871.5,1365.6800537109375
2012-03-01,,,,,1694.5,704.5,1085.0,,,5931.2998046875,1374.0899658203125
2012-03-02,,,,,1706.5,715.0,1085.0,,,5911.10009765625,1369.6300048828125
2012-03-05,,,,,1687.0,711.75,1085.0,,,5874.7998046875,1364.3299560546875
2012-03-06,,,,,1648.75,698.0,1085.0,,,5765.7998046875,1343.3599853515625
2012-03-07,,,,,1622.5,673.75,1085.0,,,5791.39990234375,1352.6300048828125
2012-03-08,,,,,1640.0,690.75,1085.0,,,5859.7001953125,1365.9100341796875
2012-03-09,,,,,1665.0,699.25,1085.0,,,5887.5,1370.8699951171875
2012-03-12,,,,,1683.0,705.0,1085.0,,,5892.7998046875,1371.0899658203125
2012-03-13,,,,,1693.75,702.25,1085.0,,,5955.89990234375,1395.949951171875
2012-03-14,,,,,1692.5,704.0,1085.0,,,5945.39990234375,1394.280029296875
2012-03-15,,,,,1672.75,698.0,1085.0,,,5940.7001953125,1402.5999755859375
2012-03-16,,,,,1685.25,705.0,1085.0,,,5965.60009765625,1404.1700439453125
2012-03-19,,,,,1677.0,702.0,1085.0,,,5961.10009765625,1409.75
2012-03-20,,,,,1672.25,703.5,1085.0,,,5891.39990234375,1405.52001953125
2012-03-21,,,,,1652.25,694.75,1085.0,,,5892.0,1402.8900146484375
2012-03-22,,,,,1628.5,678.0,1085.0,,,5845.7001953125,1392.780029296875
2012-03-23,,,,,1625.75,658.5,1085.0,,,5854.89990234375,1397.1099853515625
2012-03-26,,,,,1640.0,663.5,1085.0,,,5902.7001953125,1416.510009765625
2012-03-27,,,,,1658.0,669.0,1085.0,,,5869.60009765625,1412.52001953125
2012-03-28,,,,,1643.75,656.5,1085.0,,,5809.0,1405.5400390625
2012-03-29,,,,,1640.25,650.75,1085.0,,,5742.0,1403.280029296875
2012-03-30,,,,,1640.75,651.75,1085.0,,,5768.5,1408.469970703125
2012-04-02,,,,,1645.5,657.25,1085.0,,,5874.89990234375,1419.0400390625
2012-04-03,,,,,1662.75,662.25,1085.0,,,5838.2998046875,1413.3800048828125
2012-04-04,,,,,1626.0,649.0,1085.0,,,5703.7998046875,1398.9599609375
2012-04-05,,,,,1600.25,635.0,1085.0,,,5723.7001953125,1398.0799560546875
2012-04-09,,,,,1617.0,650.0,1085.0,,,5723.7001953125,1382.199951171875
2012-04-10,,,,,1620.5,647.5,1085.0,,,5595.60009765625,1358.5899658203125
2012-04-11,,,,,1596.25,643.0,1085.0,,,5634.7001953125,1368.7099609375
2012-04-12,,,,,1590.75,642.5,1085.0,,,5710.5,1387.5699462890625
2012-04-13,,,,,1603.75,653.25,1085.0,,,5651.7998046875,1370.260009765625
2012-04-16,,,,,1571.5,644.75,1085.0,,,5666.2998046875,1369.5699462890625
2012-04-17,,,,,1571.75,652.25,1085.0,,,5767.0,1390.780029296875
2012-04-18,,,,,1588.5,664.0,1085.0,,,5745.2998046875,1385.1400146484375
2012-04-19,,,,,1582.5,659.0,1085.0,,,5744.60009765625,1376.9200439453125
2012-04-20,,,,,1579.5,666.25,1085.0,,,5772.2001953125,1378.530029296875
2012-04-23,,,,,1573.75,673.25,1085.0,,,5665.60009765625,1366.93994140625
2012-04-24,,,,,1555.75,673.0,1085.0,,,5709.5,1371.969970703125
2012-04-25,,,,,1551.75,668.0,1085.0,,,5718.89990234375,1390.68994140625
2012-04-26,,,,,1556.0,664.75,1085.0,,,5748.7001953125,1399.97998046875
2012-04-27,,,,,1570.75,673.25,1085.0,,,5777.10009765625,1403.3599853515625
2012-04-30,,,,,1574.25,683.25,1085.0,,,5737.7998046875,1397.9100341796875
2012-05-01,,,,,1567.0,684.0,1085.0,,,5812.2001953125,1405.8199462890625
2012-05-02,,,,,1568.75,678.25,1085.0,,,5758.10009765625,1402.31005859375
2012-05-03,,,,,1560.0,669.0,1085.0,,,5766.60009765625,1391.5699462890625
2012-05-04,,,,,1535.25,663.0,1085.0,,,5655.10009765625,1369.0999755859375
2012-05-07,,,,,1523.25,651.75,1085.0,,,5655.10009765625,1369.5799560546875
2012-05-08,,,,,1526.0,645.25,1085.0,,,5554.60009765625,1363.719970703125
2012-05-09,,,,,1505.75,620.25,1085.0,,,5530.10009765625,1354.5799560546875
2012-05-10,,,,,1503.0,617.75,1085.0,,,5544.0,1357.989990234375
2012-05-11,,,,,1477.25,613.0,1085.0,,,5575.5,1353.3900146484375
2012-05-14,,,,,1464.25,604.25,1085.0,,,5465.5,1338.3499755859375
2012-05-15,,,,,1442.75,596.5,1085.0,,,5437.60009765625,1330.6600341796875
2012-05-16,,,,,1430.25,595.0,1085.0,,,5405.2998046875,1324.800048828125
2012-05-17,,,,,1446.75,601.75,1085.0,,,5338.39990234375,1304.8599853515625
2012-05-18,,,,,1454.25,603.5,1085.0,,,5267.60009765625,1295.219970703125
2012-05-21,,,,,1464.25,611.0,1085.0,,,5304.5,1315.989990234375
2012-05-22,,,,,1468.25,615.0,1085.0,,,5403.2998046875,1316.6300048828125
2012-05-23,,,,,1432.0,607.25,1085.0,,,5266.39990234375,1318.8599853515625
2012-05-24,,,,,1425.25,596.0,1085.0,,,5350.10009765625,1320.6800537109375
2012-05-25,,,,,1424.25,590.0,1085.0,,,5351.5,1317.8199462890625
2012-05-28,,,,,1438.6667,594.3333,1085.0,,,5351.5,1317.8199462890625
2012-05-29,,,,,1437.25,608.75,1085.0,,,5391.10009765625,1332.4200439453125
2012-05-30,,,,,1417.0,603.25,1085.0,,,5297.2998046875,1313.3199462890625
2012-05-31,,,,,1405.0,609.75,1085.0,,,5320.89990234375,1310.3299560546875
2012-06-01,,,,,1408.0,611.0,1085.0,,,5260.2001953125,1278.0400390625
2012-06-04,,,,,1440.25,611.0,1085.0,,,5260.2001953125,1278.1800537109375
2012-06-05,,,,,1440.75,615.0,1085.0,,,5260.2001953125,1285.5
2012-06-06,,,,,1450.25,622.5,1085.0,,,5384.10009765625,1315.1300048828125
2012-06-07,,,,,1467.0,629.75,1085.0,,,5447.7998046875,1314.989990234375
2012-06-08,,,,,1428.25,618.25,1085.0,,,5435.10009765625,1325.6600341796875
2012-06-11,,,,,1454.0,626.5,1085.0,,,5432.39990234375,1308.9300537109375
2012-06-12,,,,,1436.75,622.0,1085.0,,,5473.7001953125,1324.1800537109375
2012-06-13,,,,,1458.5,624.5,1085.0,,,5483.7998046875,1314.8800048828125
2012-06-14,,,,,1478.75,623.0,1085.0,,,5467.10009765625,1329.0999755859375
2012-06-15,,,,,1497.0,638.25,1085.0,,,5478.7998046875,1342.8399658203125
2012-06-18,,,,,1496.5,633.5,1085.0,,,5491.10009765625,1344.780029296875
2012-06-19,,,,,1487.0,635.0,1085.0,,,5586.2998046875,1357.97998046875
2012-06-20,,,,,1480.75,629.75,1085.0,,,5622.2998046875,1355.68994140625
2012-06-21,,,,,1457.75,618.0,1085.0,,,5566.39990234375,1325.510009765625
2012-06-22,,,,,1430.75,608.5,1085.0,,,5513.7001953125,1335.02001953125
2012-06-25,,,,,1438.5,610.0,1085.0,,,5450.7001953125,1313.719970703125
2012-06-26,,,,,1438.5,605.0,1085.0,,,5447.0,1319.989990234375
2012-06-27,,,,,1421.5,591.25,1085.0,,,5523.89990234375,1331.8499755859375
2012-06-28,,,,,1410.5,578.75,1085.0,,,5493.10009765625,1329.0400390625
2012-06-29,,,,,1410.75,577.75,1085.0,,,5571.2001953125,1362.1600341796875
2012-07-02,,,,,1439.5,581.0,1085.0,,,5640.60009765625,1365.510009765625
2012-07-03,,,,,1465.25,584.75,1085.0,,,5687.7001953125,1374.02001953125
2012-07-04,,,,,1487.0,602.3333,1085.0,,,5684.5,1374.02001953125
2012-07-05,,,,,1481.25,594.75,1085.0,,,5692.60009765625,1367.5799560546875
2012-07-06,,,,,1470.5,584.25,1085.0,,,5662.60009765625,1354.6800537109375
2012-07-09,,,,,1443.75,581.0,1081.25,,,5627.2998046875,1352.4599609375
2012-07-10,,,,,1443.75,583.25,1070.0,,,5664.10009765625,1341.469970703125
2012-07-11,,,,,1428.0,578.75,1070.0,,,5664.5,1341.449951171875
2012-07-12,,,,,1420.25,580.25,1070.0,,,5608.2998046875,1334.760009765625
2012-07-13,,,,,1423.75,582.0,1070.0,,,5666.10009765625,1356.780029296875
2012-07-16,,,,,1431.0,583.75,1070.0,,,5662.39990234375,1353.6400146484375
2012-07-17,,,,,1425.5,583.25,1070.0,,,5629.10009765625,1363.6700439453125
2012-07-18,,,,,1416.0,581.5,1070.0,,,5685.7998046875,1372.780029296875
2012-07-19,,,,,1411.5,580.0,1070.0,,,5714.2001953125,1376.510009765625
2012-07-20,,,,,1414.75,583.0,1070.0,,,5651.7998046875,1362.6600341796875
2012-07-23,,,,,1399.5,573.75,1070.0,,,5533.89990234375,1350.52001953125
2012-07-24,,,,,1396.5,572.75,1070.0,,,5499.2001953125,1338.31005859375
2012-07-25,,,,,1390.75,564.5,1070.0,,,5498.2998046875,1337.8900146484375
2012-07-26,,,,,1404.5,568.5,1070.0,,,5573.2001953125,1360.02001953125
2012-07-27,,,,,1412.0,573.5,1070.0,,,5627.2001953125,1385.969970703125
2012-07-30,,,,,1408.0,577.25,1070.0,,,5693.60009765625,1385.300048828125
2012-07-31,,,,,1422.75,592.5,1070.0,,,5635.2998046875,1379.3199462890625
2012-08-01,,,,,1409.75,589.25,1070.0,,,5712.7998046875,1375.3199462890625
2012-08-02,,,,,1396.25,581.5,1070.0,,,5662.2998046875,1365.0
2012-08-03,,,,,1388.25,571.5,1070.0,,,5787.2998046875,1390.989990234375
2012-08-06,,,,,1405.0,578.0,1070.0,,,5808.7998046875,1394.22998046875
2012-08-07,,,,,1407.0,582.25,1070.0,,,5841.2001953125,1401.3499755859375
2012-08-08,,,,,1406.0,586.0,1070.0,,,5845.89990234375,1402.219970703125
2012-08-09,,,,,1414.0,588.25,1070.0,,,5851.5,1402.800048828125
2012-08-10,,,,,1404.25,583.25,1070.0,,,5847.10009765625,1405.8699951171875
2012-08-13,,,,,1400.25,583.0,1070.0,,,5831.89990234375,1404.1099853515625
2012-08-14,,,,,1395.0,577.25,1070.0,,,5864.7998046875,1403.9300537109375
2012-08-15,,,,,1403.25,579.75,1070.0,,,5833.0,1405.530029296875
2012-08-16,,,,,1396.75,577.0,1060.0,,,5834.5,1415.510009765625
2012-08-17,,,,,1451.75,591.5,1050.0,,,5852.39990234375,1418.1600341796875
2012-08-20,,,,,1476.5,605.75,1050.0,,,5824.39990234375,1418.1300048828125
2012-08-21,,,,,1493.25,609.25,1050.0,,,5857.5,1413.1700439453125
2012-08-22,,,,,1515.25,627.25,1050.0,,,5774.2001953125,1413.489990234375
2012-08-23,,,,,1552.0,639.0,1050.0,,,5776.60009765625,1402.0799560546875
2012-08-24,,,,,1544.25,652.75,1050.0,,,5776.60009765625,1411.1300048828125
2012-08-27,,,,,1549.0,654.5,1050.0,,,5776.60009765625,1410.43994140625
2012-08-28,,,,,1534.25,646.75,1050.0,,,5775.7001953125,1409.300048828125
2012-08-29,,,,,1520.5,637.75,1050.0,,,5743.5,1410.489990234375
2012-08-30,,,,,1525.25,634.0,1050.0,,,5719.5,1399.47998046875
2012-08-31,,,,,1510.25,621.0,1050.0,,,5711.5,1406.5799560546875
2012-09-03,,,,,1542.0,632.3333,1050.0,,,5758.39990234375,1406.5799560546875
2012-09-04,,,,,1556.25,637.5,1050.0,,,5672.0,1404.93994140625
2012-09-05,,,,,1560.0,640.5,1050.0,,,5657.89990234375,1403.43994140625
2012-09-06,,,,,1580.25,645.75,1050.0,,,5777.2998046875,1432.1199951171875
2012-09-07,,,,,1578.25,645.5,1050.0,,,5794.7998046875,1437.9200439453125
2012-09-10,,,,,1595.0,658.0,1050.0,,,5793.2001953125,1429.0799560546875
2012-09-11,,,,,1600.0,671.75,1050.0,,,5792.2001953125,1433.56005859375
2012-09-12,,,,,1622.0,674.0,1050.0,,,5782.10009765625,1436.56005859375
2012-09-13,,,,,1652.75,682.0,1050.0,,,5819.89990234375,1459.989990234375
2012-09-14,,,,,1703.75,695.5,1050.0,,,5915.60009765625,1465.77001953125
2012-09-17,,,,,1702.75,694.5,1050.0,,,5893.5,1461.18994140625
2012-09-18,,,,,1658.25,679.75,1050.0,,,5868.2001953125,1459.3199462890625
2012-09-19,,,,,1634.5,672.25,1050.0,,,5888.5,1461.050048828125
2012-09-20,,,,,1621.75,665.75,1050.0,,,5854.60009765625,1460.260009765625
2012-09-21,,,,,1643.0,670.0,1050.0,,,5852.60009765625,1460.1500244140625
2012-09-24,,,,,1617.0,656.25,1050.0,,,5838.7998046875,1456.8900146484375
2012-09-25,,,,,1629.25,646.25,1050.0,,,5859.7001953125,1441.5899658203125
2012-09-26,,,,,1631.25,635.75,1050.0,,,5768.10009765625,1433.3199462890625
2012-09-27,,,,,1642.25,632.0,1050.0,,,5779.39990234375,1447.1500244140625
2012-09-28,,,,,1660.75,639.0,1050.0,,,5742.10009765625,1440.6700439453125
2012-10-01,,,,,1666.5,641.0,1050.0,,,5820.5,1444.489990234375
2012-10-02,,,,,1679.5,647.5,1050.0,,,5809.5,1445.75
2012-10-03,,,,,1679.0,651.25,1050.0,,,5825.7998046875,1450.989990234375
2012-10-04,,,,,1696.75,660.0,1050.0,,,5827.7998046875,1461.4000244140625
2012-10-05,,,,,1722.5,669.75,1050.0,,,5871.0,1460.9300537109375
2012-10-08,,,,,1687.25,654.0,1050.0,,,5841.7001953125,1455.8800048828125
2012-10-09,,,,,1702.5,662.75,1050.0,,,5810.2998046875,1441.47998046875
2012-10-10,,,,,1682.5,655.75,1050.0,,,5776.7001953125,1432.56005859375
2012-10-11,,,,,1674.0,653.25,1050.0,,,5829.7998046875,1432.8399658203125
2012-10-12,,,,,1681.25,651.0,1050.0,,,5793.2998046875,1428.5899658203125
2012-10-15,,,,,1640.75,635.5,1050.0,,,5805.60009765625,1440.1300048828125
2012-10-16,,,,,1645.25,638.25,1050.0,,,5870.5,1454.9200439453125
2012-10-17,,,,,1656.25,643.5,1050.0,,,5910.89990234375,1460.9100341796875
2012-10-18,,,,,1665.5,652.75,1050.0,,,5917.10009765625,1457.3399658203125
2012-10-19,,,,,1641.75,642.25,1050.0,,,5896.2001953125,1433.18994140625
2012-10-22,,,,,1618.75,628.25,1050.0,,,5882.89990234375,1433.8199462890625
2012-10-23,,,,,1592.5,612.5,1050.0,,,5797.89990234375,1413.1099853515625
2012-10-24,,,,,1578.25,601.5,1050.0,,,5804.7998046875,1408.75
2012-10-25,,,,,1576.5,604.0,1050.0,,,5805.10009765625,1412.969970703125
2012-10-26,,,,,1564.0,602.75,1050.0,,,5806.7001953125,1411.93994140625
2012-10-29,,,,,1549.75,599.25,1050.0,,,5795.10009765625,1411.93994140625
2012-10-30,,,,,1543.25,594.5,1050.0,,,5849.89990234375,1411.93994140625
2012-10-31,,,,,1563.0,604.0,1050.0,,,5782.7001953125,1412.1600341796875
2012-11-01,,,,,1575.75,612.0,1050.0,,,5861.89990234375,1427.5899658203125
2012-11-02,,,,,1561.75,611.5,1050.0,,,5868.60009765625,1414.199951171875
2012-11-05,,,,,1549.0,603.5,1050.0,,,5839.10009765625,1417.260009765625
2012-11-06,,,,,1549.5,616.25,1050.0,,,5884.89990234375,1428.3900146484375
2012-11-07,,,,,1560.25,619.75,1050.0,,,5791.60009765625,1394.530029296875
2012-11-08,,,,,1545.25,611.75,1050.0,,,5776.10009765625,1377.510009765625
2012-11-09,,,,,1556.25,617.0,1050.0,,,5769.7001953125,1379.8499755859375
2012-11-12,,,,,1568.25,611.5,1050.0,,,5767.2998046875,1380.030029296875
2012-11-13,,,,,1567.0,612.25,1050.0,,,5786.2998046875,1374.530029296875
2012-11-14,,,,,1595.0,644.5,1050.0,,,5722.0,1355.489990234375
2012-11-15,,,,,1581.5,636.5,1050.0,,,5677.7998046875,1353.3299560546875
2012-11-16,,,,,1562.75,629.5,1050.0,,,5605.60009765625,1359.8800048828125
2012-11-19,,,,,1569.75,636.25,1050.0,,,5737.7001953125,1386.8900146484375
2012-11-20,,,,,1581.25,644.25,1050.0,,,5748.10009765625,1387.81005859375
2012-11-21,,,,,1575.75,638.75,1050.0,,,5752.0,1391.030029296875
2012-11-22,,,,,1583.6667,651.3333,1050.0,,,5791.0,1391.030029296875
2012-11-23,,,,,1585.0,657.3333,1050.0,,,5819.10009765625,1409.1500244140625
2012-11-26,,,,,1614.25,667.25,1050.0,,,5786.7001953125,1406.2900390625
2012-11-27,,,,,1615.5,666.0,1050.0,,,5799.7001953125,1398.93994140625
2012-11-28,,,,,1602.75,663.75,1050.0,,,5803.2998046875,1409.9300537109375
2012-11-29,,,,,1613.75,677.75,1050.0,,,5870.2998046875,1415.949951171875
2012-11-30,,,,,1616.5,688.25,1050.0,,,5866.7998046875,1416.1800537109375
2012-12-03,,,,,1606.25,685.0,1050.0,,,5871.2001953125,1409.4599609375
2012-12-04,,,,,1596.75,684.0,1050.0,,,5869.0,1407.050048828125
2012-12-05,,,,,1588.5,680.5,1050.0,,,5892.10009765625,1409.280029296875
2012-12-06,,,,,1580.0,687.0,1050.0,,,5901.39990234375,1413.93994140625
2012-12-07,,,,,1601.25,696.25,1050.0,,,5914.39990234375,1418.0699462890625
2012-12-10,,,,,1615.0,701.0,1050.0,,,5921.60009765625,1418.550048828125
2012-12-11,,,,,1625.0,700.0,1050.0,,,5925.0,1427.8399658203125
2012-12-12,,,,,1638.5,695.0,1050.0,,,5945.89990234375,1428.47998046875
2012-12-13,,,,,1619.75,688.25,1050.0,,,5929.60009765625,1419.449951171875
2012-12-14,,,,,1616.0,697.25,1050.0,,,5921.7998046875,1413.5799560546875
2012-12-17,,,,,1610.75,700.25,1050.0,,,5912.2001953125,1430.3599853515625
2012-12-18,,,,,1612.75,700.0,1050.0,,,5935.89990234375,1446.7900390625
2012-12-19,,,,,1598.75,693.5,1050.0,,,5961.60009765625,1435.81005859375
2012-12-20,,,,,1585.0,690.5,1050.0,,,5958.2998046875,1443.68994140625
2012-12-21,,,,,1547.0,677.25,1050.0,,,5940.0,1430.1500244140625
2012-12-24,,,,,1543.5,685.0,1050.0,,,5954.2001953125,1426.6600341796875
2012-12-26,,,,,1547.0,691.0,1050.0,,,5954.2001953125,1419.8299560546875
2012-12-27,,,,,1541.5,695.25,1050.0,,,5954.2998046875,1418.0999755859375
2012-12-28,,,,,1536.0,709.5,1050.0,,,5925.39990234375,1402.4300537109375
2012-12-31,,,,,1527.75,703.0,1050.0,,,5897.7998046875,1426.18994140625
2013-01-02,,,,,1553.75,707.75,1050.0,,,6027.39990234375,1462.4200439453125
2013-01-03,,,,,1571.5,705.5,1050.0,,,6047.2998046875,1459.3699951171875
2013-01-04,,,,,1553.0,687.0,1043.75,,,6089.7998046875,1466.469970703125
2013-01-07,,,,,1560.5,686.25,1025.0,,,6064.60009765625,1461.8900146484375
2013-01-08,,,,,1561.0,672.5,1025.0,,,6053.60009765625,1457.1500244140625
2013-01-09,,,,,1587.25,677.75,1025.0,,,6098.7001953125,1461.02001953125
2013-01-10,,,,,1608.75,695.0,1025.0,,,6101.5,1472.1199951171875
2013-01-11,,,,,1634.5,699.75,1025.0,,,6121.60009765625,1472.050048828125
2013-01-14,,,,,1642.5,704.75,1025.0,,,6107.89990234375,1470.6800537109375
2013-01-15,,,,,1676.0,709.0,1025.0,,,6117.2998046875,1472.3399658203125
2013-01-16,,,,,1680.75,713.5,1025.0,,,6104.0,1472.6300048828125
2013-01-17,,,,,1685.25,723.5,1025.0,,,6132.39990234375,1480.93994140625
2013-01-18,,,,,1692.5,728.0,1025.0,,,6154.39990234375,1485.97998046875
2013-01-21,,,,,1677.25,720.75,1025.0,,,6181.0,1485.97998046875
2013-01-22,,,,,1687.5,719.5,1025.0,,,6179.2001953125,1492.56005859375
2013-01-23,,,,,1696.0,727.5,1025.0,,,6197.60009765625,1494.81005859375
2013-01-24,,,,,1684.5,721.0,1025.0,,,6264.89990234375,1494.8199462890625
2013-01-25,,,,,1685.25,726.75,1025.0,,,6284.5,1502.9599609375
2013-01-28,,,,,1692.25,745.0,1025.0,,,6294.39990234375,1500.1800537109375
2013-01-29,,,,,1675.25,743.5,1025.0,,,6339.2001953125,1507.8399658203125
2013-01-30,,,,,1689.0,755.5,1025.0,,,6323.10009765625,1501.9599609375
2013-01-31,,,,,1683.5,748.0,1025.0,,,6276.89990234375,1498.1099853515625
2013-02-01,,,,,1679.25,746.0,1025.0,,,6347.2001953125,1513.1700439453125
2013-02-04,,,,,1699.25,756.5,1025.0,,,6246.7998046875,1495.7099609375
2013-02-05,,,,,1698.75,754.75,1025.0,,,6282.7998046875,1511.2900390625
2013-02-06,,,,,1718.5,766.25,1025.0,,,6295.2998046875,1512.1199951171875
2013-02-07,,,,,1738.75,765.5,1025.0,,,6228.39990234375,1509.3900146484375
2013-02-08,,,,,1716.5,748.0,1025.0,,,6263.89990234375,1517.9300537109375
2013-02-11,,,,,1711.5,753.0,1025.0,,,6277.10009765625,1517.010009765625
2013-02-12,,,,,1704.0,765.0,1025.0,,,6338.39990234375,1519.4300537109375
2013-02-13,,,,,1728.5,774.0,1025.0,,,6359.10009765625,1520.3299560546875
2013-02-14,,,,,1729.25,769.0,1025.0,,,6327.39990234375,1521.3800048828125
2013-02-15,,,,,1695.25,762.75,1025.0,,,6328.2998046875,1519.7900390625
2013-02-18,,,,,1692.75,761.25,1025.0,,,6318.2001953125,1519.7900390625
2013-02-19,,,,,1689.25,763.5,1025.0,,,6379.10009765625,1530.93994140625
2013-02-20,,,,,1683.0,762.0,1025.0,,,6395.39990234375,1511.949951171875
2013-02-21,,,,,1627.75,729.75,1025.0,,,6291.5,1502.4200439453125
2013-02-22,,,,,1623.5,737.0,1025.0,,,6335.7001953125,1515.5999755859375
2013-02-25,,,,,1615.25,742.25,1025.0,,,6355.39990234375,1487.8499755859375
2013-02-26,,,,,1604.75,740.25,1025.0,,,6270.39990234375,1496.93994140625
2013-02-27,,,,,1621.25,745.0,1025.0,,,6325.89990234375,1515.989990234375
2013-02-28,,,,,1602.5,747.25,1025.0,,,6360.7998046875,1514.6800537109375
2013-03-01,,,,,1579.5,726.75,1025.0,,,6378.60009765625,1518.199951171875
2013-03-04,,,,,1579.25,722.5,1025.0,,,6345.60009765625,1525.199951171875
2013-03-05,,,,,1582.0,723.75,1025.0,,,6432.0,1539.7900390625
2013-03-06,,,,,1595.5,741.0,1025.0,,,6427.60009765625,1541.4599609375
2013-03-07,,,,,1595.5,750.25,1025.0,,,6439.2001953125,1544.260009765625
2013-03-08,,,,,1601.25,762.0,1025.0,,,6483.60009765625,1551.1800537109375
2013-03-11,,,,,1602.75,776.25,1025.0,,,6503.60009765625,1556.219970703125
2013-03-12,,,,,1603.75,776.25,1025.0,,,6510.60009765625,1552.47998046875
2013-03-13,,,,,1594.5,771.5,1025.0,,,6481.5,1554.52001953125
2013-03-14,,,,,1586.0,765.0,1025.0,,,6529.39990234375,1563.22998046875
2013-03-15,,,,,1594.75,773.0,1025.0,,,6489.7001953125,1560.699951171875
2013-03-18,,,,,1579.5,760.75,1025.0,,,6457.89990234375,1552.0999755859375
2013-03-19,,,,,1581.25,763.75,1025.0,,,6441.2998046875,1548.3399658203125
2013-03-20,,,,,1562.75,741.5,1025.0,,,6432.7001953125,1558.7099609375
2013-03-21,,,,,1584.25,762.25,1025.0,,,6388.60009765625,1545.800048828125
2013-03-22,,,,,1580.0,754.5,1025.0,,,6392.7998046875,1556.8900146484375
2013-03-25,,,,,1586.0,761.75,1025.0,,,6378.39990234375,1551.68994140625
2013-03-26,,,,,1576.75,758.0,1025.0,,,6399.39990234375,1563.77001953125
2013-03-27,,,,,1575.5,762.25,1025.0,,,6387.60009765625,1562.8499755859375
2013-03-28,,,,,1584.0,768.0,1025.0,,,6411.7001953125,1569.18994140625
2013-04-01,,,,,1580.0,770.0,1025.0,,,6411.7001953125,1562.1700439453125
2013-04-02,,,,,1591.0,777.25,1018.75,,,6490.7001953125,1570.25
2013-04-03,,,,,1568.25,767.75,1000.0,,,6420.2998046875,1553.68994140625
2013-04-04,,,,,1526.0,742.5,1000.0,,,6344.10009765625,1559.97998046875
2013-04-05,,,,,1528.5,726.5,1000.0,,,6249.7998046875,1553.280029296875
2013-04-08,,,,,1539.25,731.5,1000.0,,,6276.89990234375,1563.0699462890625
2013-04-09,,,,,1541.75,733.25,1000.0,,,6313.2001953125,1568.6099853515625
2013-04-10,,,,,1546.0,724.75,1000.0,,,6387.39990234375,1587.72998046875
2013-04-11,,,,,1526.75,721.75,1000.0,,,6416.10009765625,1593.3699951171875
2013-04-12,,,,,1526.25,727.75,1000.0,,,6384.39990234375,1588.8499755859375
2013-04-15,,,,,1462.5,686.5,1000.0,,,6343.60009765625,1552.3599853515625
2013-04-16,,,,,1427.75,672.5,1000.0,,,6304.60009765625,1574.5699462890625
2013-04-17,,,,,1443.25,676.25,1000.0,,,6244.2001953125,1552.010009765625
2013-04-18,,,,,1422.75,662.25,1000.0,,,6243.7001953125,1541.6099853515625
2013-04-19,,,,,1433.75,674.75,1000.0,,,6286.60009765625,1555.25
2013-04-22,,,,,1434.0,679.0,1000.0,,,6280.60009765625,1562.5
2013-04-23,,,,,1429.0,677.0,1000.0,,,6406.10009765625,1578.780029296875
2013-04-24,,,,,1430.25,679.75,1000.0,,,6431.7998046875,1578.7900390625
2013-04-25,,,,,1443.75,675.5,1000.0,,,6442.60009765625,1585.1600341796875
2013-04-26,,,,,1477.0,684.0,1000.0,,,6426.39990234375,1582.239990234375
2013-04-29,,,,,1492.5,685.0,1000.0,,,6458.0,1593.6099853515625
2013-04-30,,,,,1506.0,702.0,1000.0,,,6430.10009765625,1597.5699462890625
2013-05-01,,,,,1495.0,693.0,1000.0,,,6451.2998046875,1582.699951171875
2013-05-02,,,,,1482.25,689.25,1000.0,,,6460.7001953125,1597.5899658203125
2013-05-03,,,,,1505.5,698.0,1000.0,,,6521.5,1614.4200439453125
2013-05-06,,,,,1502.75,695.5,1000.0,,,6521.5,1617.5
2013-05-07,,,,,1494.0,691.0,1000.0,,,6557.2998046875,1625.9599609375
2013-05-08,,,,,1492.0,687.5,1000.0,,,6583.5,1632.68994140625
2013-05-09,,,,,1505.0,696.5,1000.0,,,6592.7001953125,1626.6700439453125
2013-05-10,,,,,1507.75,708.75,1000.0,,,6625.0,1633.699951171875
2013-05-13,,,,,1493.0,707.5,1000.0,,,6631.7998046875,1633.77001953125
2013-05-14,,,,,1493.25,722.0,1000.0,,,6686.10009765625,1650.3399658203125
2013-05-15,,,,,1501.25,726.0,1000.0,,,6693.60009765625,1658.780029296875
2013-05-16,,,,,1484.5,727.75,1000.0,,,6687.7998046875,1650.469970703125
2013-05-17,,,,,1478.5,742.5,1000.0,,,6723.10009765625,1667.469970703125
2013-05-20,,,,,1448.75,736.5,1000.0,,,6755.60009765625,1666.2900390625
2013-05-21,,,,,1474.25,744.75,1000.0,,,6803.89990234375,1669.1600341796875
2013-05-22,,,,,1470.0,748.5,1000.0,,,6840.2998046875,1655.3499755859375
2013-05-23,,,,,1466.75,744.0,1000.0,,,6696.7998046875,1650.510009765625
2013-05-24,,,,,1460.75,737.75,1000.0,,,6654.2998046875,1649.5999755859375
2013-05-27,,,,,1462.3333,733.0,1000.0,,,6654.2998046875,1649.5999755859375
2013-05-28,,,,,1454.25,736.0,1000.0,,,6762.0,1660.06005859375
2013-05-29,,,,,1462.5,752.5,1000.0,,,6627.2001953125,1648.3599853515625
2013-05-30,,,,,1463.75,753.0,1000.0,,,6657.0,1654.4100341796875
2013-05-31,,,,,1478.75,754.5,1000.0,,,6583.10009765625,1630.739990234375
2013-06-03,,,,,1474.75,753.75,987.5,,,6525.10009765625,1640.4200439453125
2013-06-04,,,,,1495.0,756.0,975.0,,,6558.60009765625,1631.3800048828125
2013-06-05,,,,,1499.5,755.25,975.0,,,6419.2998046875,1608.9000244140625
2013-06-06,,,,,1512.25,757.25,975.0,,,6336.10009765625,1622.56005859375
2013-06-07,,,,,1524.25,757.75,975.0,,,6412.0,1643.3800048828125
2013-06-10,,,,,1500.25,758.75,975.0,,,6400.5,1642.81005859375
2013-06-11,,,,,1500.25,763.75,975.0,,,6340.10009765625,1626.1300048828125
2013-06-12,,,,,1485.0,756.0,975.0,,,6299.5,1612.52001953125
2013-06-13,,,,,1471.5,753.0,962.5,,,6304.60009765625,1636.3599853515625
2013-06-14,,,,,1457.5,734.0,950.0,,,6308.2998046875,1626.72998046875
2013-06-17,,,,,1449.5,728.75,950.0,,,6330.5,1639.0400390625
2013-06-18,,,,,1431.75,709.25,950.0,,,6374.2001953125,1651.81005859375
2013-06-19,,,,,1438.0,708.5,950.0,,,6348.7998046875,1628.9300537109375
2013-06-20,,,,,1402.75,682.0,950.0,,,6159.5,1588.18994140625
2013-06-21,,,,,1362.75,672.5,950.0,,,6116.2001953125,1592.4300537109375
2013-06-24,,,,,1366.75,671.25,950.0,,,6029.10009765625,1573.0899658203125
2013-06-25,,,,,1343.0,666.75,943.75,,,6101.89990234375,1588.030029296875
2013-06-26,,,,,1335.5,660.0,925.0,,,6165.5,1603.260009765625
2013-06-27,,,,,1323.0,640.5,925.0,,,6243.39990234375,1613.199951171875
2013-06-28,,,,,1317.75,647.75,925.0,,,6215.5,1606.280029296875
2013-07-01,,,,,1361.0,678.5,925.0,,,6307.7998046875,1614.9599609375
2013-07-02,,,,,1380.75,690.75,925.0,,,6303.89990234375,1614.0799560546875
2013-07-03,,,,,1367.25,687.0,925.0,,,6229.89990234375,1615.4100341796875
2013-07-04,,,,,1358.3333,687.3333,925.0,,,6421.7001953125,1615.4100341796875
2013-07-05,,,,,1336.25,675.75,925.0,,,6375.5,1631.8900146484375
2013-07-08,,,,,1339.75,687.25,918.75,,,6450.10009765625,1640.4599609375
2013-07-09,,,,,1371.5,702.0,900.0,,,6513.10009765625,1652.3199462890625
2013-07-10,,,,,1367.75,705.25,900.0,,,6505.0,1652.6199951171875
2013-07-11,,,,,1406.25,728.25,900.0,,,6543.39990234375,1675.02001953125
2013-07-12,,,,,1409.0,722.75,900.0,,,6544.89990234375,1680.18994140625
2013-07-15,,,,,1416.75,728.0,900.0,,,6586.10009765625,1682.5
2013-07-16,,,,,1421.5,733.5,900.0,,,6556.39990234375,1676.260009765625
2013-07-17,,,,,1426.0,734.25,900.0,,,6571.89990234375,1680.9100341796875
2013-07-18,,,,,1412.0,734.25,900.0,,,6634.39990234375,1689.3699951171875
2013-07-19,,,,,1422.75,746.0,900.0,,,6630.7001953125,1692.0899658203125
2013-07-22,,,,,1441.0,750.0,887.5,,,6623.2001953125,1695.530029296875
2013-07-23,,,,,1439.25,741.5,875.0,,,6597.39990234375,1692.3900146484375
2013-07-24,,,,,1445.75,740.25,875.0,,,6620.39990234375,1685.93994140625
2013-07-25,,,,,1442.75,745.0,875.0,,,6588.0,1690.25
2013-07-26,,,,,1444.0,738.5,875.0,,,6554.7998046875,1691.6500244140625
2013-07-29,,,,,1431.0,727.5,875.0,,,6560.2998046875,1685.3299560546875
2013-07-30,,,,,1442.0,742.5,875.0,,,6571.0,1685.9599609375
2013-07-31,,,,,1440.75,733.75,875.0,,,6621.10009765625,1685.72998046875
2013-08-01,,,,,1441.5,733.25,875.0,,,6682.0,1706.8699951171875
2013-08-02,,,,,1433.0,729.5,875.0,,,6647.89990234375,1709.6700439453125
2013-08-05,,,,,1449.0,733.0,862.5,,,6619.60009765625,1707.1400146484375
2013-08-06,,,,,1442.5,729.25,850.0,,,6604.2001953125,1697.3699951171875
2013-08-07,,,,,1425.5,723.0,850.0,,,6511.2001953125,1690.9100341796875
2013-08-08,,,,,1452.0,732.25,850.0,,,6529.7001953125,1697.47998046875
2013-08-09,,,,,1491.75,742.0,850.0,,,6583.39990234375,1691.4200439453125
2013-08-12,,,,,1510.5,746.75,850.0,,,6574.2998046875,1689.469970703125
2013-08-13,,,,,1502.25,738.5,843.75,,,6611.89990234375,1694.1600341796875
2013-08-14,,,,,1492.0,736.0,825.0,,,6587.39990234375,1685.3900146484375
2013-08-15,,,,,1514.75,748.25,825.0,,,6483.2998046875,1661.3199462890625
2013-08-16,,,,,1528.0,762.0,825.0,,,6500.0,1655.8299560546875
2013-08-19,,,,,1521.25,760.0,825.0,,,6465.7001953125,1646.06005859375
2013-08-20,,,,,1511.25,750.0,812.5,,,6453.5,1652.3499755859375
2013-08-21,,,,,1518.25,748.5,800.0,,,6390.7998046875,1642.800048828125
2013-08-22,,,,,1516.25,748.25,800.0,,,6446.89990234375,1656.9599609375
2013-08-23,,,,,1542.75,755.5,800.0,,,6492.10009765625,1663.5
2013-08-26,,,,,1543.0,754.5,800.0,,,6492.10009765625,1656.780029296875
2013-08-27,,,,,1551.5,751.5,800.0,,,6441.0,1630.47998046875
2013-08-28,,,,,1537.75,746.0,800.0,,,6430.10009765625,1634.9599609375
2013-08-29,,,,,1532.25,744.25,800.0,,,6483.10009765625,1638.1700439453125
2013-08-30,,,,,1519.75,736.5,800.0,,,6412.89990234375,1632.969970703125
2013-09-02,,,,,1529.0,727.3333,791.6667,,,6506.2001953125,1632.969970703125
2013-09-03,,,,,1527.0,721.75,775.0,,,6468.39990234375,1639.77001953125
2013-09-04,,,,,1528.5,715.25,775.0,,,6474.7001953125,1653.0799560546875
2013-09-05,,,,,1496.75,692.75,775.0,,,6532.39990234375,1655.0799560546875
2013-09-06,,,,,1490.5,690.75,768.75,,,6547.2998046875,1655.1700439453125
2013-09-09,,,,,1497.5,696.0,750.0,,,6530.7001953125,1671.7099609375
2013-09-10,,,,,1481.5,689.75,750.0,,,6584.0,1683.989990234375
2013-09-11,,,,,1480.75,699.0,750.0,,,6588.39990234375,1689.1300048828125
2013-09-12,,,,,1466.0,690.5,737.5,,,6589.0,1683.4200439453125
2013-09-13,,,,,1443.0,692.0,725.0,,,6583.7998046875,1687.989990234375
2013-09-16,,,,,1454.75,709.25,725.0,,,6622.89990234375,1697.5999755859375
2013-09-17,,,,,1440.5,708.0,712.5,,,6570.2001953125,1704.760009765625
2013-09-18,,,,,1420.5,701.25,700.0,,,6558.7998046875,1725.52001953125
2013-09-19,,,,,1472.25,722.5,700.0,,,6625.39990234375,1722.3399658203125
2013-09-20,,,,,1454.0,730.0,700.0,,,6596.39990234375,1709.9100341796875
2013-09-23,,,,,1430.25,716.5,700.0,,,6557.39990234375,1701.8399658203125
2013-09-24,,,,,1427.0,716.25,693.75,,,6571.5,1697.4200439453125
2013-09-25,,,,,1432.5,722.5,675.0,,,6551.5,1692.77001953125
2013-09-26,,,,,1426.75,723.0,675.0,,,6565.60009765625,1698.6700439453125
2013-09-27,,,,,1411.5,723.75,675.0,,,6512.7001953125,1691.75
2013-09-30,,,,,1418.5,729.75,675.0,,,6462.2001953125,1681.550048828125
2013-10-01,,,,,1395.0,724.0,675.0,,,6460.0,1695.0
2013-10-02,,,,,1386.25,718.0,662.5,,,6437.5,1693.8699951171875
2013-10-03,,,,,1389.0,716.25,650.0,,,6449.0,1678.6600341796875
2013-10-04,,,,,1382.5,704.75,643.75,,,6453.89990234375,1690.5
2013-10-07,,,,,1389.5,702.0,625.0,,,6437.2998046875,1676.1199951171875
2013-10-08,,,,,1404.75,707.75,625.0,,,6365.7998046875,1655.449951171875
2013-10-09,,,,,1397.75,710.5,612.5,,,6337.89990234375,1656.4000244140625
2013-10-10,,,,,1387.25,705.0,600.0,,,6430.5,1692.56005859375
2013-10-11,,,,,1384.25,710.75,600.0,,,6487.2001953125,1703.199951171875
2013-10-14,,,,,1380.5,716.0,587.5,,,6507.7001953125,1710.1400146484375
2013-10-15,,,,,1378.0,712.25,575.0,,,6549.10009765625,1698.06005859375
2013-10-16,,,,,1390.5,709.0,568.75,,,6571.60009765625,1721.5400390625
2013-10-17,,,,,1408.0,718.75,550.0,,,6576.2001953125,1733.1500244140625
2013-10-18,,,,,1440.0,740.0,550.0,,,6622.60009765625,1744.5
2013-10-21,,,,,1442.5,747.0,550.0,,,6654.2001953125,1744.6600341796875
2013-10-22,,,,,1437.0,749.5,550.0,,,6695.7001953125,1754.6700439453125
2013-10-23,,,,,1445.25,751.0,543.75,,,6674.5,1746.3800048828125
2013-10-24,,,,,1446.0,749.5,525.0,,,6713.2001953125,1752.0699462890625
2013-10-25,,,,,1446.5,743.0,512.5,,,6721.2998046875,1759.77001953125
2013-10-28,,,,,1457.25,744.0,500.0,,,6725.7998046875,1762.1099853515625
2013-10-29,,,,,1470.0,746.5,500.0,,,6774.7001953125,1771.949951171875
2013-10-30,,,,,1468.25,748.5,500.0,,,6777.7001953125,1763.31005859375
2013-10-31,,,,,1465.5,744.5,500.0,,,6731.39990234375,1756.5400390625
2013-11-01,,,,,1457.0,740.5,500.0,,,6734.7001953125,1761.6400146484375
2013-11-04,,,,,1455.5,743.25,487.5,,,6763.60009765625,1767.9300537109375
2013-11-05,,,,,1457.25,747.0,475.0,,,6746.7998046875,1762.969970703125
2013-11-06,,,,,1459.0,755.5,475.0,,,6741.7001953125,1770.489990234375
2013-11-07,,,,,1465.25,760.75,475.0,,,6697.2001953125,1747.1500244140625
2013-11-08,,,,,1458.25,761.5,475.0,,,6708.39990234375,1770.6099853515625
2013-11-11,,,,,1440.25,755.25,462.5,,,6728.39990234375,1771.8900146484375
2013-11-12,,,,,1436.75,751.75,450.0,,,6726.7998046875,1767.68994140625
2013-11-13,,,,,1435.5,741.0,450.0,,,6630.0,1782.0
2013-11-14,,,,,1448.25,738.0,450.0,,,6666.10009765625,1790.6199951171875
2013-11-15,,,,,1448.25,736.0,450.0,,,6693.39990234375,1798.1800537109375
2013-11-18,,,,,1438.25,729.0,450.0,,,6723.5,1791.530029296875
2013-11-19,,,,,1411.0,716.0,450.0,,,6698.0,1787.8699951171875
2013-11-20,,,,,1413.75,719.5,450.0,,,6681.10009765625,1781.3699951171875
2013-11-21,,,,,1397.5,714.0,437.5,,,6681.2998046875,1795.8499755859375
2013-11-22,,,,,1397.0,716.75,425.0,,,6674.2998046875,1804.760009765625
2013-11-25,,,,,1382.25,716.0,425.0,,,6694.60009765625,1802.47998046875
2013-11-26,,,,,1388.25,721.75,425.0,,,6636.2001953125,1802.75
2013-11-27,,,,,1377.25,720.75,425.0,,,6649.5,1807.22998046875
2013-11-28,,,,,1358.0,718.0,425.0,,,6654.5,1807.22998046875
2013-11-29,,,,,1372.0,723.0,425.0,,,6650.60009765625,1805.81005859375
2013-12-02,,,,,1368.25,720.0,410.0,,,6595.2998046875,1800.9000244140625
2013-12-03,,,,,1349.25,713.5,407.5,,,6532.39990234375,1795.1500244140625
2013-12-04,,,,,1358.25,716.5,400.0,,,6510.0,1792.81005859375
2013-12-05,,,,,1366.25,727.0,400.0,,,6498.2998046875,1785.030029296875
2013-12-06,,,,,1363.5,736.5,400.0,,,6552.0,1805.0899658203125
2013-12-09,,,,,1365.0,736.5,400.0,,,6559.5,1808.3699951171875
2013-12-10,,,,,1385.0,739.5,400.0,,,6523.2998046875,1802.6199951171875
2013-12-11,,,,,1391.25,738.5,400.0,,,6507.7001953125,1782.219970703125
2013-12-12,,,,,1383.5,734.5,400.0,,,6445.2998046875,1775.5
2013-12-13,,,,,1365.75,720.75,400.0,,,6440.0,1775.3199462890625
2013-12-16,,,,,1362.25,717.75,400.0,,,6522.2001953125,1786.5400390625
2013-12-17,,,,,1363.0,716.25,400.0,,,6486.2001953125,1781.0
2013-12-18,,,,,1354.5,703.75,400.0,,,6492.10009765625,1810.6500244140625
2013-12-19,,,,,1335.0,701.25,400.0,,,6584.7001953125,1809.5999755859373
2013-12-20,,,,,1324.25,698.5,400.0,,,6606.60009765625,1818.3199462890625
2013-12-23,,,,,1336.25,699.5,400.0,,,6678.60009765625,1827.989990234375
2013-12-24,,,,,1330.0,698.0,400.0,,,6694.2001953125,1833.3199462890625
2013-12-26,,,,,1368.0,703.0,400.0,,,6694.2001953125,1842.02001953125
2013-12-27,,,,,1366.25,703.5,400.0,,,6750.89990234375,1841.4000244140625
2013-12-30,,,,,1369.25,715.75,400.0,,,6731.2998046875,1841.0699462890625
2013-12-31,,,,,1361.0,712.0,400.0,,,6749.10009765625,1848.3599853515625
2014-01-02,,,,,1389.5,723.75,400.0,,,6717.89990234375,1831.97998046875
2014-01-03,,,,,1409.25,733.0,400.0,,,6730.7001953125,1831.3699951171875
2014-01-06,,,,,1409.0,734.25,400.0,,,6730.7001953125,1826.77001953125
2014-01-07,,,,,1417.0,739.0,400.0,,,6755.5,1837.8800048828125
2014-01-08,,,,,1413.0,739.0,400.0,,,6721.7998046875,1837.489990234375
2014-01-09,,,,,1419.0,740.0,400.0,,,6691.2998046875,1838.1300048828125
2014-01-10,,,,,1426.25,741.5,400.0,,,6739.89990234375,1842.3699951171875
2014-01-13,,,,,1441.5,746.0,410.0,,,6757.2001953125,1819.199951171875
2014-01-14,,,,,1443.0,742.75,420.0,,,6766.89990234375,1838.8800048828125
2014-01-15,,,,,1425.75,737.5,420.0,,,6819.89990234375,1848.3800048828125
2014-01-16,,,,,1431.5,744.0,420.0,,,6815.39990234375,1845.8900146484373
2014-01-17,,,,,1439.75,746.0,420.0,,,6829.2998046875,1838.699951171875
2014-01-20,,,,,1467.5,752.0,420.0,,,6836.7001953125,1838.699951171875
2014-01-21,,,,,1459.25,748.25,420.0,,,6834.2998046875,1843.800048828125
2014-01-22,,,,,1460.5,749.25,420.0,,,6826.2998046875,1844.8599853515625
2014-01-23,,,,,1455.75,749.0,420.0,,,6773.2998046875,1828.4599609375
2014-01-24,,,,,1452.75,748.0,420.0,,,6663.7001953125,1790.2900390625
2014-01-27,,,,,1433.75,736.75,422.5,,,6550.7001953125,1781.56005859375
2014-01-28,,,,,1422.75,725.75,430.0,,,6572.2998046875,1792.5
2014-01-29,,,,,1413.0,719.0,430.0,,,6544.2998046875,1774.199951171875
2014-01-30,,,,,1404.75,718.75,432.5,,,6538.5,1794.18994140625
2014-01-31,,,,,1385.0,710.0,440.0,,,6510.39990234375,1782.5899658203125
2014-02-03,,,,,1391.0,712.0,440.0,,,6465.7001953125,1741.8900146484375
2014-02-04,,,,,1384.75,706.5,440.0,,,6449.2998046875,1755.199951171875
2014-02-05,,,,,1382.75,709.75,440.0,,,6457.89990234375,1751.6400146484375
2014-02-06,,,,,1385.25,714.0,440.0,,,6558.2998046875,1773.4300537109375
2014-02-07,,,,,1386.5,716.5,445.0,,,6571.7001953125,1797.02001953125
2014-02-10,,,,,1390.25,718.25,452.5,,,6591.60009765625,1799.8399658203125
2014-02-11,,,,,1394.0,723.5,460.0,,,6672.7001953125,1819.75
2014-02-12,,,,,1397.75,724.5,460.0,,,6675.0,1819.260009765625
2014-02-13,,,,,1404.75,731.5,460.0,,,6659.39990234375,1829.8299560546875
2014-02-14,,,,,1425.5,737.75,460.0,,,6663.60009765625,1838.6300048828125
2014-02-17,,,,,1433.5,743.25,475.0,,,6736.0,1838.6300048828125
2014-02-18,,,,,1427.75,741.0,475.0,,,6796.39990234375,1840.760009765625
2014-02-19,,,,,1424.0,740.5,480.0,,,6796.7001953125,1828.75
2014-02-20,,,,,1417.25,736.25,485.0,,,6813.0,1839.780029296875
2014-02-21,,,,,1423.75,740.25,485.0,,,6838.10009765625,1836.25
2014-02-24,,,,,1432.75,742.5,485.0,,,6865.89990234375,1847.6099853515625
2014-02-25,,,,,1439.0,742.75,485.0,,,6830.5,1845.1199951171875
2014-02-26,,,,,1441.25,738.5,490.0,,,6799.2001953125,1845.1600341796875
2014-02-27,,,,,1437.5,739.25,495.0,,,6810.2998046875,1854.2900390625
2014-02-28,,,,,1454.75,747.75,495.0,,,6809.7001953125,1859.449951171875
2014-03-03,,,,,1458.5,750.25,510.0,,,6708.39990234375,1845.72998046875
2014-03-04,,,,,1456.5,755.5,510.0,,,6823.7998046875,1873.9100341796875
2014-03-05,,,,,1469.75,774.5,510.0,,,6775.39990234375,1873.81005859375
2014-03-06,,,,,1483.25,781.0,513.75,,,6788.5,1877.030029296875
2014-03-07,,,,,1484.75,784.0,525.0,,,6712.7001953125,1878.0400390625
2014-03-10,,,,,1477.25,782.0,528.75,,,6689.5,1877.1700439453125
2014-03-11,,,,,1483.5,782.5,540.0,,,6685.5,1867.6300048828125
2014-03-12,,,,,1473.5,775.0,540.0,,,6620.89990234375,1868.199951171875
2014-03-13,,,,,1479.25,781.5,540.0,,,6553.7998046875,1846.3399658203125
2014-03-14,,,,,1482.25,785.5,540.0,,,6527.89990234375,1841.1300048828125
2014-03-17,,,,,1481.25,782.75,545.0,,,6568.39990234375,1858.8299560546875
2014-03-18,,,,,1464.5,776.5,550.0,,,6605.2998046875,1872.25
2014-03-19,,,,,1466.25,778.0,550.0,,,6573.10009765625,1860.77001953125
2014-03-20,,,,,1449.75,768.75,550.0,,,6542.39990234375,1872.010009765625
2014-03-21,,,,,1443.75,786.5,552.5,,,6557.2001953125,1866.52001953125
2014-03-24,,,,,1446.0,807.0,560.0,,,6520.39990234375,1857.43994140625
2014-03-25,,,,,1438.5,801.75,560.0,,,6604.89990234375,1865.6199951171875
2014-03-26,,,,,1428.0,796.5,560.0,,,6605.2998046875,1852.56005859375
2014-03-27,,,,,1417.25,785.0,560.0,,,6588.2998046875,1849.0400390625
2014-03-28,,,,,1409.75,775.25,560.0,,,6615.60009765625,1857.6199951171875
2014-03-31,,,,,1423.75,786.75,560.0,,,6598.39990234375,1872.3399658203125
2014-04-01,,,,,1427.25,786.5,560.0,,,6652.60009765625,1885.52001953125
2014-04-02,,,,,1436.25,793.5,560.0,,,6659.0,1890.9000244140625
2014-04-03,,,,,1445.0,800.0,560.0,,,6649.10009765625,1888.77001953125
2014-04-04,,,,,1446.5,799.0,565.0,,,6695.60009765625,1865.0899658203125
2014-04-07,,,,,1446.5,798.75,580.0,,,6622.7998046875,1845.0400390625
2014-04-08,,,,,1440.25,785.75,580.0,,,6590.7001953125,1851.9599609375
2014-04-09,,,,,1448.75,790.0,580.0,,,6635.60009765625,1872.1800537109373
2014-04-10,,,,,1455.0,795.5,580.0,,,6642.0,1833.0799560546875
2014-04-11,,,,,1462.25,802.0,580.0,,,6561.7001953125,1815.68994140625
2014-04-14,,,,,1471.5,825.25,580.0,,,6583.7998046875,1830.6099853515625
2014-04-15,,,,,1457.0,810.5,580.0,,,6541.60009765625,1842.97998046875
2014-04-16,,,,,1445.5,808.75,580.0,,,6584.2001953125,1862.31005859375
2014-04-17,,,,,1444.25,815.25,580.0,,,6625.2998046875,1864.8499755859373
2014-04-21,,,,,1412.0,803.0,580.0,,,6625.2998046875,1871.8900146484373
2014-04-22,,,,,1411.75,795.0,580.0,,,6681.7998046875,1879.550048828125
2014-04-23,,,,,1408.25,799.25,580.0,,,6674.7001953125,1875.3900146484373
2014-04-24,,,,,1407.0,800.25,580.0,,,6703.0,1878.6099853515625
2014-04-25,,,,,1419.0,815.5,580.0,,,6685.7001953125,1863.4000244140625
2014-04-28,,,,,1431.75,822.0,580.0,,,6700.2001953125,1869.4300537109373
2014-04-29,,,,,1423.0,810.5,580.0,,,6769.89990234375,1878.3299560546875
2014-04-30,,,,,1428.25,813.5,580.0,,,6780.0,1883.949951171875
2014-05-01,,,,,1420.5,824.0,580.0,,,6808.89990234375,1883.6800537109373
2014-05-02,,,,,1426.0,824.75,580.0,,,6822.39990234375,1881.1400146484373
2014-05-05,,,,,1450.3333,825.6667,580.0,,,6822.39990234375,1884.6600341796875
2014-05-06,,,,,1457.0,827.0,580.0,,,6798.60009765625,1867.719970703125
2014-05-07,,,,,1457.0,825.75,580.0,,,6796.39990234375,1878.2099609375
2014-05-08,,,,,1441.5,812.25,580.0,,,6839.2998046875,1875.6300048828125
2014-05-09,,,,,1438.75,815.0,580.0,,,6814.60009765625,1878.47998046875
2014-05-12,,,,,1436.25,814.5,580.0,,,6851.7998046875,1896.6500244140625
2014-05-13,,,,,1445.5,818.25,580.0,,,6873.10009765625,1897.449951171875
2014-05-14,,,,,1465.25,829.0,580.0,,,6878.5,1888.530029296875
2014-05-15,,,,,1477.75,834.75,580.0,,,6840.89990234375,1870.8499755859373
2014-05-16,,,,,1471.75,824.0,580.0,,,6855.7998046875,1877.8599853515625
2014-05-19,,,,,1478.5,830.25,580.0,,,6844.60009765625,1885.0799560546875
2014-05-20,,,,,1474.0,829.25,580.0,,,6802.0,1872.8299560546875
2014-05-21,,,,,1478.75,838.5,580.0,,,6821.0,1888.030029296875
2014-05-22,,,,,1484.0,841.75,580.0,,,6820.60009765625,1892.489990234375
2014-05-23,,,,,1490.25,845.25,580.0,,,6815.7998046875,1900.530029296875
2014-05-26,,,,,1483.0,840.0,580.0,,,6815.7998046875,1900.530029296875
2014-05-27,,,,,1479.5,845.25,580.0,,,6844.89990234375,1911.9100341796875
2014-05-28,,,,,1465.75,845.75,580.0,,,6851.2001953125,1909.780029296875
2014-05-29,,,,,1459.25,847.75,580.0,,,6871.2998046875,1920.030029296875
2014-05-30,,,,,1467.75,846.0,582.5,,,6844.5,1923.5699462890625
2014-06-02,,,,,1443.0,840.0,590.0,,,6864.10009765625,1924.969970703125
2014-06-03,,,,,1439.25,843.0,595.0,,,6836.2998046875,1924.239990234375
2014-06-04,,,,,1431.5,846.0,600.0,,,6818.60009765625,1927.8800048828125
2014-06-05,,,,,1437.25,847.0,600.0,,,6813.5,1940.4599609375
2014-06-06,,,,,1452.75,850.25,600.0,,,6858.2001953125,1949.43994140625
2014-06-09,,,,,1455.5,855.75,600.0,,,6875.0,1951.27001953125
2014-06-10,,,,,1465.25,856.5,600.0,,,6873.60009765625,1950.7900390625
2014-06-11,,,,,1481.75,864.0,600.0,,,6838.89990234375,1943.8900146484373
2014-06-12,,,,,1471.75,863.0,600.0,,,6843.10009765625,1930.1099853515625
2014-06-13,,,,,1450.0,834.75,600.0,,,6777.89990234375,1936.1600341796875
2014-06-16,,,,,1445.5,827.5,600.0,,,6754.60009765625,1937.780029296875
2014-06-17,,,,,1439.0,825.25,600.0,,,6766.7998046875,1941.989990234375
2014-06-18,,,,,1449.0,831.5,600.0,,,6778.60009765625,1956.97998046875
2014-06-19,,,,,1461.0,838.0,600.0,,,6808.10009765625,1959.47998046875
2014-06-20,,,,,1466.0,840.5,600.0,,,6825.2001953125,1962.8699951171875
2014-06-23,,,,,1454.25,827.5,600.0,,,6800.60009765625,1962.6099853515625
2014-06-24,,,,,1466.75,836.0,600.0,,,6787.10009765625,1949.97998046875
2014-06-25,,,,,1466.25,835.75,600.0,,,6733.60009765625,1959.530029296875
2014-06-26,,,,,1469.5,840.0,600.0,,,6735.10009765625,1957.219970703125
2014-06-27,,,,,1477.0,849.0,600.0,,,6757.7998046875,1960.9599609375
2014-06-30,,,,,1485.0,853.0,600.0,,,6743.89990234375,1960.22998046875
2014-07-01,,,,,1498.5,856.5,600.0,,,6802.89990234375,1973.3199462890625
2014-07-02,,,,,1511.0,863.5,605.0,,,6816.39990234375,1974.6199951171875
2014-07-03,,,,,1504.5,865.0,620.0,,,6865.2001953125,1985.43994140625
2014-07-04,,,,,1502.6667,867.6667,620.0,,,6866.10009765625,1985.43994140625
2014-07-07,,,,,1505.0,875.0,620.0,,,6823.5,1977.6500244140625
2014-07-08,,,,,1497.0,877.75,620.0,,,6738.5,1963.7099609375
2014-07-09,,,,,1504.75,883.25,620.0,,,6718.0,1972.8299560546875
2014-07-10,,,,,1515.25,882.5,620.0,,,6672.39990234375,1964.6800537109373
2014-07-11,,,,,1513.75,879.5,620.0,,,6690.2001953125,1967.5699462890625
2014-07-14,,,,,1506.5,881.0,620.0,,,6746.10009765625,1977.0999755859373
2014-07-15,,,,,1501.0,881.0,620.0,,,6710.5,1973.280029296875
2014-07-16,,,,,1486.0,878.5,620.0,,,6784.7001953125,1981.5699462890625
2014-07-17,,,,,1497.25,890.0,620.0,,,6738.2998046875,1958.1199951171875
2014-07-18,,,,,1501.0,891.75,620.0,,,6749.5,1978.219970703125
2014-07-21,,,,,1496.5,891.5,620.0,,,6728.39990234375,1973.6300048828125
2014-07-22,,,,,1490.25,881.5,620.0,,,6795.2998046875,1983.530029296875
2014-07-23,,,,,1490.0,883.5,620.0,,,6798.2001953125,1987.010009765625
2014-07-24,,,,,1479.5,879.5,620.0,,,6821.5,1987.97998046875
2014-07-25,,,,,1475.75,882.75,620.0,,,6791.60009765625,1978.3399658203125
2014-07-28,,,,,1486.0,890.25,620.0,,,6788.10009765625,1978.9100341796875
2014-07-29,,,,,1490.0,891.0,620.0,,,6807.7998046875,1969.949951171875
2014-07-30,,,,,1484.75,890.0,620.0,,,6773.39990234375,1970.0699462890625
2014-07-31,,,,,1480.0,891.0,620.0,,,6730.10009765625,1930.6700439453125
2014-08-01,,,,,1469.75,884.0,620.0,,,6679.2001953125,1925.1500244140625
2014-08-04,,,,,1467.75,874.5,620.0,,,6677.5,1938.989990234375
2014-08-05,,,,,1464.25,861.25,630.0,,,6682.5,1920.2099609375
2014-08-06,,,,,1460.5,855.0,630.0,,,6636.2001953125,1920.239990234375
2014-08-07,,,,,1470.5,860.25,630.0,,,6597.39990234375,1909.5699462890625
2014-08-08,,,,,1482.0,864.0,630.0,,,6567.39990234375,1931.5899658203125
2014-08-11,,,,,1475.0,866.25,630.0,,,6632.7998046875,1936.9200439453125
2014-08-12,,,,,1474.5,882.5,630.0,,,6632.39990234375,1933.75
2014-08-13,,,,,1472.25,884.5,630.0,,,6656.7001953125,1946.719970703125
2014-08-14,,,,,1472.0,886.75,630.0,,,6685.2998046875,1955.1800537109373
2014-08-15,,,,,1462.75,888.75,630.0,,,6689.10009765625,1955.06005859375
2014-08-18,,,,,1455.75,901.5,630.0,,,6741.2998046875,1971.739990234375
2014-08-19,,,,,1448.75,901.0,630.0,,,6779.2998046875,1981.5999755859373
2014-08-20,,,,,1438.75,882.75,630.0,,,6755.5,1986.510009765625
2014-08-21,,,,,1427.25,874.75,630.0,,,6777.7001953125,1992.3699951171875
2014-08-22,,,,,1425.25,888.5,630.0,,,6775.2998046875,1988.4000244140625
2014-08-25,,,,,1423.6667,891.0,630.0,,,6775.2998046875,1997.9200439453125
2014-08-26,,,,,1424.0,895.0,630.0,,,6822.7998046875,2000.02001953125
2014-08-27,,,,,1424.0,895.25,630.0,,,6830.7001953125,2000.1199951171875
2014-08-28,,,,,1427.25,900.5,630.0,,,6805.7998046875,1996.739990234375
2014-08-29,,,,,1428.0,903.0,630.0,,,6819.7998046875,2003.3699951171875
2014-09-01,,,,,1428.3333,914.0,630.0,,,6825.2998046875,2003.3699951171875
2014-09-02,,,,,1423.5,907.5,630.0,,,6829.2001953125,2002.280029296875
2014-09-03,,,,,1414.0,887.25,630.0,,,6873.60009765625,2000.719970703125
2014-09-04,,,,,1415.0,886.25,630.0,,,6878.0,1997.6500244140625
2014-09-05,,,,,1408.75,893.0,630.0,,,6855.10009765625,2007.7099609375
2014-09-08,,,,,1411.75,894.5,627.5,,,6834.7998046875,2001.5400390625
2014-09-09,,,,,1397.0,887.5,620.0,,,6829.0,1988.43994140625
2014-09-10,,,,,1389.5,865.0,617.5,,,6830.10009765625,1995.68994140625
2014-09-11,,,,,1382.0,855.5,610.0,,,6799.60009765625,1997.449951171875
2014-09-12,,,,,1366.75,836.0,610.0,,,6807.0,1985.5400390625
2014-09-15,,,,,1372.0,846.75,610.0,,,6804.2001953125,1984.1300048828125
2014-09-16,,,,,1369.5,844.5,610.0,,,6792.2001953125,1998.97998046875
2014-09-17,,,,,1369.75,847.25,610.0,,,6780.89990234375,2001.5699462890625
2014-09-18,,,,,1351.25,834.0,610.0,,,6819.2998046875,2011.3599853515625
2014-09-19,,,,,1350.5,832.5,610.0,,,6837.89990234375,2010.4000244140625
2014-09-22,,,,,1335.0,814.5,610.0,,,6773.60009765625,1994.2900390625
2014-09-23,,,,,1337.25,812.0,607.5,,,6676.10009765625,1982.77001953125
2014-09-24,,,,,1335.5,823.75,600.0,,,6706.2998046875,1998.300048828125
2014-09-25,,,,,1309.5,810.25,600.0,,,6639.7001953125,1965.989990234375
2014-09-26,,,,,1316.75,809.75,600.0,,,6649.39990234375,1982.8499755859373
2014-09-29,,,,,1306.0,790.75,600.0,,,6646.60009765625,1977.800048828125
2014-09-30,,,,,1310.25,792.25,600.0,,,6622.7001953125,1972.2900390625
2014-10-01,,,,,1283.0,776.5,600.0,,,6557.5,1946.1600341796875
2014-10-02,,,,,1282.0,783.5,600.0,,,6446.39990234375,1946.1700439453125
2014-10-03,,,,,1255.0,773.0,600.0,,,6527.89990234375,1967.9000244140625
2014-10-06,,,,,1213.5,752.5,600.0,,,6563.7001953125,1964.8199462890625
2014-10-07,,,,,1260.25,779.75,600.0,,,6495.60009765625,1935.0999755859373
2014-10-08,,,,,1274.75,797.0,600.0,,,6482.2001953125,1968.8900146484373
2014-10-09,,,,,1284.25,808.75,600.0,,,6431.89990234375,1928.2099609375
2014-10-10,,,,,1265.5,794.25,590.0,,,6340.0,1906.1300048828125
2014-10-13,,,,,1269.0,793.0,580.0,,,6366.2001953125,1874.739990234375
2014-10-14,,,,,1275.75,797.0,580.0,,,6392.7001953125,1877.699951171875
2014-10-15,,,,,1262.0,789.5,580.0,,,6211.60009765625,1862.489990234375
2014-10-16,,,,,1255.0,763.5,580.0,,,6195.89990234375,1862.760009765625
2014-10-17,,,,,1262.25,755.75,580.0,,,6310.2998046875,1886.760009765625
2014-10-20,,,,,1272.0,763.75,580.0,,,6267.10009765625,1904.010009765625
2014-10-21,,,,,1276.75,770.75,580.0,,,6372.2998046875,1941.280029296875
2014-10-22,,,,,1281.25,781.0,580.0,,,6399.7001953125,1927.1099853515625
2014-10-23,,,,,1265.25,776.0,580.0,,,6419.2001953125,1950.8199462890625
2014-10-24,,,,,1260.75,788.75,580.0,,,6388.7001953125,1964.5799560546875
2014-10-27,,,,,1257.0,787.5,580.0,,,6363.5,1961.6300048828125
2014-10-28,,,,,1263.25,792.0,570.0,,,6402.2001953125,1985.050048828125
2014-10-29,,,,,1274.25,801.75,560.0,,,6453.89990234375,1982.300048828125
2014-10-30,,,,,1257.5,795.0,560.0,,,6463.60009765625,1994.6500244140625
2014-10-31,,,,,1240.0,787.0,560.0,,,6546.5,2018.050048828125
2014-11-03,,,,,1237.75,803.0,557.5,,,6488.0,2017.81005859375
2014-11-04,,,,,1231.25,804.75,550.0,,,6454.0,2012.0999755859373
2014-11-05,,,,,1214.0,775.5,547.5,,,6539.10009765625,2023.5699462890625
2014-11-06,,,,,1211.75,764.25,540.0,,,6551.2001953125,2031.2099609375
2014-11-07,,,,,1201.5,760.0,540.0,,,6567.2001953125,2031.9200439453125
2014-11-10,,,,,1216.75,776.25,540.0,,,6611.2998046875,2038.260009765625
2014-11-11,,,,,1203.75,769.0,540.0,,,6627.39990234375,2039.6800537109373
2014-11-12,,,,,1209.5,779.0,535.0,,,6611.0,2038.25
2014-11-13,,,,,1206.75,780.0,520.0,,,6635.5,2039.3299560546875
2014-11-14,,,,,1194.25,769.5,520.0,,,6654.39990234375,2039.8199462890625
2014-11-17,,,,,1210.75,773.75,520.0,,,6672.0,2041.3199462890625
2014-11-18,,,,,1210.0,776.75,520.0,,,6709.10009765625,2051.800048828125
2014-11-19,,,,,1210.5,779.0,515.0,,,6696.60009765625,2048.719970703125
2014-11-20,,,,,1202.0,772.5,500.0,,,6678.89990234375,2052.75
2014-11-21,,,,,1224.0,783.0,500.0,,,6750.7998046875,2063.5
2014-11-24,,,,,1230.0,796.5,500.0,,,6729.7998046875,2069.409912109375
2014-11-25,,,,,1221.0,799.75,500.0,,,6731.10009765625,2067.030029296875
2014-11-26,,,,,1230.75,802.75,500.0,,,6729.2001953125,2072.830078125
2014-11-27,,,,,1231.6667,806.3333,500.0,,,6723.39990234375,2072.830078125
2014-11-28,,,,,1222.0,810.0,500.0,,,6722.60009765625,2067.56005859375
2014-12-01,,,,,1205.25,806.0,500.0,,,6656.39990234375,2053.43994140625
2014-12-02,,,,,1231.75,808.75,500.0,,,6742.10009765625,2066.550048828125
2014-12-03,,,,,1227.75,810.75,500.0,,,6716.60009765625,2074.330078125
2014-12-04,,,,,1237.0,803.75,500.0,,,6679.39990234375,2071.919921875
2014-12-05,,,,,1241.75,806.25,500.0,,,6742.7998046875,2075.3701171875
2014-12-08,,,,,1235.5,809.0,500.0,,,6672.2001953125,2060.31005859375
2014-12-09,,,,,1240.25,807.0,500.0,,,6529.5,2059.820068359375
2014-12-10,,,,,1255.0,818.25,510.0,,,6500.0,2026.1400146484373
2014-12-11,,,,,1249.75,823.0,520.0,,,6461.7001953125,2035.3299560546875
2014-12-12,,,,,1243.0,823.0,520.0,,,6300.60009765625,2002.3299560546875
2014-12-15,,,,,1230.0,816.5,520.0,,,6182.7001953125,1989.6300048828125
2014-12-16,,,,,1217.25,804.25,520.0,,,6331.7998046875,1972.739990234375
2014-12-17,,,,,1210.5,791.75,520.0,,,6336.5,2012.8900146484373
2014-12-18,,,,,1210.0,790.75,520.0,,,6466.0,2061.22998046875
2014-12-19,,,,,1206.5,797.75,520.0,,,6545.2998046875,2070.64990234375
2014-12-22,,,,,1204.25,812.75,520.0,,,6576.7001953125,2078.5400390625
2014-12-23,,,,,1191.25,817.0,520.0,,,6598.2001953125,2082.169921875
2014-12-24,,,,,1196.75,818.75,520.0,,,6609.89990234375,2081.8798828125
2014-12-26,,,,,1220.0,819.0,520.0,,,6609.89990234375,2088.77001953125
2014-12-29,,,,,1222.5,823.0,525.0,,,6633.5,2090.570068359375
2014-12-30,,,,,1213.5,816.75,540.0,,,6547.0,2080.35009765625
2014-12-31,,,,,1220.75,810.25,540.0,,,6566.10009765625,2058.89990234375
2015-01-02,,,,,1211.25,800.5,540.0,,,6547.7998046875,2058.199951171875
2015-01-05,,,,,1216.0,804.0,540.0,,,6417.2001953125,2020.5799560546875
2015-01-06,,,,,1220.0,802.75,540.0,,,6366.5,2002.6099853515625
2015-01-07,,,,,1223.75,804.75,540.0,,,6419.7998046875,2025.9000244140625
2015-01-08,,,,,1226.0,795.0,540.0,,,6570.0,2062.139892578125
2015-01-09,,,,,1227.25,798.75,540.0,,,6501.10009765625,2044.81005859375
2015-01-12,,,,,1237.0,807.5,540.0,,,6501.39990234375,2028.260009765625
2015-01-13,,,,,1249.0,815.5,540.0,,,6542.2001953125,2023.030029296875
2015-01-14,,,,,1243.75,806.25,540.0,,,6388.5,2011.27001953125
2015-01-15,,,,,1244.0,785.25,540.0,,,6498.7998046875,1992.6700439453125
2015-01-16,,,,,1262.75,770.5,545.0,,,6550.2998046875,2019.4200439453125
2015-01-19,,,,,1271.25,762.0,550.0,,,6585.5,2019.4200439453125
2015-01-20,,,,,1271.5,773.0,550.0,,,6620.10009765625,2022.550048828125
2015-01-21,,,,,1287.0,783.5,550.0,,,6728.0,2032.1199951171875
2015-01-22,,,,,1281.75,772.25,550.0,,,6796.60009765625,2063.14990234375
2015-01-23,,,,,1281.25,776.0,550.0,,,6832.7998046875,2051.820068359375
2015-01-26,,,,,1266.75,774.25,550.0,,,6852.39990234375,2057.090087890625
2015-01-27,,,,,1260.0,782.25,550.0,,,6811.60009765625,2029.550048828125
2015-01-28,,,,,1265.75,786.75,550.0,,,6825.89990234375,2002.1600341796875
2015-01-29,,,,,1252.75,797.0,550.0,,,6810.60009765625,2021.25
2015-01-30,,,,,1231.75,782.75,555.0,,,6749.39990234375,1994.989990234375
2015-02-02,,,,,1237.75,778.5,570.0,,,6782.60009765625,2020.8499755859373
2015-02-03,,,,,1237.5,795.75,570.0,,,6871.7998046875,2050.030029296875
2015-02-04,,,,,1241.25,794.0,570.0,,,6860.0,2041.510009765625
2015-02-05,,,,,1244.25,797.0,570.0,,,6865.89990234375,2062.52001953125
2015-02-06,,,,,1252.0,796.5,570.0,,,6853.39990234375,2055.469970703125
2015-02-09,,,,,1230.0,788.25,570.0,,,6837.2001953125,2046.739990234375
2015-02-10,,,,,1225.75,786.0,570.0,,,6829.10009765625,2068.590087890625
2015-02-11,,,,,1213.75,777.0,570.0,,,6818.2001953125,2068.530029296875
2015-02-12,,,,,1204.75,776.0,570.0,,,6828.10009765625,2088.47998046875
2015-02-13,,,,,1209.75,782.75,570.0,,,6873.5,2096.989990234375
2015-02-16,,,,,1217.75,794.75,572.5,,,6857.10009765625,2096.989990234375
2015-02-17,,,,,1203.5,789.5,580.0,,,6898.10009765625,2100.340087890625
2015-02-18,,,,,1180.5,785.75,580.0,,,6898.10009765625,2099.679931640625
2015-02-19,,,,,1177.5,783.0,580.0,,,6888.89990234375,2097.449951171875
2015-02-20,,,,,1166.0,786.0,580.0,,,6915.2001953125,2110.300048828125
2015-02-23,,,,,1167.0,785.75,580.0,,,6912.2001953125,2109.659912109375
2015-02-24,,,,,1167.75,790.75,580.0,,,6949.60009765625,2115.47998046875
2015-02-25,,,,,1178.0,805.5,580.0,,,6935.39990234375,2113.860107421875
2015-02-26,,,,,1184.5,817.5,580.0,,,6949.7001953125,2110.739990234375
2015-02-27,,,,,1181.75,815.5,580.0,,,6946.7001953125,2104.5
2015-03-02,,,,,1191.25,823.25,580.0,,,6940.60009765625,2117.389892578125
2015-03-03,,,,,1193.25,833.0,580.0,,,6889.10009765625,2107.780029296875
2015-03-04,,,,,1189.75,832.75,580.0,,,6919.2001953125,2098.530029296875
2015-03-05,,,,,1189.25,834.5,580.0,,,6961.10009765625,2101.0400390625
2015-03-06,,,,,1180.5,829.5,580.0,,,6911.7998046875,2071.260009765625
2015-03-09,,,,,1159.75,827.25,580.0,,,6876.5,2079.429931640625
2015-03-10,,,,,1145.0,818.25,580.0,,,6702.7998046875,2044.1600341796875
2015-03-11,,,,,1134.0,806.5,580.0,,,6721.5,2040.239990234375
2015-03-12,,,,,1128.5,796.75,580.0,,,6761.10009765625,2065.949951171875
2015-03-13,,,,,1126.0,797.5,580.0,,,6740.60009765625,2053.39990234375
2015-03-16,,,,,1122.0,793.75,580.0,,,6804.10009765625,2081.18994140625
2015-03-17,,,,,1105.0,778.5,580.0,,,6837.60009765625,2074.280029296875
2015-03-18,,,,,1098.5,767.0,580.0,,,6945.2001953125,2099.5
2015-03-19,,,,,1128.0,782.0,580.0,,,6962.2998046875,2089.27001953125
2015-03-20,,,,,1128.5,774.0,580.0,,,7022.5,2108.10009765625
2015-03-23,,,,,1144.0,780.5,580.0,,,7037.7001953125,2104.419921875
2015-03-24,,,,,1146.5,776.75,580.0,,,7019.7001953125,2091.5
2015-03-25,,,,,1147.0,769.25,580.0,,,6991.0,2061.050048828125
2015-03-26,,,,,1156.5,773.0,580.0,,,6895.2998046875,2056.14990234375
2015-03-27,,,,,1152.5,767.75,580.0,,,6855.0,2061.02001953125
2015-03-30,,,,,1134.75,741.5,580.0,,,6891.39990234375,2086.239990234375
2015-03-31,,,,,1127.25,737.0,580.0,,,6773.0,2067.889892578125
2015-04-01,,,,,1146.5,742.5,580.0,,,6809.5,2059.68994140625
2015-04-02,,,,,1163.75,753.75,580.0,,,6833.5,2066.9599609375
2015-04-06,,,,,1184.0,776.0,580.0,,,6833.5,2080.6201171875
2015-04-07,,,,,1175.5,780.5,580.0,,,6961.7998046875,2076.330078125
2015-04-08,,,,,1176.75,773.0,580.0,,,6937.39990234375,2081.89990234375
2015-04-09,,,,,1163.75,760.25,580.0,,,7015.39990234375,2091.179931640625
2015-04-10,,,,,1168.5,772.0,580.0,,,7089.7998046875,2102.06005859375
2015-04-13,,,,,1168.5,783.0,580.0,,,7064.2998046875,2092.429931640625
2015-04-14,,,,,1156.5,770.0,580.0,,,7075.2998046875,2095.840087890625
2015-04-15,,,,,1157.25,768.5,580.0,,,7096.7998046875,2106.6298828125
2015-04-16,,,,,1171.75,776.0,580.0,,,7060.5,2104.989990234375
2015-04-17,,,,,1167.5,784.25,580.0,,,6994.60009765625,2081.179931640625
2015-04-20,,,,,1167.0,781.75,580.0,,,7052.10009765625,2100.39990234375
2015-04-21,,,,,1153.5,777.5,580.0,,,7062.89990234375,2097.2900390625
2015-04-22,,,,,1148.5,771.5,580.0,,,7028.2001953125,2107.9599609375
2015-04-23,,,,,1134.5,762.5,580.0,,,7053.7001953125,2112.929931640625
2015-04-24,,,,,1138.25,776.75,580.0,,,7070.7001953125,2117.68994140625
2015-04-27,,,,,1129.0,778.25,580.0,,,7104.0,2108.919921875
2015-04-28,,,,,1145.75,780.0,580.0,,,7030.5,2114.760009765625
2015-04-29,,,,,1161.0,779.75,580.0,,,6946.2998046875,2106.85009765625
2015-04-30,,,,,1153.0,785.25,580.0,,,6960.60009765625,2085.510009765625
2015-05-01,,,,,1140.0,779.5,580.0,,,6986.0,2108.2900390625
2015-05-04,,,,,1138.75,779.0,580.0,,,6986.0,2114.489990234375
2015-05-05,,,,,1153.5,787.5,580.0,,,6927.60009765625,2089.4599609375
2015-05-06,,,,,1151.0,798.5,580.0,,,6933.7001953125,2080.14990234375
2015-05-07,,,,,1143.25,795.0,580.0,,,6887.0,2088.0
2015-05-08,,,,,1140.25,791.5,580.0,,,7046.7998046875,2116.10009765625
2015-05-11,,,,,1142.25,797.5,580.0,,,7029.89990234375,2105.330078125
2015-05-12,,,,,1134.25,787.0,580.0,,,6933.7998046875,2099.1201171875
2015-05-13,,,,,1140.25,791.0,580.0,,,6949.60009765625,2098.47998046875
2015-05-14,,,,,1155.5,789.5,580.0,,,6973.0,2121.10009765625
2015-05-15,,,,,1163.75,787.5,580.0,,,6960.5,2122.72998046875
2015-05-18,,,,,1173.0,797.75,580.0,,,6968.89990234375,2129.199951171875
2015-05-19,,,,,1169.75,787.5,580.0,,,6995.10009765625,2127.830078125
2015-05-20,,,,,1157.5,784.5,580.0,,,7007.2998046875,2125.85009765625
2015-05-21,,,,,1158.0,780.75,580.0,,,7013.5,2130.820068359375
2015-05-22,,,,,1158.0,783.25,580.0,,,7031.7001953125,2126.06005859375
2015-05-26,,,,,1143.5,788.75,580.0,,,6949.0,2104.199951171875
2015-05-27,,,,,1131.0,789.5,580.0,,,7033.2998046875,2123.47998046875
2015-05-28,,,,,1124.75,790.75,580.0,,,7040.89990234375,2120.7900390625
2015-05-29,,,,,1122.5,788.0,580.0,,,6984.39990234375,2107.389892578125
2015-06-01,,,,,1115.0,781.5,580.0,,,6953.60009765625,2111.72998046875
2015-06-02,,,,,1108.5,776.25,580.0,,,6928.2998046875,2109.60009765625
2015-06-03,,,,,1116.0,770.25,580.0,,,6950.5,2114.070068359375
2015-06-04,,,,,1107.25,760.75,580.0,,,6859.2001953125,2095.840087890625
2015-06-05,,,,,1100.5,757.25,580.0,,,6804.60009765625,2092.830078125
2015-06-08,,,,,1103.0,754.5,580.0,,,6790.0,2079.280029296875
2015-06-09,,,,,1111.75,749.25,580.0,,,6753.7998046875,2080.14990234375
2015-06-10,,,,,1118.75,748.5,580.0,,,6830.2998046875,2105.199951171875
2015-06-11,,,,,1116.0,747.0,580.0,,,6846.7001953125,2108.860107421875
2015-06-12,,,,,1105.25,745.75,580.0,,,6784.89990234375,2094.110107421875
2015-06-15,,,,,1092.75,739.25,580.0,,,6710.5,2084.429931640625
2015-06-16,,,,,1092.5,738.5,580.0,,,6710.10009765625,2096.2900390625
2015-06-17,,,,,1079.75,735.25,580.0,,,6680.60009765625,2100.43994140625
2015-06-18,,,,,1090.0,727.0,580.0,,,6707.89990234375,2121.239990234375
2015-06-19,,,,,1089.5,723.5,576.25,,,6710.5,2109.989990234375
2015-06-22,,,,,1079.25,708.0,565.0,,,6825.7001953125,2122.85009765625
2015-06-23,,,,,1070.5,703.5,565.0,,,6834.89990234375,2124.199951171875
2015-06-24,,,,,1073.5,703.0,565.0,,,6844.7998046875,2108.580078125
2015-06-25,,,,,1081.25,696.5,565.0,,,6807.7998046875,2102.31005859375
2015-06-26,,,,,1080.75,679.75,561.25,,,6753.7001953125,2101.489990234375
2015-06-29,,,,,1080.5,678.0,550.0,,,6620.5,2057.639892578125
2015-06-30,,,,,1084.0,672.5,550.0,,,6521.0,2063.110107421875
2015-07-01,,,,,1087.5,694.5,550.0,,,6608.60009765625,2077.419921875
2015-07-02,,,,,1084.25,705.25,550.0,,,6630.5,2076.780029296875
2015-07-03,,,,,1086.5,694.5,550.0,,,6585.7998046875,2076.780029296875
2015-07-06,,,,,1069.25,679.25,550.0,,,6535.7001953125,2068.760009765625
2015-07-07,,,,,1063.25,681.0,543.75,,,6432.2001953125,2081.340087890625
2015-07-08,,,,,1027.5,644.0,525.0,,,6490.7001953125,2046.6800537109373
2015-07-09,,,,,1037.0,660.0,525.0,,,6581.60009765625,2051.31005859375
2015-07-10,,,,,1034.75,651.25,525.0,,,6673.39990234375,2076.6201171875
2015-07-13,,,,,1028.5,655.5,525.0,,,6738.0,2099.60009765625
2015-07-14,,,,,1034.75,662.25,525.0,,,6753.7998046875,2108.949951171875
2015-07-15,,,,,1029.0,656.75,525.0,,,6753.7998046875,2107.39990234375
2015-07-16,,,,,1018.25,644.75,525.0,,,6796.5,2124.2900390625
2015-07-17,,,,,1011.0,631.0,525.0,,,6775.10009765625,2126.639892578125
2015-07-20,,,,,988.75,613.25,525.0,,,6788.7001953125,2128.280029296875
2015-07-21,,,,,982.0,613.0,525.0,,,6769.10009765625,2119.2099609375
2015-07-22,,,,,974.25,622.5,525.0,,,6667.2998046875,2114.14990234375
2015-07-23,,,,,991.0,637.75,525.0,,,6655.0,2102.14990234375
2015-07-24,,,,,981.25,622.5,518.75,,,6579.7998046875,2079.64990234375
2015-07-27,,,,,987.0,628.0,500.0,,,6505.10009765625,2067.639892578125
2015-07-28,,,,,984.0,619.75,500.0,,,6555.2998046875,2093.25
2015-07-29,,,,,989.0,627.25,500.0,,,6631.0,2108.570068359375
2015-07-30,,,,,990.75,624.5,500.0,,,6668.89990234375,2108.6298828125
2015-07-31,,,,,988.75,622.0,500.0,,,6696.2998046875,2103.840087890625
2015-08-03,,,,,983.0,619.5,500.0,,,6688.60009765625,2098.0400390625
2015-08-04,,,,,958.0,600.5,500.0,,,6686.60009765625,2093.320068359375
2015-08-05,,,,,957.5,600.75,500.0,,,6752.39990234375,2099.840087890625
2015-08-06,,,,,954.75,600.5,500.0,,,6747.10009765625,2083.56005859375
2015-08-07,,,,,954.5,603.25,500.0,,,6718.5,2077.570068359375
2015-08-10,,,,,970.0,602.5,500.0,,,6736.2001953125,2104.179931640625
2015-08-11,,,,,992.25,613.75,500.0,,,6664.5,2084.070068359375
2015-08-12,,,,,994.75,611.25,500.0,,,6571.2001953125,2086.050048828125
2015-08-13,,,,,998.5,625.75,500.0,,,6568.2998046875,2083.389892578125
2015-08-14,,,,,996.25,621.5,500.0,,,6550.7001953125,2091.5400390625
2015-08-17,,,,,998.5,621.5,500.0,,,6550.2998046875,2102.43994140625
2015-08-18,,,,,998.5,611.75,500.0,,,6526.2998046875,2096.919921875
2015-08-19,,,,,997.5,600.0,500.0,,,6403.5,2079.610107421875
2015-08-20,,,,,1025.0,619.0,500.0,,,6367.89990234375,2035.72998046875
2015-08-21,,,,,1032.5,617.75,500.0,,,6187.7001953125,1970.8900146484373
2015-08-24,,,,,1011.25,593.0,500.0,,,5898.89990234375,1893.2099609375
2015-08-25,,,,,988.25,561.0,500.0,,,6081.2998046875,1867.6099853515625
2015-08-26,,,,,982.5,539.5,500.0,,,5979.2001953125,1940.510009765625
2015-08-27,,,,,995.0,545.25,500.0,,,6192.0,1987.6600341796875
2015-08-28,,,,,1011.25,581.0,500.0,,,6247.89990234375,1988.8699951171875
2015-08-31,,,,,1009.6667,588.3333,500.0,,,6247.89990234375,1972.1800537109373
2015-09-01,,,,,1014.0,596.25,500.0,,,6058.5,1913.8499755859373
2015-09-02,,,,,1012.0,580.75,500.0,,,6083.2998046875,1948.8599853515625
2015-09-03,,,,,1013.0,587.0,500.0,,,6194.10009765625,1951.1300048828125
2015-09-04,,,,,1006.0,578.5,500.0,,,6042.89990234375,1921.219970703125
2015-09-07,,,,,993.5,582.75,500.0,,,6074.5,1921.219970703125
2015-09-08,,,,,997.75,588.5,500.0,,,6146.10009765625,1969.4100341796875
2015-09-09,,,,,1005.5,592.25,500.0,,,6229.0,1942.0400390625
2015-09-10,,,,,989.75,586.75,500.0,,,6155.7998046875,1952.2900390625
2015-09-11,,,,,983.0,590.5,500.0,,,6117.7998046875,1961.050048828125
2015-09-14,,,,,966.25,594.5,500.0,,,6084.60009765625,1953.030029296875
2015-09-15,,,,,959.5,591.25,500.0,,,6137.60009765625,1978.0899658203125
2015-09-16,,,,,965.75,600.75,502.5,,,6229.2001953125,1995.31005859375
2015-09-17,,,,,972.25,609.5,510.0,,,6187.0,1990.199951171875
2015-09-18,,,,,981.5,609.5,510.0,,,6104.10009765625,1958.030029296875
2015-09-21,,,,,981.5,608.25,510.0,,,6108.7001953125,1966.969970703125
2015-09-22,,,,,966.5,611.0,510.0,,,5935.7998046875,1942.739990234375
2015-09-23,,,,,941.0,621.25,510.0,,,6032.2001953125,1938.760009765625
2015-09-24,,,,,949.5,654.25,510.0,,,5961.5,1932.239990234375
2015-09-25,,,,,951.75,661.0,510.0,,,6109.0,1931.3399658203125
2015-09-28,,,,,931.5,655.0,510.0,,,5958.89990234375,1881.77001953125
2015-09-29,,,,,912.5,650.75,515.0,,,5909.2001953125,1884.0899658203125
2015-09-30,,,,,921.75,665.25,520.0,,,6061.60009765625,1920.030029296875
2015-10-01,,,,,919.0,666.5,520.0,,,6072.5,1923.8199462890625
2015-10-02,,,,,908.75,688.0,520.0,,,6130.0,1951.3599853515625
2015-10-05,,,,,924.0,711.0,520.0,,,6298.89990234375,1987.050048828125
2015-10-06,,,,,925.25,697.25,520.0,,,6326.2001953125,1979.9200439453125
2015-10-07,,,,,944.75,708.5,520.0,,,6336.39990234375,1995.8299560546875
2015-10-08,,,,,943.0,698.25,520.0,,,6374.7998046875,2013.4300537109373
2015-10-09,,,,,969.5,714.0,520.0,,,6416.2001953125,2014.8900146484373
2015-10-12,,,,,993.75,716.25,520.0,,,6371.2001953125,2017.4599609375
2015-10-13,,,,,990.0,694.25,520.0,,,6342.2998046875,2003.68994140625
2015-10-14,,,,,995.5,693.75,520.0,,,6269.60009765625,1994.239990234375
2015-10-15,,,,,1003.25,706.25,520.0,,,6338.7001953125,2023.8599853515625
2015-10-16,,,,,1006.5,701.5,520.0,,,6378.0,2033.1099853515625
2015-10-19,,,,,1016.0,692.75,520.0,,,6352.2998046875,2033.6600341796875
2015-10-20,,,,,1015.5,690.25,520.0,,,6345.10009765625,2030.77001953125
2015-10-21,,,,,1013.5,682.0,520.0,,,6348.39990234375,2018.93994140625
2015-10-22,,,,,1005.75,677.0,520.0,,,6376.2998046875,2052.510009765625
2015-10-23,,,,,1012.75,691.75,520.0,,,6444.10009765625,2075.14990234375
2015-10-26,,,,,1000.75,690.5,520.0,,,6417.0,2071.179931640625
2015-10-27,,,,,993.5,682.25,520.0,,,6365.2998046875,2065.889892578125
2015-10-28,,,,,999.0,682.5,520.0,,,6437.7998046875,2090.35009765625
2015-10-29,,,,,998.75,675.75,520.0,,,6395.7998046875,2089.409912109375
2015-10-30,,,,,995.75,679.25,520.0,,,6361.10009765625,2079.360107421875
2015-11-02,,,,,980.0,668.75,520.0,,,6361.7998046875,2104.050048828125
2015-11-03,,,,,977.5,654.5,520.0,,,6383.60009765625,2109.7900390625
2015-11-04,,,,,969.5,649.75,520.0,,,6412.89990234375,2102.31005859375
2015-11-05,,,,,958.5,624.0,520.0,,,6364.89990234375,2099.929931640625
2015-11-06,,,,,955.5,613.5,520.0,,,6353.7998046875,2099.199951171875
2015-11-09,,,,,935.5,612.0,520.0,,,6295.2001953125,2078.580078125
2015-11-10,,,,,914.25,603.25,520.0,,,6275.2998046875,2081.719970703125
2015-11-11,,,,,902.5,597.0,520.0,,,6297.2001953125,2075.0
2015-11-12,,,,,883.75,579.0,520.0,,,6178.7001953125,2045.969970703125
2015-11-13,,,,,877.25,551.75,520.0,,,6118.2998046875,2023.0400390625
2015-11-16,,,,,869.75,548.25,520.0,,,6146.39990234375,2053.18994140625
2015-11-17,,,,,870.25,551.0,520.0,,,6268.7998046875,2050.43994140625
2015-11-18,,,,,853.5,547.75,520.0,,,6279.0,2083.580078125
2015-11-19,,,,,861.75,543.25,520.0,,,6329.89990234375,2081.239990234375
2015-11-20,,,,,865.0,551.0,520.0,,,6334.60009765625,2089.169921875
2015-11-23,,,,,853.75,556.0,520.0,,,6305.5,2086.590087890625
2015-11-24,,,,,846.5,541.25,520.0,,,6277.2001953125,2089.139892578125
2015-11-25,,,,,844.5,541.75,520.0,,,6337.60009765625,2088.8701171875
2015-11-26,,,,,853.5,561.5,520.0,,,6393.10009765625,2088.8701171875
2015-11-27,,,,,851.75,559.25,520.0,,,6375.2001953125,2090.110107421875
2015-11-30,,,,,833.75,547.75,520.0,,,6356.10009765625,2080.409912109375
2015-12-01,,,,,843.25,551.25,520.0,,,6395.7001953125,2102.6298828125
2015-12-02,,,,,843.5,542.25,520.0,,,6420.89990234375,2079.510009765625
2015-12-03,,,,,838.25,532.25,520.0,,,6275.0,2049.6201171875
2015-12-04,,,,,856.5,544.5,520.0,,,6238.2998046875,2091.68994140625
2015-12-07,,,,,881.25,563.0,520.0,,,6223.5,2077.070068359375
2015-12-08,,,,,863.25,557.75,520.0,,,6135.2001953125,2063.590087890625
2015-12-09,,,,,857.75,555.5,520.0,,,6126.7001953125,2047.6199951171875
2015-12-10,,,,,861.0,556.25,520.0,,,6088.10009765625,2052.22998046875
2015-12-11,,,,,855.0,546.75,520.0,,,5952.7998046875,2012.3699951171875
2015-12-14,,,,,848.75,549.75,520.0,,,5874.10009765625,2021.93994140625
2015-12-15,,,,,854.75,556.25,520.0,,,6017.7998046875,2043.4100341796875
2015-12-16,,,,,866.25,569.0,520.0,,,6061.2001953125,2073.070068359375
2015-12-17,,,,,866.5,564.0,520.0,,,6102.5,2041.8900146484373
2015-12-18,,,,,849.25,555.75,520.0,,,6052.39990234375,2005.550048828125
2015-12-21,,,,,866.5,560.5,520.0,,,6034.7998046875,2021.1500244140625
2015-12-22,,,,,876.75,558.0,520.0,,,6083.10009765625,2038.969970703125
2015-12-23,,,,,874.5,559.0,520.0,,,6241.0,2064.2900390625
2015-12-24,,,,,877.25,559.25,520.0,,,6254.60009765625,2060.989990234375
2015-12-28,,,,,887.0,561.6667,520.0,,,6254.60009765625,2056.5
2015-12-29,,,,,887.75,558.0,520.0,,,6314.60009765625,2078.360107421875
2015-12-30,,,,,887.0,558.75,520.0,,,6274.10009765625,2063.360107421875
2015-12-31,,,,,878.0,553.75,520.0,,,6242.2998046875,2043.93994140625
2016-01-04,,,,,885.0,554.0,520.0,,,6093.39990234375,2012.6600341796875
2016-01-05,,,,,891.0,545.0,520.0,,,6137.2001953125,2016.7099609375
2016-01-06,,,,,890.3333,536.0,520.0,,,6073.39990234375,1990.260009765625
2016-01-07,,,,,878.0,508.6667,520.0,,,5954.10009765625,1943.0899658203125
2016-01-08,,,,,880.3333,501.0,520.0,,,5912.39990234375,1922.030029296875
2016-01-11,,,,,871.0,490.75,520.0,,,5871.7998046875,1923.6700439453125
2016-01-12,,,,,842.75,472.5,520.0,,,5929.2001953125,1938.6800537109373
2016-01-13,,,,,841.5,480.25,520.0,,,5961.0,1890.280029296875
2016-01-14,,,,,846.25,488.0,520.0,,,5918.2001953125,1921.8399658203125
2016-01-15,,,,,838.75,494.5,520.0,,,5804.10009765625,1880.3299560546875
2016-01-18,,,,,826.75,495.0,520.0,,,5779.89990234375,1880.3299560546875
2016-01-19,,,,,830.5,500.25,520.0,,,5876.7998046875,1881.3299560546875
2016-01-20,,,,,823.5,492.75,520.0,,,5673.60009765625,1859.3299560546875
2016-01-21,,,,,820.5,499.0,520.0,,,5773.7998046875,1868.989990234375
2016-01-22,,,,,829.25,504.5,520.0,,,5900.0,1906.9000244140625
2016-01-25,,,,,844.75,498.75,520.0,,,5877.0,1877.0799560546875
2016-01-26,,,,,862.5,494.25,520.0,,,5911.5,1903.6300048828125
2016-01-27,,,,,879.75,496.75,520.0,,,5990.39990234375,1882.949951171875
2016-01-28,,,,,881.0,501.5,520.0,,,5931.7998046875,1893.3599853515625
2016-01-29,,,,,868.0,497.75,520.0,,,6083.7998046875,1940.239990234375
2016-02-01,,,,,873.0,503.5,520.0,,,6060.10009765625,1939.3800048828125
2016-02-02,,,,,867.5,501.75,520.0,,,5922.0,1903.030029296875
2016-02-03,,,,,862.0,496.25,520.0,,,5837.10009765625,1912.530029296875
2016-02-04,,,,,891.5,512.25,520.0,,,5898.7998046875,1915.449951171875
2016-02-05,,,,,906.75,516.5,520.0,,,5848.10009765625,1880.050048828125
2016-02-08,,,,,918.0,505.5,520.0,,,5689.39990234375,1853.43994140625
2016-02-09,,,,,931.0,515.5,520.0,,,5632.2001953125,1852.2099609375
2016-02-10,,,,,932.0,518.0,520.0,,,5672.2998046875,1851.8599853515625
2016-02-11,,,,,945.25,527.0,520.0,,,5537.0,1829.0799560546875
2016-02-12,,,,,959.0,526.5,520.0,,,5707.60009765625,1864.780029296875
2016-02-15,,,,,947.25,521.5,520.0,,,5824.2998046875,1864.780029296875
2016-02-16,,,,,938.5,514.0,520.0,,,5862.2001953125,1895.5799560546875
2016-02-17,,,,,939.5,514.75,520.0,,,6030.2998046875,1926.8199462890625
2016-02-18,,,,,944.5,515.75,520.0,,,5972.0,1917.8299560546875
2016-02-19,,,,,946.0,507.25,520.0,,,5950.2001953125,1917.780029296875
2016-02-22,,,,,932.25,503.0,520.0,,,6037.7001953125,1945.5
2016-02-23,,,,,931.5,499.5,520.0,,,5962.2998046875,1921.27001953125
2016-02-24,,,,,945.5,500.25,520.0,,,5867.2001953125,1929.800048828125
2016-02-25,,,,,940.5,493.75,520.0,,,6012.7998046875,1951.699951171875
2016-02-26,,,,,926.75,488.0,520.0,,,6096.0,1948.050048828125
2016-02-29,,,,,921.75,491.75,520.0,,,6097.10009765625,1932.22998046875
2016-03-01,,,,,940.5,504.5,520.0,,,6152.89990234375,1978.3499755859373
2016-03-02,,,,,939.0,517.0,520.0,,,6147.10009765625,1986.449951171875
2016-03-03,,,,,937.75,520.75,520.0,,,6130.5,1993.4000244140625
2016-03-04,,,,,956.5,543.0,520.0,,,6199.39990234375,1999.989990234375
2016-03-07,,,,,992.75,563.25,520.0,,,6182.39990234375,2001.760009765625
2016-03-08,,,,,1004.25,574.25,520.0,,,6125.39990234375,1979.260009765625
2016-03-09,,,,,978.0,558.25,520.0,,,6146.2998046875,1989.260009765625
2016-03-10,,,,,981.0,567.25,520.0,,,6036.7001953125,1989.5699462890625
2016-03-11,,,,,983.75,576.25,520.0,,,6139.7998046875,2022.18994140625
2016-03-14,,,,,972.25,575.0,520.0,,,6174.60009765625,2019.6400146484373
2016-03-15,,,,,960.25,567.5,520.0,,,6140.0,2015.9300537109373
2016-03-16,,,,,965.5,570.0,520.0,,,6175.5,2027.219970703125
2016-03-17,,,,,986.0,586.25,520.0,,,6201.10009765625,2040.5899658203125
2016-03-18,,,,,984.25,594.5,520.0,,,6189.60009765625,2049.580078125
2016-03-21,,,,,972.0,591.75,520.0,,,6184.60009765625,2051.60009765625
2016-03-22,,,,,985.5,605.5,520.0,,,6192.7001953125,2049.800048828125
2016-03-23,,,,,986.25,599.5,520.0,,,6199.10009765625,2036.7099609375
2016-03-24,,,,,961.5,582.25,520.0,,,6106.5,2035.93994140625
2016-03-28,,,,,955.0,577.0,520.0,,,6106.5,2037.050048828125
2016-03-29,,,,,952.25,572.0,520.0,,,6105.89990234375,2055.010009765625
2016-03-30,,,,,972.25,579.25,520.0,,,6203.2001953125,2063.949951171875
2016-03-31,,,,,971.25,570.5,520.0,,,6174.89990234375,2059.739990234375
2016-04-01,,,,,975.25,570.0,520.0,,,6146.10009765625,2072.780029296875
2016-04-04,,,,,955.5,562.5,520.0,,,6164.7001953125,2066.1298828125
2016-04-05,,,,,951.75,553.75,520.0,,,6091.2001953125,2045.1700439453125
2016-04-06,,,,,953.75,550.5,520.0,,,6161.60009765625,2066.659912109375
2016-04-07,,,,,953.0,542.25,520.0,,,6136.89990234375,2041.9100341796875
2016-04-08,,,,,961.25,542.25,520.0,,,6204.39990234375,2047.5999755859373
2016-04-11,,,,,977.75,547.75,520.0,,,6200.10009765625,2041.989990234375
2016-04-12,,,,,992.25,552.0,520.0,,,6242.39990234375,2061.719970703125
2016-04-13,,,,,999.0,548.75,520.0,,,6362.89990234375,2082.419921875
2016-04-14,,,,,995.25,545.75,520.0,,,6365.10009765625,2082.780029296875
2016-04-15,,,,,991.25,565.25,520.0,,,6343.7998046875,2080.72998046875
2016-04-18,,,,,984.75,568.75,520.0,,,6353.5,2094.340087890625
2016-04-19,,,,,993.25,573.75,520.0,,,6405.39990234375,2100.800048828125
2016-04-20,,,,,1016.75,588.75,520.0,,,6410.2998046875,2102.39990234375
2016-04-21,,,,,1029.75,603.0,520.0,,,6381.39990234375,2091.47998046875
2016-04-22,,,,,1030.75,611.5,520.0,,,6310.39990234375,2091.580078125
2016-04-25,,,,,1011.0,605.25,520.0,,,6260.89990234375,2087.7900390625
2016-04-26,,,,,1016.75,606.0,520.0,,,6284.5,2091.699951171875
2016-04-27,,,,,1020.75,609.5,520.0,,,6319.89990234375,2095.14990234375
2016-04-28,,,,,1035.75,617.0,520.0,,,6322.39990234375,2075.81005859375
2016-04-29,,,,,1065.25,630.5,520.0,,,6241.89990234375,2065.300048828125
2016-05-02,,,,,1082.0,628.0,520.0,,,6241.89990234375,2081.429931640625
2016-05-03,,,,,1087.0,623.25,520.0,,,6185.60009765625,2063.3701171875
2016-05-04,,,,,1065.75,608.5,520.0,,,6112.0,2051.1201171875
2016-05-05,,,,,1065.0,607.5,520.0,,,6117.2998046875,2050.6298828125
2016-05-06,,,,,1066.75,604.0,520.0,,,6125.7001953125,2057.139892578125
2016-05-09,,,,,1070.75,602.25,520.0,,,6114.7998046875,2058.68994140625
2016-05-10,,,,,1049.5,588.0,520.0,,,6156.7001953125,2084.389892578125
2016-05-11,,,,,1065.0,603.25,520.0,,,6162.5,2064.4599609375
2016-05-12,,,,,1069.0,611.25,520.0,,,6104.2001953125,2064.110107421875
2016-05-13,,,,,1055.75,598.0,520.0,,,6138.5,2046.6099853515625
2016-05-16,,,,,1059.25,597.25,520.0,,,6151.39990234375,2066.659912109375
2016-05-17,,,,,1057.5,594.75,520.0,,,6167.7998046875,2047.2099609375
2016-05-18,,,,,1049.75,585.25,520.0,,,6165.7998046875,2047.6300048828125
2016-05-19,,,,,1024.5,575.75,520.0,,,6053.39990234375,2040.0400390625
2016-05-20,,,,,1024.3333,567.3333,520.0,,,6156.2998046875,2052.320068359375
2016-05-23,,,,,1019.75,556.0,520.0,,,6136.39990234375,2048.0400390625
2016-05-24,,,,,1010.5,549.0,520.0,,,6219.2998046875,2076.06005859375
2016-05-25,,,,,1002.75,535.25,520.0,,,6262.89990234375,2090.5400390625
2016-05-26,,,,,1005.0,544.75,520.0,,,6265.7001953125,2090.10009765625
2016-05-27,,,,,997.5,549.5,520.0,,,6270.7998046875,2099.06005859375
2016-05-30,,,,,976.5,539.0,520.0,,,6270.7998046875,2099.06005859375
2016-05-31,,,,,981.25,547.75,520.0,,,6230.7998046875,2096.949951171875
2016-06-01,,,,,980.0,548.5,520.0,,,6191.89990234375,2099.330078125
2016-06-02,,,,,973.75,546.5,520.0,,,6185.60009765625,2105.260009765625
2016-06-03,,,,,968.5,543.5,520.0,,,6209.60009765625,2099.1298828125
2016-06-06,,,,,991.5,559.25,520.0,,,6273.39990234375,2109.409912109375
2016-06-07,,,,,997.0,558.25,520.0,,,6284.5,2112.1298828125
2016-06-08,,,,,1010.25,562.5,520.0,,,6301.5,2119.1201171875
2016-06-09,,,,,1002.0,558.0,520.0,,,6231.89990234375,2115.47998046875
2016-06-10,,,,,1000.25,559.25,520.0,,,6115.7998046875,2096.070068359375
2016-06-13,,,,,996.75,549.75,520.0,,,6045.0,2079.06005859375
2016-06-14,,,,,991.25,543.75,520.0,,,5923.5,2075.320068359375
2016-06-15,,,,,980.5,540.5,520.0,,,5966.7998046875,2071.5
2016-06-16,,,,,985.75,539.25,520.0,,,5950.5,2077.989990234375
2016-06-17,,,,,977.75,540.25,520.0,,,6021.10009765625,2071.219970703125
2016-06-20,,,,,975.25,541.75,520.0,,,6204.0,2083.25
2016-06-21,,,,,988.75,550.0,520.0,,,6226.60009765625,2088.89990234375
2016-06-22,,,,,982.25,555.5,520.0,,,6261.2001953125,2085.449951171875
2016-06-23,,,,,977.0,562.0,525.0,,,6338.10009765625,2113.320068359375
2016-06-24,,,,,983.0,556.75,530.0,,,6138.7001953125,2037.4100341796875
2016-06-27,,,,,993.25,557.0,530.0,,,5982.2001953125,2000.5400390625
2016-06-28,,,,,983.0,565.0,530.0,,,6140.39990234375,2036.0899658203125
2016-06-29,,,,,992.75,580.0,530.0,,,6360.10009765625,2070.77001953125
2016-06-30,,,,,1008.0,593.25,530.0,,,6504.2998046875,2098.860107421875
2016-07-01,,,,,1042.5,599.5,530.0,,,6577.7998046875,2102.949951171875
2016-07-04,,,,,1065.5,612.5,530.0,,,6522.2998046875,2102.949951171875
2016-07-05,,,,,1063.25,606.25,530.0,,,6545.39990234375,2088.550048828125
2016-07-06,,,,,1075.75,603.75,530.0,,,6463.60009765625,2099.72998046875
2016-07-07,,,,,1090.0,609.75,530.0,,,6533.7998046875,2097.89990234375
2016-07-08,,,,,1088.5,609.75,530.0,,,6590.60009765625,2129.89990234375
2016-07-11,,,,,1098.75,621.25,530.0,,,6682.89990234375,2137.159912109375
2016-07-12,,,,,1101.0,626.25,530.0,,,6680.7001953125,2152.139892578125
2016-07-13,,,,,1095.25,638.5,530.0,,,6670.39990234375,2152.429931640625
2016-07-14,,,,,1093.75,649.25,532.5,,,6654.5,2163.75
2016-07-15,,,,,1100.0,650.75,540.0,,,6669.2001953125,2161.739990234375
2016-07-18,,,,,1090.75,644.0,540.0,,,6695.39990234375,2166.889892578125
2016-07-19,,,,,1092.5,647.5,540.0,,,6697.39990234375,2163.780029296875
2016-07-20,,,,,1087.0,657.75,542.5,,,6729.0,2173.02001953125
2016-07-21,,,,,1088.0,675.75,550.0,,,6699.89990234375,2165.169921875
2016-07-22,,,,,1098.75,686.0,550.0,,,6730.5,2175.030029296875
2016-07-25,,,,,1075.75,682.0,552.5,,,6710.10009765625,2168.47998046875
2016-07-26,,,,,1090.75,689.25,560.0,,,6724.0,2169.179931640625
2016-07-27,,,,,1101.5,693.0,560.0,,,6750.39990234375,2166.580078125
2016-07-28,,,,,1147.5,706.5,560.0,,,6721.10009765625,2170.06005859375
2016-07-29,,,,,1140.5,702.75,561.25,,,6724.39990234375,2173.60009765625
2016-08-01,,,,,1153.5,715.5,565.0,,,6694.0,2170.840087890625
2016-08-02,,,,,1170.0,721.0,565.0,,,6645.39990234375,2157.030029296875
2016-08-03,,,,,1166.75,713.0,570.0,,,6634.39990234375,2163.7900390625
2016-08-04,,,,,1160.25,712.0,575.0,,,6740.2001953125,2164.25
2016-08-05,,,,,1160.5,705.5,575.0,,,6793.5,2182.8701171875
2016-08-08,,,,,1149.25,698.0,575.0,,,6809.10009765625,2180.889892578125
2016-08-09,,,,,1151.25,691.75,575.0,,,6851.2998046875,2181.739990234375
2016-08-10,,,,,1177.25,723.0,577.5,,,6866.39990234375,2175.489990234375
2016-08-11,,,,,1175.75,723.0,585.0,,,6914.7001953125,2185.7900390625
2016-08-12,,,,,1149.25,694.0,585.0,,,6916.0,2184.050048828125
2016-08-15,,,,,1126.75,689.0,585.0,,,6941.2001953125,2190.14990234375
2016-08-16,,,,,1124.75,698.5,585.0,,,6893.89990234375,2178.14990234375
2016-08-17,,,,,1118.25,701.0,587.5,,,6859.2001953125,2182.219970703125
2016-08-18,,,,,1128.75,703.0,595.0,,,6869.0,2187.02001953125
2016-08-19,,,,,1122.25,710.25,595.0,,,6859.0,2183.8701171875
2016-08-22,,,,,1110.0,707.75,595.0,,,6828.5,2182.639892578125
2016-08-23,,,,,1107.75,696.0,595.0,,,6868.5,2186.89990234375
2016-08-24,,,,,1103.5,700.0,595.0,,,6835.7998046875,2175.43994140625
2016-08-25,,,,,1082.5,688.5,610.0,,,6816.89990234375,2172.469970703125
2016-08-26,,,,,1081.75,697.0,625.0,,,6838.10009765625,2169.0400390625
2016-08-29,,,,,1076.3333,690.0,625.0,,,6838.10009765625,2180.3798828125
2016-08-30,,,,,1077.5,699.25,637.5,,,6820.7998046875,2176.1201171875
2016-08-31,,,,,1062.0,685.5,650.0,,,6781.5,2170.949951171875
2016-09-01,,,,,1053.5,675.0,650.0,,,6746.0,2170.860107421875
2016-09-02,,,,,1054.5,673.0,650.0,,,6894.60009765625,2179.97998046875
2016-09-05,,,,,1071.5,681.0,650.0,,,6879.39990234375,2179.97998046875
2016-09-06,,,,,1081.75,687.75,650.0,,,6826.10009765625,2186.47998046875
2016-09-07,,,,,1102.0,702.5,650.0,,,6846.60009765625,2186.159912109375
2016-09-08,,,,,1095.0,697.0,650.0,,,6858.7001953125,2181.300048828125
2016-09-09,,,,,1085.75,688.0,650.0,,,6777.0,2127.81005859375
2016-09-12,,,,,1057.5,673.75,650.0,,,6700.89990234375,2159.0400390625
2016-09-13,,,,,1060.0,668.5,650.0,,,6665.60009765625,2127.02001953125
2016-09-14,,,,,1041.5,660.25,650.0,,,6673.2998046875,2125.77001953125
2016-09-15,,,,,1037.75,658.75,650.0,,,6730.2998046875,2147.260009765625
2016-09-16,,,,,1023.5,658.5,650.0,,,6710.2998046875,2139.159912109375
2016-09-19,,,,,1027.25,679.75,650.0,,,6813.60009765625,2139.1201171875
2016-09-20,,,,,1029.5,688.25,650.0,,,6830.7998046875,2139.760009765625
2016-09-21,,,,,1040.75,689.0,650.0,,,6834.7998046875,2163.1201171875
2016-09-22,,,,,1055.25,691.25,650.0,,,6911.39990234375,2177.179931640625
2016-09-23,,,,,1057.5,697.0,650.0,,,6909.39990234375,2164.68994140625
2016-09-26,,,,,1048.75,697.5,650.0,,,6818.0,2146.10009765625
2016-09-27,,,,,1042.75,698.75,650.0,,,6807.7001953125,2159.929931640625
2016-09-28,,,,,1025.0,705.0,650.0,,,6849.39990234375,2171.3701171875
2016-09-29,,,,,1035.75,719.75,650.0,,,6919.39990234375,2151.1298828125
2016-09-30,,,,,1033.5,721.75,650.0,,,6899.2998046875,2168.27001953125
2016-10-03,,,,,1023.0,722.5,650.0,,,6983.5,2161.199951171875
2016-10-04,,,,,1006.25,712.5,650.0,,,7074.2998046875,2150.489990234375
2016-10-05,,,,,992.0,696.5,650.0,,,7033.2998046875,2159.72998046875
2016-10-06,,,,,978.75,678.5,650.0,,,7000.0,2160.77001953125
2016-10-07,,,,,969.5,672.5,650.0,,,7044.39990234375,2153.739990234375
2016-10-10,,,,,972.5,672.0,650.0,,,7097.5,2163.659912109375
2016-10-11,,,,,965.5,666.75,650.0,,,7070.89990234375,2136.72998046875
2016-10-12,,,,,949.5,651.75,650.0,,,7024.0,2139.179931640625
2016-10-13,,,,,945.75,646.5,650.0,,,6977.7001953125,2132.550048828125
2016-10-14,,,,,937.25,640.5,650.0,,,7013.60009765625,2132.97998046875
2016-10-17,,,,,940.0,648.75,650.0,,,6947.60009765625,2126.5
2016-10-18,,,,,945.75,645.0,650.0,,,7000.10009765625,2139.60009765625
2016-10-19,,,,,946.25,642.5,650.0,,,7021.89990234375,2144.2900390625
2016-10-20,,,,,944.25,639.25,650.0,,,7026.89990234375,2141.340087890625
2016-10-21,,,,,934.0,624.5,650.0,,,7020.5,2141.159912109375
2016-10-24,,,,,943.0,630.25,650.0,,,6986.39990234375,2151.330078125
2016-10-25,,,,,952.75,640.5,650.0,,,7017.60009765625,2143.159912109375
2016-10-26,,,,,967.25,636.5,650.0,,,6958.10009765625,2139.429931640625
2016-10-27,,,,,966.75,625.75,650.0,,,6986.60009765625,2133.0400390625
2016-10-28,,,,,972.75,617.25,650.0,,,6996.2998046875,2126.409912109375
2016-10-31,,,,,982.3333,620.0,650.0,,,6954.2001953125,2126.14990234375
2016-11-01,,,,,988.25,628.25,650.0,,,6917.10009765625,2111.719970703125
2016-11-02,,,,,995.0,635.25,650.0,,,6845.39990234375,2097.93994140625
2016-11-03,,,,,992.25,631.0,650.0,,,6790.5,2088.659912109375
2016-11-04,,,,,1001.5,624.5,662.5,,,6693.2998046875,2085.179931640625
2016-11-07,,,,,999.5,631.0,675.0,,,6806.89990234375,2131.52001953125
2016-11-08,,,,,1007.0,655.75,675.0,,,6843.10009765625,2139.56005859375
2016-11-09,,,,,1015.75,670.25,675.0,,,6911.7998046875,2163.260009765625
2016-11-10,,,,,1001.25,688.75,675.0,,,6828.0,2167.47998046875
2016-11-11,,,,,976.25,693.25,675.0,,,6730.39990234375,2164.449951171875
2016-11-14,,,,,945.25,678.0,675.0,,,6753.2001953125,2164.199951171875
2016-11-15,,,,,944.5,703.25,675.0,,,6792.7001953125,2180.389892578125
2016-11-16,,,,,943.25,711.0,675.0,,,6749.7001953125,2176.93994140625
2016-11-17,,,,,945.0,720.75,675.0,,,6794.7001953125,2187.1201171875
2016-11-18,,,,,929.5,722.75,675.0,,,6775.7998046875,2181.89990234375
2016-11-21,,,,,931.25,732.0,675.0,,,6778.0,2198.179931640625
2016-11-22,,,,,949.5,741.5,675.0,,,6819.7001953125,2202.93994140625
2016-11-23,,,,,940.75,742.0,675.0,,,6817.7001953125,2204.719970703125
2016-11-24,,,,,925.0,739.25,675.0,,,6829.2001953125,2204.719970703125
2016-11-25,,,,,918.0,735.0,675.0,,,6840.7998046875,2213.35009765625
2016-11-28,,,,,920.0,751.25,675.0,,,6799.5,2201.719970703125
2016-11-29,,,,,927.75,761.5,675.0,,,6772.0,2204.659912109375
2016-11-30,,,,,923.5,771.75,675.0,,,6783.7998046875,2198.81005859375
2016-12-01,,,,,912.75,771.25,675.0,,,6752.89990234375,2191.080078125
2016-12-02,,,,,922.25,753.25,675.0,,,6730.7001953125,2191.949951171875
2016-12-05,,,,,932.75,738.5,675.0,,,6746.7998046875,2204.7099609375
2016-12-06,,,,,943.0,748.75,675.0,,,6779.7998046875,2212.22998046875
2016-12-07,,,,,938.75,737.0,675.0,,,6902.2001953125,2241.35009765625
2016-12-08,,,,,949.5,736.0,675.0,,,6931.60009765625,2246.18994140625
2016-12-09,,,,,935.5,742.75,675.0,,,6954.2001953125,2259.530029296875
2016-12-12,,,,,921.25,735.75,675.0,,,6890.39990234375,2256.9599609375
2016-12-13,,,,,933.5,731.5,675.0,,,6968.60009765625,2271.719970703125
2016-12-14,,,,,941.0,732.75,675.0,,,6949.2001953125,2253.280029296875
2016-12-15,,,,,926.0,728.75,675.0,,,6999.0,2262.030029296875
2016-12-16,,,,,907.75,697.75,675.0,,,7011.60009765625,2258.070068359375
2016-12-19,,,,,929.25,692.25,675.0,,,7017.2001953125,2262.530029296875
2016-12-20,,,,,918.25,675.0,675.0,,,7044.0,2270.760009765625
2016-12-21,,,,,920.25,666.5,675.0,,,7041.39990234375,2265.179931640625
2016-12-22,,,,,916.75,660.25,675.0,,,7063.7001953125,2260.9599609375
2016-12-23,,,,,912.0,661.3333,675.0,,,7068.2001953125,2263.7900390625
2016-12-27,,,,,903.0,660.0,675.0,,,7068.2001953125,2268.8798828125
2016-12-28,,,,,907.5,678.75,675.0,,,7106.10009765625,2249.919921875
2016-12-29,,,,,905.25,674.0,675.0,,,7120.2998046875,2249.260009765625
2016-12-30,,,,,906.5,678.25,675.0,,,7142.7998046875,2238.830078125
2017-01-03,,,,,910.6667,688.3333,675.0,,,7177.89990234375,2257.830078125
2017-01-04,,,,,934.6667,718.3333,675.0,,,7189.7001953125,2270.75
2017-01-05,,,,,955.3333,745.0,700.0,,,7195.2998046875,2269.0
2017-01-06,,,,,967.25,746.0,700.0,,,7210.10009765625,2276.97998046875
2017-01-09,,,,,975.5,764.0,700.0,,,7237.7998046875,2268.89990234375
2017-01-10,,,,,978.0,764.0,700.0,,,7275.5,2268.89990234375
2017-01-11,,,,,980.0,763.25,700.0,,,7290.5,2275.320068359375
2017-01-12,,,,,985.25,760.25,700.0,,,7292.39990234375,2270.43994140625
2017-01-13,,,,,975.25,756.5,700.0,,,7337.7998046875,2274.639892578125
2017-01-16,,,,,987.0,753.25,700.0,,,7327.10009765625,2274.639892578125
2017-01-17,,,,,990.75,752.75,700.0,,,7220.39990234375,2267.889892578125
2017-01-18,,,,,977.25,751.25,700.0,,,7247.60009765625,2271.889892578125
2017-01-19,,,,,963.25,753.25,700.0,,,7208.39990234375,2263.68994140625
2017-01-20,,,,,963.0,759.25,700.0,,,7198.39990234375,2271.31005859375
2017-01-23,,,,,984.25,793.0,700.0,,,7151.2001953125,2265.199951171875
2017-01-24,,,,,986.5,781.5,700.0,,,7150.2998046875,2280.070068359375
2017-01-25,,,,,990.25,782.25,700.0,,,7164.39990234375,2298.3701171875
2017-01-26,,,,,986.5,738.0,700.0,,,7161.5,2296.679931640625
2017-01-27,,,,,974.5,725.25,700.0,,,7184.5,2294.68994140625
2017-01-30,,,,,981.0,734.5,700.0,,,7118.5,2280.89990234375
2017-01-31,,,,,993.5,754.0,700.0,,,7099.2001953125,2278.8701171875
2017-02-01,,,,,997.75,761.5,700.0,,,7107.7001953125,2279.550048828125
2017-02-02,,,,,1007.5,769.0,700.0,,,7140.7998046875,2280.85009765625
2017-02-03,,,,,997.75,755.0,700.0,,,7188.2998046875,2297.419921875
2017-02-06,,,,,1010.0,763.75,700.0,,,7172.2001953125,2292.56005859375
2017-02-07,,,,,1013.25,771.25,700.0,,,7186.2001953125,2293.080078125
2017-02-08,,,,,1013.25,767.25,700.0,,,7188.7998046875,2294.669921875
2017-02-09,,,,,1021.75,776.0,700.0,,,7229.5,2307.8701171875
2017-02-10,,,,,1003.25,774.25,700.0,,,7258.7998046875,2316.10009765625
2017-02-13,,,,,1008.5,783.5,710.0,,,7278.89990234375,2328.25
2017-02-14,,,,,1004.5,780.75,723.75,,,7268.60009765625,2337.580078125
2017-02-15,,,,,1000.5,784.25,735.0,,,7302.39990234375,2349.25
2017-02-16,,,,,1015.0,794.75,735.0,,,7277.89990234375,2347.219970703125
2017-02-17,,,,,1013.75,792.75,735.0,,,7300.0,2351.159912109375
2017-02-20,,,,,1004.5,779.5,735.0,,,7299.89990234375,2351.159912109375
2017-02-21,,,,,1001.0,772.75,735.0,,,7274.7998046875,2365.3798828125
2017-02-22,,,,,1004.25,781.75,735.0,,,7302.2998046875,2362.820068359375
2017-02-23,,,,,1004.75,773.25,735.0,,,7271.39990234375,2363.81005859375
2017-02-24,,,,,1018.5,781.25,735.0,,,7243.7001953125,2367.340087890625
2017-02-27,,,,,1032.25,777.25,740.0,,,7253.0,2369.75
2017-02-28,,,,,1032.5,785.5,745.0,,,7263.39990234375,2363.639892578125
2017-03-01,,,,,1023.75,777.75,745.0,,,7382.89990234375,2395.9599609375
2017-03-02,,,,,1014.0,777.75,745.0,,,7382.39990234375,2381.919921875
2017-03-03,,,,,991.5,769.75,745.0,,,7374.2998046875,2383.1201171875
2017-03-06,,,,,994.25,777.0,745.0,,,7350.10009765625,2375.31005859375
2017-03-07,,,,,974.75,774.0,745.0,,,7339.0,2368.389892578125
2017-03-08,,,,,960.25,774.0,750.0,,,7334.60009765625,2362.97998046875
2017-03-09,,,,,949.25,765.5,755.0,,,7315.0,2364.8701171875
2017-03-10,,,,,940.5,750.75,755.0,,,7343.10009765625,2372.60009765625
2017-03-13,,,,,946.5,754.0,755.0,,,7367.10009765625,2373.469970703125
2017-03-14,,,,,941.0,754.0,755.0,,,7357.89990234375,2365.449951171875
2017-03-15,,,,,941.25,749.0,755.0,,,7368.60009765625,2385.260009765625
2017-03-16,,,,,966.25,772.25,755.0,,,7416.0,2381.3798828125
2017-03-17,,,,,959.5,772.25,762.5,,,7425.0,2378.25
2017-03-20,,,,,968.5,779.5,770.0,,,7429.7998046875,2373.469970703125
2017-03-21,,,,,969.25,786.25,770.0,,,7378.2998046875,2344.02001953125
2017-03-22,,,,,972.5,790.0,770.0,,,7324.7001953125,2348.449951171875
2017-03-23,,,,,965.75,796.75,770.0,,,7340.7001953125,2345.9599609375
2017-03-24,,,,,962.25,807.5,770.0,,,7336.7998046875,2343.97998046875
2017-03-27,,,,,977.75,811.5,772.5,,,7293.5,2341.590087890625
2017-03-28,,,,,969.5,793.5,780.0,,,7343.39990234375,2358.570068359375
2017-03-29,,,,,956.75,794.25,785.0,,,7373.7001953125,2361.1298828125
2017-03-30,,,,,959.0,794.25,792.5,,,7369.5,2368.06005859375
2017-03-31,,,,,950.25,799.75,800.0,,,7322.89990234375,2362.719970703125
2017-04-03,,,,,956.0,803.75,812.5,,,7282.7001953125,2358.840087890625
2017-04-04,,,,,960.0,809.0,825.0,,,7321.7998046875,2360.159912109375
2017-04-05,,,,,966.3333,812.0,841.6667,,,7331.7001953125,2352.949951171875
2017-04-06,,,,,962.0,810.75,850.0,,,7303.2001953125,2357.489990234375
2017-04-07,,,,,964.75,809.75,850.0,,,7349.39990234375,2355.5400390625
2017-04-10,,,,,952.25,800.0,850.0,,,7348.89990234375,2357.159912109375
2017-04-11,,,,,948.75,796.5,860.0,,,7365.5,2353.780029296875
2017-04-12,,,,,970.5,803.75,870.0,,,7349.0,2344.929931640625
2017-04-13,,,,,976.5,806.25,870.0,,,7327.60009765625,2328.949951171875
2017-04-17,,,,,982.0,794.0,870.0,,,7327.60009765625,2349.010009765625
2017-04-18,,,,,985.6667,792.6667,880.0,,,7147.5,2342.18994140625
2017-04-19,,,,,980.0,779.0,885.0,,,7114.39990234375,2338.169921875
2017-04-20,,,,,973.25,788.75,885.0,,,7118.5,2355.840087890625
2017-04-21,,,,,979.0,804.5,885.0,,,7114.60009765625,2348.68994140625
2017-04-24,,,,,967.0,803.0,885.0,,,7264.7001953125,2374.14990234375
2017-04-25,,,,,961.75,799.25,890.0,,,7275.60009765625,2388.610107421875
2017-04-26,,,,,954.75,804.75,905.0,,,7288.7001953125,2387.449951171875
2017-04-27,,,,,952.25,814.0,905.0,,,7237.2001953125,2388.77001953125
2017-04-28,,,,,950.5,823.25,905.0,,,7203.89990234375,2384.199951171875
2017-05-01,,,,,943.0,826.0,905.0,,,7203.89990234375,2388.330078125
2017-05-02,,,,,933.75,818.5,905.0,,,7250.10009765625,2391.169921875
2017-05-03,,,,,918.0,814.0,905.0,,,7234.5,2388.1298828125
2017-05-04,,,,,902.25,802.0,905.0,,,7248.10009765625,2389.52001953125
2017-05-05,,,,,910.75,809.75,920.0,,,7297.39990234375,2399.2900390625
2017-05-08,,,,,920.5,819.5,940.0,,,7300.89990234375,2399.3798828125
2017-05-09,,,,,915.5,811.75,945.0,,,7342.2001953125,2396.919921875
2017-05-10,,,,,909.0,802.25,945.0,,,7385.2001953125,2399.6298828125
2017-05-11,,,,,916.25,804.0,945.0,,,7386.60009765625,2394.43994140625
2017-05-12,,,,,924.75,810.0,945.0,,,7435.39990234375,2390.89990234375
2017-05-15,,,,,932.0,815.75,945.0,,,7454.39990234375,2402.320068359375
2017-05-16,,,,,937.25,803.75,945.0,,,7522.0,2400.669921875
2017-05-17,,,,,945.5,796.25,945.0,,,7503.5,2357.030029296875
2017-05-18,,,,,943.75,781.25,945.0,,,7436.39990234375,2365.719970703125
2017-05-19,,,,,938.75,767.75,945.0,,,7470.7001953125,2381.72998046875
2017-05-22,,,,,942.25,762.5,945.0,,,7496.2998046875,2394.02001953125
2017-05-23,,,,,953.0,775.5,945.0,,,7485.2998046875,2398.419921875
2017-05-24,,,,,945.0,774.25,945.0,,,7514.89990234375,2404.389892578125
2017-05-25,,,,,952.5,771.75,945.0,,,7517.7001953125,2415.070068359375
2017-05-26,,,,,958.0,778.25,945.0,,,7547.60009765625,2415.820068359375
2017-05-29,,,,,963.0,798.5,945.0,,,7547.60009765625,2415.820068359375
2017-05-30,,,,,947.0,800.0,945.0,,,7526.5,2412.909912109375
2017-05-31,,,,,945.5,813.0,945.0,,,7520.0,2411.800048828125
2017-06-01,,,,,945.0,822.5,945.0,,,7543.7998046875,2430.06005859375
2017-06-02,,,,,936.0,833.75,945.0,,,7547.60009765625,2439.070068359375
2017-06-05,,,,,955.75,845.5,945.0,,,7525.7998046875,2436.10009765625
2017-06-06,,,,,961.5,849.75,945.0,,,7525.0,2429.330078125
2017-06-07,,,,,960.0,854.0,945.0,,,7478.60009765625,2433.139892578125
2017-06-08,,,,,949.25,846.5,945.0,,,7450.0,2433.7900390625
2017-06-09,,,,,942.25,873.25,945.0,,,7527.2998046875,2431.77001953125
2017-06-12,,,,,946.5,903.0,945.0,,,7511.89990234375,2429.389892578125
2017-06-13,,,,,945.25,904.25,945.0,,,7500.39990234375,2440.35009765625
2017-06-14,,,,,935.75,888.25,945.0,,,7474.39990234375,2437.919921875
2017-06-15,,,,,936.0,871.25,945.0,,,7419.39990234375,2432.4599609375
2017-06-16,,,,,925.5,876.75,945.0,,,7463.5,2433.14990234375
2017-06-19,,,,,927.25,873.0,945.0,,,7523.7998046875,2453.4599609375
2017-06-20,,,,,929.0,869.0,952.5,,,7472.7001953125,2437.030029296875
2017-06-21,,,,,924.0,879.0,960.0,,,7447.7998046875,2435.610107421875
2017-06-22,,,,,934.25,892.75,960.0,,,7439.2998046875,2434.5
2017-06-23,,,,,930.0,892.0,960.0,,,7424.10009765625,2438.300048828125
2017-06-26,,,,,927.0,866.5,960.0,,,7446.7998046875,2439.070068359375
2017-06-27,,,,,923.75,875.0,960.0,,,7434.39990234375,2419.3798828125
2017-06-28,,,,,923.5,866.25,960.0,,,7387.7998046875,2440.68994140625
2017-06-29,,,,,922.75,866.75,960.0,,,7350.2998046875,2419.699951171875
2017-06-30,,,,,925.25,854.25,960.0,,,7312.7001953125,2423.409912109375
2017-07-03,,,,,922.25,852.75,960.0,,,7377.10009765625,2429.010009765625
2017-07-04,,,,,912.75,860.25,960.0,,,7357.2001953125,2429.010009765625
2017-07-05,,,,,912.75,858.25,960.0,,,7367.60009765625,2432.5400390625
2017-07-06,,,,,912.0,846.75,960.0,,,7337.2998046875,2409.75
2017-07-07,,,,,909.25,841.25,960.0,,,7350.89990234375,2425.179931640625
2017-07-10,,,,,905.75,841.75,960.0,,,7370.0,2427.429931640625
2017-07-11,,,,,900.25,847.25,960.0,,,7329.7998046875,2425.530029296875
2017-07-12,,,,,910.5,862.25,960.0,,,7416.89990234375,2443.25
2017-07-13,,,,,919.75,869.75,960.0,,,7413.39990234375,2447.830078125
2017-07-14,,,,,912.5,863.75,965.0,,,7378.39990234375,2459.27001953125
2017-07-17,,,,,928.0,863.75,970.0,,,7404.10009765625,2459.139892578125
2017-07-18,,,,,928.0,871.25,970.0,,,7390.2001953125,2460.610107421875
2017-07-19,,,,,927.25,870.5,970.0,,,7430.89990234375,2473.830078125
2017-07-20,,,,,922.75,859.75,970.0,,,7487.89990234375,2473.449951171875
2017-07-21,,,,,933.0,853.25,970.0,,,7452.89990234375,2472.5400390625
2017-07-24,,,,,937.75,850.0,970.0,,,7377.7001953125,2469.909912109375
2017-07-25,,,,,934.5,862.25,970.0,,,7434.7998046875,2477.1298828125
2017-07-26,,,,,927.0,866.0,970.0,,,7452.2998046875,2477.830078125
2017-07-27,,,,,934.25,879.75,970.0,,,7443.0,2475.419921875
2017-07-28,,,,,930.75,879.75,970.0,,,7368.39990234375,2472.10009765625
2017-07-31,,,,,939.5,894.0,970.0,,,7372.0,2470.300048828125
2017-08-01,,,,,944.25,894.0,970.0,,,7423.7001953125,2476.35009765625
2017-08-02,,,,,946.25,900.25,970.0,,,7411.39990234375,2477.570068359375
2017-08-03,,,,,952.25,899.0,970.0,,,7474.7998046875,2472.159912109375
2017-08-04,,,,,967.75,889.75,970.0,,,7511.7001953125,2476.830078125
2017-08-07,,,,,965.25,882.25,970.0,,,7531.89990234375,2480.909912109375
2017-08-08,,,,,972.5,896.0,970.0,,,7542.7001953125,2474.919921875
2017-08-09,,,,,978.0,900.25,970.0,,,7498.10009765625,2474.02001953125
2017-08-10,,,,,979.5,900.0,970.0,,,7389.89990234375,2438.2099609375
2017-08-11,,,,,987.0,904.5,970.0,,,7310.0,2441.320068359375
2017-08-14,,,,,979.75,900.25,970.0,,,7353.89990234375,2465.840087890625
2017-08-15,,,,,963.5,897.0,970.0,,,7383.89990234375,2464.610107421875
2017-08-16,,,,,967.5,898.5,970.0,,,7433.0,2468.110107421875
2017-08-17,,,,,980.75,929.5,970.0,,,7387.89990234375,2430.010009765625
2017-08-18,,,,,984.0,932.5,970.0,,,7324.0,2425.550048828125
2017-08-21,,,,,982.0,932.0,970.0,,,7318.89990234375,2428.3701171875
2017-08-22,,,,,981.0,941.0,970.0,,,7381.7001953125,2452.510009765625
2017-08-23,,,,,982.0,936.0,970.0,,,7382.7001953125,2444.0400390625
2017-08-24,,,,,980.25,938.5,970.0,,,7407.10009765625,2438.969970703125
2017-08-25,,,,,980.75,939.25,970.0,,,7401.5,2443.050048828125
2017-08-28,,,,,981.0,937.6667,970.0,,,7401.5,2444.239990234375
2017-08-29,,,,,998.0,948.5,970.0,,,7337.39990234375,2446.300048828125
2017-08-30,,,,,996.25,946.5,970.0,,,7365.2998046875,2457.590087890625
2017-08-31,,,,,991.75,940.0,970.0,,,7430.60009765625,2471.64990234375
2017-09-01,,,,,1001.5,944.25,970.0,,,7438.5,2476.550048828125
2017-09-04,,,,,1014.0,993.0,970.0,,,7411.5,2476.550048828125
2017-09-05,,,,,1009.0,984.25,970.0,,,7372.89990234375,2457.85009765625
2017-09-06,,,,,1010.5,966.75,970.0,,,7354.10009765625,2465.5400390625
2017-09-07,,,,,1008.0,947.75,970.0,,,7397.0,2465.10009765625
2017-09-08,,,,,1020.5,960.25,970.0,,,7377.60009765625,2461.429931640625
2017-09-11,,,,,1004.75,948.5,970.0,,,7413.60009765625,2488.110107421875
2017-09-12,,,,,992.25,945.5,970.0,,,7400.7001953125,2496.47998046875
2017-09-13,,,,,988.0,953.5,970.0,,,7379.7001953125,2498.3701171875
2017-09-14,,,,,984.5,944.5,970.0,,,7295.39990234375,2495.6201171875
2017-09-15,,,,,985.25,932.75,970.0,,,7215.5,2500.22998046875
2017-09-18,,,,,969.75,938.0,970.0,,,7253.2998046875,2503.8701171875
2017-09-19,,,,,962.75,934.75,970.0,,,7275.2998046875,2506.64990234375
2017-09-20,,,,,957.25,916.75,970.0,,,7272.0,2508.239990234375
2017-09-21,,,,,943.0,919.0,970.0,,,7263.89990234375,2500.60009765625
2017-09-22,,,,,944.0,920.0,970.0,,,7310.60009765625,2502.219970703125
2017-09-25,,,,,935.75,927.25,970.0,,,7301.2998046875,2496.659912109375
2017-09-26,,,,,940.75,920.0,970.0,,,7285.7001953125,2496.840087890625
2017-09-27,,,,,928.5,921.75,970.0,,,7313.5,2507.0400390625
2017-09-28,,,,,923.5,934.5,970.0,,,7322.7998046875,2510.06005859375
2017-09-29,,,,,926.75,941.25,970.0,,,7372.7998046875,2519.360107421875
2017-10-02,,,,,914.0,937.5,970.0,,,7438.7998046875,2529.1201171875
2017-10-03,,,,,914.0,915.75,970.0,,,7468.10009765625,2534.580078125
2017-10-04,,,,,919.0,926.25,970.0,,,7467.60009765625,2537.739990234375
2017-10-05,,,,,916.5,931.0,970.0,,,7508.0,2552.070068359375
2017-10-06,,,,,917.75,946.75,970.0,,,7522.89990234375,2549.330078125
2017-10-09,,,,,919.25,929.75,970.0,,,7507.89990234375,2544.72998046875
2017-10-10,,,,,924.75,936.0,970.0,,,7538.2998046875,2550.639892578125
2017-10-11,,,,,936.0,945.25,970.0,,,7533.7998046875,2555.239990234375
2017-10-12,,,,,938.75,969.5,970.0,,,7556.2001953125,2550.929931640625
2017-10-13,,,,,942.25,987.0,970.0,,,7535.39990234375,2553.169921875
2017-10-16,,,,,946.5,1003.5,970.0,,,7527.0,2557.639892578125
2017-10-17,,,,,933.25,986.0,970.0,,,7516.2001953125,2559.360107421875
2017-10-18,,,,,932.5,986.75,970.0,,,7542.89990234375,2561.260009765625
2017-10-19,,,,,925.0,963.75,970.0,,,7523.0,2562.10009765625
2017-10-20,,,,,924.25,971.0,970.0,,,7523.2001953125,2575.2099609375
2017-10-23,,,,,921.5,973.25,970.0,,,7524.5,2564.97998046875
2017-10-24,,,,,927.25,967.0,970.0,,,7526.5,2569.1298828125
2017-10-25,,,,,921.5,967.25,970.0,,,7447.2001953125,2557.14990234375
2017-10-26,,,,,926.5,971.25,970.0,,,7486.5,2560.39990234375
2017-10-27,,,,,919.5,971.25,970.0,,,7505.0,2581.070068359375
2017-10-30,,,,,919.75,975.5,970.0,,,7487.7998046875,2572.830078125
2017-10-31,,,,,924.0,978.25,970.0,,,7493.10009765625,2575.260009765625
2017-11-01,,,,,928.5,995.75,970.0,,,7488.0,2579.360107421875
2017-11-02,,,,,935.25,1006.75,970.0,,,7555.2998046875,2579.85009765625
2017-11-03,,,,,929.25,1003.0,970.0,,,7560.39990234375,2587.840087890625
2017-11-06,,,,,923.75,1005.0,970.0,,,7562.2998046875,2591.1298828125
2017-11-07,,,,,933.25,1003.5,970.0,,,7513.10009765625,2590.639892578125
2017-11-08,,,,,931.5,1004.5,970.0,,,7529.7001953125,2594.3798828125
2017-11-09,,,,,934.75,1022.0,970.0,,,7484.10009765625,2584.6201171875
2017-11-10,,,,,940.0,1013.75,970.0,,,7433.0,2582.300048828125
2017-11-13,,,,,935.25,1001.75,970.0,,,7415.2001953125,2584.840087890625
2017-11-14,,,,,933.5,997.25,970.0,,,7414.39990234375,2578.8701171875
2017-11-15,,,,,933.25,990.75,970.0,,,7372.60009765625,2564.6201171875
2017-11-16,,,,,934.75,990.0,970.0,,,7386.89990234375,2585.639892578125
2017-11-17,,,,,938.75,997.5,970.0,,,7380.7001953125,2578.85009765625
2017-11-20,,,,,946.25,1000.25,970.0,,,7389.5,2582.139892578125
2017-11-21,,,,,932.25,997.5,970.0,,,7411.2998046875,2599.030029296875
2017-11-22,,,,,938.25,1007.75,970.0,,,7419.0,2597.080078125
2017-11-23,,,,,939.5,1009.5,970.0,,,7417.2001953125,2597.080078125
2017-11-24,,,,,941.0,1014.5,970.0,,,7409.60009765625,2602.419921875
2017-11-27,,,,,947.0,1004.0,970.0,,,7383.89990234375,2601.419921875
2017-11-28,,,,,953.25,1013.0,970.0,,,7460.7001953125,2627.0400390625
2017-11-29,,,,,952.5,1028.75,970.0,,,7393.60009765625,2626.070068359375
2017-11-30,,,,,946.0,1022.0,970.0,,,7326.7001953125,2647.580078125
2017-12-01,,,,,942.75,1017.5,970.0,,,7300.5,2642.219970703125
2017-12-04,,,,,937.25,1025.75,970.0,,,7339.0,2639.43994140625
2017-12-05,,,,,927.25,1002.75,970.0,,,7327.5,2629.570068359375
2017-12-06,,,,,915.5,995.0,970.0,,,7348.0,2629.27001953125
2017-12-07,,,,,903.75,1007.0,970.0,,,7320.7998046875,2636.97998046875
2017-12-08,,,,,898.75,1020.0,970.0,,,7394.0,2651.5
2017-12-11,,,,,893.25,1015.5,970.0,,,7453.5,2659.989990234375
2017-12-12,,,,,888.25,1013.75,970.0,,,7500.39990234375,2664.110107421875
2017-12-13,,,,,882.25,1017.5,970.0,,,7496.5,2662.85009765625
2017-12-14,,,,,889.25,1024.0,970.0,,,7448.10009765625,2652.010009765625
2017-12-15,,,,,885.5,1037.25,970.0,,,7490.60009765625,2675.81005859375
2017-12-18,,,,,902.0,1028.0,970.0,,,7537.0,2690.159912109375
2017-12-19,,,,,913.75,1025.75,970.0,,,7544.10009765625,2681.469970703125
2017-12-20,,,,,919.25,1032.5,970.0,,,7525.2001953125,2679.25
2017-12-21,,,,,921.25,1035.5,970.0,,,7604.0,2684.570068359375
2017-12-22,,,,,920.25,1043.5,970.0,,,7592.7001953125,2683.340087890625
2017-12-26,,,,,923.0,1053.0,970.0,,,7592.7001953125,2680.5
2017-12-27,,,,,926.25,1064.0,970.0,,,7620.7001953125,2682.6201171875
2017-12-28,,,,,927.75,1067.5,970.0,,,7622.89990234375,2687.5400390625
2017-12-29,,,,,932.25,1069.0,970.0,,,7687.7998046875,2673.610107421875
2018-01-02,,,,,938.6667,1081.3333,970.0,,,7648.10009765625,2695.81005859375
2018-01-03,,,,,951.0,1096.0,970.0,,,7671.10009765625,2713.06005859375
2018-01-04,,,,,954.5,1096.5,970.0,,,7695.89990234375,2723.989990234375
2018-01-05,,,,,965.25,1103.0,970.0,,,7724.2001953125,2743.14990234375
2018-01-08,,,,,972.75,1100.5,970.0,,,7696.5,2747.7099609375
2018-01-09,,,,,970.0,1109.0,970.0,,,7731.0,2751.2900390625
2018-01-10,,,,,967.0,1103.0,970.0,,,7748.5,2748.22998046875
2018-01-11,,,,,978.75,1090.25,970.0,,,7762.89990234375,2767.56005859375
2018-01-12,,,,,993.75,1096.5,970.0,,,7778.60009765625,2786.239990234375
2018-01-15,,,,,1001.0,1131.75,970.0,,,7769.10009765625,2786.239990234375
2018-01-16,,,,,998.25,1123.5,970.0,,,7755.89990234375,2776.419921875
2018-01-17,,,,,1003.5,1106.75,970.0,,,7725.39990234375,2802.56005859375
2018-01-18,,,,,1003.25,1116.25,970.0,,,7701.0,2798.030029296875
2018-01-19,,,,,1009.75,1111.25,970.0,,,7730.7998046875,2810.300048828125
2018-01-22,,,,,1017.75,1108.0,970.0,,,7715.39990234375,2832.969970703125
2018-01-23,,,,,999.25,1099.0,970.0,,,7731.7998046875,2839.1298828125
2018-01-24,,,,,1012.75,1103.0,970.0,,,7643.39990234375,2837.5400390625
2018-01-25,,,,,1020.75,1111.0,970.0,,,7615.7998046875,2839.25
2018-01-26,,,,,1018.5,1099.5,970.0,,,7665.5,2872.8701171875
2018-01-29,,,,,1013.25,1094.25,970.0,,,7671.5,2853.530029296875
2018-01-30,,,,,1004.5,1088.5,970.0,,,7588.0,2822.429931640625
2018-01-31,,,,,1005.25,1064.5,970.0,,,7533.60009765625,2823.81005859375
2018-02-01,,,,,1001.0,1035.0,970.0,,,7490.39990234375,2821.97998046875
2018-02-02,,,,,1005.5,1047.0,970.0,,,7443.39990234375,2762.1298828125
2018-02-05,,,,,995.25,1044.5,970.0,,,7335.0,2648.93994140625
2018-02-06,,,,,996.0,1025.0,970.0,,,7141.39990234375,2695.139892578125
2018-02-07,,,,,992.0,1012.5,970.0,,,7279.39990234375,2681.659912109375
2018-02-08,,,,,979.75,990.5,970.0,,,7170.7001953125,2581.0
2018-02-09,,,,,975.75,970.25,970.0,,,7092.39990234375,2619.550048828125
2018-02-12,,,,,974.75,984.25,970.0,,,7177.10009765625,2656.0
2018-02-13,,,,,976.0,989.75,970.0,,,7168.0,2662.93994140625
2018-02-14,,,,,980.75,996.0,970.0,,,7214.0,2698.6298828125
2018-02-15,,,,,1005.5,1017.5,970.0,,,7234.7998046875,2731.199951171875
2018-02-16,,,,,1011.5,1033.0,970.0,,,7294.7001953125,2732.219970703125
2018-02-19,,,,,1015.0,1047.5,970.0,,,7247.7001953125,2732.219970703125
2018-02-20,,,,,1009.25,1039.5,972.5,,,7246.7998046875,2716.260009765625
2018-02-21,,,,,1002.75,1036.25,980.0,,,7281.60009765625,2701.330078125
2018-02-22,,,,,995.5,1032.5,980.0,,,7252.39990234375,2703.9599609375
2018-02-23,,,,,1000.25,1048.25,980.0,,,7244.39990234375,2747.300048828125
2018-02-26,,,,,1004.5,1063.0,980.0,,,7289.60009765625,2779.60009765625
2018-02-27,,,,,1002.5,1067.25,980.0,,,7282.5,2744.280029296875
2018-02-28,,,,,986.25,1051.0,982.5,,,7231.89990234375,2713.830078125
2018-03-01,,,,,977.5,1035.5,990.0,,,7175.60009765625,2677.669921875
2018-03-02,,,,,969.0,998.5,990.0,,,7069.89990234375,2691.25
2018-03-05,,,,,969.5,997.25,990.0,,,7116.0,2720.93994140625
2018-03-06,,,,,966.25,993.5,990.0,,,7146.7998046875,2728.1201171875
2018-03-07,,,,,966.75,986.5,1000.0,,,7157.7998046875,2726.800048828125
2018-03-08,,,,,956.0,980.25,1000.0,,,7203.2001953125,2738.969970703125
2018-03-09,,,,,956.5,982.25,1000.0,,,7224.5,2786.570068359375
2018-03-12,,,,,966.5,997.0,1000.0,,,7214.7998046875,2783.02001953125
2018-03-13,,,,,968.5,987.0,1000.0,,,7138.7998046875,2765.31005859375
2018-03-14,,,,,971.5,1002.0,1000.0,,,7132.7001953125,2749.47998046875
2018-03-15,,,,,964.25,995.75,1002.5,,,7139.7998046875,2747.330078125
2018-03-16,,,,,957.25,992.5,1010.0,,,7164.10009765625,2752.010009765625
2018-03-19,,,,,949.25,1000.0,1010.0,,,7042.89990234375,2712.919921875
2018-03-20,,,,,955.75,997.0,1012.5,,,7061.2998046875,2716.93994140625
2018-03-21,,,,,949.0,989.75,1020.0,,,7039.0,2711.929931640625
2018-03-22,,,,,961.0,994.75,1020.0,,,6952.60009765625,2643.68994140625
2018-03-23,,,,,958.0,991.5,1020.0,,,6921.89990234375,2588.260009765625
2018-03-26,,,,,954.5,983.5,1020.0,,,6888.7001953125,2658.550048828125
2018-03-27,,,,,958.0,983.25,1020.0,,,7000.10009765625,2612.6201171875
2018-03-28,,,,,946.75,981.0,1020.0,,,7044.7001953125,2605.0
2018-03-29,,,,,941.5,976.0,1020.0,,,7056.60009765625,2640.8701171875
2018-04-02,,,,,936.0,949.0,1020.0,,,7056.60009765625,2581.8798828125
2018-04-03,,,,,935.5,943.0,1020.0,,,7030.5,2614.449951171875
2018-04-04,,,,,924.75,934.25,1020.0,,,7034.0,2644.68994140625
2018-04-05,,,,,914.0,926.5,1020.0,,,7199.5,2662.840087890625
2018-04-06,,,,,915.25,912.0,1020.0,,,7183.60009765625,2604.469970703125
2018-04-09,,,,,926.25,921.75,1020.0,,,7194.7998046875,2613.159912109375
2018-04-10,,,,,937.5,943.0,1025.0,,,7266.7998046875,2656.8701171875
2018-04-11,,,,,936.25,959.5,1030.0,,,7257.10009765625,2642.18994140625
2018-04-12,,,,,933.5,964.5,1030.0,,,7258.2998046875,2663.989990234375
2018-04-13,,,,,934.0,979.25,1030.0,,,7264.60009765625,2656.300048828125
2018-04-16,,,,,933.75,998.25,1035.0,,,7198.2001953125,2677.840087890625
2018-04-17,,,,,933.75,1008.0,1040.0,,,7226.10009765625,2706.389892578125
2018-04-18,,,,,944.5,1027.5,1040.0,,,7317.2998046875,2708.639892578125
2018-04-19,,,,,949.25,1045.75,1045.0,,,7328.89990234375,2693.1298828125
2018-04-20,,,,,936.5,1033.25,1060.0,,,7368.2001953125,2670.139892578125
2018-04-23,,,,,928.25,1023.25,1062.5,,,7398.89990234375,2670.2900390625
2018-04-24,,,,,924.75,981.0,1070.0,,,7425.39990234375,2634.56005859375
2018-04-25,,,,,927.75,975.25,1072.5,,,7379.2998046875,2639.39990234375
2018-04-26,,,,,916.0,984.25,1080.0,,,7421.39990234375,2666.93994140625
2018-04-27,,,,,913.5,992.5,1085.0,,,7502.2001953125,2669.909912109375
2018-04-30,,,,,912.5,977.75,1100.0,,,7509.2998046875,2648.050048828125
2018-05-01,,,,,902.5,957.5,1130.0,,,7520.39990234375,2654.800048828125
2018-05-02,,,,,901.25,960.25,1135.0,,,7543.2001953125,2635.669921875
2018-05-03,,,,,903.25,974.5,1140.0,,,7502.7001953125,2629.72998046875
2018-05-04,,,,,905.0,968.5,1140.0,,,7567.10009765625,2663.419921875
2018-05-07,,,,,917.6667,982.6667,1140.0,,,7567.10009765625,2672.6298828125
2018-05-08,,,,,915.0,976.5,1142.5,,,7565.7998046875,2671.919921875
2018-05-09,,,,,916.5,979.25,1156.25,,,7662.5,2697.7900390625
2018-05-10,,,,,920.25,986.5,1181.25,,,7701.0,2723.070068359375
2018-05-11,,,,,928.0,1004.25,1212.5,,,7724.60009765625,2727.719970703125
2018-05-14,,,,,928.0,1002.0,1232.5,,,7711.0,2730.1298828125
2018-05-15,,,,,911.25,989.5,1245.0,,,7723.0,2711.449951171875
2018-05-16,,,,,902.25,990.0,1260.0,,,7734.2001953125,2722.4599609375
2018-05-17,,,,,894.5,990.75,1287.5,,,7788.0,2720.1298828125
2018-05-18,,,,,892.5,985.5,1300.0,,,7778.7998046875,2712.969970703125
2018-05-21,,,,,886.25,977.0,1325.0,,,7859.2001953125,2733.010009765625
2018-05-22,,,,,909.5,1004.5,1350.0,,,7877.5,2724.43994140625
2018-05-23,,,,,908.0,991.75,1350.0,,,7788.39990234375,2733.2900390625
2018-05-24,,,,,910.0,983.5,1362.5,,,7716.7001953125,2727.760009765625
2018-05-25,,,,,913.75,982.25,1375.0,,,7730.2998046875,2721.330078125
2018-05-28,,,,,907.0,989.5,1375.0,,,7730.2998046875,2721.330078125
2018-05-29,,,,,908.75,988.25,1375.0,,,7632.60009765625,2689.860107421875
2018-05-30,,,,,910.5,985.0,1375.0,,,7689.60009765625,2724.010009765625
2018-05-31,,,,,914.5,993.0,1375.0,,,7678.2001953125,2705.27001953125
2018-06-01,,,,,912.5,993.75,1375.0,,,7701.7998046875,2734.6201171875
2018-06-04,,,,,907.5,1012.0,1385.0,,,7741.2998046875,2746.8701171875
2018-06-05,,,,,902.0,996.75,1395.0,,,7686.7998046875,2748.800048828125
2018-06-06,,,,,907.0,1003.75,1402.5,,,7712.39990234375,2772.35009765625
2018-06-07,,,,,908.5,1024.5,1410.0,,,7704.39990234375,2770.3701171875
2018-06-08,,,,,904.5,1019.0,1410.0,,,7681.10009765625,2779.030029296875
2018-06-11,,,,,910.75,1021.5,1410.0,,,7737.39990234375,2782.0
2018-06-12,,,,,909.5,1026.5,1410.0,,,7703.7998046875,2786.85009765625
2018-06-13,,,,,902.0,1023.75,1410.0,,,7703.7001953125,2775.6298828125
2018-06-14,,,,,907.25,1016.25,1410.0,,,7765.7998046875,2782.489990234375
2018-06-15,,,,,907.25,1011.25,1410.0,,,7633.89990234375,2779.659912109375
2018-06-18,,,,,889.0,994.5,1410.0,,,7631.2998046875,2773.75
2018-06-19,,,,,883.5,990.5,1410.0,,,7603.89990234375,2762.590087890625
2018-06-20,,,,,867.75,975.75,1410.0,,,7627.39990234375,2767.320068359375
2018-06-21,,,,,869.75,968.75,1411.25,,,7556.39990234375,2749.760009765625
2018-06-22,,,,,868.25,960.75,1415.0,,,7682.2998046875,2754.8798828125
2018-06-25,,,,,875.75,959.0,1415.0,,,7509.7998046875,2717.070068359375
2018-06-26,,,,,869.5,947.0,1415.0,,,7537.89990234375,2723.06005859375
2018-06-27,,,,,867.5,959.5,1415.0,,,7621.7001953125,2699.6298828125
2018-06-28,,,,,858.0,955.0,1415.0,,,7615.60009765625,2716.31005859375
2018-06-29,,,,,854.0,955.0,1415.0,,,7636.89990234375,2718.3701171875
2018-07-02,,,,,842.0,949.5,1415.0,,,7547.89990234375,2726.7099609375
2018-07-03,,,,,823.0,951.25,1415.0,,,7593.2998046875,2713.219970703125
2018-07-04,,,,,842.0,952.25,1415.0,,,7573.10009765625,2713.219970703125
2018-07-05,,,,,845.75,953.5,1415.0,,,7603.2001953125,2736.610107421875
2018-07-06,,,,,844.0,951.5,1415.0,,,7617.7001953125,2759.820068359375
2018-07-09,,,,,855.5,963.75,1415.0,,,7688.0,2784.169921875
2018-07-10,,,,,850.0,958.0,1415.0,,,7692.0,2793.840087890625
2018-07-11,,,,,843.25,944.75,1415.0,,,7592.0,2774.02001953125
2018-07-12,,,,,836.75,946.0,1415.0,,,7651.2998046875,2798.2900390625
2018-07-13,,,,,840.0,950.5,1415.0,,,7661.89990234375,2801.31005859375
2018-07-16,,,,,832.75,944.25,1415.0,,,7600.5,2798.429931640625
2018-07-17,,,,,828.75,924.25,1415.0,,,7626.2998046875,2809.550048828125
2018-07-18,,,,,815.0,916.5,1415.0,,,7676.2998046875,2815.6201171875
2018-07-19,,,,,812.25,907.25,1415.0,,,7684.0,2804.489990234375
2018-07-20,,,,,818.0,890.75,1417.5,,,7678.7998046875,2801.830078125
2018-07-23,,,,,832.5,902.25,1420.0,,,7655.7998046875,2806.97998046875
2018-07-24,,,,,837.5,921.75,1420.0,,,7709.10009765625,2820.39990234375
2018-07-25,,,,,841.5,925.5,1420.0,,,7658.2998046875,2846.070068359375
2018-07-26,,,,,842.75,940.75,1420.0,,,7663.2001953125,2837.43994140625
2018-07-27,,,,,832.75,936.25,1420.0,,,7701.2998046875,2818.820068359375
2018-07-30,,,,,831.25,933.5,1420.0,,,7700.89990234375,2802.60009765625
2018-07-31,,,,,833.25,936.5,1420.0,,,7748.7998046875,2816.2900390625
2018-08-01,,,,,834.25,934.0,1420.0,,,7652.89990234375,2813.360107421875
2018-08-02,,,,,825.5,925.0,1420.0,,,7575.89990234375,2827.219970703125
2018-08-03,,,,,828.75,921.0,1420.0,,,7659.10009765625,2840.35009765625
2018-08-06,,,,,834.5,919.0,1420.0,,,7663.7998046875,2850.39990234375
2018-08-07,,,,,832.75,916.0,1420.0,,,7718.5,2858.449951171875
2018-08-08,,,,,834.75,913.0,1420.0,,,7776.7001953125,2857.699951171875
2018-08-09,,,,,837.0,906.5,1420.0,,,7741.7998046875,2853.580078125
2018-08-10,,,,,833.75,910.25,1420.0,,,7667.0,2833.280029296875
2018-08-13,,,,,821.75,909.5,1420.0,,,7642.5,2821.929931640625
2018-08-14,,,,,805.25,896.5,1420.0,,,7611.60009765625,2839.9599609375
2018-08-15,,,,,791.25,889.75,1420.0,,,7497.89990234375,2818.3701171875
2018-08-16,,,,,779.25,867.5,1420.0,,,7556.39990234375,2840.68994140625
2018-08-17,,,,,784.5,900.75,1420.0,,,7558.60009765625,2850.1298828125
2018-08-20,,,,,797.0,926.25,1420.0,,,7591.2998046875,2857.050048828125
2018-08-21,,,,,802.25,923.5,1420.0,,,7565.7001953125,2862.9599609375
2018-08-22,,,,,797.75,922.0,1420.0,,,7574.2001953125,2861.820068359375
2018-08-23,,,,,789.5,925.5,1422.5,,,7563.2001953125,2856.97998046875
2018-08-24,,,,,786.75,930.0,1427.5,,,7577.5,2874.68994140625
2018-08-27,,,,,795.6667,948.0,1430.0,,,7577.5,2896.739990234375
2018-08-28,,,,,809.75,956.5,1432.5,,,7617.2001953125,2897.52001953125
2018-08-29,,,,,795.5,951.25,1440.0,,,7563.2001953125,2914.0400390625
2018-08-30,,,,,796.5,971.5,1440.0,,,7516.0,2901.1298828125
2018-08-31,,,,,797.5,981.25,1440.0,,,7432.39990234375,2901.52001953125
2018-09-03,,,,,792.25,989.0,1440.0,,,7504.60009765625,2901.52001953125
2018-09-04,,,,,785.25,981.0,1440.0,,,7457.89990234375,2896.719970703125
2018-09-05,,,,,780.5,989.75,1440.0,,,7383.2998046875,2888.60009765625
2018-09-06,,,,,790.75,982.5,1440.0,,,7319.0,2878.050048828125
2018-09-07,,,,,792.5,984.75,1440.0,,,7277.7001953125,2871.679931640625
2018-09-10,,,,,790.0,989.0,1440.0,,,7279.2998046875,2877.1298828125
2018-09-11,,,,,793.25,983.75,1440.0,,,7273.5,2887.889892578125
2018-09-12,,,,,794.5,982.75,1440.0,,,7313.39990234375,2888.919921875
2018-09-13,,,,,808.75,984.75,1445.0,,,7281.60009765625,2904.179931640625
2018-09-14,,,,,811.0,990.0,1455.0,,,7304.0,2904.97998046875
2018-09-17,,,,,800.0,987.0,1460.0,,,7302.10009765625,2888.800048828125
2018-09-18,,,,,807.25,996.5,1460.0,,,7300.2001953125,2904.31005859375
2018-09-19,,,,,820.0,1023.25,1460.0,,,7331.10009765625,2907.949951171875
2018-09-20,,,,,828.5,1047.75,1460.0,,,7367.2998046875,2930.75
2018-09-21,,,,,837.0,1057.75,1460.0,,,7490.2001953125,2929.669921875
2018-09-24,,,,,831.75,1058.0,1460.0,,,7458.39990234375,2919.3701171875
2018-09-25,,,,,831.5,1066.0,1460.0,,,7507.60009765625,2915.56005859375
2018-09-26,,,,,827.75,1067.25,1460.0,,,7511.5,2905.969970703125
2018-09-27,,,,,826.25,1077.25,1460.0,,,7545.39990234375,2914.0
2018-09-28,,,,,814.75,1093.75,1460.0,,,7510.2001953125,2913.97998046875
2018-10-01,,,,,820.0,1065.5,1460.0,,,7495.7001953125,2924.590087890625
2018-10-02,,,,,828.75,1065.75,1460.0,,,7474.60009765625,2923.429931640625
2018-10-03,,,,,836.25,1063.0,1460.0,,,7510.2998046875,2925.510009765625
2018-10-04,,,,,829.75,1064.5,1460.0,,,7418.2998046875,2901.610107421875
2018-10-05,,,,,827.5,1064.5,1460.0,,,7318.5,2885.570068359375
2018-10-08,,,,,820.5,1072.0,1460.0,,,7233.2998046875,2884.429931640625
2018-10-09,,,,,825.5,1082.5,1460.0,,,7237.60009765625,2880.340087890625
2018-10-10,,,,,829.25,1079.75,1460.0,,,7145.7001953125,2785.679931640625
2018-10-11,,,,,825.0,1078.0,1460.0,,,7006.89990234375,2728.3701171875
2018-10-12,,,,,843.25,1088.25,1460.0,,,6995.89990234375,2767.1298828125
2018-10-15,,,,,846.25,1080.5,1460.0,,,7029.2001953125,2750.7900390625
2018-10-16,,,,,847.0,1090.25,1460.0,,,7059.39990234375,2809.919921875
2018-10-17,,,,,839.5,1081.5,1460.0,,,7054.60009765625,2809.2099609375
2018-10-18,,,,,835.25,1078.5,1460.0,,,7027.0,2768.780029296875
2018-10-19,,,,,835.5,1088.0,1462.5,,,7049.7998046875,2767.780029296875
2018-10-22,,,,,834.0,1098.25,1470.0,,,7042.7998046875,2755.8798828125
2018-10-23,,,,,829.0,1136.5,1470.0,,,6955.2001953125,2740.68994140625
2018-10-24,,,,,834.5,1145.25,1470.0,,,6963.0,2656.10009765625
2018-10-25,,,,,833.5,1124.25,1472.5,,,7004.10009765625,2705.570068359375
2018-10-26,,,,,830.0,1107.25,1480.0,,,6939.60009765625,2658.68994140625
2018-10-29,,,,,837.75,1114.25,1480.0,,,7026.2998046875,2641.25
2018-10-30,,,,,838.25,1097.75,1480.0,,,7035.89990234375,2682.6298828125
2018-10-31,,,,,838.5,1088.0,1480.0,,,7128.10009765625,2711.739990234375
2018-11-01,,,,,849.75,1094.25,1480.0,,,7114.7001953125,2740.3701171875
2018-11-02,,,,,867.25,1110.0,1480.0,,,7094.10009765625,2723.06005859375
2018-11-05,,,,,872.0,1128.5,1480.0,,,7103.7998046875,2738.31005859375
2018-11-06,,,,,871.5,1135.0,1480.0,,,7040.7001953125,2755.449951171875
2018-11-07,,,,,877.75,1130.0,1480.0,,,7117.2998046875,2813.889892578125
2018-11-08,,,,,874.5,1133.25,1480.0,,,7140.7001953125,2806.830078125
2018-11-09,,,,,864.25,1130.0,1480.0,,,7105.2998046875,2781.010009765625
2018-11-12,,,,,858.5,1121.5,1480.0,,,7053.10009765625,2726.219970703125
2018-11-13,,,,,847.5,1112.75,1480.0,,,7053.7998046875,2722.179931640625
2018-11-14,,,,,840.25,1119.0,1480.0,,,7033.7998046875,2701.580078125
2018-11-15,,,,,838.75,1135.5,1480.0,,,7038.0,2730.199951171875
2018-11-16,,,,,846.0,1170.75,1480.0,,,7013.89990234375,2736.27001953125
2018-11-19,,,,,848.0,1185.25,1480.0,,,7000.89990234375,2690.72998046875
2018-11-20,,,,,853.25,1168.5,1480.0,,,6947.89990234375,2641.889892578125
2018-11-21,,,,,847.5,1155.25,1480.0,,,7050.2001953125,2649.929931640625
2018-11-22,,,,,849.75,1158.0,1480.0,,,6960.2998046875,2649.929931640625
2018-11-23,,,,,848.25,1156.75,1480.0,,,6952.89990234375,2632.56005859375
2018-11-26,,,,,847.75,1143.5,1480.0,,,7036.0,2673.449951171875
2018-11-27,,,,,845.75,1151.0,1480.0,,,7016.89990234375,2682.169921875
2018-11-28,,,,,836.25,1169.0,1480.0,,,7004.5,2743.7900390625
2018-11-29,,,,,829.0,1188.0,1480.0,,,7039.0,2737.800048828125
2018-11-30,,,,,816.5,1199.0,1480.0,,,6980.2001953125,2760.169921875
2018-12-03,,,,,812.75,1206.5,1480.0,,,7062.39990234375,2790.3701171875
2018-12-04,,,,,809.5,1229.75,1480.0,,,7022.7998046875,2700.06005859375
2018-12-05,,,,,801.5,1254.25,1480.0,,,6921.7998046875,2700.06005859375
2018-12-06,,,,,798.5,1241.5,1480.0,,,6704.10009765625,2695.949951171875
2018-12-07,,,,,794.5,1221.25,1480.0,,,6778.10009765625,2633.080078125
2018-12-10,,,,,793.5,1232.75,1480.0,,,6721.5,2637.719970703125
2018-12-11,,,,,787.25,1246.25,1480.0,,,6806.89990234375,2636.780029296875
2018-12-12,,,,,792.0,1262.5,1480.0,,,6880.2001953125,2651.070068359375
2018-12-13,,,,,806.0,1275.25,1480.0,,,6877.5,2650.5400390625
2018-12-14,,,,,796.25,1254.5,1480.0,,,6845.2001953125,2599.949951171875
2018-12-17,,,,,789.5,1255.0,1480.0,,,6773.2001953125,2545.93994140625
2018-12-18,,,,,794.0,1267.0,1480.0,,,6701.60009765625,2546.159912109375
2018-12-19,,,,,795.5,1259.75,1480.0,,,6765.89990234375,2506.9599609375
2018-12-20,,,,,792.75,1276.75,1480.0,,,6711.89990234375,2467.419921875
2018-12-21,,,,,797.25,1262.5,1480.0,,,6721.2001953125,2416.6201171875
2018-12-24,,,,,796.0,1245.5,1480.0,,,6686.0,2351.10009765625
2018-12-26,,,,,799.0,1255.0,1480.0,,,6686.0,2467.699951171875
2018-12-27,,,,,800.25,1270.5,1480.0,,,6584.7001953125,2488.830078125
2018-12-28,,,,,798.0,1273.75,1480.0,,,6734.0,2485.739990234375
2018-12-31,,,,,793.5,1263.5,1480.0,,,6728.10009765625,2506.85009765625
2019-01-02,1287.05,15.48,795.5,1259.5,795.0,1269.5,1480.0,121.33000183105469,14.5600004196167,6734.2001953125,2510.030029296875
2019-01-03,1288.18,15.59,794.5,1260.0,798.25,1269.0,1480.0,122.43000030517578,14.75,6692.7001953125,2447.889892578125
2019-01-04,1289.9,15.7,802.5,1267.0,803.25,1273.5,1480.0,121.44000244140625,14.729999542236328,6837.39990234375,2531.93994140625
2019-01-07,1291.43,15.78,831.0,1306.0,828.0,1312.5,1480.0,121.86000061035156,14.670000076293945,6810.89990234375,2549.68994140625
2019-01-08,1282.9,15.6,823.0,1301.5,825.0,1312.75,1480.0,121.52999877929688,14.6899995803833,6861.60009765625,2574.409912109375
2019-01-09,1281.13,15.62,822.5,1332.0,825.0,1339.5,1480.0,122.30999755859375,14.779999732971191,6906.60009765625,2584.9599609375
2019-01-10,1292.9,15.72,825.5,1318.5,827.75,1332.0,1480.0,121.58999633789062,14.600000381469727,6942.89990234375,2596.639892578125
2019-01-11,1292.18,15.71,824.0,1330.0,824.75,1334.75,1480.0,121.80000305175781,14.640000343322754,6918.2001953125,2596.260009765625
2019-01-14,1293.95,15.59,802.5,1309.0,810.25,1325.75,1480.0,122.08999633789062,14.65999984741211,6855.0,2582.610107421875
2019-01-15,1288.82,15.56,803.5,1324.5,807.25,1335.0,1480.0,121.87999725341797,14.600000381469727,6895.0,2610.300048828125
2019-01-16,1289.82,15.58,801.5,1325.0,802.5,1335.75,1480.0,122.2699966430664,14.630000114440918,6862.7001953125,2616.10009765625
2019-01-17,1294.0,15.58,806.0,1381.0,807.75,1381.5,1480.0,122.11000061035156,14.569999694824219,6834.89990234375,2635.9599609375
2019-01-18,1284.78,15.47,811.75,1407.0,811.25,1411.5,1480.0,121.0199966430664,14.369999885559082,6968.2998046875,2670.7099609375
2019-01-21,1278.25,15.23,798.0,1374.0,801.75,1389.0,1480.0,121.0199966430664,14.369999885559082,6970.60009765625,2670.7099609375
2019-01-22,1284.05,15.31,793.25,1330.5,796.0,1358.0,1480.0,121.44999694824219,14.390000343322754,6901.39990234375,2632.89990234375
2019-01-23,1284.93,15.4,792.0,1341.0,793.25,1353.0,1480.0,121.27999877929688,14.420000076293945,6842.89990234375,2638.699951171875
2019-01-24,1279.43,15.31,793.0,1342.5,798.5,1350.25,1480.0,121.08999633789062,14.359999656677246,6819.0,2642.330078125
2019-01-25,1283.35,15.37,803.75,1304.5,808.75,1333.5,1480.0,122.86000061035156,14.739999771118164,6809.2001953125,2664.760009765625
2019-01-28,1300.4,15.75,812.0,1342.5,816.75,1358.25,1480.0,123.29000091552734,14.789999961853027,6747.10009765625,2643.85009765625
2019-01-29,1308.3,15.88,818.5,1331.5,817.0,1342.25,1480.0,123.9800033569336,14.880000114440918,6833.89990234375,2640.0
2019-01-30,1313.72,15.93,817.0,1339.0,818.0,1352.0,1480.0,124.69000244140625,15.050000190734863,6941.60009765625,2681.050048828125
2019-01-31,1320.7,16.05,818.0,1358.5,821.75,1372.0,1480.0,124.75,15.050000190734863,6968.89990234375,2704.10009765625
2019-02-01,1319.43,15.95,823.0,1347.5,825.75,1358.0,1480.0,124.5,14.920000076293945,7020.2001953125,2706.530029296875
2019-02-04,1310.78,15.76,820.0,1347.5,824.0,1362.5,1480.0,123.95999908447266,14.880000114440918,7034.10009765625,2724.8701171875
2019-02-05,1311.25,15.85,821.5,1366.5,823.5,1377.5,1480.0,124.27999877929688,14.869999885559082,7177.39990234375,2737.699951171875
2019-02-06,1313.8,15.78,817.0,1366.5,820.5,1383.5,1480.0,123.44000244140625,14.680000305175781,7173.10009765625,2731.610107421875
2019-02-07,1305.95,15.72,806.0,1368.0,806.0,1383.5,1480.0,123.73999786376953,14.770000457763672,7093.60009765625,2706.050048828125
2019-02-08,1309.47,15.74,796.0,1388.5,800.0,1395.75,1480.0,124.20999908447266,14.829999923706055,7071.2001953125,2707.8798828125
2019-02-11,1306.55,15.73,791.0,1379.5,798.25,1394.75,1480.0,123.5999984741211,14.720000267028809,7129.10009765625,2709.800048828125
2019-02-12,1312.68,15.8,790.0,1385.0,791.5,1396.75,1480.0,123.86000061035156,14.729999542236328,7133.10009765625,2744.72998046875
2019-02-13,1312.55,15.71,792.0,1404.5,792.75,1413.5,1480.0,123.37000274658203,14.59000015258789,7190.7998046875,2753.030029296875
2019-02-14,1305.78,15.56,785.5,1402.5,788.0,1410.75,1480.0,124.05999755859375,14.649999618530273,7197.0,2745.72998046875
2019-02-15,1315.9,15.65,789.5,1410.5,790.5,1426.75,1480.0,124.80000305175781,14.819999694824219,7236.7001953125,2775.60009765625
2019-02-18,1324.57,15.81,807.5,1453.5,808.25,1452.5,1480.0,124.80000305175781,14.819999694824219,7219.5,2775.60009765625
2019-02-19,1329.2,15.85,814.0,1476.5,811.75,1478.5,1480.0,126.69999694824219,15.020000457763672,7179.2001953125,2779.760009765625
2019-02-20,1343.65,16.05,825.0,1491.5,824.0,1495.75,1480.0,126.4800033569336,15.069999694824219,7228.60009765625,2784.699951171875
2019-02-21,1333.15,15.86,820.0,1455.0,828.25,1491.0,1480.0,125.05000305175781,14.829999923706055,7167.39990234375,2774.8798828125
2019-02-22,1323.35,15.85,832.0,1477.0,831.25,1483.75,1480.0,125.5,14.949999809265137,7178.60009765625,2792.669921875
2019-02-25,1329.3,15.95,850.0,1513.5,851.25,1518.25,1480.0,125.37000274658203,14.899999618530273,7183.7001953125,2796.110107421875
2019-02-26,1326.22,15.85,850.0,1532.5,857.75,1553.5,1480.0,125.58000183105469,14.9399995803833,7151.10009765625,2793.89990234375
2019-02-27,1326.85,15.86,866.0,1548.5,867.25,1564.0,1480.0,124.69000244140625,14.75,7107.2001953125,2792.3798828125
2019-02-28,1325.05,15.79,875.0,1532.5,871.75,1547.25,1480.0,123.98999786376953,14.630000114440918,7074.7001953125,2784.489990234375
2019-03-01,1307.6,15.53,864.0,1523.5,870.25,1550.5,1480.0,121.87999725341797,14.199999809265137,7106.7001953125,2803.68994140625
2019-03-04,1287.85,15.15,845.5,1537.0,852.75,1556.0,1480.0,121.55999755859375,14.149999618530273,7134.39990234375,2792.81005859375
2019-03-05,1284.6,15.09,838.25,1512.0,840.5,1528.25,1480.0,121.72000122070312,14.199999809265137,7183.39990234375,2789.64990234375
2019-03-06,1286.05,15.09,831.0,1499.5,834.5,1517.25,1480.0,121.61000061035156,14.149999618530273,7196.0,2771.449951171875
2019-03-07,1286.05,15.09,826.0,1535.5,828.5,1541.25,1480.0,121.51000213623047,14.09000015258789,7157.60009765625,2748.929931640625
2019-03-08,1294.03,15.15,821.0,1512.5,818.5,1526.5,1480.0,122.83999633789062,14.40999984741211,7104.2998046875,2743.070068359375
2019-03-11,1295.95,15.31,814.0,1505.0,817.75,1522.75,1480.0,122.23999786376953,14.369999885559082,7130.60009765625,2783.300048828125
2019-03-12,1296.9,15.43,833.5,1540.5,832.0,1545.75,1480.0,122.9800033569336,14.479999542236328,7151.2001953125,2791.52001953125
2019-03-13,1308.22,15.52,838.75,1540.0,842.25,1545.25,1480.0,123.83999633789062,14.510000228881836,7159.2001953125,2810.919921875
2019-03-14,1296.6,15.24,833.0,1545.0,837.25,1552.25,1480.0,122.41000366210938,14.239999771118164,7185.39990234375,2808.47998046875
2019-03-15,1302.63,15.37,834.0,1549.0,832.5,1560.25,1480.0,122.97000122070312,14.329999923706055,7228.2998046875,2822.47998046875
2019-03-18,1305.53,15.35,832.5,1550.0,833.5,1562.0,1480.0,123.04000091552734,14.390000343322754,7299.2001953125,2832.93994140625
2019-03-19,1306.3,15.38,839.25,1583.0,843.75,1593.75,1480.0,123.37999725341797,14.399999618530273,7324.0,2832.570068359375
2019-03-20,1303.22,15.3,861.0,1593.0,859.75,1601.25,1480.0,124.18000030517578,14.539999961853027,7291.0,2824.22998046875
2019-03-21,1317.5,15.61,870.0,1603.0,871.5,1611.5,1480.0,123.68000030517578,14.5,7355.2998046875,2854.8798828125
2019-03-22,1313.5,15.53,858.0,1582.0,858.25,1592.5,1480.0,123.97000122070312,14.449999809265137,7207.60009765625,2800.7099609375
2019-03-25,1317.5,15.52,852.0,1533.5,850.75,1556.5,1480.0,124.91999816894531,14.5600004196167,7177.60009765625,2798.360107421875
2019-03-26,1314.68,15.46,851.5,1554.5,857.75,1568.75,1480.0,124.30000305175781,14.470000267028809,7196.2998046875,2818.4599609375
2019-03-27,1317.88,15.45,861.5,1504.5,865.5,1536.25,1480.0,123.6500015258789,14.319999694824219,7194.2001953125,2805.3701171875
2019-03-28,1306.75,15.25,858.0,1418.5,856.0,1427.0,1480.0,121.9000015258789,14.069999694824219,7234.2998046875,2815.43994140625
2019-03-29,1290.6,15.07,848.0,1379.5,850.5,1383.75,1480.0,122.01000213623047,14.180000305175781,7279.2001953125,2834.39990234375
2019-04-01,1290.7,15.1,848.75,1370.5,854.5,1392.5,1480.0,121.52999877929688,14.149999618530273,7317.39990234375,2867.18994140625
2019-04-02,1286.45,15.03,847.0,1394.0,853.5,1427.25,1480.0,121.9800033569336,14.15999984741211,7391.10009765625,2867.239990234375
2019-04-03,1292.6,15.18,860.5,1422.5,861.25,1433.25,1480.0,121.80000305175781,14.199999809265137,7418.2998046875,2873.39990234375
2019-04-04,1291.32,15.09,882.0,1400.0,881.0,1406.0,1480.0,122.11000061035156,14.220000267028809,7401.89990234375,2879.389892578125
2019-04-05,1288.82,15.18,907.5,1321.0,905.0,1366.0,1480.0,121.9800033569336,14.170000076293945,7446.89990234375,2892.739990234375
2019-04-08,1297.1,15.17,909.0,1374.0,912.25,1383.25,1480.0,122.51000213623047,14.3100004196167,7451.89990234375,2895.77001953125
2019-04-09,1301.3,15.27,903.5,1385.0,906.0,1391.75,1480.0,123.1500015258789,14.279999732971191,7425.60009765625,2878.199951171875
2019-04-10,1304.25,15.23,892.5,1380.0,897.0,1395.75,1480.0,123.52999877929688,14.279999732971191,7421.89990234375,2888.2099609375
2019-04-11,1304.18,15.16,907.25,1364.0,909.25,1392.0,1480.0,121.94999694824219,14.020000457763672,7418.0,2888.320068359375
2019-04-12,1293.38,15.04,900.0,1362.5,898.5,1376.75,1480.0,121.83000183105469,14.050000190734863,7437.10009765625,2907.409912109375
2019-04-15,1286.03,14.94,890.0,1358.5,890.75,1376.75,1480.0,121.5999984741211,14.0600004196167,7436.89990234375,2905.580078125
2019-04-16,1284.63,14.95,889.5,1365.5,890.75,1370.5,1480.0,120.51000213623047,14.069999694824219,7469.89990234375,2907.06005859375
2019-04-17,1275.88,15.04,884.5,1360.5,889.0,1367.5,1480.0,120.27999877929688,14.050000190734863,7471.2998046875,2900.449951171875
2019-04-18,1275.85,15.03,885.0,1383.0,891.0,1403.5,1480.0,120.37000274658203,14.0600004196167,7459.89990234375,2905.030029296875
2019-04-22,1279.0,15.04,907.0,1417.5,907.0,1422.0,1480.0,120.37000274658203,14.079999923706055,7459.89990234375,2907.969970703125
2019-04-23,1273.22,15.0,892.75,1374.0,899.25,1393.5,1480.0,120.12000274658203,13.90999984741211,7523.10009765625,2933.679931640625
2019-04-24,1273.65,14.87,893.25,1389.5,891.0,1402.75,1480.0,120.47000122070312,14.0,7471.7998046875,2927.25
2019-04-25,1277.3,14.93,883.5,1413.5,886.0,1423.75,1480.0,120.56999969482422,14.0,7434.10009765625,2926.169921875
2019-04-26,1282.22,15.03,888.0,1405.0,893.25,1428.5,1480.0,121.37000274658203,14.100000381469727,7428.2001953125,2939.8798828125
2019-04-29,1282.1,14.96,896.5,1449.5,900.75,1455.75,1480.0,120.83000183105469,13.989999771118164,7440.7001953125,2943.030029296875
2019-04-30,1283.85,14.94,898.0,1354.0,898.75,1379.0,1480.0,121.19999694824219,14.020000457763672,7418.2001953125,2945.830078125
2019-05-01,1280.85,14.9,881.5,1358.5,887.0,1373.0,1480.0,120.4000015258789,13.75,7385.2998046875,2923.72998046875
2019-05-02,1270.6,14.61,862.0,1332.0,865.5,1356.5,1480.0,119.94000244140625,13.710000038146973,7351.2998046875,2917.52001953125
2019-05-03,1270.47,14.61,853.0,1352.5,855.25,1361.25,1480.0,120.6500015258789,13.960000038146973,7380.60009765625,2945.639892578125
2019-05-06,1282.35,14.82,868.5,1349.0,863.3333,1354.3333,1480.0,120.80999755859375,13.979999542236328,7380.60009765625,2932.469970703125
2019-05-07,1281.85,14.84,875.0,1331.0,883.5,1350.0,1480.0,121.20999908447266,13.979999542236328,7260.5,2884.050048828125
2019-05-08,1287.05,14.9,869.0,1316.0,872.5,1332.0,1480.0,120.91000366210938,13.890000343322754,7271.0,2879.419921875
2019-05-09,1284.78,14.81,856.5,1287.5,862.0,1313.25,1480.0,121.19999694824219,13.829999923706055,7207.39990234375,2870.719970703125
2019-05-10,1285.03,14.77,857.5,1307.0,860.25,1316.25,1480.0,121.43000030517578,13.84000015258789,7203.2998046875,2881.39990234375
2019-05-13,1283.7,14.65,855.5,1327.0,859.5,1336.0,1480.0,122.66999816894531,13.84000015258789,7163.7001953125,2811.8701171875
2019-05-14,1297.18,14.73,858.0,1322.5,863.0,1335.0,1480.0,122.45999908447266,13.859999656677246,7241.60009765625,2834.409912109375
2019-05-15,1298.82,14.82,852.0,1316.5,857.25,1336.0,1480.0,122.38999938964844,13.850000381469727,7297.0,2850.9599609375
2019-05-16,1295.6,14.77,848.0,1330.5,849.0,1343.25,1480.0,121.51000213623047,13.649999618530273,7353.5,2876.320068359375
2019-05-17,1286.82,14.48,826.5,1315.5,831.0,1331.75,1480.0,120.6500015258789,13.520000457763672,7348.60009765625,2859.530029296875
2019-05-20,1274.95,14.37,821.0,1315.0,823.25,1325.25,1480.0,120.63999938964844,13.550000190734863,7310.89990234375,2840.22998046875
2019-05-21,1275.07,14.39,813.0,1322.0,816.5,1338.25,1480.0,120.36000061035156,13.529999732971191,7328.89990234375,2864.360107421875
2019-05-22,1274.45,14.43,810.0,1306.0,814.25,1324.0,1480.0,120.23999786376953,13.539999961853027,7334.2001953125,2856.27001953125
2019-05-23,1275.63,14.44,801.0,1304.5,803.5,1318.25,1480.0,121.16999816894531,13.680000305175781,7231.0,2822.239990234375
2019-05-24,1281.82,14.53,807.5,1326.5,805.25,1329.25,1480.0,121.30000305175781,13.649999618530273,7277.7001953125,2826.06005859375
2019-05-27,1286.1,14.58,804.0,1328.0,807.0,1336.0,1480.0,121.30000305175781,13.649999618530273,7277.7001953125,2826.06005859375
2019-05-28,1284.7,14.48,808.0,1326.5,814.0,1344.5,1480.0,120.83000183105469,13.460000038146973,7269.0,2802.389892578125
2019-05-29,1283.65,14.38,794.5,1327.5,802.25,1352.5,1480.0,120.87000274658203,13.520000457763672,7185.2998046875,2783.02001953125
2019-05-30,1277.13,14.39,793.5,1332.5,795.0,1347.0,1480.0,121.69000244140625,13.600000381469727,7218.2001953125,2788.860107421875
2019-05-31,1294.95,14.5,792.5,1361.5,795.0,1370.0,1480.0,123.33000183105469,13.649999618530273,7161.7001953125,2752.06005859375
2019-06-03,1314.43,14.65,799.0,1329.5,803.5,1344.25,1480.0,125.11000061035156,13.869999885559082,7184.7998046875,2744.449951171875
2019-06-04,1324.22,14.72,822.0,1319.5,825.5,1338.0,1480.0,125.1500015258789,13.890000343322754,7214.2998046875,2803.27001953125
2019-06-05,1332.95,14.83,824.0,1330.0,828.0,1351.75,1480.0,125.47000122070312,13.880000114440918,7220.2001953125,2826.14990234375
2019-06-06,1336.38,14.93,806.0,1330.0,810.75,1342.75,1480.0,125.87999725341797,13.920000076293945,7259.89990234375,2843.489990234375
2019-06-07,1335.9,14.91,804.0,1340.5,809.0,1361.5,1480.0,126.58999633789062,14.0600004196167,7331.89990234375,2873.340087890625
2019-06-10,1326.45,14.72,801.5,1342.5,808.0,1364.5,1480.0,125.33000183105469,13.779999732971191,7375.5,2886.72998046875
2019-06-11,1321.85,14.64,806.0,1380.0,811.5,1391.75,1480.0,125.18000030517578,13.8100004196167,7398.5,2885.719970703125
2019-06-12,1337.55,14.83,819.0,1388.0,820.0,1403.75,1480.0,125.83000183105469,13.84000015258789,7367.60009765625,2879.840087890625
2019-06-13,1336.63,14.81,815.5,1416.0,815.5,1425.5,1480.0,126.5999984741211,13.960000038146973,7368.60009765625,2891.639892578125
2019-06-14,1354.3,15.02,818.0,1453.5,813.75,1453.0,1480.0,126.55999755859375,13.90999984741211,7345.7998046875,2886.97998046875
2019-06-17,1334.0,14.77,800.0,1457.5,801.75,1464.0,1480.0,126.4800033569336,13.899999618530273,7357.2998046875,2889.669921875
2019-06-18,1345.57,14.89,800.0,1476.0,798.75,1477.75,1480.0,127.12000274658203,14.050000190734863,7443.0,2917.75
2019-06-19,1341.97,14.91,800.5,1483.0,806.25,1500.0,1480.0,127.88999938964844,14.170000076293945,7403.5,2926.4599609375
2019-06-20,1380.0,15.36,818.5,1519.5,819.0,1517.25,1480.0,131.11000061035156,14.449999809265137,7424.39990234375,2954.179931640625
2019-06-21,1388.82,15.26,806.0,1488.5,810.0,1498.25,1480.0,131.97999572753906,14.359999656677246,7407.5,2950.4599609375
2019-06-24,1405.57,15.36,812.0,1507.0,814.5,1520.5,1480.0,133.94000244140625,14.460000038146973,7416.7001953125,2945.35009765625
2019-06-25,1429.85,15.42,813.0,1520.5,816.5,1538.75,1480.0,134.1999969482422,14.380000114440918,7422.39990234375,2917.3798828125
2019-06-26,1410.55,15.24,806.5,1520.5,810.0,1534.25,1480.0,132.97000122070312,14.319999694824219,7416.39990234375,2913.780029296875
2019-06-27,1402.57,15.21,813.0,1512.5,813.75,1532.25,1480.0,132.83999633789062,14.279999732971191,7402.2998046875,2924.919921875
2019-06-28,1414.82,15.22,816.5,1534.0,822.0,1552.0,1480.0,133.1999969482422,14.329999923706055,7425.60009765625,2941.760009765625
2019-07-01,1388.18,15.22,836.0,1544.0,841.0,1548.5,1480.0,130.6199951171875,14.180000305175781,7497.5,2964.330078125
2019-07-02,1393.32,15.15,834.0,1546.5,836.0,1557.0,1480.0,133.41000366210938,14.289999961853027,7559.2001953125,2973.010009765625
2019-07-03,1424.93,15.28,834.0,1551.5,834.75,1566.75,1480.0,133.6300048828125,14.319999694824219,7609.2998046875,2995.820068359375
2019-07-04,1411.85,15.22,837.5,1554.0,841.75,1570.5,1480.0,133.6300048828125,14.319999694824219,7603.60009765625,2995.820068359375
2019-07-05,1413.9,15.2,831.5,1561.5,833.5,1572.25,1480.0,132.13999938964844,14.0600004196167,7553.10009765625,2990.409912109375
2019-07-08,1405.9,15.06,815.5,1565.5,815.75,1572.75,1480.0,131.2899932861328,14.050000190734863,7549.2998046875,2975.949951171875
2019-07-09,1387.45,14.95,809.0,1547.0,814.5,1560.0,1480.0,131.75,14.140000343322754,7536.5,2979.6298828125
2019-07-10,1393.45,15.09,816.0,1546.5,817.0,1564.0,1480.0,133.8300018310547,14.260000228881836,7530.7001953125,2993.070068359375
2019-07-11,1423.72,15.27,831.5,1593.0,831.5,1596.0,1480.0,132.6999969482422,14.170000076293945,7509.7998046875,2999.909912109375
2019-07-12,1408.8,15.12,823.5,1548.5,827.25,1562.25,1480.0,133.52999877929688,14.260000228881836,7506.0,3013.77001953125
2019-07-15,1416.25,15.31,841.0,1555.5,840.75,1564.5,1480.0,133.52999877929688,14.420000076293945,7531.7001953125,3014.300048828125
2019-07-16,1414.4,15.41,844.5,1544.5,847.0,1564.5,1480.0,132.39999389648438,14.539999961853027,7577.2001953125,3004.0400390625
2019-07-17,1402.25,15.56,837.0,1510.5,842.75,1534.5,1480.0,134.5800018310547,14.9399995803833,7535.5,2984.419921875
2019-07-18,1421.6,16.07,851.0,1524.5,851.0,1542.0,1480.0,136.47999572753906,15.289999961853027,7493.10009765625,2995.110107421875
2019-07-19,1439.3,16.38,859.5,1519.0,857.75,1532.75,1480.0,134.47000122070312,15.170000076293945,7508.7001953125,2976.610107421875
2019-07-22,1425.3,16.31,848.5,1495.5,852.5,1516.25,1480.0,134.4499969482422,15.350000381469727,7514.89990234375,2985.030029296875
2019-07-23,1417.25,16.34,846.0,1512.5,850.5,1527.0,1480.0,133.69000244140625,15.34000015258789,7556.89990234375,3005.469970703125
2019-07-24,1425.03,16.49,864.75,1521.0,864.0,1532.25,1480.0,134.3699951171875,15.520000457763672,7501.5,3019.56005859375
2019-07-25,1426.3,16.5,883.5,1532.5,880.25,1544.75,1480.0,133.4199981689453,15.359999656677246,7489.10009765625,3003.669921875
2019-07-26,1417.65,16.41,864.0,1524.0,870.25,1534.25,1480.0,133.63999938964844,15.3100004196167,7549.10009765625,3025.860107421875
2019-07-29,1418.7,16.34,868.0,1527.0,871.0,1534.5,1480.0,134.52999877929688,15.399999618530273,7686.60009765625,3020.969970703125
2019-07-30,1426.7,16.44,881.25,1538.0,882.0,1554.75,1480.0,134.97999572753906,15.5,7646.7998046875,3013.179931640625
2019-07-31,1430.78,16.44,875.5,1522.5,878.5,1533.0,1480.0,133.2100067138672,15.210000038146973,7586.7998046875,2980.3798828125
2019-08-01,1404.85,15.99,851.5,1505.5,855.75,1504.5,1480.0,136.41000366210938,15.34000015258789,7584.89990234375,2953.56005859375
2019-08-02,1436.6,16.11,844.5,1414.0,852.75,1432.5,1480.0,135.88999938964844,15.1899995803833,7407.10009765625,2932.050048828125
2019-08-05,1457.68,16.47,853.5,1404.5,854.5,1423.5,1480.0,137.7899932861328,15.329999923706055,7223.89990234375,2844.739990234375
2019-08-06,1462.13,16.34,855.5,1422.0,857.25,1440.0,1480.0,138.91000366210938,15.380000114440918,7171.7001953125,2881.77001953125
2019-08-07,1486.47,16.72,854.75,1424.5,856.25,1437.75,1480.0,141.02000427246094,15.970000267028809,7198.7001953125,2883.97998046875
2019-08-08,1496.45,17.05,857.0,1404.5,864.25,1430.0,1480.0,141.72999572753906,15.890000343322754,7285.89990234375,2938.090087890625
2019-08-09,1502.25,16.97,863.25,1418.5,868.25,1434.25,1480.0,141.25999450683594,15.890000343322754,7253.89990234375,2918.64990234375
2019-08-12,1502.35,16.92,854.0,1412.0,861.75,1432.75,1480.0,142.6300048828125,15.979999542236328,7226.7001953125,2882.699951171875
2019-08-13,1523.2,17.39,864.75,1433.5,863.0,1439.5,1480.0,141.77999877929688,15.869999885559082,7250.89990234375,2926.320068359375
2019-08-14,1501.0,17.05,850.0,1439.0,855.25,1451.0,1480.0,142.75,16.079999923706055,7147.89990234375,2840.60009765625
2019-08-15,1515.4,17.2,839.5,1423.0,846.0,1442.75,1480.0,143.6999969482422,16.1299991607666,7067.0,2847.60009765625
2019-08-16,1510.47,17.09,834.25,1439.5,840.0,1455.5,1480.0,142.77999877929688,16.020000457763672,7117.2001953125,2888.679931640625
2019-08-19,1500.95,16.92,845.5,1450.0,851.5,1463.5,1480.0,141.11000061035156,15.789999961853027,7189.7001953125,2923.64990234375
2019-08-20,1502.0,17.0,854.0,1476.5,854.75,1490.0,1480.0,142.2100067138672,16.049999237060547,7125.0,2900.510009765625
2019-08-21,1498.93,17.05,846.25,1487.5,850.75,1494.25,1480.0,141.75999450683594,16.049999237060547,7204.0,2924.429931640625
2019-08-22,1498.43,16.98,851.0,1461.0,856.0,1477.25,1480.0,141.39999389648438,15.970000267028809,7128.2001953125,2922.949951171875
2019-08-23,1496.43,17.03,861.0,1480.5,861.75,1488.25,1480.0,144.1699981689453,16.350000381469727,7095.0,2847.110107421875
2019-08-26,1527.0,17.54,863.0,1466.5,863.6667,1479.0,1480.0,144.19000244140625,16.520000457763672,7095.0,2878.3798828125
2019-08-27,1530.82,17.67,857.0,1473.5,862.0,1484.25,1480.0,145.57000732421875,17.030000686645508,7089.60009765625,2869.159912109375
2019-08-28,1540.47,18.25,870.0,1471.0,878.0,1481.75,1480.0,145.16000366210938,17.170000076293945,7114.7001953125,2887.93994140625
2019-08-29,1539.2,18.51,917.5,1477.5,914.0,1484.75,1480.0,144.1199951171875,17.06999969482422,7184.2998046875,2924.580078125
2019-08-30,1524.93,18.36,934.75,1489.5,929.5,1503.5,1480.0,143.75,17.149999618530273,7207.2001953125,2926.4599609375
2019-09-02,1520.72,18.26,930.75,1525.0,940.25,1544.5,1480.0,143.75,17.149999618530273,7281.89990234375,2926.4599609375
2019-09-03,1531.85,18.48,936.75,1526.0,941.0,1542.75,1480.0,145.75,17.889999389648438,7268.2001953125,2906.27001953125
2019-09-04,1538.32,19.26,971.5,1537.5,971.5,1554.25,1480.0,146.66000366210938,18.34000015258789,7311.2998046875,2937.780029296875
2019-09-05,1542.75,19.33,983.5,1553.0,987.0,1566.25,1480.0,143.13999938964844,17.40999984741211,7271.2001953125,2976.0
2019-09-06,1508.05,18.23,941.75,1548.0,952.5,1558.5,1480.0,141.9199981689453,16.8700008392334,7282.2998046875,2978.7099609375
2019-09-09,1508.18,18.11,949.25,1539.0,954.0,1549.0,1480.0,141.38999938964844,16.829999923706055,7235.7998046875,2978.429931640625
2019-09-10,1493.8,17.97,938.0,1536.0,942.25,1551.75,1480.0,140.17999267578125,16.850000381469727,7268.0,2979.389892578125
2019-09-11,1494.3,18.14,940.75,1555.5,941.0,1573.25,1480.0,141.02999877929688,16.950000762939453,7338.0,3000.929931640625
2019-09-12,1504.05,18.21,953.5,1589.5,952.75,1595.25,1480.0,141.32000732421875,16.920000076293945,7344.7001953125,3009.570068359375
2019-09-13,1505.72,18.11,955.75,1601.0,955.5,1614.25,1480.0,140.14999389648438,16.309999465942383,7367.5,3007.389892578125
2019-09-16,1502.57,17.81,954.0,1612.0,955.25,1617.75,1480.0,141.32000732421875,16.739999771118164,7321.39990234375,2997.9599609375
2019-09-17,1498.05,17.82,930.75,1587.5,939.5,1609.5,1480.0,141.60000610351562,16.860000610351562,7320.39990234375,3005.699951171875
2019-09-18,1501.68,17.83,937.75,1587.0,941.5,1601.75,1480.0,140.7100067138672,16.549999237060547,7314.10009765625,3006.72998046875
2019-09-19,1497.47,17.68,929.0,1579.0,935.25,1602.25,1480.0,141.27999877929688,16.6200008392334,7356.39990234375,3006.7900390625
2019-09-20,1505.45,17.9,946.5,1627.5,945.25,1647.5,1480.0,142.9499969482422,16.799999237060547,7344.89990234375,2992.070068359375
2019-09-23,1520.85,18.38,955.75,1653.5,958.75,1664.0,1480.0,143.75,17.510000228881836,7326.10009765625,2991.780029296875
2019-09-24,1521.78,18.6,957.5,1649.5,958.5,1666.75,1480.0,144.50999450683594,17.440000534057617,7291.39990234375,2966.60009765625
2019-09-25,1532.07,18.59,954.0,1662.5,952.75,1670.0,1480.0,141.8300018310547,16.709999084472656,7290.0,2984.8701171875
2019-09-26,1508.5,17.91,929.75,1645.0,934.5,1658.5,1480.0,141.7899932861328,16.670000076293945,7351.10009765625,2977.6201171875
2019-09-27,1496.68,17.5,927.75,1649.5,932.25,1673.5,1480.0,141.05999755859375,16.360000610351562,7426.2001953125,2961.7900390625
2019-09-30,1487.7,17.29,925.5,1682.0,926.75,1697.5,1480.0,138.8699951171875,15.920000076293945,7408.2001953125,2976.739990234375
2019-10-01,1463.3,17.0,884.0,1661.0,882.5,1666.5,1480.0,139.6300048828125,16.149999618530273,7360.2998046875,2940.25
2019-10-02,1482.05,17.24,876.0,1641.0,881.0,1664.25,1480.0,141.25999450683594,16.43000030517578,7122.5,2887.610107421875
2019-10-03,1502.57,17.59,893.5,1683.5,892.5,1690.5,1480.0,141.89999389648438,16.43000030517578,7077.60009765625,2910.6298828125
2019-10-04,1509.4,17.55,885.0,1652.5,886.75,1665.25,1480.0,141.89999389648438,16.40999984741211,7155.39990234375,2952.010009765625
2019-10-07,1501.68,17.43,876.0,1646.5,882.5,1664.5,1480.0,140.69000244140625,16.299999237060547,7197.89990234375,2938.7900390625
2019-10-08,1498.65,17.48,880.5,1635.5,886.5,1668.25,1480.0,141.9199981689453,16.610000610351562,7143.2001953125,2893.06005859375
2019-10-09,1505.45,17.86,887.5,1660.0,892.5,1682.75,1480.0,142.0500030517578,16.600000381469727,7166.5,2919.39990234375
2019-10-10,1508.15,17.77,892.0,1677.0,893.5,1688.5,1480.0,140.80999755859375,16.3700008392334,7186.39990234375,2938.1298828125
2019-10-11,1499.15,17.66,904.5,1695.5,900.75,1708.0,1480.0,140.02999877929688,16.3700008392334,7247.10009765625,2970.27001953125
2019-10-14,1490.15,17.55,891.5,1694.5,896.5,1705.0,1480.0,140.58999633789062,16.489999771118164,7213.5,2966.14990234375
2019-10-15,1494.65,17.64,896.5,1711.0,895.5,1726.25,1480.0,139.61000061035156,16.270000457763672,7211.60009765625,2995.679931640625
2019-10-16,1483.75,17.28,884.25,1724.0,888.75,1750.0,1480.0,140.41000366210938,16.260000228881836,7168.0,2989.68994140625
2019-10-17,1488.5,17.41,882.5,1758.5,889.0,1779.25,1480.0,140.61000061035156,16.399999618530273,7182.2998046875,2997.949951171875
2019-10-18,1487.72,17.42,886.0,1745.0,889.75,1765.25,1480.0,140.4600067138672,16.40999984741211,7150.60009765625,2986.199951171875
2019-10-21,1489.68,17.67,894.75,1752.5,897.5,1774.25,1480.0,139.7899932861328,16.40999984741211,7163.60009765625,3006.719970703125
2019-10-22,1488.25,17.63,890.0,1750.5,890.75,1766.25,1480.0,140.1999969482422,16.3700008392334,7212.5,2995.989990234375
2019-10-23,1495.15,17.57,895.0,1744.5,897.75,1758.5,1480.0,140.52999877929688,16.389999389648438,7260.7001953125,3004.52001953125
2019-10-24,1489.78,17.48,920.0,1736.0,926.0,1756.5,1480.0,141.52999877929688,16.649999618530273,7328.2998046875,3010.2900390625
2019-10-25,1506.15,18.04,929.0,1771.0,933.25,1785.25,1480.0,141.86000061035156,16.889999389648438,7324.5,3022.550048828125
2019-10-28,1506.22,18.03,929.25,1780.0,931.75,1788.0,1480.0,140.63999938964844,16.68000030517578,7331.2998046875,3039.419921875
2019-10-29,1494.2,17.78,916.0,1792.5,919.5,1802.25,1480.0,140.25,16.649999618530273,7306.2998046875,3036.889892578125
2019-10-30,1491.18,17.79,920.5,1779.0,924.75,1796.75,1480.0,141.02000427246094,16.729999542236328,7330.7998046875,3046.77001953125
2019-10-31,1505.63,18.03,926.5,1797.5,932.75,1818.25,1480.0,142.42999267578125,16.920000076293945,7248.39990234375,3037.56005859375
2019-11-01,1511.9,18.07,932.0,1784.5,936.25,1804.0,1480.0,142.55999755859375,16.920000076293945,7302.39990234375,3066.909912109375
2019-11-04,1510.85,18.08,953.5,1811.5,955.0,1814.25,1480.0,142.14999389648438,16.850000381469727,7369.7001953125,3078.27001953125
2019-11-05,1505.1,18.04,934.5,1774.5,938.0,1786.0,1480.0,139.85000610351562,16.440000534057617,7388.10009765625,3074.6201171875
2019-11-06,1488.9,17.56,928.0,1767.5,931.0,1788.0,1480.0,140.4499969482422,16.469999313354492,7396.7001953125,3076.780029296875
2019-11-07,1485.53,17.56,934.0,1790.0,934.5,1806.0,1480.0,138.27000427246094,16.0,7406.39990234375,3085.179931640625
2019-11-08,1466.4,16.95,895.0,1778.5,904.25,1798.25,1480.0,137.38999938964844,15.699999809265137,7359.39990234375,3093.080078125
2019-11-11,1466.18,16.89,885.0,1713.5,890.75,1748.0,1480.0,137.05999755859375,15.75,7328.5,3087.010009765625
2019-11-12,1455.65,16.77,879.0,1691.5,878.25,1705.0,1480.0,137.42999267578125,15.720000267028809,7365.39990234375,3091.840087890625
2019-11-13,1465.57,16.93,877.0,1708.5,876.0,1718.0,1480.0,137.97999572753906,15.829999923706055,7351.2001953125,3094.0400390625
2019-11-14,1469.82,17.04,876.5,1719.5,877.75,1727.5,1480.0,138.55999755859375,15.899999618530273,7292.7998046875,3096.6298828125
2019-11-15,1463.65,16.82,876.25,1720.5,883.5,1741.75,1480.0,138.2100067138672,15.850000381469727,7302.89990234375,3120.4599609375
2019-11-18,1458.55,16.79,882.0,1698.5,893.0,1723.25,1480.0,138.6199951171875,15.920000076293945,7307.7001953125,3122.030029296875
2019-11-19,1465.95,17.04,897.0,1723.0,902.5,1742.25,1480.0,138.69000244140625,16.020000457763672,7323.7998046875,3120.179931640625
2019-11-20,1476.57,17.12,912.5,1756.0,915.75,1772.0,1480.0,138.75999450683594,16.040000915527344,7262.5,3108.4599609375
2019-11-21,1470.75,17.05,913.0,1751.0,922.0,1772.5,1480.0,138.0,15.989999771118164,7238.60009765625,3103.5400390625
2019-11-22,1471.8,17.18,913.0,1765.0,911.75,1769.25,1480.0,137.74000549316406,15.899999618530273,7326.7998046875,3110.2900390625
2019-11-25,1459.78,16.88,893.25,1776.5,897.25,1795.5,1480.0,137.0800018310547,15.779999732971191,7396.2998046875,3133.639892578125
2019-11-26,1457.8,16.89,900.5,1797.0,902.75,1808.75,1480.0,137.74000549316406,15.989999771118164,7403.10009765625,3140.52001953125
2019-11-27,1459.13,17.0,903.25,1796.5,906.0,1813.25,1480.0,137.00999450683594,15.84000015258789,7429.7998046875,3153.6298828125
2019-11-28,1456.9,16.95,892.0,1828.0,896.75,1837.25,1480.0,137.00999450683594,15.84000015258789,7416.39990234375,3153.6298828125
2019-11-29,1456.05,16.87,895.5,1833.0,899.25,1846.25,1480.0,137.86000061035156,15.920000076293945,7346.5,3140.97998046875
2019-12-02,1455.82,16.84,895.0,1838.5,901.5,1850.5,1480.0,137.7899932861328,15.800000190734863,7285.89990234375,3113.8701171875
2019-12-03,1465.9,16.93,902.5,1854.0,903.5,1858.75,1480.0,139.11000061035156,16.049999237060547,7158.7998046875,3093.199951171875
2019-12-04,1474.6,17.1,908.5,1853.5,913.25,1864.0,1480.0,138.9199981689453,15.760000228881836,7188.5,3112.760009765625
2019-12-05,1473.75,16.8,892.0,1852.5,898.0,1872.0,1480.0,139.0,15.850000381469727,7137.89990234375,3117.429931640625
2019-12-06,1474.43,16.89,897.5,1861.0,901.0,1878.5,1480.0,137.6199951171875,15.479999542236328,7239.7001953125,3145.909912109375
2019-12-09,1462.75,16.59,889.5,1871.5,897.0,1886.0,1480.0,137.5800018310547,15.5,7233.89990234375,3135.9599609375
2019-12-10,1464.15,16.62,901.0,1874.5,907.5,1896.75,1480.0,137.97000122070312,15.569999694824219,7213.7998046875,3132.52001953125
2019-12-11,1466.9,16.65,920.0,1891.5,925.0,1908.0,1480.0,138.9199981689453,15.75,7216.2998046875,3141.6298828125
2019-12-12,1473.57,16.84,942.0,1924.0,945.0,1931.75,1480.0,138.42999267578125,15.850000381469727,7273.5,3168.570068359375
2019-12-13,1471.8,16.94,937.0,1963.5,940.25,1973.25,1480.0,139.0500030517578,15.84000015258789,7353.39990234375,3168.800048828125
2019-12-16,1477.8,17.01,933.5,1954.0,933.25,1959.25,1480.0,139.0399932861328,15.90999984741211,7519.10009765625,3191.449951171875
2019-12-17,1478.85,17.05,930.0,1984.0,932.0,1985.0,1480.0,139.00999450683594,15.880000114440918,7525.2998046875,3192.52001953125
2019-12-18,1479.2,17.02,931.0,1933.5,932.0,1954.75,1480.0,139.02000427246094,15.899999618530273,7540.7998046875,3191.139892578125
2019-12-19,1474.05,16.9,928.0,1917.5,934.75,1932.75,1480.0,139.3800048828125,15.9399995803833,7573.7998046875,3205.3701171875
2019-12-20,1478.15,17.04,932.5,1934.0,936.5,1947.25,1480.0,139.52000427246094,16.040000915527344,7582.5,3221.219970703125
2019-12-23,1485.2,17.38,922.75,1874.0,922.5,1863.75,1480.0,139.9499969482422,16.280000686645508,7623.60009765625,3224.010009765625
2019-12-24,1491.55,17.58,940.0,1874.0,941.0,1882.5,1480.0,141.27000427246094,16.579999923706055,7632.2001953125,3223.3798828125
2019-12-26,1504.35,17.93,949.0,1881.0,957.0,1898.0,1480.0,142.3800048828125,16.729999542236328,7632.2001953125,3239.909912109375
2019-12-27,1511.85,17.84,949.0,1900.5,953.25,1913.5,1480.0,142.3300018310547,16.579999923706055,7644.89990234375,3240.02001953125
2019-12-30,1512.55,17.81,955.0,1902.5,956.5,1914.75,1480.0,142.6300048828125,16.739999771118164,7587.10009765625,3221.2900390625
2019-12-31,1524.0,18.06,971.5,1913.5,974.5,1924.0,1480.0,142.89999389648438,16.68000030517578,7542.39990234375,3230.780029296875
2020-01-02,1520.5,17.87,980.0,1942.0,979.5,1955.25,1480.0,143.9499969482422,16.809999465942383,7604.2998046875,3257.85009765625
2020-01-03,1546.47,18.16,993.0,1953.5,988.75,1974.0,1480.0,145.86000061035156,16.84000015258789,7622.39990234375,3234.85009765625
2020-01-06,1576.75,18.33,986.5,2011.5,989.25,2020.0,1480.0,147.38999938964844,16.940000534057617,7575.2998046875,3246.280029296875
2020-01-07,1566.05,18.1,968.0,2019.5,968.75,2036.25,1480.0,147.97000122070312,17.170000076293945,7573.89990234375,3237.179931640625
2020-01-08,1583.75,18.41,968.5,2076.0,974.75,2080.0,1480.0,146.86000061035156,16.93000030517578,7574.89990234375,3253.050048828125
2020-01-09,1546.25,17.89,954.0,2116.0,960.0,2127.0,1480.0,146.02999877929688,16.719999313354492,7598.10009765625,3274.699951171875
2020-01-10,1548.63,17.88,975.0,2107.5,974.0,2126.5,1480.0,146.91000366210938,16.889999389648438,7587.89990234375,3265.35009765625
2020-01-13,1548.3,17.91,968.5,2105.5,978.25,2129.5,1480.0,145.82000732421875,16.780000686645508,7617.60009765625,3288.1298828125
2020-01-14,1544.0,17.73,969.0,2131.0,975.5,2147.75,1480.0,145.69000244140625,16.6200008392334,7622.39990234375,3283.14990234375
2020-01-15,1553.55,17.83,995.0,2165.5,1002.75,2219.75,1480.0,146.5399932861328,16.809999465942383,7642.7998046875,3289.2900390625
2020-01-16,1555.3,17.92,1033.0,2309.5,1023.75,2318.75,1480.0,146.30999755859375,16.770000457763672,7609.7998046875,3316.81005859375
2020-01-17,1555.4,18.02,1017.5,2307.5,1017.25,2394.5,1480.0,146.5800018310547,16.81999969482422,7674.60009765625,3329.6201171875
2020-01-20,1560.5,18.03,1026.25,2586.5,1028.25,2550.25,1480.0,146.5800018310547,16.81999969482422,7651.39990234375,3329.6201171875
2020-01-21,1555.82,17.99,1007.0,2500.5,1014.25,2522.0,1480.0,146.74000549316406,16.639999389648438,7610.7001953125,3320.7900390625
2020-01-22,1557.3,17.76,1000.5,2409.0,1006.0,2459.75,1480.0,146.7899932861328,16.65999984741211,7571.89990234375,3321.75
2020-01-23,1554.1,17.64,1007.0,2486.5,1012.75,2517.0,1480.0,147.1199951171875,16.610000610351562,7507.7001953125,3325.5400390625
2020-01-24,1561.75,17.84,1009.5,2458.0,1010.25,2467.0,1480.0,147.97999572753906,16.90999984741211,7586.0,3295.469970703125
2020-01-27,1583.2,18.27,993.0,2374.5,996.0,2368.0,1480.0,148.99000549316406,16.889999389648438,7412.10009765625,3243.6298828125
2020-01-28,1578.93,18.02,986.0,2283.5,990.5,2312.5,1480.0,147.66000366210938,16.31999969482422,7480.7001953125,3276.239990234375
2020-01-29,1571.05,17.49,995.0,2328.5,993.25,2319.5,1480.0,148.4600067138672,16.40999984741211,7483.60009765625,3273.39990234375
2020-01-30,1580.22,17.71,969.75,2243.5,976.5,2303.75,1480.0,148.47000122070312,16.68000030517578,7382.0,3283.659912109375
2020-01-31,1579.55,17.86,976.0,2290.5,978.75,2323.5,1482.5,149.3300018310547,16.81999969482422,7286.0,3225.52001953125
2020-02-03,1578.93,17.78,954.5,2251.0,965.25,2300.75,1490.0,148.36000061035156,16.5,7326.2998046875,3248.919921875
2020-02-04,1568.18,17.7,981.0,2357.5,974.25,2386.5,1490.0,146.42999267578125,16.450000762939453,7439.7998046875,3297.590087890625
2020-02-05,1549.9,17.47,971.0,2439.5,972.0,2464.5,1490.0,146.61000061035156,16.459999084472656,7482.5,3334.68994140625
2020-02-06,1562.65,17.73,977.5,2353.5,983.5,2445.75,1490.0,147.39999389648438,16.6299991607666,7504.7998046875,3345.780029296875
2020-02-07,1568.3,17.77,970.0,2293.0,970.25,2346.5,1490.0,147.7899932861328,16.540000915527344,7466.7001953125,3327.7099609375
2020-02-10,1574.6,17.79,971.25,2333.5,973.0,2357.25,1490.0,148.1699981689453,16.610000610351562,7446.89990234375,3352.090087890625
2020-02-11,1568.65,17.72,966.0,2309.0,969.0,2364.75,1492.5,147.66000366210938,16.479999542236328,7499.39990234375,3357.75
2020-02-12,1565.03,17.54,968.0,2328.5,971.25,2354.5,1500.0,147.5399932861328,16.329999923706055,7534.39990234375,3379.449951171875
2020-02-13,1575.9,17.65,967.0,2364.0,969.75,2409.5,1500.0,148.3800048828125,16.459999084472656,7452.0,3373.93994140625
2020-02-14,1577.07,17.68,974.0,2399.5,975.0,2453.75,1500.0,149.0,16.559999465942383,7409.10009765625,3380.159912109375
2020-02-17,1580.95,17.77,970.0,2419.5,972.5,2471.0,1500.0,149.0,16.559999465942383,7433.2998046875,3380.159912109375
2020-02-18,1589.25,17.88,982.0,2497.0,978.5,2535.5,1500.0,150.91000366210938,17.010000228881836,7382.0,3370.2900390625
2020-02-19,1609.1,18.35,1016.0,2761.5,1007.0,2762.75,1510.0,151.7899932861328,17.229999542236328,7457.0,3386.14990234375
2020-02-20,1609.07,18.21,996.0,2680.0,1000.25,2746.75,1510.0,152.41000366210938,17.139999389648438,7436.60009765625,3373.22998046875
2020-02-21,1634.57,18.53,986.0,2705.0,983.5,2714.25,1510.0,154.6999969482422,17.280000686645508,7403.89990234375,3337.75
2020-02-24,1682.82,18.77,973.5,2674.5,976.25,2719.0,1510.0,156.08999633789062,17.399999618530273,7156.7998046875,3225.889892578125
2020-02-25,1651.6,18.41,968.0,2658.0,968.0,2685.0,1510.0,153.3000030517578,16.709999084472656,7017.89990234375,3128.2099609375
2020-02-26,1650.47,18.12,932.0,2671.5,933.25,2740.5,1510.0,153.97000122070312,16.68000030517578,7042.5,3116.389892578125
2020-02-27,1646.9,18.01,917.5,2766.0,921.0,2818.0,1510.0,154.0,16.469999313354492,6796.39990234375,2978.760009765625
2020-02-28,1626.95,17.19,881.75,2724.5,890.75,2794.75,1510.0,148.3800048828125,15.529999732971191,6580.60009765625,2954.219970703125
2020-03-02,1609.53,16.91,874.75,2625.5,873.5,2622.75,1510.0,149.1999969482422,15.5600004196167,6654.89990234375,3090.22998046875
2020-03-03,1597.88,16.8,870.75,2478.5,872.75,2553.0,1510.0,153.88999938964844,16.020000457763672,6718.2001953125,3003.3701171875
2020-03-04,1639.47,17.24,876.0,2392.5,884.5,2492.75,1510.0,154.16000366210938,16.09000015258789,6815.60009765625,3130.1201171875
2020-03-05,1644.35,17.2,869.0,2482.5,875.25,2532.75,1510.0,157.49000549316406,16.299999237060547,6705.39990234375,3023.93994140625
2020-03-06,1685.2,17.39,871.25,2465.0,880.25,2542.5,1510.0,157.5500030517578,16.18000030517578,6462.60009765625,2972.3701171875
2020-03-09,1663.05,16.81,870.75,2400.0,883.0,2484.0,1510.0,157.80999755859375,15.880000114440918,5965.7998046875,2746.56005859375
2020-03-10,1658.95,17.08,879.5,2429.0,880.5,2513.75,1510.0,154.47999572753906,15.729999542236328,5960.2001953125,2882.22998046875
2020-03-11,1660.88,16.99,880.5,2335.0,880.75,2419.5,1510.0,153.92999267578125,15.630000114440918,5876.5,2741.3798828125
2020-03-12,1633.85,16.64,856.0,2186.5,850.5,2242.0,1510.0,147.7899932861328,14.619999885559082,5237.5,2480.639892578125
2020-03-13,1583.65,15.72,800.0,1949.5,798.5,1964.5,1510.0,143.27999877929688,13.6899995803833,5366.10009765625,2711.02001953125
2020-03-16,1529.35,13.26,717.0,1655.0,737.5,1772.75,1510.0,141.63999938964844,12.0,5151.10009765625,2386.1298828125
2020-03-17,1470.1,12.14,636.75,1550.0,664.0,1638.75,1510.0,143.55999755859375,11.880000114440918,5294.89990234375,2529.18994140625
2020-03-18,1496.6,12.39,654.25,1565.5,660.75,1641.5,1510.0,140.6999969482422,11.210000038146973,5080.60009765625,2398.10009765625
2020-03-19,1479.6,11.99,606.5,1574.5,626.5,1642.75,1510.0,138.0399932861328,11.319999694824219,5151.60009765625,2409.389892578125
2020-03-20,1510.18,12.89,627.0,1725.0,620.75,1682.75,1510.0,140.11000061035156,11.619999885559082,5190.7998046875,2304.919921875
2020-03-23,1493.65,12.57,615.0,1657.5,626.0,1659.0,1510.0,146.3000030517578,12.3100004196167,4993.89990234375,2237.39990234375
2020-03-24,1622.65,14.06,681.5,1840.0,675.75,1863.0,1510.0,153.39999389648438,13.289999961853027,5446.0,2447.330078125
2020-03-25,1613.95,14.59,726.0,2052.5,735.25,2038.25,1510.0,151.3000030517578,13.510000228881836,5688.2001953125,2475.56005859375
2020-03-26,1601.15,14.42,721.25,2313.5,735.5,2368.0,1510.0,153.24000549316406,13.529999732971191,5815.7001953125,2630.070068359375
2020-03-27,1626.35,14.44,734.5,2325.0,747.5,2404.75,1510.0,152.25,13.4399995803833,5510.2998046875,2541.469970703125
2020-03-30,1615.8,14.08,729.5,2207.5,735.5,2304.25,1510.0,152.9199981689453,13.15999984741211,5563.7001953125,2626.64990234375
2020-03-31,1603.2,13.98,730.0,2296.5,733.75,2358.5,1520.0,148.0500030517578,13.050000190734863,5672.0,2584.590087890625
2020-04-01,1593.45,13.94,726.0,2333.5,725.5,2326.25,1520.0,149.4499969482422,13.020000457763672,5454.60009765625,2470.5
2020-04-02,1589.05,14.15,730.0,2267.65,727.25,2285.25,1520.0,151.89999389648438,13.529999732971191,5480.2001953125,2526.89990234375
2020-04-03,1605.3,14.41,720.0,2218.5,729.5,2245.0,1520.0,152.64999389648438,13.460000038146973,5415.5,2488.64990234375
2020-04-06,1640.78,14.67,739.5,2112.5,738.75,2219.25,1520.0,156.8800048828125,14.029999732971191,5582.39990234375,2663.679931640625
2020-04-07,1648.3,15.23,752.0,2155.5,747.25,2215.0,1521.25,156.0399932861328,13.989999771118164,5704.5,2659.409912109375
2020-04-08,1654.35,15.0,739.0,2132.5,745.5,2221.5,1525.0,154.64999389648438,13.9399995803833,5677.7001953125,2749.97998046875
2020-04-09,1667.75,15.15,742.0,2142.5,743.25,2205.0,1525.0,158.69000244140625,14.34000015258789,5842.7001953125,2789.820068359375
2020-04-13,1697.28,15.33,751.0,2231.83,748.0,2270.0,1525.0,161.41000366210938,14.399999618530273,5842.7001953125,2761.6298828125
2020-04-14,1713.05,15.54,779.0,2211.0,768.75,2257.25,1525.0,162.67999267578125,14.649999618530273,5791.2998046875,2846.06005859375
2020-04-15,1707.1,15.31,767.5,2235.0,788.0,2234.5,1525.0,161.85000610351562,14.489999771118164,5597.7001953125,2783.360107421875
2020-04-16,1727.0,15.6,790.5,2211.5,789.0,2228.0,1540.0,161.7100067138672,14.510000228881836,5628.39990234375,2799.550048828125
2020-04-17,1697.05,15.18,766.5,2165.0,786.75,2214.75,1545.0,158.57000732421875,14.149999618530273,5787.0,2874.56005859375
2020-04-20,1686.05,15.3,786.0,2171.5,784.5,2228.5,1560.0,159.6999969482422,14.260000228881836,5812.7998046875,2823.159912109375
2020-04-21,1695.68,15.17,760.0,2081.5,765.5,2115.25,1563.75,158.61000061035156,13.880000114440918,5641.0,2736.56005859375
2020-04-22,1701.68,14.96,759.0,1955.0,756.75,1989.0,1575.0,161.72999572753906,14.09000015258789,5770.60009765625,2799.31005859375
2020-04-23,1726.75,15.44,771.0,1961.5,769.0,2001.25,1575.0,163.33999633789062,14.210000038146973,5826.60009765625,2797.800048828125
2020-04-24,1731.03,15.25,759.0,2029.0,771.75,2027.5,1575.0,162.63999938964844,14.210000038146973,5752.2001953125,2836.739990234375
2020-04-27,1725.32,15.29,760.0,2037.0,771.5,2032.0,1575.0,161.55999755859375,14.210000038146973,5846.7998046875,2878.47998046875
2020-04-28,1700.05,15.06,759.5,1938.5,771.75,1956.75,1575.0,160.83999633789062,14.100000381469727,5958.5,2863.389892578125
2020-04-29,1701.97,15.3,781.0,1947.0,785.5,1991.25,1575.0,161.72999572753906,14.279999732971191,6115.2998046875,2939.510009765625
2020-04-30,1714.43,15.49,780.0,1972.0,785.0,2021.0,1575.0,158.8000030517578,13.979999542236328,5901.2001953125,2912.429931640625
2020-05-01,1672.03,14.87,752.5,1934.0,774.0,1953.0,1575.0,159.77999877929688,13.920000076293945,5763.10009765625,2830.7099609375
2020-05-04,1708.2,15.02,753.5,1899.0,769.25,1933.75,1575.0,160.33999633789062,13.770000457763672,5753.7998046875,2842.739990234375
2020-05-05,1701.7,14.85,760.0,1827.0,773.5,1859.75,1575.0,161.02000427246094,13.930000305175781,5849.39990234375,2868.43994140625
2020-05-06,1701.85,15.23,764.0,1767.0,771.75,1842.25,1575.0,158.9499969482422,13.920000076293945,5853.7998046875,2848.419921875
2020-05-07,1694.32,15.08,753.0,1800.5,762.75,1839.25,1575.0,161.38999938964844,14.260000228881836,5936.0,2881.18994140625
2020-05-08,1722.4,15.55,775.0,1896.5,772.6667,1915.3333,1575.0,160.4199981689453,14.4399995803833,5936.0,2929.800048828125
2020-05-11,1702.4,15.46,760.0,1873.0,776.5,1929.25,1575.0,159.4199981689453,14.4399995803833,5939.7001953125,2930.18994140625
2020-05-12,1706.2,15.61,769.5,1859.0,771.25,1908.25,1575.0,160.0399932861328,14.420000076293945,5994.7998046875,2870.1201171875
2020-05-13,1701.4,15.49,762.0,1839.0,768.25,1867.5,1575.0,161.5800018310547,14.550000190734863,5904.10009765625,2820.0
2020-05-14,1718.53,15.61,766.0,1817.0,771.25,1849.25,1575.0,163.00999450683594,14.8100004196167,5741.5,2852.5
2020-05-15,1732.5,16.31,766.0,1820.5,779.25,1862.5,1575.0,163.92999267578125,15.510000228881836,5799.7998046875,2863.699951171875
2020-05-18,1760.75,17.3,824.0,1962.0,817.5,1980.0,1575.0,162.69000244140625,15.789999961853027,6048.60009765625,2953.909912109375
2020-05-19,1736.45,17.14,809.0,2004.0,828.25,2052.5,1587.5,164.25999450683594,16.170000076293945,6002.2001953125,2922.93994140625
2020-05-20,1747.25,17.38,849.5,2073.0,853.0,2079.5,1612.5,164.64999389648438,16.360000610351562,6067.2001953125,2971.610107421875
2020-05-21,1733.32,17.2,833.5,2032.0,856.0,2100.5,1620.0,162.25,15.960000038146973,6015.2998046875,2948.510009765625
2020-05-22,1739.75,17.05,826.5,1951.0,843.0,2030.75,1620.0,163.2100067138672,16.040000915527344,5993.2998046875,2955.449951171875
2020-05-25,1728.78,17.01,814.0,1964.5,837.0,1978.0,1620.0,163.2100067138672,16.040000915527344,5993.2998046875,2955.449951171875
2020-05-26,1724.45,17.37,830.0,1977.0,853.25,2035.25,1620.0,160.88999938964844,15.970000267028809,6067.7998046875,2991.77001953125
2020-05-27,1702.7,17.13,819.0,1960.5,836.0,1974.5,1622.5,161.17999267578125,16.149999618530273,6144.2998046875,3036.1298828125
2020-05-28,1725.3,17.43,823.5,1954.0,846.5,1982.75,1630.0,161.72000122070312,16.190000534057617,6218.7998046875,3029.72998046875
2020-05-29,1725.97,17.58,837.5,1917.5,847.25,1954.25,1631.25,162.91000366210938,16.65999984741211,6076.60009765625,3044.31005859375
2020-06-01,1734.97,18.09,822.0,1942.0,850.5,1976.0,1635.0,163.66000366210938,17.100000381469727,6166.39990234375,3055.72998046875
2020-06-02,1735.13,18.28,834.5,1945.5,860.75,1988.5,1635.0,162.60000610351562,16.84000015258789,6220.10009765625,3080.820068359375
2020-06-03,1716.8,17.85,822.0,1934.0,848.5,1992.5,1635.0,159.60000610351562,16.479999542236328,6382.39990234375,3122.8701171875
2020-06-04,1706.07,17.66,821.5,1950.0,843.25,1956.0,1635.0,161.27999877929688,16.540000915527344,6341.39990234375,3112.35009765625
2020-06-05,1708.43,17.71,823.75,1933.5,844.25,1956.5,1635.0,158.00999450683594,16.200000762939453,6484.2998046875,3193.929931640625
2020-06-08,1693.8,17.75,836.0,1965.5,839.0,1987.0,1635.0,159.72000122070312,16.59000015258789,6472.60009765625,3232.389892578125
2020-06-09,1704.68,17.6,809.5,1972.0,842.25,2010.5,1635.0,161.25999450683594,16.420000076293945,6335.7001953125,3207.179931640625
2020-06-10,1721.07,17.66,828.0,1938.5,845.75,1983.25,1635.0,163.57000732421875,16.959999084472656,6329.10009765625,3190.139892578125
2020-06-11,1733.0,17.91,819.0,1916.0,839.25,1950.5,1635.0,162.38999938964844,16.440000534057617,6076.7001953125,3002.10009765625
2020-06-12,1734.88,17.7,816.5,1924.0,825.5,1954.0,1635.0,162.6199951171875,16.280000686645508,6105.2001953125,3041.31005859375
2020-06-15,1716.68,17.27,798.0,1891.5,809.75,1936.25,1635.0,162.3300018310547,16.229999542236328,6064.7001953125,3066.590087890625
2020-06-16,1730.0,17.52,822.5,1947.5,828.75,1976.25,1635.0,162.25,16.260000228881836,6242.7998046875,3124.739990234375
2020-06-17,1717.5,17.5,808.5,1917.0,829.75,1943.0,1635.0,162.55999755859375,16.329999923706055,6253.2998046875,3113.489990234375
2020-06-18,1733.85,17.7,806.5,1921.5,822.5,1964.5,1635.0,162.24000549316406,16.209999084472656,6224.10009765625,3115.340087890625
2020-06-19,1731.4,17.58,799.0,1890.5,821.0,1930.75,1637.5,164.02999877929688,16.489999771118164,6292.60009765625,3097.739990234375
2020-06-22,1747.05,17.84,805.5,1894.0,825.0,1931.25,1640.0,165.08999633789062,16.5,6244.60009765625,3117.860107421875
2020-06-23,1758.72,17.87,814.5,1916.5,830.25,1958.0,1640.0,166.47999572753906,16.760000228881836,6320.10009765625,3131.2900390625
2020-06-24,1775.9,17.95,813.25,1933.5,830.5,1944.5,1640.0,165.89999389648438,16.280000686645508,6123.7001953125,3050.330078125
2020-06-25,1763.68,17.66,799.0,1854.5,807.5,1878.5,1640.0,165.8000030517578,16.59000015258789,6147.10009765625,3083.760009765625
2020-06-26,1766.9,17.86,797.0,1839.5,809.5,1875.5,1640.0,166.5399932861328,16.6299991607666,6159.2998046875,3009.050048828125
2020-06-29,1769.88,17.84,801.0,1861.5,815.5,1914.5,1640.0,166.6300048828125,16.649999618530273,6225.7998046875,3053.239990234375
2020-06-30,1771.75,17.85,808.5,1905.0,819.5,1931.5,1641.25,167.3699951171875,17.010000228881836,6169.7001953125,3100.2900390625
2020-07-01,1786.97,18.45,827.5,1926.5,832.5,1949.0,1645.0,166.6199951171875,16.81999969482422,6158.0,3115.860107421875
2020-07-02,1773.53,17.95,820.0,1898.5,826.25,1935.0,1645.0,166.97999572753906,16.709999084472656,6240.39990234375,3130.010009765625
2020-07-03,1775.82,18.06,805.5,1890.5,820.5,1926.0,1645.0,166.97999572753906,16.709999084472656,6157.2998046875,3130.010009765625
2020-07-06,1776.9,18.22,818.0,1910.0,825.25,1944.5,1645.0,167.97999572753906,17.049999237060547,6285.89990234375,3179.719970703125
2020-07-07,1777.47,18.02,820.0,1915.5,834.25,1945.25,1645.0,169.0399932861328,17.010000228881836,6189.89990234375,3145.320068359375
2020-07-08,1799.78,18.45,843.5,1921.5,848.0,1947.0,1645.0,170.08999633789062,17.489999771118164,6156.2001953125,3169.93994140625
2020-07-09,1813.95,18.96,859.5,1947.5,854.5,1973.75,1645.0,169.6300048828125,17.3799991607666,6049.60009765625,3152.050048828125
2020-07-10,1806.8,18.69,829.5,1945.0,841.75,1967.5,1645.0,169.19000244140625,17.43000030517578,6095.39990234375,3185.0400390625
2020-07-13,1808.5,19.15,843.75,1987.5,846.25,2018.25,1645.0,169.39999389648438,17.729999542236328,6176.2001953125,3155.219970703125
2020-07-14,1801.6,19.0,825.5,1985.5,834.75,2005.0,1645.0,170.19000244140625,17.969999313354492,6179.7998046875,3197.52001953125
2020-07-15,1814.32,19.43,834.0,1978.5,838.25,1993.0,1645.0,170.33999633789062,18.170000076293945,6292.7001953125,3226.56005859375
2020-07-16,1804.9,19.26,821.5,1982.5,834.25,2007.25,1645.0,168.72999572753906,17.780000686645508,6250.7001953125,3215.570068359375
2020-07-17,1801.95,19.18,824.0,1988.5,831.5,2014.0,1645.0,170.1199951171875,18.010000228881836,6290.2998046875,3224.72998046875
2020-07-20,1812.3,19.48,839.25,2053.5,848.25,2054.75,1645.0,170.94000244140625,18.530000686645508,6261.5,3251.840087890625
2020-07-21,1824.15,20.41,854.5,2101.0,859.5,2104.0,1645.0,173.0,19.670000076293945,6269.7001953125,3257.300048828125
2020-07-22,1847.5,21.6,870.5,2121.0,891.25,2175.25,1645.0,175.6300048828125,21.440000534057617,6207.10009765625,3276.02001953125
2020-07-23,1881.75,22.89,929.5,2167.0,921.75,2180.0,1645.0,177.17999267578125,21.030000686645508,6211.39990234375,3235.659912109375
2020-07-24,1895.2,22.71,911.5,2158.0,920.75,2168.5,1645.0,178.6999969482422,21.209999084472656,6123.7998046875,3215.6298828125
2020-07-27,1942.05,24.09,934.0,2270.0,939.0,2276.0,1645.0,182.22999572753906,22.829999923706055,6104.89990234375,3239.409912109375
2020-07-28,1935.4,23.93,920.0,2286.0,944.25,2315.0,1645.0,183.75,22.770000457763672,6129.2998046875,3218.43994140625
2020-07-29,1957.0,24.46,943.5,2266.5,950.25,2274.0,1645.0,185.1300048828125,22.56999969482422,6131.5,3258.43994140625
2020-07-30,1951.7,23.3,892.5,2048.5,925.0,2140.0,1645.0,183.75999450683594,21.760000228881836,5990.0,3246.219970703125
2020-07-31,1979.78,24.14,912.5,2060.5,914.75,2111.5,1645.0,185.42999267578125,22.649999618530273,5897.7998046875,3271.1201171875
2020-08-03,1975.65,24.35,910.25,2074.5,914.5,2114.75,1645.0,185.63999938964844,22.739999771118164,6032.89990234375,3294.610107421875
2020-08-04,1978.75,24.4,927.5,2069.0,930.75,2119.75,1645.0,189.58999633789062,24.25,6036.0,3306.510009765625
2020-08-05,2035.13,26.59,951.5,2124.0,951.25,2175.5,1645.0,191.35000610351562,25.049999237060547,6104.7001953125,3327.77001953125
2020-08-06,2046.22,27.64,979.75,2172.5,982.25,2218.25,1645.0,193.88999938964844,26.8799991607666,6026.89990234375,3349.159912109375
2020-08-07,2060.2,28.41,974.25,2146.0,988.0,2221.75,1645.0,190.80999755859375,26.190000534057617,6032.2001953125,3351.280029296875
2020-08-10,2034.3,28.33,970.0,2131.5,983.25,2216.75,1645.0,190.14999389648438,27.0,6050.60009765625,3360.469970703125
2020-08-11,1991.53,28.25,961.5,2145.5,974.5,2219.0,1645.0,179.94000244140625,23.329999923706055,6154.2998046875,3333.68994140625
2020-08-12,1927.28,25.5,935.0,2083.75,943.5,2157.5,1645.0,179.10000610351562,23.420000076293945,6280.10009765625,3380.35009765625
2020-08-13,1933.75,25.95,941.0,2096.5,946.25,2183.75,1645.0,183.3300018310547,25.450000762939453,6185.60009765625,3373.429931640625
2020-08-14,1947.88,26.62,936.5,2103.5,963.0,2177.5,1645.0,182.5399932861328,24.579999923706055,6090.0,3372.85009765625
2020-08-17,1951.3,26.73,954.0,2147.0,958.0,2180.25,1645.0,186.5,25.6200008392334,6127.39990234375,3381.989990234375
2020-08-18,2006.82,28.21,967.5,2183.5,969.5,2216.0,1645.0,188.17999267578125,25.8799991607666,6076.60009765625,3389.780029296875
2020-08-19,1995.45,27.59,950.0,2142.5,957.5,2202.75,1645.0,182.24000549316406,24.8799991607666,6112.0,3374.85009765625
2020-08-20,1934.47,26.96,920.5,2120.0,933.5,2184.5,1645.0,183.5,25.610000610351562,6013.2998046875,3385.510009765625
2020-08-21,1932.3,27.05,902.0,2140.0,922.75,2201.0,1645.0,182.02999877929688,24.899999618530273,6001.89990234375,3397.159912109375
2020-08-24,1947.2,26.78,930.0,2138.0,927.5,2189.0,1645.0,181.0,24.600000381469727,6104.7001953125,3431.280029296875
2020-08-25,1926.2,26.51,921.5,2130.0,930.75,2191.75,1645.0,181.22000122070312,24.760000228881836,6037.0,3443.6201171875
2020-08-26,1922.38,26.52,918.0,2131.0,929.25,2192.75,1645.0,183.36000061035156,25.56999969482422,6045.60009765625,3478.72998046875
2020-08-27,1941.5,27.27,931.5,2154.5,942.5,2214.5,1645.0,181.24000549316406,25.15999984741211,6000.0,3484.550048828125
2020-08-28,1960.07,27.54,930.0,2139.0,934.25,2202.25,1645.0,184.38999938964844,25.610000610351562,5963.60009765625,3508.010009765625
2020-08-31,1958.82,27.78,928.5,2170.0,941.0,2240.6667,1645.0,184.8300018310547,26.229999542236328,5963.60009765625,3500.31005859375
2020-09-01,1990.8,28.85,953.5,2241.5,952.25,2302.25,1645.0,185.0500030517578,26.139999389648438,5862.10009765625,3526.64990234375
2020-09-02,1966.55,27.92,938.0,2219.5,938.75,2282.75,1645.0,182.6199951171875,25.549999237060547,5941.0,3580.840087890625
2020-09-03,1935.95,27.29,911.5,2259.0,914.25,2298.75,1645.0,181.13999938964844,24.739999771118164,5850.89990234375,3455.06005859375
2020-09-04,1940.65,26.91,902.5,2242.5,907.5,2321.5,1645.0,181.63999938964844,25.059999465942383,5799.10009765625,3426.9599609375
2020-09-07,1931.82,26.85,905.0,2258.5,907.5,2326.0,1645.0,181.63999938964844,25.059999465942383,5937.39990234375,3426.9599609375
2020-09-08,1923.9,26.83,910.5,2270.5,914.75,2320.5,1645.0,181.2899932861328,24.75,5930.2998046875,3331.840087890625
2020-09-09,1931.9,26.7,905.0,2215.5,914.25,2305.75,1645.0,183.0500030517578,25.18000030517578,6012.7998046875,3398.9599609375
2020-09-10,1946.25,26.98,920.0,2235.5,931.25,2324.75,1645.0,182.4600067138672,24.860000610351562,6003.2998046875,3339.18994140625
2020-09-11,1945.45,26.86,929.75,2259.0,934.75,2315.0,1645.0,182.4499969482422,24.899999618530273,6032.10009765625,3340.969970703125
2020-09-14,1945.9,26.87,936.0,2267.5,945.5,2341.5,1645.0,183.88999938964844,25.290000915527344,6026.2998046875,3383.5400390625
2020-09-15,1964.7,27.4,962.5,2279.0,967.75,2343.25,1645.0,183.4499969482422,25.229999542236328,6105.5,3401.199951171875
2020-09-16,1966.85,27.42,974.0,2332.0,978.0,2412.5,1645.0,183.97000122070312,25.229999542236328,6078.5,3385.489990234375
2020-09-17,1944.1,26.89,947.5,2323.5,953.75,2389.25,1645.0,182.9600067138672,25.229999542236328,6049.89990234375,3357.010009765625
2020-09-18,1954.95,27.18,941.5,2293.5,943.25,2349.5,1645.0,183.1999969482422,24.93000030517578,6007.10009765625,3319.469970703125
2020-09-21,1938.28,26.52,919.5,2293.0,933.75,2375.5,1645.0,179.52000427246094,23.030000686645508,5804.2998046875,3281.06005859375
2020-09-22,1903.4,24.25,877.5,2225.5,890.25,2295.25,1645.0,178.64999389648438,22.790000915527344,5829.5,3315.570068359375
2020-09-23,1881.97,23.59,860.5,2180.5,869.25,2242.0,1645.0,174.7899932861328,21.170000076293945,5899.2998046875,3236.919921875
2020-09-24,1854.63,22.11,838.5,2167.0,843.5,2233.75,1645.0,175.44000244140625,21.559999465942383,5822.7998046875,3246.590087890625
2020-09-25,1871.47,23.26,858.0,2174.5,854.25,2242.75,1645.0,174.94000244140625,21.299999237060547,5842.7001953125,3298.4599609375
2020-09-28,1851.22,22.7,849.0,2196.5,861.75,2249.25,1645.0,176.6999969482422,22.020000457763672,5927.89990234375,3351.60009765625
2020-09-29,1881.47,23.66,872.0,2242.5,887.25,2293.75,1645.0,178.19000244140625,22.5,5897.5,3335.469970703125
2020-09-30,1883.25,23.68,863.5,2284.5,885.25,2341.75,1645.0,177.1199951171875,21.639999389648438,5866.10009765625,3363.0
2020-10-01,1894.85,23.59,897.5,2293.0,906.0,2345.5,1645.0,178.6999969482422,22.09000015258789,5879.5,3380.800048828125
2020-10-02,1905.8,23.86,887.0,2288.0,896.0,2329.5,1645.0,178.5399932861328,22.1299991607666,5902.10009765625,3348.419921875
2020-10-05,1897.4,23.97,877.25,2297.0,886.75,2332.5,1645.0,179.41000366210938,22.6200008392334,5942.89990234375,3408.60009765625
2020-10-06,1908.95,24.24,881.5,2329.5,897.5,2381.75,1645.0,177.3000030517578,21.729999542236328,5949.89990234375,3360.969970703125
2020-10-07,1889.18,23.69,863.5,2338.5,871.25,2378.25,1645.0,177.22000122070312,22.09000015258789,5946.2998046875,3419.43994140625
2020-10-08,1892.75,24.05,861.5,2345.5,871.0,2388.75,1645.0,177.85000610351562,22.18000030517578,5978.0,3446.830078125
2020-10-09,1915.85,24.33,876.5,2388.0,882.25,2425.25,1645.0,181.0800018310547,23.40999984741211,6016.7001953125,3477.139892578125
2020-10-12,1924.2,25.21,882.5,2427.0,890.5,2464.25,1645.0,180.55999755859375,23.329999923706055,6001.39990234375,3534.219970703125
2020-10-13,1922.13,25.06,869.5,2398.0,875.5,2412.0,1645.0,177.72000122070312,22.489999771118164,5969.7001953125,3511.929931640625
2020-10-14,1900.1,24.34,872.25,2332.5,873.75,2368.75,1645.0,178.27000427246094,22.540000915527344,5935.10009765625,3488.669921875
2020-10-15,1893.55,24.01,854.0,2314.0,861.5,2364.25,1645.0,178.9199981689453,22.59000015258789,5832.5,3483.340087890625
2020-10-16,1910.85,24.46,857.0,2315.0,870.25,2366.5,1645.0,178.3000030517578,22.420000076293945,5919.60009765625,3483.81005859375
2020-10-19,1912.9,24.72,867.5,2298.0,873.75,2364.5,1645.0,178.38999938964844,22.579999923706055,5884.7001953125,3426.919921875
2020-10-20,1901.63,24.44,852.25,2307.0,866.25,2366.75,1645.0,179.25,23.020000457763672,5889.2001953125,3443.1201171875
2020-10-21,1915.22,24.93,873.75,2358.0,888.0,2424.0,1645.0,180.60000610351562,23.290000915527344,5776.5,3435.56005859375
2020-10-22,1916.43,24.84,884.0,2350.0,890.0,2414.25,1645.0,178.8300018310547,22.959999084472656,5785.7001953125,3453.489990234375
2020-10-23,1912.22,24.79,886.5,2343.5,897.25,2404.5,1645.0,178.63999938964844,22.940000534057617,5860.2998046875,3465.389892578125
2020-10-26,1902.47,24.23,887.0,2320.5,889.0,2381.5,1645.0,178.5500030517578,22.610000610351562,5792.0,3400.969970703125
2020-10-27,1899.4,24.32,871.0,2321.5,882.75,2382.0,1645.0,179.02000427246094,22.729999542236328,5729.0,3390.679931640625
2020-10-28,1898.47,24.25,875.5,2283.5,880.5,2333.5,1645.0,176.1300048828125,21.780000686645508,5582.7998046875,3271.030029296875
2020-10-29,1877.13,23.19,861.75,2181.5,871.5,2258.25,1645.0,175.39999389648438,21.709999084472656,5581.7998046875,3310.110107421875
2020-10-30,1873.65,23.39,851.5,2168.0,856.5,2232.5,1645.0,176.1999969482422,21.989999771118164,5577.2998046875,3269.9599609375
2020-11-02,1887.53,24.08,852.5,2174.5,856.25,2242.25,1645.0,177.91000366210938,22.40999984741211,5655.0,3310.239990234375
2020-11-03,1900.22,24.29,874.5,2201.0,870.75,2264.75,1648.75,178.9199981689453,22.440000534057617,5786.7998046875,3369.159912109375
2020-11-04,1888.93,23.66,859.5,2211.5,871.0,2293.25,1660.0,178.82000732421875,22.239999771118164,5883.2998046875,3443.43994140625
2020-11-05,1917.93,24.56,885.0,2292.5,886.75,2347.25,1660.0,182.92999267578125,23.610000610351562,5906.2001953125,3510.449951171875
2020-11-06,1947.45,25.31,898.5,2339.5,902.5,2425.0,1660.0,183.19000244140625,23.790000915527344,5910.0,3509.43994140625
2020-11-09,1957.82,25.77,898.25,2404.5,898.75,2496.0,1660.0,175.0800018310547,22.5,6186.2998046875,3550.5
2020-11-10,1877.32,24.11,871.0,2433.5,878.75,2503.0,1660.0,175.66000366210938,22.43000030517578,6296.89990234375,3545.530029296875
2020-11-11,1881.63,24.36,885.5,2417.0,887.75,2459.25,1660.0,174.89999389648438,22.520000457763672,6382.10009765625,3572.659912109375
2020-11-12,1871.1,24.27,867.5,2308.5,877.5,2358.0,1660.0,175.9600067138672,22.549999237060547,6338.89990234375,3537.010009765625
2020-11-13,1880.78,24.33,887.5,2300.5,894.25,2359.25,1660.0,177.16000366210938,22.899999618530273,6316.39990234375,3585.14990234375
2020-11-16,1894.55,24.92,903.5,2290.0,907.75,2354.5,1660.0,177.14999389648438,23.020000457763672,6421.2998046875,3626.909912109375
2020-11-17,1889.5,24.64,921.5,2273.0,931.75,2337.5,1660.0,176.5,22.739999771118164,6365.2998046875,3609.530029296875
2020-11-18,1880.07,24.59,934.5,2286.5,936.75,2347.25,1660.0,175.49000549316406,22.549999237060547,6385.2001953125,3567.7900390625
2020-11-19,1861.4,23.94,933.25,2265.0,942.75,2323.5,1660.0,175.16000366210938,22.420000076293945,6334.39990234375,3581.8701171875
2020-11-20,1866.97,24.21,951.0,2282.0,961.0,2349.0,1670.0,175.69000244140625,22.489999771118164,6351.5,3557.5400390625
2020-11-23,1868.53,24.09,948.0,2276.5,953.5,2351.5,1670.0,172.22999572753906,21.93000030517578,6333.7998046875,3577.590087890625
2020-11-24,1825.63,23.47,938.0,2276.0,942.5,2356.0,1670.0,169.58999633789062,21.6299991607666,6432.2001953125,3635.409912109375
2020-11-25,1814.7,23.55,963.75,2282.5,965.0,2355.0,1670.0,169.50999450683594,21.719999313354492,6391.10009765625,3629.64990234375
2020-11-26,1814.57,23.38,963.5,2313.0,972.25,2383.75,1670.0,169.50999450683594,21.719999313354492,6362.89990234375,3629.64990234375
2020-11-27,1808.6,23.22,955.25,2328.0,964.5,2402.75,1670.0,167.7899932861328,21.049999237060547,6367.60009765625,3638.35009765625
2020-11-30,1775.5,22.19,960.0,2348.5,970.5,2422.25,1670.0,166.6699981689453,21.049999237060547,6266.2001953125,3621.6298828125
2020-12-01,1795.82,23.21,981.75,2349.0,988.0,2408.75,1670.0,170.17999267578125,22.299999237060547,6384.7001953125,3662.449951171875
2020-12-02,1824.68,24.15,1000.5,2364.0,1004.25,2422.0,1670.0,171.4600067138672,22.329999923706055,6463.39990234375,3669.010009765625
2020-12-03,1838.35,24.11,1023.0,2358.5,1025.0,2421.75,1670.0,172.80999755859375,22.43000030517578,6490.2998046875,3666.719970703125
2020-12-04,1842.47,24.3,1053.5,2281.0,1051.25,2357.5,1685.0,172.32000732421875,22.479999542236328,6550.2001953125,3699.1201171875
2020-12-07,1831.32,23.79,1021.5,2266.5,1046.0,2358.25,1685.0,174.88999938964844,22.81999969482422,6555.39990234375,3691.9599609375
2020-12-08,1865.07,24.6,1021.5,2261.0,1034.0,2343.0,1687.5,175.5,22.81999969482422,6558.7998046875,3702.25
2020-12-09,1860.93,24.3,1025.0,2271.0,1036.5,2336.5,1695.0,172.5,22.229999542236328,6564.2998046875,3672.820068359375
2020-12-10,1832.1,23.87,1006.25,2244.5,1019.5,2317.0,1698.75,172.1699981689453,22.31999969482422,6599.7998046875,3668.10009765625
2020-12-11,1837.78,23.89,1017.5,2290.0,1029.0,2359.25,1710.0,172.49000549316406,22.260000228881836,6546.7998046875,3663.4599609375
2020-12-14,1828.65,23.81,1013.5,2281.5,1024.5,2335.75,1712.5,171.5399932861328,22.15999984741211,6531.7998046875,3647.489990234375
2020-12-15,1846.43,24.33,1017.5,2287.5,1021.5,2334.75,1722.5,173.94000244140625,22.799999237060547,6513.2998046875,3694.6201171875
2020-12-16,1865.47,25.19,1048.5,2301.0,1046.25,2343.0,1748.75,174.89999389648438,23.6200008392334,6570.89990234375,3701.169921875
2020-12-17,1878.7,25.77,1050.5,2280.0,1050.75,2355.0,1760.0,176.74000549316406,24.149999618530273,6551.10009765625,3722.47998046875
2020-12-18,1880.03,25.74,1040.5,2259.5,1044.25,2350.5,1785.0,176.44000244140625,23.959999084472656,6529.2001953125,3709.409912109375
2020-12-21,1882.35,26.37,1007.5,2280.5,1033.5,2364.25,2050.0,175.8800048828125,24.3799991607666,6416.2998046875,3694.919921875
2020-12-22,1873.07,25.83,1004.5,2272.0,1012.25,2342.5,2450.0,174.49000549316406,23.43000030517578,6416.2998046875,3687.260009765625
2020-12-23,1869.63,25.57,1012.5,2289.0,1018.25,2341.5,2550.0,175.64999389648438,23.799999237060547,6495.7998046875,3690.010009765625
2020-12-24,1877.55,25.83,1022.5,2284.5,1029.0,2347.0,2550.0,176.35000610351562,23.959999084472656,6502.10009765625,3703.06005859375
2020-12-28,1885.45,26.42,1033.5,2322.0,1047.5,2417.5,2550.0,175.7100067138672,24.43000030517578,6502.10009765625,3735.360107421875
2020-12-29,1882.72,26.29,1037.0,2327.5,1046.5,2361.5,2550.0,176.35000610351562,24.389999389648438,6602.7001953125,3727.0400390625
2020-12-30,1878.68,26.27,1055.0,2299.0,1062.5,2359.25,2550.0,177.6999969482422,24.760000228881836,6555.7998046875,3732.0400390625
2020-12-31,1894.5,26.47,1070.5,2330.0,1077.5,2396.0,2562.5,178.36000061035156,24.56999969482422,6460.5,3756.070068359375
2021-01-04,1931.63,27.33,1096.0,2391.5,1105.75,2473.25,2600.0,182.3300018310547,25.350000381469727,6571.89990234375,3700.64990234375
2021-01-05,1946.25,27.43,1068.0,2349.5,1077.75,2407.75,2625.0,182.8699951171875,25.670000076293945,6612.2998046875,3726.860107421875
2021-01-06,1957.32,27.76,1105.5,2424.5,1106.0,2462.75,2700.0,179.89999389648438,25.34000015258789,6841.89990234375,3748.139892578125
2021-01-07,1915.85,27.13,1096.25,2394.5,1110.75,2449.0,2700.0,179.47999572753906,25.260000228881836,6857.0,3803.7900390625
2021-01-08,1891.47,26.52,1104.0,2375.0,1119.25,2437.25,2700.0,173.33999633789062,23.510000228881836,6873.2998046875,3824.679931640625
2021-01-11,1848.35,25.03,1036.5,2317.0,1047.5,2386.75,2875.0,173.0,23.209999084472656,6798.5,3799.610107421875
2021-01-12,1862.7,25.55,1065.5,2338.5,1066.0,2398.5,2962.5,174.1199951171875,23.719999313354492,6754.10009765625,3801.18994140625
2021-01-13,1854.9,25.42,1072.0,2349.5,1085.0,2408.5,3025.0,173.3699951171875,23.440000534057617,6745.5,3809.840087890625
2021-01-14,1841.6,25.15,1108.5,2347.5,1112.5,2407.0,3125.0,173.27999877929688,23.709999084472656,6802.0,3795.5400390625
2021-01-15,1854.85,25.48,1100.25,2354.5,1110.5,2426.5,3200.0,171.1300048828125,22.950000762939453,6735.7001953125,3768.25
2021-01-18,1831.3,24.93,1078.0,2336.0,1087.0,2397.0,3200.0,171.1300048828125,22.950000762939453,6720.7001953125,3768.25
2021-01-19,1843.25,25.35,1097.5,2334.5,1099.75,2391.5,3225.0,172.5800018310547,23.3799991607666,6713.0,3798.909912109375
2021-01-20,1855.2,25.48,1092.5,2327.0,1104.25,2388.0,3300.0,175.38999938964844,24.010000228881836,6740.39990234375,3851.85009765625
2021-01-21,1871.38,25.91,1120.0,2344.0,1125.75,2403.25,3300.0,175.27999877929688,24.149999618530273,6715.39990234375,3853.070068359375
2021-01-22,1858.7,25.43,1097.5,2320.5,1117.5,2379.25,3300.0,173.89999389648438,23.65999984741211,6695.10009765625,3841.469970703125
2021-01-25,1855.7,25.6,1102.75,2373.5,1109.75,2371.75,3450.0,174.0500030517578,23.549999237060547,6638.89990234375,3855.360107421875
2021-01-26,1853.6,25.45,1085.5,2335.5,1100.0,2348.25,3850.0,173.6199951171875,23.649999618530273,6654.0,3849.6201171875
2021-01-27,1846.1,25.39,1083.5,2323.0,1095.75,2338.5,3900.0,172.52000427246094,23.420000076293945,6567.39990234375,3750.77001953125
2021-01-28,1840.78,25.3,1054.0,2306.0,1073.0,2329.5,3900.0,172.67999267578125,24.719999313354492,6526.2001953125,3787.3798828125
2021-01-29,1852.18,27.03,1082.5,2329.0,1090.25,2359.75,3925.0,172.61000061035156,24.989999771118164,6407.5,3714.239990234375
2021-02-01,1862.25,29.5,1118.5,2279.0,1117.0,2275.25,4000.0,174.22999572753906,26.760000228881836,6466.39990234375,3773.860107421875
2021-02-02,1850.35,27.42,1101.0,2267.5,1115.0,2272.25,4000.0,172.11000061035156,24.540000915527344,6516.7001953125,3826.31005859375
2021-02-03,1837.47,26.56,1094.5,2237.0,1102.25,2269.0,4000.0,171.85000610351562,24.93000030517578,6507.7998046875,3830.169921875
2021-02-04,1813.22,26.23,1078.0,2253.0,1095.5,2282.5,4125.0,168.14999389648438,24.479999542236328,6503.7001953125,3871.739990234375
2021-02-05,1808.85,26.46,1114.0,2316.5,1117.25,2330.25,4200.0,169.80999755859375,24.950000762939453,6489.2998046875,3886.830078125
2021-02-08,1814.15,26.86,1143.5,2347.0,1150.5,2356.75,4250.0,171.52000427246094,25.389999389648438,6523.5,3915.590087890625
2021-02-09,1846.65,27.68,1182.0,2352.0,1184.0,2357.0,4400.0,172.0800018310547,25.280000686645508,6531.60009765625,3911.22998046875
2021-02-10,1840.4,27.34,1215.5,2347.5,1218.25,2361.25,4400.0,172.7100067138672,25.06999969482422,6524.39990234375,3909.8798828125
2021-02-11,1843.03,27.15,1250.0,2366.5,1254.5,2372.0,4400.0,171.2100067138672,25.09000015258789,6528.7001953125,3916.3798828125
2021-02-12,1817.2,27.06,1225.0,2350.5,1231.0,2371.5,4400.0,170.69000244140625,25.309999465942383,6589.7998046875,3934.830078125
2021-02-15,1817.53,27.65,1279.5,2400.5,1301.5,2418.5,4400.0,170.69000244140625,25.309999465942383,6756.10009765625,3934.830078125
2021-02-16,1824.63,27.8,1304.25,2396.0,1310.0,2410.0,4400.0,168.24000549316406,25.260000228881836,6748.89990234375,3932.590087890625
2021-02-17,1785.07,27.04,1228.5,2326.0,1255.25,2397.75,4400.0,166.3300018310547,25.399999618530273,6710.89990234375,3931.330078125
2021-02-18,1787.28,27.24,1264.5,2322.0,1274.25,2393.0,4400.0,166.32000732421875,25.059999465942383,6617.2001953125,3913.969970703125
2021-02-19,1770.6,27.09,1265.5,2297.0,1277.0,2373.5,4400.0,167.00999450683594,25.260000228881836,6624.0,3906.7099609375
2021-02-22,1798.0,27.48,1269.0,2332.5,1287.25,2420.5,4400.0,169.50999450683594,26.270000457763672,6612.2001953125,3876.5
2021-02-23,1804.97,27.82,1245.5,2334.0,1270.5,2412.25,4400.0,169.1199951171875,25.709999084472656,6625.89990234375,3881.3701171875
2021-02-24,1804.55,27.81,1262.25,2322.0,1258.25,2378.75,4400.0,169.0,25.940000534057617,6659.0,3925.429931640625
2021-02-25,1794.38,28.04,1250.0,2375.0,1265.5,2467.0,4400.0,165.82000732421875,25.399999618530273,6652.0,3829.340087890625
2021-02-26,1763.07,26.89,1202.0,2316.0,1217.25,2411.75,4662.5,161.80999755859375,24.65999984741211,6483.39990234375,3811.14990234375
2021-03-01,1748.7,26.87,1205.25,2329.5,1219.75,2377.25,4800.0,161.52999877929688,24.600000381469727,6588.5,3901.820068359375
2021-03-02,1724.82,26.17,1183.0,2341.5,1190.25,2386.75,4800.0,162.41000366210938,24.799999237060547,6613.7998046875,3870.2900390625
2021-03-03,1726.35,26.64,1200.5,2363.13,1205.75,2389.25,4800.0,160.6199951171875,24.280000686645508,6675.5,3819.719970703125
2021-03-04,1715.4,25.94,1152.5,2327.0,1169.5,2385.75,5000.0,159.0399932861328,23.559999465942383,6650.89990234375,3768.469970703125
2021-03-05,1694.7,25.24,1120.5,2324.0,1130.25,2369.5,5100.0,159.13999938964844,23.360000610351562,6630.5,3841.93994140625
2021-03-08,1689.25,25.23,1124.0,2316.5,1145.75,2369.75,5150.0,157.49000549316406,23.31999969482422,6719.10009765625,3821.35009765625
2021-03-09,1703.5,25.74,1170.5,2301.0,1163.5,2340.0,5300.0,160.83999633789062,24.049999237060547,6730.2998046875,3875.43994140625
2021-03-10,1714.6,25.87,1168.0,2283.0,1175.5,2322.75,5375.0,161.66000366210938,24.31999969482422,6725.60009765625,3898.81005859375
2021-03-11,1733.82,26.34,1218.5,2317.5,1215.75,2341.75,5500.0,161.52000427246094,24.25,6737.0,3939.340087890625
2021-03-12,1700.8,25.47,1168.0,2316.0,1200.25,2365.0,5500.0,161.49000549316406,24.030000686645508,6761.5,3943.340087890625
2021-03-15,1729.0,26.1,1212.5,2355.5,1219.5,2387.5,5500.0,162.1999969482422,24.329999923706055,6749.7001953125,3968.93994140625
2021-03-16,1731.5,26.05,1204.5,2370.0,1223.5,2440.25,5587.5,162.35000610351562,24.100000381469727,6803.60009765625,3962.7099609375
2021-03-17,1735.78,26.06,1207.5,2471.0,1215.0,2512.5,5787.5,163.50999450683594,24.420000076293945,6762.7001953125,3974.1201171875
2021-03-18,1736.47,26.17,1202.75,2597.5,1222.0,2639.5,5925.0,162.55999755859375,24.100000381469727,6779.7001953125,3915.4599609375
2021-03-19,1737.35,26.06,1195.5,2620.5,1207.25,2679.75,6000.0,163.24000549316406,24.309999465942383,6708.7001953125,3913.10009765625
2021-03-22,1730.6,25.51,1169.25,2619.5,1184.0,2640.75,6000.0,163.0,23.940000534057617,6726.10009765625,3940.590087890625
2021-03-23,1738.43,25.51,1172.5,2564.0,1187.0,2635.5,6000.0,161.80999755859375,23.219999313354492,6699.2001953125,3910.52001953125
2021-03-24,1735.43,25.36,1184.5,2612.0,1177.5,2632.5,6000.0,162.3699951171875,23.239999771118164,6712.89990234375,3889.139892578125
2021-03-25,1731.9,24.91,1166.0,2631.0,1175.75,2658.5,6000.0,161.77999877929688,23.290000915527344,6674.7998046875,3909.52001953125
2021-03-26,1730.25,25.21,1157.0,2625.0,1166.75,2655.5,6000.0,162.24000549316406,23.229999542236328,6740.60009765625,3974.5400390625
2021-03-29,1725.15,24.79,1171.5,2608.5,1189.0,2648.75,6000.0,160.30999755859375,22.90999984741211,6736.2001953125,3971.090087890625
2021-03-30,1697.0,24.5,1175.0,2546.5,1180.0,2570.0,6000.0,157.57000732421875,22.260000228881836,6772.10009765625,3958.550048828125
2021-03-31,1686.45,24.15,1175.25,2608.0,1176.75,2626.0,6000.0,159.9600067138672,22.700000762939453,6713.60009765625,3972.889892578125
2021-04-01,1717.22,24.43,1185.75,2617.5,1198.5,2642.0,6000.0,161.97999572753906,23.149999618530273,6737.2998046875,4019.8701171875
2021-04-05,1724.85,24.79,1204.0,2638.38,1209.0,2665.0,6000.0,161.9199981689453,23.09000015258789,6737.2998046875,4077.909912109375
2021-04-06,1733.25,24.99,1203.75,2664.0,1223.5,2698.0,6050.0,163.22000122070312,23.34000015258789,6823.60009765625,4073.93994140625
2021-04-07,1738.3,25.07,1239.5,2627.0,1245.75,2679.5,6100.0,162.75999450683594,23.329999923706055,6885.2998046875,4079.949951171875
2021-04-08,1748.0,25.39,1227.58,2620.25,1237.0,2643.75,6112.5,164.50999450683594,23.6200008392334,6942.2001953125,4097.169921875
2021-04-09,1745.07,25.19,1213.0,2618.5,1223.0,2643.5,6162.5,163.27000427246094,23.40999984741211,6915.7998046875,4128.7998046875
2021-04-12,1738.47,25.11,1182.0,2619.0,1196.25,2654.5,6200.0,162.27999877929688,23.040000915527344,6889.10009765625,4127.990234375
2021-04-13,1728.0,24.99,1170.0,2685.0,1177.5,2706.0,6200.0,163.42999267578125,23.510000228881836,6890.5,4141.58984375
2021-04-14,1745.43,25.51,1174.5,2671.0,1178.25,2703.5,6212.5,162.72000122070312,23.59000015258789,6939.60009765625,4124.66015625
2021-04-15,1748.5,25.66,1187.5,2707.5,1189.75,2722.75,6250.0,165.35000610351562,24.030000686645508,6983.5,4170.419921875
2021-04-16,1766.6,25.94,1195.0,2727.0,1205.75,2762.25,6250.0,166.35000610351562,24.09000015258789,7019.5,4185.47021484375
2021-04-19,1787.3,26.1,1214.5,2805.0,1218.0,2803.5,6250.0,165.88999938964844,23.979999542236328,7000.10009765625,4163.259765625
2021-04-20,1768.47,25.86,1200.25,2769.0,1210.0,2809.75,6250.0,166.47999572753906,23.959999084472656,6859.89990234375,4134.93994140625
2021-04-21,1778.6,25.94,1188.0,2763.5,1198.25,2797.25,6250.0,168.1300048828125,24.700000762939453,6895.2998046875,4173.419921875
2021-04-22,1790.1,26.41,1199.5,2829.0,1218.0,2886.25,6250.0,167.0399932861328,24.209999084472656,6938.2001953125,4134.97998046875
2021-04-23,1784.88,26.1,1211.75,2838.0,1220.5,2865.0,6250.0,166.39999389648438,24.139999389648438,6938.60009765625,4180.169921875
2021-04-26,1780.03,26.03,1235.25,2874.0,1244.0,2903.75,6250.0,166.83999633789062,24.299999237060547,6963.10009765625,4187.6201171875
2021-04-27,1779.4,26.2,1240.5,2934.0,1249.75,2939.75,6262.5,166.4199981689453,24.389999389648438,6945.0,4186.72021484375
2021-04-28,1769.85,26.03,1222.25,2914.0,1225.25,2945.5,6300.0,166.91000366210938,24.399999618530273,6963.7001953125,4183.18017578125
2021-04-29,1776.85,26.35,1216.0,2923.5,1225.5,2960.75,6300.0,166.22000122070312,24.25,6961.5,4211.47021484375
2021-04-30,1769.6,25.99,1208.5,2964.0,1214.0,2979.5,6300.0,165.66000366210938,24.010000228881836,6969.7998046875,4181.169921875
2021-05-03,1776.32,26.14,1196.5,2940.0,1213.3333,2974.3333,6300.0,167.80999755859375,24.959999084472656,6969.7998046875,4192.66015625
2021-05-04,1785.65,26.85,1237.5,2976.0,1244.75,2999.0,6300.0,166.5800018310547,24.56999969482422,6923.2001953125,4164.66015625
2021-05-05,1774.93,26.36,1224.0,2980.5,1237.0,3004.25,6300.0,167.27000427246094,24.56999969482422,7039.2998046875,4167.58984375
2021-05-06,1795.9,26.78,1235.5,2931.5,1235.5,2974.75,6300.0,170.05999755859375,25.3700008392334,7076.2001953125,4201.6201171875
2021-05-07,1820.9,27.35,1247.25,2916.0,1253.25,2943.0,6300.0,171.58999633789062,25.469999313354492,7129.7001953125,4232.60009765625
2021-05-10,1836.1,27.72,1262.0,2945.0,1267.75,2963.75,6300.0,172.11000061035156,25.350000381469727,7123.7001953125,4188.43017578125
2021-05-11,1836.4,27.47,1245.0,2959.0,1246.0,2961.0,6300.0,172.13999938964844,25.670000076293945,6948.0,4152.10009765625
2021-05-12,1834.03,27.41,1234.0,2925.0,1242.75,2953.25,6300.0,170.42999267578125,25.09000015258789,7004.60009765625,4063.0400390625
2021-05-13,1815.05,26.92,1207.5,2833.5,1217.0,2877.0,6300.0,171.1300048828125,25.15999984741211,6963.2998046875,4112.5
2021-05-14,1835.5,27.27,1222.5,2896.0,1227.25,2908.25,6300.0,172.69000244140625,25.459999084472656,7043.60009765625,4173.85009765625
2021-05-17,1854.0,27.82,1229.0,2886.0,1235.5,2909.0,6300.0,174.6999969482422,26.190000534057617,7032.89990234375,4163.2900390625
2021-05-18,1868.93,28.52,1231.0,2908.5,1244.0,2926.0,6300.0,175.0399932861328,26.149999618530273,7034.2001953125,4127.830078125
2021-05-19,1862.88,27.79,1212.0,2869.0,1216.5,2890.0,6300.0,175.16000366210938,25.729999542236328,6950.2001953125,4115.68017578125
2021-05-20,1871.88,27.68,1201.5,2847.0,1209.25,2890.75,6300.0,175.9600067138672,25.790000915527344,7019.7998046875,4159.1201171875
2021-05-21,1876.63,27.72,1191.5,2801.5,1207.25,2843.0,6300.0,176.0399932861328,25.530000686645508,7018.10009765625,4155.85986328125
2021-05-24,1877.7,27.6,1159.5,2777.0,1177.75,2802.0,6300.0,176.35000610351562,25.75,7051.60009765625,4197.0498046875
2021-05-25,1883.05,27.69,1179.5,2718.0,1183.25,2758.0,6300.0,177.9499969482422,25.989999771118164,7029.7998046875,4188.1298828125
2021-05-26,1906.5,28.07,1201.0,2759.5,1209.5,2797.75,6300.0,177.63999938964844,25.670000076293945,7026.89990234375,4195.990234375
2021-05-27,1895.95,27.66,1188.5,2746.5,1195.5,2778.75,6300.0,177.7100067138672,25.850000381469727,7019.7001953125,4200.8798828125
2021-05-28,1892.97,27.72,1178.5,2803.0,1186.25,2825.5,6300.0,178.3800048828125,25.899999618530273,7022.60009765625,4204.10986328125
2021-05-31,1906.65,28.05,1185.5,2815.0,1192.5,2842.5,6300.0,178.3800048828125,25.899999618530273,7022.60009765625,4204.10986328125
2021-06-01,1911.13,28.36,1186.0,2838.0,1198.5,2860.75,6300.0,177.89999389648438,25.84000015258789,7080.5,4202.0400390625
2021-06-02,1897.18,27.76,1183.5,2816.0,1196.0,2866.5,6300.0,178.77000427246094,26.149999618530273,7108.0,4208.1201171875
2021-06-03,1893.8,27.86,1185.5,2822.0,1188.0,2856.25,6300.0,175.27000427246094,25.459999084472656,7064.39990234375,4192.85009765625
2021-06-04,1870.72,27.47,1152.5,2809.0,1162.25,2841.5,6300.0,177.16000366210938,25.780000686645508,7069.0,4229.89013671875
2021-06-07,1884.6,27.59,1163.0,2846.0,1174.5,2849.75,6300.0,177.8699951171875,25.899999618530273,7077.2001953125,4226.52001953125
2021-06-08,1892.45,27.7,1164.0,2818.5,1174.25,2837.0,6300.0,177.32000732421875,25.610000610351562,7095.10009765625,4227.259765625
2021-06-09,1889.45,27.61,1155.0,2797.5,1167.5,2813.25,6300.0,176.97999572753906,25.780000686645508,7081.0,4219.5498046875
2021-06-10,1882.0,27.71,1139.5,2774.5,1148.0,2782.75,6300.0,177.74000549316406,25.969999313354492,7088.2001953125,4239.18017578125
2021-06-11,1895.5,28.2,1153.5,2784.5,1160.0,2789.5,6100.0,175.74000549316406,25.8700008392334,7134.10009765625,4247.43994140625
2021-06-14,1857.7,27.75,1146.0,2767.0,1158.5,2771.0,6100.0,174.7100067138672,25.84000015258789,7146.7001953125,4255.14990234375
2021-06-15,1863.78,27.63,1156.0,2760.0,1167.75,2764.5,6100.0,174.0500030517578,25.649999618530273,7172.5,4246.58984375
2021-06-16,1860.1,27.79,1148.5,2766.5,1155.5,2781.75,6100.0,171.11000061035156,25.260000228881836,7185.0,4223.7001953125
2021-06-17,1805.28,26.79,1107.5,2771.5,1119.0,2758.75,6100.0,165.85000610351562,24.049999237060547,7153.39990234375,4221.85986328125
2021-06-18,1791.63,26.46,1076.0,2552.5,1080.75,2561.5,6100.0,164.92999267578125,23.8799991607666,7017.5,4166.4501953125
2021-06-21,1785.2,26.09,1039.0,2503.0,1045.0,2509.75,6100.0,166.9499969482422,24.079999923706055,7062.2998046875,4224.7900390625
2021-06-22,1778.97,25.91,1055.5,2579.0,1066.0,2598.75,6100.0,166.25,23.850000381469727,7090.0,4246.43994140625
2021-06-23,1783.25,25.98,1082.5,2594.5,1091.75,2598.75,6075.0,166.13999938964844,23.93000030517578,7074.10009765625,4241.83984375
2021-06-24,1779.7,26.01,1078.5,2618.0,1089.5,2631.5,5975.0,166.0399932861328,24.040000915527344,7110.0,4266.490234375
2021-06-25,1782.88,26.25,1104.5,2648.0,1106.75,2663.0,5900.0,166.58999633789062,24.18000030517578,7136.10009765625,4280.7001953125
2021-06-28,1779.38,26.12,1102.5,2642.0,1116.0,2665.75,5900.0,166.5800018310547,24.209999084472656,7073.0,4290.60986328125
2021-06-29,1769.13,25.93,1071.5,2671.0,1092.25,2686.75,5750.0,164.8300018310547,23.889999389648438,7087.60009765625,4291.7998046875
2021-06-30,1757.07,25.78,1050.5,2684.5,1069.5,2700.0,5750.0,165.6300048828125,24.219999313354492,7037.5,4297.5
2021-07-01,1774.72,26.24,1080.5,2772.0,1091.5,2786.0,5750.0,166.1999969482422,24.110000610351562,7125.2001953125,4319.93994140625
2021-07-02,1782.53,26.13,1088.5,2788.0,1095.0,2783.5,5725.0,167.2899932861328,24.549999237060547,7123.2998046875,4352.33984375
2021-07-05,1793.4,26.61,1101.5,2813.0,1104.5,2816.5,5650.0,167.2899932861328,24.549999237060547,7164.89990234375,4352.33984375
2021-07-06,1806.4,26.68,1105.75,2849.5,1114.5,2844.75,5650.0,168.1199951171875,24.229999542236328,7100.89990234375,4343.5400390625
2021-07-07,1804.9,26.33,1090.5,2843.5,1097.5,2821.5,5650.0,168.75999450683594,24.239999771118164,7151.0,4358.1298828125
2021-07-08,1814.3,26.18,1075.5,2845.0,1085.25,2840.25,5650.0,168.64999389648438,24.010000228881836,7030.7001953125,4320.81982421875
2021-07-09,1802.45,25.95,1079.0,2818.0,1085.75,2813.75,5650.0,169.2100067138672,24.190000534057617,7121.89990234375,4369.5498046875
2021-07-12,1803.5,26.0,1092.5,2816.5,1105.0,2818.75,5650.0,169.0,24.280000686645508,7125.39990234375,4384.6298828125
2021-07-13,1809.18,26.27,1116.5,2849.5,1121.75,2853.5,5650.0,169.22000122070312,24.079999923706055,7124.7001953125,4369.2099609375
2021-07-14,1814.85,26.14,1116.0,2835.0,1120.0,2841.75,5637.5,171.0399932861328,24.329999923706055,7091.2001953125,4374.2998046875
2021-07-15,1832.68,26.39,1139.25,2824.0,1140.0,2816.75,5600.0,171.07000732421875,24.3799991607666,7012.0,4360.02978515625
2021-07-16,1823.28,26.2,1133.5,2725.0,1139.25,2733.5,5600.0,169.41000366210938,23.770000457763672,7008.10009765625,4327.16015625
2021-07-19,1804.15,25.38,1074.0,2631.0,1103.5,2637.5,5600.0,169.61000061035156,23.290000915527344,6844.39990234375,4258.490234375
2021-07-20,1813.25,25.13,1074.0,2608.0,1081.0,2606.5,5600.0,169.38999938964844,23.139999389648438,6881.10009765625,4323.06005859375
2021-07-21,1807.63,25.24,1075.5,2676.0,1078.25,2660.75,5600.0,168.75999450683594,23.420000076293945,6998.2998046875,4358.68994140625
2021-07-22,1796.75,25.1,1077.5,2677.5,1085.75,2678.0,5600.0,169.08999633789062,23.559999465942383,6968.2998046875,4367.47998046875
2021-07-23,1805.1,25.38,1084.5,2717.0,1092.0,2736.75,5600.0,168.55999755859375,23.350000381469727,7027.60009765625,4411.7900390625
2021-07-26,1808.75,25.41,1058.0,2682.5,1068.0,2683.0,5600.0,168.16000366210938,23.360000610351562,7025.39990234375,4422.2998046875
2021-07-27,1796.43,25.11,1050.5,2641.0,1066.25,2648.25,5600.0,168.44000244140625,22.959999084472656,6996.10009765625,4401.4599609375
2021-07-28,1800.85,24.85,1057.5,2626.0,1061.0,2624.0,5600.0,169.2899932861328,23.170000076293945,7016.60009765625,4400.64013671875
2021-07-29,1822.3,25.57,1075.0,2659.0,1077.5,2659.25,5600.0,171.1699981689453,23.719999313354492,7078.39990234375,4419.14990234375
2021-07-30,1829.72,25.63,1052.5,2659.5,1061.5,2667.75,5550.0,169.82000732421875,23.6299991607666,7032.2998046875,4395.259765625
2021-08-02,1807.55,25.41,1050.5,2679.0,1064.25,2688.75,5400.0,169.61000061035156,23.530000686645508,7081.7001953125,4387.16015625
2021-08-03,1810.55,25.42,1049.75,2688.0,1058.5,2689.5,5400.0,169.49000549316406,23.68000030517578,7105.7001953125,4423.14990234375
2021-08-04,1811.82,25.7,1041.5,2667.0,1054.25,2668.25,5400.0,169.52999877929688,23.540000915527344,7123.89990234375,4402.66015625
2021-08-05,1810.8,25.42,1014.0,2672.0,1022.5,2658.5,5400.0,168.86000061035156,23.299999237060547,7120.39990234375,4429.10009765625
2021-08-06,1799.97,25.16,997.5,2664.0,1007.75,2663.75,5375.0,164.63999938964844,22.520000457763672,7123.0,4436.52001953125
2021-08-09,1747.55,23.91,972.0,2629.5,981.5,2641.0,5300.0,161.72000122070312,21.75,7132.2998046875,4432.35009765625
2021-08-10,1730.95,23.52,986.0,2612.5,993.0,2623.75,5300.0,161.77000427246094,21.6200008392334,7161.0,4436.75
2021-08-11,1733.68,23.38,1005.5,2647.0,1010.5,2649.75,5300.0,164.0,21.84000015258789,7220.10009765625,4442.41015625
2021-08-12,1756.32,23.5,1018.5,2641.0,1023.25,2643.75,5300.0,164.0399932861328,21.5,7193.2001953125,4460.830078125
2021-08-13,1756.85,23.36,1017.75,2619.0,1025.75,2638.0,5300.0,166.38999938964844,21.969999313354492,7218.7001953125,4468.0
2021-08-16,1776.25,23.59,1007.5,2627.0,1021.75,2643.75,5300.0,167.22000122070312,22.100000381469727,7154.0,4479.7099609375
2021-08-17,1794.93,23.92,1021.25,2599.0,1027.75,2597.5,5200.0,166.97000122070312,21.899999618530273,7181.10009765625,4448.080078125
2021-08-18,1788.1,23.78,1002.5,2525.0,1010.75,2520.25,5200.0,167.10000610351562,21.760000228881836,7169.2998046875,4400.27001953125
2021-08-19,1785.97,23.34,971.5,2380.5,989.5,2414.25,5200.0,166.61000061035156,21.510000228881836,7058.89990234375,4405.7998046875
2021-08-20,1782.72,23.15,976.0,2316.0,985.25,2326.25,5200.0,166.6999969482422,21.350000381469727,7087.89990234375,4441.669921875
2021-08-23,1788.88,23.47,1015.75,2332.0,1016.75,2340.5,5200.0,168.72999572753906,21.8799991607666,7109.0,4479.52978515625
2021-08-24,1802.35,23.64,1016.0,2442.0,1019.25,2431.5,5200.0,168.64999389648438,22.079999923706055,7125.7998046875,4486.22998046875
2021-08-25,1793.75,23.82,999.0,2438.0,1006.75,2460.5,5200.0,167.47999572753906,22.09000015258789,7150.10009765625,4496.18994140625
2021-08-26,1784.25,23.7,989.25,2407.0,999.75,2415.5,5200.0,167.6699981689453,21.850000381469727,7125.0,4470.0
2021-08-27,1797.85,23.71,988.5,2425.0,994.75,2424.5,5200.0,170.19000244140625,22.329999923706055,7148.0,4509.3701171875
2021-08-30,1815.53,24.06,1007.25,2444.5,1018.6667,2452.3333,5200.0,169.35000610351562,22.260000228881836,7148.0,4528.7900390625
2021-08-31,1815.15,24.14,1006.5,2509.0,1015.0,2498.0,5200.0,169.69000244140625,22.139999389648438,7119.7001953125,4522.68017578125
2021-09-01,1811.15,23.86,1010.0,2492.0,1017.5,2485.75,5200.0,169.6999969482422,22.3700008392334,7149.7998046875,4524.08984375
2021-09-02,1816.47,24.21,998.5,2456.0,1007.0,2441.75,5200.0,169.25,22.139999389648438,7163.89990234375,4536.9501953125
2021-09-03,1811.9,24.0,1000.5,2426.0,1008.0,2420.75,5200.0,171.05999755859375,22.8799991607666,7138.39990234375,4535.43017578125
2021-09-06,1825.18,24.78,1025.5,2435.5,1029.75,2435.0,5150.0,171.05999755859375,22.8799991607666,7187.2001953125,4535.43017578125
2021-09-07,1814.3,24.42,1009.5,2405.0,1025.25,2412.0,5000.0,167.7100067138672,22.510000228881836,7149.39990234375,4520.02978515625
2021-09-08,1799.28,24.39,999.5,2369.0,1005.75,2370.25,5000.0,167.2899932861328,22.170000076293945,7095.5,4514.06982421875
2021-09-09,1794.63,24.11,980.5,2265.5,987.25,2261.25,5000.0,168.02999877929688,22.270000457763672,7024.2001953125,4493.27978515625
2021-09-10,1801.65,24.27,985.0,2223.0,987.25,2213.25,5000.0,167.17999267578125,21.989999771118164,7029.2001953125,4458.580078125
2021-09-13,1791.07,23.72,952.0,2145.0,965.25,2157.0,5000.0,167.74000549316406,21.989999771118164,7068.39990234375,4468.72998046875
2021-09-14,1788.88,23.71,954.75,2057.5,964.5,2077.75,5000.0,168.82000732421875,22.100000381469727,7034.10009765625,4443.0498046875
2021-09-15,1800.5,23.8,932.0,1981.5,942.75,1982.25,5000.0,167.8300018310547,22.06999969482422,7016.5,4480.7001953125
2021-09-16,1784.32,23.59,939.5,2032.5,951.25,2038.25,5000.0,164.02999877929688,21.25,7027.5,4473.75
2021-09-17,1766.72,23.15,948.0,2051.0,950.25,2034.75,5000.0,163.77000427246094,20.739999771118164,6963.60009765625,4432.990234375
2021-09-20,1758.7,22.51,924.5,1983.0,933.25,1988.75,5000.0,164.94000244140625,20.59000015258789,6903.89990234375,4357.72998046875
2021-09-21,1764.3,22.55,922.75,1904.5,931.75,1921.5,5000.0,166.0399932861328,20.84000015258789,6981.0,4354.18994140625
2021-09-22,1775.85,22.74,969.5,1954.0,985.0,1983.0,5000.0,165.4199981689453,20.989999771118164,7083.39990234375,4395.64013671875
2021-09-23,1768.6,22.79,1009.5,2059.0,1006.25,2037.5,5000.0,163.50999450683594,20.90999984741211,7078.39990234375,4448.97998046875
2021-09-24,1755.82,22.72,983.25,2006.0,987.5,1998.25,5000.0,163.3000030517578,20.709999084472656,7051.5,4455.47998046875
2021-09-27,1750.53,22.55,983.5,1981.5,994.5,1987.75,5000.0,163.63999938964844,20.940000534057617,7063.39990234375,4443.10986328125
2021-09-28,1742.6,22.37,975.75,1943.0,988.0,1962.0,5000.0,162.0500030517578,20.780000686645508,7028.10009765625,4352.6298828125
2021-09-29,1743.85,22.36,968.5,1900.5,971.75,1905.25,5000.0,161.32000732421875,19.950000762939453,7108.2001953125,4359.4599609375
2021-09-30,1733.13,21.72,960.0,1889.0,964.75,1891.75,5000.0,164.22000122070312,20.520000457763672,7086.39990234375,4307.5400390625
2021-10-01,1753.7,22.22,966.5,1898.5,976.0,1913.0,5000.0,164.58999633789062,20.829999923706055,7027.10009765625,4357.0400390625
2021-10-04,1751.32,22.43,956.5,1898.0,973.25,1923.0,5000.0,165.36000061035156,20.979999542236328,7011.0,4300.4599609375
2021-10-05,1756.13,22.57,958.75,1920.0,968.0,1920.25,5000.0,164.58999633789062,20.920000076293945,7077.10009765625,4345.72021484375
2021-10-06,1747.2,22.29,942.5,1899.5,964.25,1900.25,4975.0,165.02999877929688,20.959999084472656,6995.89990234375,4363.5498046875
2021-10-07,1761.35,22.68,984.0,1908.0,989.25,1913.5,4900.0,164.16000366210938,20.899999618530273,7078.0,4399.759765625
2021-10-08,1756.07,22.5,991.5,2010.5,1006.25,2001.5,4900.0,164.22999572753906,20.950000762939453,7095.60009765625,4391.33984375
2021-10-11,1753.63,22.57,1027.5,2173.5,1034.5,2159.75,4900.0,163.9199981689453,20.8799991607666,7146.89990234375,4361.18994140625
2021-10-12,1757.95,22.61,1009.5,2137.0,1018.25,2111.0,4875.0,164.66000366210938,20.93000030517578,7130.2001953125,4350.64990234375
2021-10-13,1767.4,22.83,1009.5,2103.0,1017.0,2073.0,4775.0,167.58999633789062,21.329999923706055,7141.7998046875,4363.7998046875
2021-10-14,1796.6,23.29,1034.25,2205.0,1039.5,2148.5,4700.0,168.0,21.799999237060547,7207.7001953125,4438.259765625
2021-10-15,1786.4,23.39,1052.5,2168.0,1063.0,2138.0,4675.0,165.3300018310547,21.579999923706055,7234.0,4471.3701171875
2021-10-18,1763.25,23.3,1044.5,2044.5,1055.75,2058.5,4600.0,164.9199981689453,21.489999771118164,7203.7998046875,4486.4599609375
2021-10-19,1782.53,23.82,1052.75,2083.5,1054.75,2075.0,4600.0,165.4499969482422,21.889999389648438,7217.5,4519.6298828125
2021-10-20,1779.15,23.94,1045.5,2108.5,1048.5,2095.25,4600.0,166.89999389648438,22.530000686645508,7223.10009765625,4536.18994140625
2021-10-21,1786.68,24.28,1051.5,2071.5,1056.5,2067.75,4600.0,166.75,22.350000381469727,7190.2998046875,4549.77978515625
2021-10-22,1791.68,24.36,1062.0,2026.5,1065.0,2039.0,4600.0,167.77000427246094,22.540000915527344,7204.60009765625,4544.89990234375
2021-10-25,1804.22,24.49,1045.5,2044.0,1052.75,2043.75,4575.0,168.92999267578125,22.739999771118164,7222.7998046875,4566.47998046875
2021-10-26,1802.43,24.3,1051.5,2044.0,1059.25,2051.25,4500.0,167.67999267578125,22.3700008392334,7277.60009765625,4574.7900390625
2021-10-27,1787.53,23.99,1016.5,1987.5,1028.25,2003.25,4500.0,168.1199951171875,22.290000915527344,7253.2998046875,4551.68017578125
2021-10-28,1801.68,24.1,1017.5,1985.0,1023.25,1993.5,4500.0,168.0800018310547,22.270000457763672,7249.5,4596.419921875
2021-10-29,1792.3,23.93,1020.0,2002.0,1022.0,2003.0,4500.0,166.64999389648438,22.09000015258789,7237.60009765625,4605.3798828125
2021-11-01,1786.68,23.86,1033.5,1982.0,1039.25,2022.0,4500.0,167.52000427246094,22.229999542236328,7288.60009765625,4613.669921875
2021-11-02,1795.65,23.99,1057.75,2045.5,1063.75,2055.75,4500.0,167.16000366210938,21.799999237060547,7274.7998046875,4630.64990234375
2021-11-03,1782.47,23.6,1045.0,2019.0,1044.25,2019.25,4500.0,165.77000427246094,21.809999465942383,7248.89990234375,4660.56982421875
2021-11-04,1777.63,23.68,1046.5,2049.0,1048.5,2041.25,4500.0,167.64999389648438,22.0,7279.89990234375,4680.06005859375
2021-11-05,1795.78,23.8,1033.0,2033.5,1040.0,2038.0,4500.0,169.83999633789062,22.350000381469727,7304.0,4697.52978515625
2021-11-08,1815.95,24.21,1042.5,2048.0,1049.75,2056.25,4500.0,170.4499969482422,22.649999618530273,7300.39990234375,4701.7001953125
2021-11-09,1825.6,24.45,1059.75,2115.5,1060.5,2079.25,4500.0,171.2899932861328,22.530000686645508,7274.0,4685.25
2021-11-10,1825.28,24.21,1057.0,2027.5,1069.25,2040.5,4500.0,173.14999389648438,22.8700008392334,7340.2001953125,4646.7099609375
2021-11-11,1862.72,25.03,1086.75,2064.0,1086.5,2057.75,4475.0,174.1199951171875,23.350000381469727,7384.2001953125,4649.27001953125
2021-11-12,1853.25,24.99,1073.0,2042.0,1088.25,2064.5,4400.0,174.4499969482422,23.420000076293945,7347.89990234375,4682.85009765625
2021-11-15,1862.85,25.27,1078.5,2108.0,1085.75,2118.0,4400.0,174.17999267578125,23.239999771118164,7351.89990234375,4682.7998046875
2021-11-16,1874.1,25.22,1104.75,2188.5,1094.75,2162.25,4400.0,172.9199981689453,22.959999084472656,7327.0,4700.89990234375
2021-11-17,1859.75,25.11,1065.5,2168.5,1074.0,2173.75,4400.0,174.5,23.170000076293945,7291.2001953125,4688.669921875
2021-11-18,1864.53,25.07,1065.0,2166.0,1069.25,2191.5,4400.0,173.94000244140625,22.959999084472656,7256.0,4704.5400390625
2021-11-19,1864.8,24.89,1051.5,2135.0,1056.5,2135.5,4400.0,172.61000061035156,22.75,7223.60009765625,4697.9599609375
2021-11-22,1845.57,24.89,1040.5,2075.0,1037.5,2060.75,4400.0,168.74000549316406,22.34000015258789,7255.5,4682.93994140625
2021-11-23,1798.7,23.96,1007.0,1962.0,1013.25,1970.5,4375.0,167.27999877929688,21.920000076293945,7266.7001953125,4690.7001953125
2021-11-24,1793.22,23.63,978.5,1889.0,986.25,1895.0,4300.0,167.1199951171875,21.790000915527344,7286.2998046875,4701.4599609375
2021-11-25,1793.5,23.63,992.75,1888.5,999.75,1891.25,4300.0,167.1199951171875,21.790000915527344,7310.39990234375,4701.4599609375
2021-11-26,1810.4,23.59,977.5,1825.5,989.0,1847.5,4300.0,166.85000610351562,21.3700008392334,7044.0,4594.6201171875
2021-11-29,1799.47,23.39,973.5,1795.5,977.75,1804.5,4300.0,166.6199951171875,21.15999984741211,7110.0,4655.27001953125
2021-11-30,1798.2,22.94,946.75,1774.0,962.75,1798.5,4262.5,165.5,21.059999465942383,7059.5,4567.0
2021-12-01,1783.63,22.94,954.5,1761.5,954.75,1770.25,4150.0,166.16000366210938,20.56999969482422,7168.7001953125,4513.0400390625
2021-12-02,1772.55,22.41,945.0,1750.5,945.75,1759.0,4150.0,165.24000549316406,20.690000534057617,7129.2001953125,4577.10009765625
2021-12-03,1768.78,22.33,944.0,1818.5,950.25,1812.5,4150.0,166.6300048828125,20.850000381469727,7122.2998046875,4538.43017578125
2021-12-06,1779.7,22.33,933.5,1789.0,942.5,1812.75,4150.0,166.22000122070312,20.709999084472656,7232.2998046875,4591.669921875
2021-12-07,1781.38,22.43,956.5,1870.5,952.75,1869.25,4150.0,166.80999755859375,20.809999465942383,7339.89990234375,4686.75
2021-12-08,1790.07,22.48,963.5,1859.0,963.75,1869.5,4150.0,166.89999389648438,20.760000228881836,7337.39990234375,4701.2099609375
2021-12-09,1783.15,22.34,950.5,1854.0,960.0,1858.25,4150.0,165.8800048828125,20.299999237060547,7321.2998046875,4667.4501953125
2021-12-10,1771.35,21.94,946.5,1798.0,948.0,1809.75,4125.0,166.5800018310547,20.5,7291.7998046875,4712.02001953125
2021-12-13,1786.07,22.2,944.0,1778.0,950.25,1778.25,4050.0,167.0,20.610000610351562,7231.39990234375,4668.97021484375
2021-12-14,1784.07,22.21,929.5,1702.5,933.5,1679.75,4050.0,165.44000244140625,20.309999465942383,7218.60009765625,4634.08984375
2021-12-15,1770.18,21.87,907.5,1620.0,924.0,1623.75,4050.0,166.14999389648438,20.40999984741211,7170.7998046875,4709.85009765625
2021-12-16,1786.4,22.21,934.25,1670.0,931.75,1667.75,4037.5,168.16000366210938,20.790000915527344,7260.60009765625,4668.669921875
2021-12-17,1806.65,22.62,939.5,1780.5,946.0,1772.25,4000.0,167.8000030517578,20.68000030517578,7269.89990234375,4620.64013671875
2021-12-20,1800.85,22.38,929.0,1740.0,933.75,1740.25,4000.0,167.08999633789062,20.56999969482422,7198.0,4568.02001953125
2021-12-21,1798.5,22.69,950.5,1830.0,940.75,1793.75,4000.0,167.02000427246094,20.770000457763672,7297.39990234375,4649.22998046875
2021-12-22,1788.57,22.57,943.5,1847.0,944.0,1820.75,4000.0,168.58999633789062,21.100000381469727,7341.7001953125,4696.56005859375
2021-12-23,1807.65,22.87,971.5,1902.0,973.5,1884.0,4000.0,168.97000122070312,21.15999984741211,7373.2998046875,4725.7900390625
2021-12-24,1809.7,22.91,976.0,1961.0,989.5,1968.75,4000.0,168.97000122070312,21.15999984741211,7372.10009765625,4725.7900390625
2021-12-27,1806.32,22.71,961.5,1960.0,989.5,1968.75,4000.0,169.3699951171875,21.329999923706055,7372.10009765625,4791.18994140625
2021-12-28,1816.2,23.12,980.0,1972.5,981.6667,1980.6667,4000.0,168.63999938964844,21.270000457763672,7372.10009765625,4786.35009765625
2021-12-29,1802.9,23.11,975.0,1985.0,980.0,1990.75,4000.0,168.58999633789062,21.110000610351562,7420.7001953125,4793.06005859375
2021-12-30,1800.3,22.74,968.0,1986.5,972.0,1992.75,4000.0,169.8000030517578,21.34000015258789,7403.0,4778.72998046875
2021-12-31,1818.72,23.18,959.5,1955.0,968.0,1949.0,4000.0,170.9600067138672,21.510000228881836,7384.5,4766.18017578125
2022-01-03,1826.85,23.3,978.5,1920.0,974.5,1908.5,4000.0,168.3300018310547,21.18000030517578,7384.5,4796.56005859375
2022-01-04,1806.6,22.86,963.5,1880.5,966.75,1873.25,4000.0,169.57000732421875,21.31999969482422,7505.2001953125,4793.5400390625
2022-01-05,1819.18,23.08,983.5,1935.0,982.5,1898.25,4000.0,169.05999755859375,21.0,7516.89990234375,4700.580078125
2022-01-06,1794.43,22.19,971.0,1886.0,979.0,1867.75,4000.0,166.99000549316406,20.510000228881836,7450.39990234375,4696.0498046875
2022-01-07,1793.6,22.24,972.5,1921.0,971.5,1894.5,4000.0,167.75,20.6200008392334,7485.2998046875,4677.02978515625
2022-01-10,1797.1,22.42,964.0,1954.5,957.75,1942.5,4000.0,168.25999450683594,20.760000228881836,7445.2998046875,4670.2900390625
2022-01-11,1807.07,22.62,946.5,1934.0,953.75,1934.5,4000.0,170.2899932861328,21.049999237060547,7491.39990234375,4713.06982421875
2022-01-12,1817.22,22.73,974.5,1937.5,979.75,1934.0,4000.0,170.74000549316406,21.450000762939453,7551.7001953125,4726.35009765625
2022-01-13,1822.95,23.18,977.25,1925.0,983.5,1913.0,4000.0,170.16000366210938,21.329999923706055,7563.89990234375,4659.02978515625
2022-01-14,1823.88,23.14,980.75,1892.5,985.75,1887.25,4000.0,169.6699981689453,21.200000762939453,7543.0,4662.85009765625
2022-01-17,1822.43,23.08,974.0,1905.0,979.75,1896.0,4000.0,169.6699981689453,21.200000762939453,7611.2001953125,4662.85009765625
2022-01-18,1809.85,22.84,967.0,1895.0,979.75,1899.25,4000.0,169.38999938964844,21.690000534057617,7563.60009765625,4577.10986328125
2022-01-19,1817.8,23.77,993.5,1909.5,996.5,1929.75,3987.5,172.0800018310547,22.3700008392334,7589.7001953125,4532.759765625
2022-01-20,1838.93,24.18,1049.0,2071.5,1041.25,2032.75,3950.0,171.64999389648438,22.6200008392334,7585.0,4482.72998046875
2022-01-21,1833.85,24.48,1047.0,2090.5,1045.75,2075.25,3950.0,171.08999633789062,22.3799991607666,7494.10009765625,4397.93994140625
2022-01-24,1841.55,24.26,1036.75,2121.5,1038.25,2133.25,3950.0,172.02999877929688,22.110000610351562,7297.2001953125,4410.1298828125
2022-01-25,1837.72,23.78,1024.75,2183.5,1024.0,2168.25,3950.0,172.5800018310547,22.020000457763672,7371.5,4356.4501953125
2022-01-26,1847.0,23.93,1047.5,2253.0,1043.0,2240.5,3950.0,169.7899932861328,21.719999313354492,7469.7998046875,4349.93017578125
2022-01-27,1816.25,23.36,1034.5,2369.5,1032.25,2333.0,3950.0,167.60000610351562,21.020000457763672,7554.2998046875,4326.509765625
2022-01-28,1792.68,22.57,1005.5,2286.0,1021.5,2355.5,3950.0,167.10000610351562,20.709999084472656,7466.10009765625,4431.85009765625
2022-01-31,1789.7,22.55,1015.5,2430.0,1019.5,2399.0,3950.0,168.08999633789062,20.799999237060547,7464.39990234375,4515.5498046875
2022-02-01,1807.13,22.76,1039.75,2392.0,1045.0,2399.0,3950.0,168.22999572753906,20.940000534057617,7535.7998046875,4546.5400390625
2022-02-02,1802.45,22.82,1040.5,2392.0,1043.5,2409.0,3950.0,168.83999633789062,20.93000030517578,7583.0,4589.3798828125
2022-02-03,1803.57,22.46,1029.5,2384.0,1037.0,2382.5,3950.0,168.60000610351562,20.709999084472656,7528.7998046875,4477.43994140625
2022-02-04,1811.82,22.59,1030.0,2355.0,1037.25,2340.5,3950.0,168.86000061035156,20.790000915527344,7516.39990234375,4500.52978515625
2022-02-07,1812.72,22.77,1017.5,2266.5,1027.75,2291.75,3937.5,170.11000061035156,21.270000457763672,7573.5,4483.8701171875
2022-02-08,1820.25,22.95,1011.5,2249.0,1027.0,2268.25,3900.0,170.6300048828125,21.450000762939453,7567.10009765625,4521.5400390625
2022-02-09,1828.18,23.24,1038.0,2259.0,1038.25,2265.0,3900.0,171.2100067138672,21.530000686645508,7643.39990234375,4587.18017578125
2022-02-10,1833.13,23.37,1031.0,2302.0,1037.5,2308.75,3900.0,170.55999755859375,21.420000076293945,7672.39990234375,4504.080078125
2022-02-11,1826.9,22.97,1030.5,2249.0,1028.75,2239.0,3900.0,173.80999755859375,21.829999923706055,7661.0,4418.64013671875
2022-02-14,1857.65,23.78,1025.5,2309.0,1041.75,2361.5,3900.0,174.74000549316406,22.049999237060547,7531.60009765625,4401.669921875
2022-02-15,1857.38,23.47,1028.5,2316.5,1030.0,2325.25,3900.0,173.0800018310547,21.610000610351562,7608.89990234375,4471.06982421875
2022-02-16,1858.93,23.56,1035.75,2279.5,1037.75,2284.0,3900.0,174.86000061035156,21.8700008392334,7603.7998046875,4475.009765625
2022-02-17,1890.38,23.78,1084.5,2329.0,1075.75,2340.75,3900.0,177.25,22.040000915527344,7537.39990234375,4380.259765625
2022-02-18,1895.78,23.94,1097.0,2335.0,1099.0,2369.75,3900.0,177.1199951171875,22.1200008392334,7513.60009765625,4348.8701171875
2022-02-21,1897.25,23.82,1080.5,2379.5,1082.5,2364.0,3900.0,177.1199951171875,22.1200008392334,7484.2998046875,4348.8701171875
2022-02-22,1900.0,24.09,1085.75,2387.0,1089.5,2407.25,3900.0,177.49000549316406,22.309999465942383,7494.2001953125,4304.759765625
2022-02-23,1893.93,24.11,1084.75,2384.0,1086.75,2382.0,3900.0,178.2899932861328,22.729999542236328,7498.2001953125,4225.5
2022-02-24,1955.35,25.36,1123.5,2644.0,1108.25,2563.75,3900.0,177.13999938964844,22.309999465942383,7207.0,4288.7001953125
2022-02-25,1911.38,24.2,1056.5,2484.5,1066.75,2438.75,3900.0,176.5500030517578,22.399999618530273,7489.5,4384.64990234375
2022-02-28,1899.22,24.32,1058.75,2491.0,1067.0,2522.75,3900.0,178.3800048828125,22.6200008392334,7458.2998046875,4373.93994140625
2022-03-01,1917.2,24.52,1056.5,2571.0,1056.5,2563.25,3950.0,181.6199951171875,23.540000915527344,7330.2001953125,4306.259765625
2022-03-02,1932.45,25.1,1066.5,2638.0,1063.25,2642.0,4175.0,179.72999572753906,23.3700008392334,7429.60009765625,4386.5400390625
2022-03-03,1930.43,25.34,1090.5,2767.5,1086.25,2724.0,4350.0,180.8000030517578,23.290000915527344,7238.89990234375,4363.490234375
2022-03-04,1947.7,25.29,1081.5,2786.5,1089.75,2845.75,4425.0,183.67999267578125,23.639999389648438,6987.10009765625,4328.8701171875
2022-03-07,2000.2,26.0,1152.5,3357.0,1150.5,3157.0,4550.0,186.41000366210938,23.700000762939453,6959.5,4201.08984375
2022-03-08,2010.22,26.21,1149.5,3028.0,1152.75,3068.75,4650.0,191.50999450683594,24.450000762939453,6964.10009765625,4170.7001953125
2022-03-09,2016.5,26.18,1148.5,3036.0,1149.75,3164.25,4850.0,185.82000732421875,23.799999237060547,7190.7001953125,4277.8798828125
2022-03-10,1987.05,25.51,1081.5,2961.5,1089.75,2975.5,4900.0,186.39999389648438,24.010000228881836,7099.10009765625,4259.52001953125
2022-03-11,1990.7,25.88,1071.25,2981.0,1077.5,2923.75,4925.0,185.08999633789062,23.8700008392334,7155.60009765625,4204.31005859375
2022-03-14,1964.53,25.32,1041.5,2525.0,1059.5,2661.0,5025.0,182.3000030517578,23.15999984741211,7193.5,4173.10986328125
2022-03-15,1932.72,24.74,1021.75,2485.0,1027.5,2440.75,5100.0,178.88999938964844,23.0,7175.7001953125,4262.4501953125
2022-03-16,1923.3,24.82,1012.5,2490.0,1010.25,2486.25,5100.0,180.00999450683594,23.110000610351562,7291.7001953125,4357.85986328125
2022-03-17,1945.8,25.43,1032.0,2475.5,1030.5,2473.0,5100.0,180.88999938964844,23.329999923706055,7385.2998046875,4411.669921875
2022-03-18,1933.3,25.26,1042.0,2573.0,1037.75,2597.25,5100.0,179.3000030517578,23.020000457763672,7404.7001953125,4463.1201171875
2022-03-21,1925.75,25.08,1036.25,2543.0,1040.0,2573.5,5100.0,180.6699981689453,23.280000686645508,7442.39990234375,4461.18017578125
2022-03-22,1926.22,25.07,1030.5,2545.5,1038.5,2580.5,5100.0,179.36000061035156,22.8799991607666,7476.7001953125,4511.60986328125
2022-03-23,1930.53,25.13,1026.5,2580.5,1028.25,2562.75,5100.0,181.80999755859375,23.239999771118164,7460.60009765625,4456.240234375
2022-03-24,1941.07,25.07,1012.5,2512.0,1026.75,2555.25,5100.0,183.1300048828125,23.610000610351562,7467.39990234375,4520.16015625
2022-03-25,1956.25,25.62,1023.25,2507.5,1031.75,2550.25,5100.0,182.3800048828125,23.479999542236328,7483.39990234375,4543.06005859375
2022-03-28,1927.63,24.99,1009.5,2259.5,1005.5,2326.5,5100.0,179.05999755859375,22.93000030517578,7473.10009765625,4575.52001953125
2022-03-29,1913.72,24.74,982.25,2218.5,990.0,2254.25,5100.0,179.13999938964844,22.90999984741211,7537.2998046875,4631.60009765625
2022-03-30,1920.25,24.86,986.5,2182.0,997.25,2209.5,5100.0,180.5800018310547,22.940000534057617,7578.7998046875,4602.4501953125
2022-03-31,1925.8,24.77,985.5,2225.5,996.0,2291.25,5100.0,180.64999389648438,22.8799991607666,7515.7001953125,4530.41015625
2022-04-01,1932.07,24.7,987.5,2297.0,997.5,2324.25,5100.0,179.5,22.739999771118164,7537.89990234375,4545.85986328125
2022-04-04,1931.6,24.86,996.5,2334.0,1000.25,2344.5,5100.0,180.3699951171875,22.6299991607666,7558.89990234375,4582.64013671875
2022-04-05,1931.82,24.79,988.5,2294.0,991.0,2320.0,5100.0,179.24000549316406,22.360000610351562,7613.7001953125,4525.1201171875
2022-04-06,1926.8,24.38,972.0,2261.0,977.5,2270.75,5100.0,179.66000366210938,22.56999969482422,7587.7001953125,4481.14990234375
2022-04-07,1927.38,24.37,949.5,2214.0,960.5,2254.5,5100.0,180.33999633789062,22.700000762939453,7551.7998046875,4500.2099609375
2022-04-08,1931.9,24.72,965.5,2266.0,974.75,2333.5,5100.0,181.47000122070312,22.81999969482422,7669.60009765625,4488.27978515625
2022-04-11,1957.63,25.05,996.5,2520.5,991.75,2509.5,5100.0,182.3699951171875,23.149999618530273,7618.2998046875,4412.52978515625
2022-04-12,1951.7,24.97,964.5,2321.0,985.25,2454.0,5100.0,183.77000427246094,23.469999313354492,7576.7001953125,4397.4501953125
2022-04-13,1974.65,25.71,986.0,2370.5,986.25,2403.75,5100.0,184.64999389648438,23.75,7580.7998046875,4446.58984375
2022-04-14,1972.4,25.69,984.5,2348.0,994.25,2391.25,5100.0,184.0399932861328,23.639999389648438,7616.39990234375,4392.58984375
2022-04-18,1994.43,25.95,1009.75,2401.0,1022.0,2415.0,5100.0,184.61000061035156,23.8700008392334,7616.39990234375,4391.68994140625
2022-04-19,1977.4,25.89,1021.5,2392.5,1022.75,2430.25,5100.0,181.82000732421875,23.239999771118164,7601.2998046875,4462.2099609375
2022-04-20,1947.25,25.04,980.5,2386.0,988.25,2420.0,5100.0,182.7100067138672,23.280000686645508,7629.2001953125,4459.4501953125
2022-04-21,1946.38,24.99,983.5,2457.0,991.75,2469.75,5100.0,182.05999755859375,22.790000915527344,7628.0,4393.66015625
2022-04-22,1943.18,24.24,964.5,2382.0,968.25,2458.25,5100.0,180.2899932861328,22.309999465942383,7521.7001953125,4271.77978515625
2022-04-25,1917.32,23.69,921.5,2299.5,932.0,2287.0,5100.0,177.0500030517578,21.829999923706055,7380.5,4296.1201171875
2022-04-26,1902.5,23.69,926.75,2167.0,932.5,2202.25,5100.0,177.32000732421875,21.649999618530273,7386.2001953125,4175.2001953125
2022-04-27,1893.55,23.48,917.0,2194.5,930.0,2232.0,5100.0,175.97999572753906,21.489999771118164,7425.60009765625,4183.9599609375
2022-04-28,1887.3,23.27,931.5,2238.0,925.5,2266.75,5100.0,176.92999267578125,21.420000076293945,7509.2001953125,4287.5
2022-04-29,1914.78,23.52,932.75,2289.5,936.0,2293.0,5100.0,176.91000366210938,21.040000915527344,7544.60009765625,4131.93017578125
2022-05-02,1879.55,22.62,938.5,2263.0,936.0,2276.0,5000.0,173.6300048828125,20.8700008392334,7544.60009765625,4155.3798828125
2022-05-03,1854.05,22.62,947.5,2267.5,953.0,2264.5,5000.0,174.08999633789062,20.829999923706055,7561.2998046875,4175.47998046875
2022-05-04,1868.43,22.66,980.0,2286.0,976.5,2291.0,5000.0,175.8000030517578,21.280000686645508,7493.5,4300.169921875
2022-05-05,1893.97,22.96,988.25,2252.5,1001.25,2283.0,5000.0,175.1300048828125,20.780000686645508,7503.2998046875,4146.8701171875
2022-05-06,1881.72,22.48,960.75,2150.0,969.5,2168.5,5000.0,175.4199981689453,20.65999984741211,7387.89990234375,4123.33984375
2022-05-09,1864.97,22.13,946.0,2076.0,964.0,2090.5,5000.0,172.8800048828125,20.030000686645508,7216.60009765625,3991.239990234375
2022-05-10,1863.55,21.97,975.5,2105.5,982.0,2147.5,5000.0,171.4199981689453,19.549999237060547,7243.2001953125,4001.050048828125
2022-05-11,1851.6,21.83,997.25,2049.5,989.0,2092.75,5000.0,172.82000732421875,19.8700008392334,7347.7001953125,3935.179931640625
2022-05-12,1846.82,21.27,979.5,1970.0,987.75,2012.25,5000.0,170.1699981689453,19.1200008392334,7233.2998046875,3930.080078125
2022-05-13,1822.4,20.85,959.0,1934.0,961.75,1979.25,5000.0,168.7899932861328,19.420000076293945,7418.2001953125,4023.889892578125
2022-05-16,1799.68,21.14,938.5,1943.0,950.5,1985.75,5000.0,170.39999389648438,19.93000030517578,7464.7998046875,4008.010009765625
2022-05-17,1827.75,21.79,953.0,2016.0,957.0,2064.25,5000.0,169.3300018310547,19.920000076293945,7518.39990234375,4088.85009765625
2022-05-18,1816.1,21.64,962.5,2086.5,961.25,2088.25,5000.0,169.4199981689453,19.729999542236328,7438.10009765625,3923.679931640625
2022-05-19,1822.75,21.5,931.5,1981.0,943.5,2019.75,5000.0,171.91000366210938,20.270000457763672,7302.7001953125,3900.7900390625
2022-05-20,1845.55,22.03,969.25,2019.0,969.5,2036.25,5000.0,172.02999877929688,20.06999969482422,7390.0,3901.360107421875
2022-05-23,1862.0,22.15,973.5,2023.0,973.75,2031.25,5000.0,172.8300018310547,20.100000381469727,7513.39990234375,3973.75
2022-05-24,1856.85,21.84,958.0,2013.5,967.25,2028.5,5000.0,174.1300048828125,20.389999389648438,7484.39990234375,3941.47998046875
2022-05-25,1855.97,21.89,948.5,2009.5,958.75,2031.75,5000.0,173.0800018310547,20.34000015258789,7522.7998046875,3978.72998046875
2022-05-26,1845.72,21.8,943.5,2008.0,954.25,2026.5,4975.0,172.75999450683594,20.309999465942383,7564.89990234375,4057.840087890625
2022-05-27,1857.2,22.23,955.5,2046.0,960.25,2059.5,4900.0,172.85000610351562,20.360000610351562,7585.5,4158.240234375
2022-05-30,1859.75,22.15,965.0,2102.5,965.25,2089.0,4900.0,172.85000610351562,20.360000610351562,7600.10009765625,4158.240234375
2022-05-31,1852.35,21.89,965.5,2097.5,971.0,2081.25,4900.0,171.13999938964844,19.84000015258789,7607.7001953125,4132.14990234375
2022-06-01,1829.07,21.52,974.0,2026.0,984.0,2035.75,4900.0,172.22999572753906,20.1299991607666,7533.0,4101.22998046875
2022-06-02,1852.6,22.06,1013.5,2033.0,1008.6667,2040.0,4900.0,174.35000610351562,20.59000015258789,7533.0,4176.81982421875
2022-06-03,1864.65,22.38,1029.5,2048.0,1036.0,2045.0,4900.0,172.5800018310547,20.229999542236328,7533.0,4108.5400390625
2022-06-06,1852.32,22.32,1030.5,2032.5,1034.0,2044.75,4900.0,171.82000732421875,20.3700008392334,7608.2001953125,4121.43017578125
2022-06-07,1847.1,22.02,1011.5,2025.0,1016.75,2018.75,4900.0,172.94000244140625,20.520000457763672,7598.89990234375,4160.68017578125
2022-06-08,1847.53,22.01,1011.25,1980.5,1016.5,2011.75,4900.0,172.77999877929688,20.350000381469727,7593.0,4115.77001953125
2022-06-09,1850.05,22.01,986.0,1956.5,1001.5,1974.0,4900.0,172.22999572753906,19.969999313354492,7476.2001953125,4017.820068359375
2022-06-10,1845.3,21.66,973.5,1931.0,974.75,1952.25,4900.0,174.5399932861328,20.190000534057617,7317.5,3900.860107421875
2022-06-13,1852.55,21.44,947.5,1914.0,965.75,1915.75,4900.0,169.92999267578125,19.5,7205.7998046875,3749.6298828125
2022-06-14,1825.45,21.21,936.5,1812.0,947.25,1839.75,4900.0,168.57000732421875,19.3700008392334,7187.5,3735.47998046875
2022-06-15,1822.6,21.43,941.0,1842.0,941.0,1857.0,4900.0,170.77000427246094,19.959999084472656,7273.39990234375,3789.989990234375
2022-06-16,1833.7,21.6,937.0,1871.0,951.5,1881.0,4900.0,172.69000244140625,20.239999771118164,7045.0,3666.77001953125
2022-06-17,1851.15,21.93,952.5,1888.5,953.0,1911.25,4900.0,171.27000427246094,19.979999542236328,7016.2998046875,3674.840087890625
2022-06-20,1840.63,21.65,942.5,1835.0,945.5,1877.5,4900.0,171.27000427246094,19.979999542236328,7121.7998046875,3674.840087890625
2022-06-21,1835.75,21.68,948.5,1886.5,946.0,1891.75,4900.0,170.6300048828125,19.979999542236328,7152.10009765625,3764.7900390625
2022-06-22,1824.03,21.29,932.0,1877.5,940.5,1893.75,4900.0,171.30999755859375,19.760000228881836,7089.2001953125,3759.889892578125
2022-06-23,1833.47,21.24,926.5,1876.0,934.25,1903.0,4900.0,170.25999450683594,19.3700008392334,7020.5,3795.72998046875
2022-06-24,1826.75,20.97,918.5,1880.5,922.75,1888.25,4900.0,170.08999633789062,19.510000228881836,7208.7998046875,3911.739990234375
2022-06-27,1840.05,21.58,915.5,1926.5,919.75,1939.75,4900.0,169.89999389648438,19.489999771118164,7258.2998046875,3900.110107421875
2022-06-28,1827.57,21.33,918.5,1900.0,921.25,1910.25,4900.0,169.6199951171875,19.190000534057617,7323.39990234375,3821.550048828125
2022-06-29,1816.65,20.84,928.75,1908.5,928.75,1951.75,4887.5,169.49000549316406,19.139999389648438,7312.2998046875,3818.830078125
2022-06-30,1816.0,20.73,913.5,1981.5,923.5,1977.25,4850.0,168.4600067138672,18.639999389648438,7169.2998046875,3785.3798828125
2022-07-01,1793.78,19.84,884.0,1905.0,884.5,1952.0,4850.0,168.32000732421875,18.309999465942383,7168.7001953125,3825.330078125
2022-07-04,1807.47,19.84,889.0,1957.5,896.0,1965.75,4850.0,168.32000732421875,18.309999465942383,7232.7001953125,3825.330078125
2022-07-05,1800.9,19.93,872.5,1928.5,887.25,1948.75,4850.0,164.75,17.729999542236328,7025.5,3831.389892578125
2022-07-06,1766.95,19.31,864.75,1953.0,872.25,1965.0,4850.0,162.13999938964844,17.690000534057617,7107.7998046875,3845.080078125
2022-07-07,1743.75,19.38,867.0,1941.5,872.0,1959.75,4850.0,162.22999572753906,17.75,7189.10009765625,3902.6201171875
2022-07-08,1738.2,19.14,872.5,2014.0,886.75,2036.25,4837.5,162.3000030517578,17.790000915527344,7196.2001953125,3899.3798828125
2022-07-11,1737.78,19.36,888.0,2157.5,892.0,2169.5,4800.0,161.42999267578125,17.579999923706055,7196.60009765625,3854.429931640625
2022-07-12,1735.15,18.95,854.5,2149.0,866.75,2142.5,4800.0,160.8300018310547,17.440000534057617,7209.89990234375,3818.800048828125
2022-07-13,1728.25,19.01,849.5,2011.0,853.0,2028.75,4787.5,161.60000610351562,17.690000534057617,7156.39990234375,3801.780029296875
2022-07-14,1716.35,18.94,840.0,1960.5,853.5,1973.5,4750.0,159.3300018310547,17.0,7039.7998046875,3790.3798828125
2022-07-15,1705.0,18.34,844.25,1904.0,850.75,1910.75,4737.5,159.00999450683594,17.190000534057617,7159.0,3863.159912109375
2022-07-18,1719.75,18.98,870.0,1885.0,867.0,1894.5,4700.0,159.16000366210938,17.219999313354492,7223.2001953125,3830.85009765625
2022-07-19,1713.47,18.88,876.25,1875.0,874.75,1896.25,4700.0,159.5399932861328,17.290000915527344,7296.2998046875,3936.68994140625
2022-07-20,1708.82,18.85,882.0,1856.5,884.25,1897.75,4700.0,158.0399932861328,17.190000534057617,7264.2998046875,3959.89990234375
2022-07-21,1685.28,18.34,852.5,1862.0,866.0,1892.25,4687.5,160.27000427246094,17.399999618530273,7270.5,3998.949951171875
2022-07-22,1719.28,18.77,885.0,1887.0,883.5,1927.75,4650.0,160.6699981689453,17.139999389648438,7276.39990234375,3961.6298828125
2022-07-25,1729.22,18.71,876.0,1986.0,881.25,2016.75,4650.0,160.22999572753906,16.979999542236328,7306.2998046875,3966.840087890625
2022-07-26,1723.63,18.64,890.0,2003.0,889.0,2020.0,4637.5,160.0399932861328,17.15999984741211,7306.2998046875,3921.050048828125
2022-07-27,1724.07,18.8,881.5,2022.0,884.25,2035.25,4600.0,161.6699981689453,17.600000381469727,7348.2001953125,4023.610107421875
2022-07-28,1745.88,19.45,900.0,2089.5,898.75,2078.0,4575.0,163.63999938964844,18.43000030517578,7345.2998046875,4072.429931640625
2022-07-29,1764.15,20.12,902.5,2104.0,899.75,2109.0,4500.0,164.10000610351562,18.700000762939453,7423.39990234375,4130.2900390625
2022-08-01,1765.88,20.34,909.5,2161.5,906.25,2149.5,4500.0,165.02999877929688,18.790000915527344,7413.39990234375,4118.6298828125
2022-08-02,1773.32,20.31,913.5,2190.0,918.5,2207.0,4500.0,164.0500030517578,18.40999984741211,7409.10009765625,4091.18994140625
2022-08-03,1765.45,19.92,900.0,2060.5,903.5,2081.25,4500.0,164.4499969482422,18.489999771118164,7445.7001953125,4155.169921875
2022-08-04,1776.93,20.17,909.0,2059.0,910.5,2057.0,4500.0,167.1699981689453,18.639999389648438,7448.10009765625,4151.93994140625
2022-08-05,1787.68,20.13,940.5,2114.5,940.75,2121.25,4500.0,165.2899932861328,18.329999923706055,7439.7001953125,4145.18994140625
2022-08-08,1774.43,20.09,932.75,2175.0,938.0,2173.25,4500.0,166.69000244140625,19.030000686645508,7482.39990234375,4140.06005859375
2022-08-09,1790.6,20.67,944.5,2210.0,949.25,2234.0,4475.0,167.1999969482422,18.93000030517578,7488.2001953125,4122.47021484375
2022-08-10,1792.63,20.46,933.5,2200.0,940.75,2230.5,4400.0,166.77999877929688,18.950000762939453,7507.10009765625,4210.240234375
2022-08-11,1790.18,20.51,961.5,2260.0,960.5,2270.75,4400.0,166.33999633789062,18.670000076293945,7465.89990234375,4207.27001953125
2022-08-12,1787.55,20.37,958.5,2264.0,964.0,2284.5,4400.0,167.8699951171875,19.170000076293945,7500.89990234375,4280.14990234375
2022-08-15,1783.68,20.48,944.5,2185.5,957.75,2218.25,4400.0,165.7100067138672,18.68000030517578,7509.2001953125,4297.14013671875
2022-08-16,1775.8,20.15,930.5,2135.0,939.5,2152.75,4375.0,165.4199981689453,18.56999969482422,7536.10009765625,4305.2001953125
2022-08-17,1775.65,20.05,933.5,2159.5,941.25,2170.25,4300.0,164.35000610351562,18.25,7515.7998046875,4274.0400390625
2022-08-18,1765.85,19.79,928.25,2164.0,929.25,2161.0,4300.0,163.9199981689453,18.040000915527344,7541.89990234375,4283.740234375
2022-08-19,1754.25,19.26,906.5,2149.5,916.75,2161.25,4300.0,162.72000122070312,17.549999237060547,7550.39990234375,4228.47998046875
2022-08-22,1734.6,18.98,888.0,2068.0,895.5,2122.75,4300.0,161.63999938964844,17.5,7533.7998046875,4137.990234375
2022-08-23,1740.13,19.05,880.0,2009.0,882.25,2032.75,4300.0,162.77000427246094,17.6200008392334,7488.10009765625,4128.72998046875
2022-08-24,1752.45,19.16,889.5,1987.5,885.75,2011.75,4287.5,163.25,17.6299991607666,7471.5,4140.77001953125
2022-08-25,1763.35,19.4,889.0,2053.5,888.5,2084.5,4250.0,163.75,17.729999542236328,7479.7001953125,4199.1201171875
2022-08-26,1751.9,19.24,879.5,2143.5,890.0,2174.25,4250.0,161.75999450683594,17.360000610351562,7427.2998046875,4057.659912109375
2022-08-29,1723.13,18.45,852.0,2097.0,869.3333,2160.0,4250.0,161.86000061035156,17.290000915527344,7427.2998046875,4030.610107421875
2022-08-30,1734.63,18.8,867.0,2137.5,871.25,2163.25,4250.0,160.50999450683594,16.959999084472656,7361.60009765625,3986.159912109375
2022-08-31,1713.88,18.21,847.0,2080.0,859.25,2120.75,4250.0,159.27000427246094,16.579999923706055,7284.2001953125,3955.0
2022-09-01,1703.0,17.75,846.5,2089.5,850.0,2094.5,4250.0,157.8699951171875,16.3799991607666,7148.5,3966.85009765625
2022-09-02,1709.15,18.04,845.33,2005.4,842.5,2049.25,4250.0,159.25999450683594,16.56999969482422,7281.2001953125,3924.260009765625
2022-09-05,1712.55,18.18,848.75,2020.0,851.25,2055.0,4250.0,159.25999450683594,16.56999969482422,7287.39990234375,3924.260009765625
2022-09-06,1713.88,18.41,854.0,2030.0,864.5,2075.5,4250.0,158.3300018310547,16.540000915527344,7300.39990234375,3908.18994140625
2022-09-07,1705.07,18.23,863.5,2004.0,862.75,2023.75,4225.0,159.94000244140625,17.0,7237.7998046875,3979.8701171875
2022-09-08,1718.82,18.63,877.75,2051.5,877.25,2076.25,4150.0,158.97999572753906,17.030000686645508,7262.10009765625,4006.179931640625
2022-09-09,1729.32,18.95,896.5,2158.0,888.5,2164.75,4150.0,159.82000732421875,17.31999969482422,7351.10009765625,4067.360107421875
2022-09-12,1726.22,19.27,898.5,2206.5,906.0,2231.0,4150.0,160.6300048828125,18.170000076293945,7473.0,4110.41015625
2022-09-13,1726.25,19.88,915.75,2208.0,912.5,2213.5,4150.0,158.5399932861328,17.829999923706055,7385.89990234375,3932.68994140625
2022-09-14,1704.8,19.52,898.5,2108.5,899.0,2126.5,4150.0,157.92999267578125,18.0,7277.2998046875,3946.010009765625
2022-09-15,1686.8,19.51,912.5,2142.0,917.0,2179.75,4150.0,154.97999572753906,17.6299991607666,7282.10009765625,3901.35009765625
2022-09-16,1659.4,18.87,891.5,2107.5,907.75,2140.0,4150.0,155.83999633789062,17.989999771118164,7236.7001953125,3873.330078125
2022-09-19,1662.75,19.33,907.0,2137.0,915.0,2143.3333,4150.0,155.9600067138672,17.989999771118164,7236.7001953125,3899.889892578125
2022-09-20,1669.28,19.34,925.5,2177.5,932.0,2201.5,4125.0,155.07000732421875,17.729999542236328,7192.7001953125,3855.929931640625
2022-09-21,1671.7,19.47,934.5,2184.5,934.0,2184.25,4050.0,155.7899932861328,18.059999465942383,7237.60009765625,3789.929931640625
2022-09-22,1671.93,19.67,908.0,2150.0,913.5,2168.5,4050.0,155.6999969482422,18.09000015258789,7159.5,3757.989990234375
2022-09-23,1661.65,19.45,883.5,2131.5,901.75,2167.0,4050.0,153.00999450683594,17.360000610351562,7018.60009765625,3693.22998046875
2022-09-26,1648.13,18.79,863.5,2094.5,871.75,2112.25,4050.0,151.22999572753906,16.920000076293945,7021.0,3655.0400390625
2022-09-27,1637.35,18.66,865.0,2055.5,869.75,2082.0,4050.0,151.5399932861328,16.899999618530273,6984.60009765625,3647.2900390625
2022-09-28,1620.8,18.07,840.5,2068.0,856.25,2097.75,4050.0,154.69000244140625,17.450000762939453,7005.39990234375,3719.0400390625
2022-09-29,1645.0,18.58,854.0,2149.5,865.75,2177.25,4050.0,154.66000366210938,17.3700008392334,6881.60009765625,3640.469970703125
2022-09-30,1672.68,19.23,881.0,2229.5,879.75,2228.75,4050.0,154.6699981689453,17.5,6893.7998046875,3585.6201171875
2022-10-03,1664.28,19.47,868.75,2196.5,880.0,2199.25,4050.0,158.42999267578125,19.100000381469727,6908.7998046875,3678.429931640625
2022-10-04,1709.47,20.92,912.5,2291.0,926.0,2315.5,4050.0,160.6999969482422,19.360000610351562,7086.5,3790.929931640625
2022-10-05,1714.7,20.73,926.5,2323.0,933.5,2324.0,4050.0,159.80999755859375,18.989999771118164,7052.60009765625,3783.280029296875
2022-10-06,1714.85,20.55,924.5,2260.5,933.5,2301.5,4050.0,159.6300048828125,19.040000915527344,6997.2998046875,3744.52001953125
2022-10-07,1712.8,20.8,933.5,2269.5,935.5,2284.0,4050.0,157.8800048828125,18.5,6991.10009765625,3639.659912109375
2022-10-10,1680.3,19.68,901.5,2188.5,917.75,2220.75,4050.0,155.47999572753906,18.09000015258789,6959.2998046875,3612.389892578125
2022-10-11,1666.2,19.38,890.5,2189.0,905.0,2198.5,4050.0,155.16000366210938,17.68000030517578,6885.2001953125,3588.840087890625
2022-10-12,1670.18,19.21,895.5,2154.0,899.0,2159.5,4050.0,155.99000549316406,17.59000015258789,6826.2001953125,3577.030029296875
2022-10-13,1675.38,19.14,889.0,2148.5,889.5,2138.25,4025.0,154.91000366210938,17.389999389648438,6850.2998046875,3669.909912109375
2022-10-14,1660.4,18.86,903.5,2103.5,915.0,2136.75,3950.0,152.97999572753906,16.809999465942383,6858.7998046875,3583.070068359375
2022-10-17,1655.97,18.54,915.5,2013.0,921.0,2049.0,3950.0,153.4199981689453,17.1200008392334,6920.2001953125,3677.949951171875
2022-10-18,1649.68,18.68,917.5,2017.0,930.5,2042.5,3950.0,153.75,17.229999542236328,6936.7001953125,3719.97998046875
2022-10-19,1641.13,18.59,893.5,2009.0,911.5,2038.0,3950.0,151.69000244140625,17.010000228881836,6925.0,3695.159912109375
2022-10-20,1630.32,18.48,886.5,1985.0,899.75,2023.5,3950.0,151.4499969482422,17.170000076293945,6943.89990234375,3665.780029296875
2022-10-21,1621.0,18.39,912.0,2020.0,920.25,2051.0,3950.0,154.14999389648438,17.760000228881836,6969.7001953125,3752.75
2022-10-24,1648.0,19.18,933.5,2021.0,944.75,2049.25,3950.0,153.64999389648438,17.68000030517578,7014.0,3797.340087890625
2022-10-25,1644.07,19.0,919.5,1963.5,933.25,1994.25,3950.0,154.0,17.860000610351562,7013.5,3859.110107421875
2022-10-26,1675.15,19.82,940.5,1962.0,938.0,1978.0,3950.0,154.97999572753906,17.979999542236328,7056.10009765625,3830.60009765625
2022-10-27,1663.68,19.41,951.5,1970.0,963.25,1994.75,3950.0,154.74000549316406,17.979999542236328,7073.7001953125,3807.300048828125
2022-10-28,1651.18,19.26,952.0,1930.5,966.0,1968.25,3950.0,153.16000366210938,17.739999771118164,7047.7001953125,3901.06005859375
2022-10-31,1639.7,19.12,934.5,1892.0,946.75,1915.25,3950.0,151.91000366210938,17.6200008392334,7094.5,3871.97998046875
2022-11-01,1651.22,19.91,950.5,1906.0,951.0,1907.5,3950.0,153.4600067138672,18.049999237060547,7186.2001953125,3856.10009765625
2022-11-02,1655.38,19.71,956.5,1920.0,965.0,1919.0,3950.0,152.38999938964844,17.729999542236328,7144.10009765625,3759.68994140625
2022-11-03,1623.85,19.09,919.5,1824.0,938.25,1860.0,3950.0,151.80999755859375,17.940000534057617,7188.60009765625,3719.889892578125
2022-11-04,1646.82,19.8,936.5,1825.0,946.0,1865.5,3950.0,156.47000122070312,19.260000228881836,7334.7998046875,3770.550048828125
2022-11-07,1679.55,20.75,971.5,1892.5,970.0,1899.25,3950.0,155.85000610351562,19.149999618530273,7300.0,3806.800048828125
2022-11-08,1671.85,20.73,982.25,1870.5,990.0,1902.75,3950.0,159.4499969482422,19.700000762939453,7306.10009765625,3828.110107421875
2022-11-09,1708.35,21.3,1001.0,1929.0,1011.0,1938.0,3950.0,158.64999389648438,19.360000610351562,7296.2998046875,3748.570068359375
2022-11-10,1707.75,21.12,991.5,1841.5,1011.5,1902.75,3950.0,163.47999572753906,19.969999313354492,7375.2998046875,3956.3701171875
2022-11-11,1764.25,21.73,1055.0,2030.0,1056.0,2023.5,3950.0,164.55999755859375,19.950000762939453,7318.0,3992.929931640625
2022-11-14,1757.65,21.52,1016.5,2015.5,1031.75,2041.5,3950.0,164.9199981689453,20.239999771118164,7385.2001953125,3957.25
2022-11-15,1777.3,22.0,1034.5,2074.0,1035.25,2071.25,3950.0,165.5,19.8799991607666,7369.39990234375,3991.72998046875
2022-11-16,1783.22,22.02,1023.75,2106.5,1029.5,2113.25,3950.0,165.1199951171875,19.739999771118164,7351.2001953125,3958.7900390625
2022-11-17,1765.72,21.13,1004.5,2058.0,1013.75,2059.0,3950.0,163.9199981689453,19.290000915527344,7346.5,3946.56005859375
2022-11-18,1764.9,21.25,984.0,1982.5,997.0,2015.0,3950.0,162.7899932861328,19.25,7385.5,3965.340087890625
2022-11-21,1738.7,20.64,969.5,1898.0,987.75,1926.5,3950.0,161.8800048828125,19.200000762939453,7376.89990234375,3949.93994140625
2022-11-22,1747.6,21.21,1001.5,1897.5,1002.25,1898.75,3950.0,162.07000732421875,19.43000030517578,7452.7998046875,4003.580078125
2022-11-23,1739.93,21.2,1000.5,1890.0,1002.25,1891.0,3950.0,163.0800018310547,19.809999465942383,7465.2001953125,4027.260009765625
2022-11-24,1757.1,21.6,994.0,1899.5,1005.25,1913.75,3950.0,163.0800018310547,19.809999465942383,7466.60009765625,4027.260009765625
2022-11-25,1751.85,21.34,984.0,1871.0,998.0,1890.0,3950.0,163.22000122070312,19.719999313354492,7486.7001953125,4026.1201171875
2022-11-28,1761.78,21.5,990.25,1856.5,997.25,1867.0,3950.0,161.92999267578125,19.260000228881836,7474.0,3963.93994140625
2022-11-29,1754.47,21.28,1005.75,1842.0,1008.0,1877.25,3950.0,162.72999572753906,19.559999465942383,7512.0,3957.6298828125
2022-11-30,1763.15,21.55,1018.0,1875.0,1025.75,1895.0,3950.0,164.80999755859375,20.43000030517578,7573.10009765625,4080.110107421875
2022-12-01,1778.03,22.12,1038.5,1879.5,1052.25,1925.75,3950.0,167.83999633789062,20.979999542236328,7558.5,4076.570068359375
2022-12-02,1801.15,22.79,1040.5,1910.0,1044.5,1942.75,3950.0,167.25999450683594,21.290000915527344,7556.2001953125,4071.699951171875
2022-12-05,1796.95,23.05,1023.5,1907.5,1032.0,1935.75,3950.0,164.38999938964844,20.440000534057617,7567.5,3998.840087890625
2022-12-06,1771.8,22.48,996.5,1862.0,1009.75,1899.0,3975.0,164.83999633789062,20.440000534057617,7521.39990234375,3941.260009765625
2022-12-07,1772.95,22.34,983.5,1844.5,1006.5,1880.0,4062.5,166.3300018310547,20.920000076293945,7489.2001953125,3933.919921875
2022-12-08,1783.85,22.75,1010.0,1848.0,1018.0,1886.0,4200.0,166.47000122070312,21.209999084472656,7472.2001953125,3963.510009765625
2022-12-09,1794.35,23.04,1005.0,1926.5,1017.75,1945.0,4550.0,167.05999755859375,21.559999465942383,7476.60009765625,3934.3798828125
2022-12-12,1793.1,23.56,1023.5,1926.0,1028.25,1960.75,4725.0,165.67999267578125,21.459999084472656,7446.0,3990.56005859375
2022-12-13,1784.38,23.42,1007.0,1899.5,1026.25,1938.0,4800.0,168.50999450683594,21.829999923706055,7502.89990234375,4019.64990234375
2022-12-14,1809.35,23.71,1039.25,1932.0,1043.75,1945.5,4800.0,168.10000610351562,21.989999771118164,7495.89990234375,3995.320068359375
2022-12-15,1777.35,23.03,1008.5,1874.0,1030.5,1919.0,4800.0,165.35000610351562,21.239999771118164,7426.2001953125,3895.75
2022-12-16,1777.97,22.65,991.5,1797.5,1015.0,1804.25,4800.0,166.7899932861328,21.3700008392334,7332.10009765625,3852.360107421875
2022-12-19,1796.15,23.33,1003.5,1722.0,1011.0,1752.75,4800.0,166.32000732421875,21.1200008392334,7361.2998046875,3817.659912109375
2022-12-20,1807.88,23.85,996.5,1677.5,1000.25,1701.25,4800.0,169.0800018310547,22.229999542236328,7370.60009765625,3821.6201171875
2022-12-21,1813.78,23.89,997.25,1688.5,1011.5,1745.0,4800.0,168.8000030517578,22.06999969482422,7497.2998046875,3878.43994140625
2022-12-22,1817.32,23.82,1003.5,1715.0,1012.0,1730.5,4800.0,166.75999450683594,21.690000534057617,7469.2998046875,3822.389892578125
2022-12-23,1799.6,23.83,1001.5,1652.0,1006.75,1708.5,4800.0,167.25999450683594,21.850000381469727,7473.0,3844.820068359375
2022-12-26,1799.0,23.77,1028.0,1757.0,1006.75,1708.5,4800.0,167.25999450683594,21.850000381469727,7473.0,3844.820068359375
2022-12-27,1808.97,24.27,1036.0,1788.0,1017.0,1817.0,4800.0,168.6699981689453,22.110000610351562,7473.0,3829.25
2022-12-28,1799.32,23.67,1020.0,1797.0,1032.75,1838.5,4800.0,167.91000366210938,21.600000381469727,7497.2001953125,3783.219970703125
2022-12-29,1809.3,23.73,1016.0,1774.0,1030.25,1807.75,4800.0,168.85000610351562,21.969999313354492,7512.7001953125,3849.280029296875
2022-12-30,1815.22,23.79,1059.0,1797.0,1067.75,1823.75,4800.0,169.63999938964844,22.020000457763672,7451.7001953125,3839.5
2023-01-02,1825.0,24.03,1074.0,1794.0,1067.75,1823.75,4800.0,169.63999938964844,22.020000457763672,7451.7001953125,3839.5
2023-01-03,1839.22,24.42,1089.5,1803.5,1090.0,1813.0,4800.0,171.05999755859375,22.049999237060547,7554.10009765625,3824.139892578125
2023-01-04,1861.4,24.36,1094.5,1722.0,1096.5,1752.5,4800.0,172.6699981689453,21.889999389648438,7585.2001953125,3852.969970703125
2023-01-05,1849.78,23.56,1084.5,1798.0,1085.0,1810.0,4800.0,170.52000427246094,21.389999389648438,7633.5,3808.10009765625
2023-01-06,1836.0,23.45,1054.75,1750.0,1074.25,1775.75,4787.5,173.7100067138672,21.920000076293945,7699.5,3895.080078125
2023-01-09,1874.35,23.98,1098.0,1828.5,1105.0,1831.25,4750.0,174.10000610351562,21.739999771118164,7724.89990234375,3892.090087890625
2023-01-10,1877.5,23.69,1083.5,1788.0,1093.5,1808.25,4712.5,174.74000549316406,21.729999542236328,7694.5,3919.25
2023-01-11,1885.13,23.93,1098.0,1788.5,1100.5,1804.75,4600.0,174.6199951171875,21.549999237060547,7725.0,3969.610107421875
2023-01-12,1884.82,23.76,1072.0,1776.5,1084.25,1793.5,4600.0,176.63999938964844,21.8799991607666,7794.0,3983.169921875
2023-01-13,1905.03,23.8,1070.5,1793.0,1080.0,1810.0,4600.0,178.75999450683594,22.329999923706055,7844.10009765625,3999.090087890625
2023-01-16,1918.0,24.25,1059.5,1757.0,1075.5,1786.0,4600.0,178.75999450683594,22.329999923706055,7860.10009765625,3999.090087890625
2023-01-17,1907.57,24.06,1058.0,1728.0,1072.75,1771.25,4600.0,177.58999633789062,22.010000228881836,7851.0,3990.969970703125
2023-01-18,1914.88,24.25,1048.0,1744.0,1061.5,1771.5,4600.0,177.0800018310547,21.56999969482422,7830.7001953125,3928.860107421875
2023-01-19,1910.82,23.45,1030.5,1693.0,1048.5,1728.0,4600.0,179.88999938964844,21.959999084472656,7747.2998046875,3898.85009765625
2023-01-20,1929.75,23.98,1036.5,1724.0,1045.5,1763.75,4600.0,179.2899932861328,22.020000457763672,7770.60009765625,3972.610107421875
2023-01-23,1927.4,23.8,1048.5,1732.0,1050.5,1745.5,4600.0,179.6300048828125,21.579999923706055,7784.7001953125,4019.81005859375
2023-01-24,1936.55,23.65,1052.5,1725.0,1060.5,1721.5,4600.0,180.27999877929688,21.760000228881836,7757.39990234375,4016.949951171875
2023-01-25,1928.0,23.55,1043.5,1730.0,1053.0,1740.0,4600.0,181.11000061035156,21.969999313354492,7744.89990234375,4016.219970703125
2023-01-26,1937.43,23.68,1033.0,1695.5,1049.5,1717.5,4600.0,179.47000122070312,21.989999771118164,7761.10009765625,4060.429931640625
2023-01-27,1926.1,23.73,1013.5,1676.0,1027.5,1683.5,4600.0,179.22000122070312,21.68000030517578,7765.2001953125,4070.56005859375
2023-01-30,1924.47,23.69,1009.5,1632.0,1024.0,1658.0,4600.0,178.75999450683594,21.65999984741211,7784.89990234375,4017.77001953125
2023-01-31,1903.15,23.13,998.5,1608.5,1016.75,1649.25,4600.0,179.41000366210938,21.829999923706055,7771.7001953125,4076.60009765625
2023-02-01,1925.32,23.48,1006.5,1646.5,1022.25,1677.75,4600.0,181.6699981689453,22.079999923706055,7761.10009765625,4119.2099609375
2023-02-02,1956.7,24.34,1019.5,1674.5,1030.75,1696.5,4600.0,177.89999389648438,21.56999969482422,7820.2001953125,4179.759765625
2023-02-03,1913.43,23.53,1029.5,1693.0,1029.0,1681.0,4600.0,173.4600067138672,20.56999969482422,7901.7998046875,4136.47998046875
2023-02-06,1873.5,22.49,976.5,1582.0,990.5,1630.75,4600.0,173.82000732421875,20.479999542236328,7836.7001953125,4111.080078125
2023-02-07,1873.63,22.38,977.5,1584.5,984.25,1624.0,4600.0,173.97999572753906,20.3799991607666,7864.7001953125,4164.0
2023-02-08,1885.63,22.53,994.5,1679.25,994.75,1676.25,4600.0,174.41000366210938,20.479999542236328,7885.2001953125,4117.85986328125
2023-02-09,1883.03,22.49,983.5,1662.5,987.75,1676.75,4600.0,173.02999877929688,20.18000030517578,7911.2001953125,4081.5
2023-02-10,1864.45,22.19,959.5,1595.25,971.5,1634.75,4600.0,173.36000061035156,20.239999771118164,7882.5,4090.4599609375
2023-02-13,1856.5,21.88,943.0,1543.0,955.0,1568.75,4600.0,172.47999572753906,20.200000762939453,7947.60009765625,4137.2900390625
2023-02-14,1863.25,21.85,959.5,1556.25,965.25,1580.25,4600.0,172.61000061035156,20.1200008392334,7953.89990234375,4136.1298828125
2023-02-15,1835.53,21.48,926.5,1465.0,939.0,1499.75,4600.0,170.88999938964844,19.889999389648438,7997.7998046875,4147.60009765625
2023-02-16,1836.05,21.63,917.75,1458.0,928.75,1484.5,4600.0,170.75,19.84000015258789,8012.5,4090.409912109375
2023-02-17,1825.7,21.27,923.5,1476.25,929.75,1506.75,4600.0,171.25999450683594,20.010000228881836,8004.39990234375,4079.090087890625
2023-02-20,1844.08,21.8,927.0,1503.97,936.0,1522.5,4600.0,171.25999450683594,20.010000228881836,8014.2998046875,4079.090087890625
2023-02-21,1835.85,21.78,932.0,1506.0,940.25,1526.5,4600.0,170.6199951171875,20.06999969482422,7977.7998046875,3997.340087890625
2023-02-22,1834.28,21.81,947.25,1511.5,958.5,1530.25,4600.0,169.66000366210938,19.75,7930.60009765625,3991.050048828125
2023-02-23,1825.68,21.55,953.5,1481.0,964.5,1488.25,4600.0,169.57000732421875,19.6299991607666,7907.7001953125,4012.320068359375
2023-02-24,1821.47,21.22,940.5,1445.5,951.25,1451.0,4600.0,168.35000610351562,19.09000015258789,7878.7001953125,3970.0400390625
2023-02-27,1809.2,20.73,922.0,1417.0,933.0,1443.0,4600.0,169.00999450683594,18.93000030517578,7935.10009765625,3982.239990234375
2023-02-28,1810.85,20.57,942.5,1437.5,952.25,1441.25,4600.0,169.77999877929688,19.219999313354492,7876.2998046875,3970.14990234375
2023-03-01,1832.05,21.03,967.5,1405.0,971.75,1446.5,4600.0,170.75999450683594,19.290000915527344,7914.89990234375,3951.389892578125
2023-03-02,1831.9,20.82,959.0,1413.5,965.0,1453.75,4600.0,170.66000366210938,19.239999771118164,7944.0,3981.35009765625
2023-03-03,1846.47,21.07,970.5,1421.0,978.5,1468.0,4600.0,172.49000549316406,19.549999237060547,7947.10009765625,4045.639892578125
2023-03-06,1851.28,21.17,971.5,1412.0,983.5,1454.75,4600.0,171.6199951171875,19.31999969482422,7929.7998046875,4048.419921875
2023-03-07,1843.55,20.99,972.5,1427.5,980.25,1448.5,4600.0,168.6199951171875,18.450000762939453,7919.5,3986.3701171875
2023-03-08,1814.45,20.08,943.0,1383.0,949.25,1409.0,4600.0,168.5399932861328,18.399999618530273,7929.89990234375,3992.010009765625
2023-03-09,1817.5,20.11,942.5,1365.0,956.25,1381.75,4600.0,170.1999969482422,18.440000534057617,7880.0,3918.320068359375
2023-03-10,1831.6,20.07,939.0,1379.5,954.25,1402.5,4600.0,173.8699951171875,18.860000610351562,7748.39990234375,3861.590087890625
2023-03-13,1887.9,20.9,969.0,1392.0,985.75,1426.0,4600.0,177.86000061035156,20.0,7548.60009765625,3855.760009765625
2023-03-14,1901.13,21.58,990.25,1472.0,1003.0,1496.0,4600.0,176.8300018310547,19.889999389648438,7637.10009765625,3919.2900390625
2023-03-15,1897.85,21.72,973.5,1484.5,986.25,1512.0,4600.0,178.2100067138672,20.0,7344.5,3891.929931640625
2023-03-16,1922.03,21.93,973.5,1458.5,977.0,1477.0,4600.0,178.57000732421875,19.920000076293945,7410.0,3960.280029296875
2023-03-17,1932.35,21.9,985.0,1443.0,991.25,1449.5,4600.0,183.77000427246094,20.6299991607666,7335.39990234375,3916.639892578125
2023-03-20,1984.18,22.52,977.0,1404.0,988.75,1430.25,4600.0,183.83999633789062,20.690000534057617,7403.89990234375,3951.570068359375
2023-03-21,1969.45,22.55,994.5,1418.5,998.5,1432.0,4600.0,180.3699951171875,20.540000915527344,7536.2001953125,4002.8701171875
2023-03-22,1944.43,22.48,986.0,1392.5,991.25,1423.75,4600.0,183.44000244140625,21.100000381469727,7566.7998046875,3936.969970703125
2023-03-23,1978.7,22.96,990.5,1458.0,996.75,1465.75,4600.0,185.74000549316406,21.280000686645508,7499.60009765625,3948.719970703125
2023-03-24,1995.78,23.27,979.5,1428.5,994.25,1444.5,4600.0,183.64999389648438,21.219999313354492,7405.5,3970.989990234375
2023-03-27,1967.75,23.09,970.0,1413.0,984.75,1422.0,4600.0,181.9499969482422,21.219999313354492,7471.7998046875,3977.530029296875
2023-03-28,1950.45,22.9,964.0,1422.5,982.0,1430.25,4600.0,183.44000244140625,21.43000030517578,7484.2998046875,3971.27001953125
2023-03-29,1964.7,23.27,965.75,1433.0,971.25,1438.75,4600.0,182.52999877929688,21.440000534057617,7564.2998046875,4027.81005859375
2023-03-30,1967.6,23.72,978.5,1458.5,980.5,1468.5,4600.0,184.17999267578125,21.940000534057617,7620.39990234375,4050.830078125
2023-03-31,1976.53,23.85,990.5,1511.0,997.0,1494.5,4600.0,183.22000122070312,22.1200008392334,7631.7001953125,4109.31005859375
2023-04-03,1966.3,23.89,992.0,1487.0,997.75,1485.75,4600.0,184.5399932861328,22.059999465942383,7673.0,4124.509765625
2023-04-04,1980.6,24.04,991.5,1471.5,1005.0,1484.0,4600.0,187.97999572753906,22.969999313354492,7634.5,4100.60009765625
2023-04-05,2023.32,24.86,1024.5,1473.5,1031.0,1474.5,4600.0,187.8300018310547,22.940000534057617,7662.89990234375,4090.3798828125
2023-04-06,2017.38,25.0,1010.5,1433.5,1018.0,1449.5,4600.0,186.49000549316406,22.889999389648438,7741.60009765625,4105.02001953125
2023-04-10,1996.82,24.9,1013.5,1474.0,1005.0,1455.0,4600.0,185.11000061035156,22.8799991607666,7741.60009765625,4109.10986328125
2023-04-11,2005.22,25.09,1008.5,1442.5,1013.75,1454.75,4600.0,186.27999877929688,23.040000915527344,7785.7001953125,4108.93994140625
2023-04-12,2009.18,25.12,1002.5,1453.5,1020.0,1481.5,4600.0,187.19000244140625,23.43000030517578,7824.7998046875,4091.949951171875
2023-04-13,2026.55,25.6,1025.0,1459.5,1036.0,1484.25,4600.0,189.72000122070312,23.739999771118164,7843.39990234375,4146.22021484375
2023-04-14,2035.5,25.85,1048.5,1499.0,1062.0,1523.25,4600.0,186.36000061035156,23.309999465942383,7871.89990234375,4137.64013671875
2023-04-17,2009.75,25.5,1051.5,1500.5,1056.5,1527.5,4600.0,185.52999877929688,23.020000457763672,7879.5,4151.31982421875
2023-04-18,2003.65,25.19,1065.5,1628.0,1068.25,1615.25,4600.0,186.25,23.149999618530273,7909.39990234375,4154.8701171875
2023-04-19,1979.1,24.79,1064.5,1623.0,1087.25,1638.25,4600.0,185.36000061035156,23.229999542236328,7898.7998046875,4154.52001953125
2023-04-20,1997.4,25.26,1088.5,1608.5,1100.5,1622.5,4600.0,186.08999633789062,23.170000076293945,7902.60009765625,4129.7900390625
2023-04-21,1989.3,25.2,1097.25,1601.0,1114.75,1612.5,4600.0,184.25,22.979999542236328,7914.10009765625,4133.52001953125
2023-04-24,1985.57,25.07,1106.5,1589.0,1114.25,1601.5,4600.0,184.80999755859375,23.079999923706055,7912.2001953125,4137.0400390625
2023-04-25,1989.95,25.05,1083.5,1512.5,1099.75,1538.75,4600.0,185.75,22.989999771118164,7891.10009765625,4071.6298828125
2023-04-26,1998.0,25.01,1108.5,1515.5,1105.75,1518.0,4600.0,184.74000549316406,22.829999923706055,7852.60009765625,4055.989990234375
2023-04-27,1998.28,25.07,1101.75,1519.0,1100.75,1527.0,4600.0,184.75,22.889999389648438,7831.60009765625,4135.35009765625
2023-04-28,1983.32,24.79,1069.5,1498.0,1088.25,1520.5,4600.0,184.8000030517578,23.0,7870.60009765625,4169.47998046875
2023-05-01,1978.15,25.03,1068.0,1497.0,1092.0,1522.0,4600.0,183.97000122070312,22.889999389648438,7870.60009765625,4167.8701171875
2023-05-02,1981.93,24.73,1054.5,1454.5,1065.0,1476.75,4600.0,187.52000427246094,23.350000381469727,7773.0,4119.580078125
2023-05-03,2016.05,25.35,1076.5,1430.0,1075.5,1456.75,4600.0,189.11000061035156,23.43000030517578,7788.39990234375,4090.75
2023-05-04,2035.0,25.56,1049.5,1425.5,1067.25,1455.0,4600.0,190.44000244140625,23.940000534057617,7702.60009765625,4061.219970703125
2023-05-05,2039.97,25.92,1044.5,1445.0,1056.75,1471.75,4600.0,187.4600067138672,23.56999969482422,7778.39990234375,4136.25
2023-05-08,2022.82,25.64,1072.5,1521.0,1082.0,1539.6667,4600.0,187.69000244140625,23.489999771118164,7778.39990234375,4138.1201171875
2023-05-09,2026.0,25.43,1072.0,1552.0,1088.0,1571.5,4600.0,189.02000427246094,23.479999542236328,7764.10009765625,4119.169921875
2023-05-10,2028.38,25.59,1107.5,1574.0,1121.75,1607.5,4600.0,188.75,23.309999465942383,7741.2998046875,4137.64013671875
2023-05-11,2022.13,24.91,1106.5,1581.5,1121.75,1616.25,4600.0,187.1300048828125,22.200000762939453,7730.60009765625,4130.6201171875
2023-05-12,2006.65,23.94,1096.5,1576.0,1101.0,1573.0,4600.0,186.80999755859375,22.020000457763672,7754.60009765625,4124.080078125
2023-05-15,2018.13,24.09,1064.5,1536.0,1074.5,1537.75,4600.0,187.2100067138672,22.100000381469727,7777.7001953125,4136.27978515625
2023-05-16,2010.07,23.92,1073.0,1533.0,1078.5,1547.25,4600.0,184.8699951171875,21.809999465942383,7751.10009765625,4109.89990234375
2023-05-17,1985.85,23.63,1072.5,1486.0,1080.5,1518.5,4600.0,184.22999572753906,21.81999969482422,7723.2001953125,4158.77001953125
2023-05-18,1975.43,23.49,1067.5,1473.5,1083.5,1498.5,4600.0,181.83999633789062,21.559999465942383,7742.2998046875,4198.0498046875
2023-05-19,1964.93,23.73,1060.5,1472.0,1072.25,1499.75,4600.0,183.63999938964844,21.860000610351562,7756.89990234375,4191.97998046875
2023-05-22,1981.6,23.85,1078.5,1518.0,1080.25,1526.0,4600.0,183.2100067138672,21.670000076293945,7771.0,4192.6298828125
2023-05-23,1960.07,23.25,1063.0,1467.5,1078.0,1499.75,4600.0,183.42999267578125,21.510000228881836,7763.0,4145.580078125
2023-05-24,1977.13,23.46,1049.0,1439.5,1061.5,1463.25,4600.0,181.9499969482422,21.15999984741211,7627.10009765625,4115.240234375
2023-05-25,1962.32,23.14,1030.0,1396.5,1038.0,1428.75,4600.0,180.1999969482422,20.860000610351562,7570.89990234375,4151.27978515625
2023-05-26,1952.72,23.15,1031.0,1432.0,1042.5,1455.5,4600.0,180.9199981689453,21.3799991607666,7627.2001953125,4205.4501953125
2023-05-29,1946.6,23.3,1034.5,1434.0,1039.5,1453.5,4600.0,180.9199981689453,21.3799991607666,7627.2001953125,4205.4501953125
2023-05-30,1944.7,23.19,1034.5,1428.0,1040.0,1448.25,4600.0,182.0399932861328,21.299999237060547,7522.10009765625,4205.52001953125
2023-05-31,1955.43,23.21,1018.0,1391.0,1030.0,1425.5,4600.0,182.32000732421875,21.610000610351562,7446.10009765625,4179.830078125
2023-06-01,1956.13,23.37,1007.5,1397.0,1015.0,1396.75,4600.0,183.75999450683594,21.950000762939453,7490.2998046875,4221.02001953125
2023-06-02,1979.5,24.01,1020.75,1406.0,1022.75,1423.0,4600.0,181.0500030517578,21.690000534057617,7607.2998046875,4282.3701171875
2023-06-05,1942.28,23.49,1010.5,1428.0,1023.25,1442.25,4600.0,182.13999938964844,21.639999389648438,7600.0,4273.7900390625
2023-06-06,1960.55,23.55,1031.0,1413.0,1044.5,1433.75,4600.0,182.33999633789062,21.649999618530273,7628.10009765625,4283.85009765625
2023-06-07,1961.63,23.58,1044.5,1418.0,1051.0,1437.5,4600.0,180.14999389648438,21.510000228881836,7624.2998046875,4267.52001953125
2023-06-08,1948.75,23.8,1023.5,1375.0,1036.75,1413.75,4600.0,182.52999877929688,22.299999237060547,7599.7001953125,4293.93017578125
2023-06-09,1962.45,24.38,1014.5,1347.5,1026.0,1374.25,4600.0,182.0399932861328,22.270000457763672,7562.39990234375,4298.85986328125
2023-06-12,1965.25,24.24,1011.25,1321.5,1016.5,1345.0,4600.0,181.8800048828125,22.079999923706055,7570.7001953125,4338.93017578125
2023-06-13,1964.07,24.24,995.5,1350.0,1006.5,1383.0,4600.0,180.5399932861328,21.739999771118164,7594.7998046875,4369.009765625
2023-06-14,1950.22,23.93,981.5,1365.0,993.75,1386.75,4600.0,180.63999938964844,21.969999313354492,7602.7001953125,4372.58984375
2023-06-15,1930.13,23.32,967.5,1377.0,989.25,1400.75,4600.0,181.91000366210938,21.940000534057617,7628.2998046875,4425.83984375
2023-06-16,1963.82,24.05,996.0,1402.5,1001.25,1416.75,4600.0,181.6300048828125,22.18000030517578,7642.7001953125,4409.58984375
2023-06-19,1956.68,24.11,983.5,1414.5,994.75,1426.25,4600.0,181.6300048828125,22.18000030517578,7588.5,4409.58984375
2023-06-20,1954.53,24.0,972.5,1404.0,983.75,1417.25,4600.0,179.75,21.260000228881836,7569.2998046875,4388.7099609375
2023-06-21,1934.9,23.09,955.5,1355.0,969.0,1386.75,4600.0,179.49000549316406,20.84000015258789,7559.2001953125,4365.68994140625
2023-06-22,1927.07,22.63,945.5,1337.5,951.0,1345.0,4600.0,177.7100067138672,20.530000686645508,7502.0,4381.89013671875
2023-06-23,1918.7,22.35,927.5,1287.0,934.75,1308.25,4600.0,178.1999969482422,20.579999923706055,7461.89990234375,4348.330078125
2023-06-26,1932.55,22.83,935.5,1293.5,941.0,1320.75,4600.0,178.50999450683594,20.899999618530273,7453.60009765625,4328.81982421875
2023-06-27,1925.63,22.93,929.5,1319.0,941.0,1331.0,4600.0,177.69000244140625,20.979999542236328,7461.5,4378.41015625
2023-06-28,1909.7,22.79,917.5,1270.5,930.0,1289.75,4600.0,177.27999877929688,20.84000015258789,7500.5,4376.85986328125
2023-06-29,1905.8,22.78,920.5,1246.5,922.5,1262.75,4600.0,177.08999633789062,20.719999313354492,7471.7001953125,4396.43994140625
2023-06-30,1902.0,22.37,896.0,1229.0,912.0,1262.25,4600.0,178.27000427246094,20.889999389648438,7531.5,4450.3798828125
2023-07-03,1912.45,22.78,899.5,1226.5,915.5,1251.5,4600.0,178.47000122070312,21.010000228881836,7527.2998046875,4455.58984375
2023-07-04,1929.47,23.04,924.5,1250.0,932.75,1268.25,4600.0,178.47000122070312,21.010000228881836,7519.7001953125,4455.58984375
2023-07-05,1927.22,22.87,919.25,1233.0,930.5,1264.25,4600.0,177.83999633789062,21.209999084472656,7442.10009765625,4446.81982421875
2023-07-06,1918.2,23.19,921.5,1261.5,927.0,1267.5,4600.0,177.30999755859375,20.829999923706055,7280.5,4411.58984375
2023-07-07,1915.82,22.73,912.5,1231.0,920.0,1255.75,4600.0,178.63999938964844,21.18000030517578,7256.89990234375,4398.9501953125
2023-07-10,1925.15,23.13,916.5,1243.5,922.5,1252.5,4600.0,178.77999877929688,21.239999771118164,7273.7998046875,4409.52978515625
2023-07-11,1936.78,23.26,938.5,1240.0,941.75,1256.25,4600.0,179.4499969482422,21.200000762939453,7282.5,4439.259765625
2023-07-12,1934.97,23.23,939.5,1268.5,947.25,1276.0,4600.0,181.8800048828125,22.149999618530273,7416.10009765625,4472.16015625
2023-07-13,1960.07,24.26,962.5,1305.0,971.0,1310.0,4600.0,182.00999450683594,22.780000686645508,7440.2001953125,4510.0400390625
2023-07-14,1955.88,24.77,971.5,1283.5,981.75,1295.25,4600.0,181.42999267578125,22.860000610351562,7434.60009765625,4505.419921875
2023-07-17,1955.72,24.83,970.25,1263.5,981.0,1287.0,4600.0,181.55999755859375,22.790000915527344,7406.39990234375,4522.7900390625
2023-07-18,1961.43,24.91,989.5,1302.5,992.5,1309.75,4600.0,183.63999938964844,22.989999771118164,7453.7001953125,4554.97998046875
2023-07-19,1977.0,25.06,989.25,1319.5,995.0,1327.75,4600.0,183.6699981689453,23.100000381469727,7588.2001953125,4565.72021484375
2023-07-20,1980.78,25.23,977.0,1301.0,983.0,1315.5,4600.0,182.74000549316406,22.68000030517578,7646.10009765625,4534.8701171875
2023-07-21,1960.78,24.71,962.0,1281.5,969.0,1299.5,4600.0,182.17999267578125,22.56999969482422,7663.7001953125,4536.33984375
2023-07-24,1959.35,24.48,965.5,1280.5,971.5,1300.25,4600.0,181.39999389648438,22.329999923706055,7678.60009765625,4554.64013671875
2023-07-25,1962.53,24.64,977.0,1299.0,975.25,1302.25,4600.0,182.41000366210938,22.6200008392334,7691.7998046875,4567.4599609375
2023-07-26,1971.7,24.73,972.0,1288.5,976.0,1292.5,4600.0,183.3000030517578,22.90999984741211,7676.89990234375,4566.75
2023-07-27,1975.03,24.96,974.0,1268.0,972.5,1268.0,4600.0,180.4199981689453,22.110000610351562,7692.7998046875,4537.41015625
2023-07-28,1949.5,24.16,941.5,1241.5,947.75,1249.25,4600.0,181.86000061035156,22.31999969482422,7694.2998046875,4582.22998046875
2023-07-31,1953.25,24.25,931.5,1244.0,946.75,1264.75,4600.0,182.35000610351562,22.690000534057617,7699.39990234375,4588.9599609375
2023-08-01,1955.93,24.53,945.0,1274.0,954.0,1277.25,4600.0,180.4600067138672,22.290000915527344,7666.2998046875,4576.72998046875
2023-08-02,1950.53,24.4,936.0,1237.0,940.75,1253.75,4600.0,179.60000610351562,21.75,7561.60009765625,4513.39013671875
2023-08-03,1937.13,23.58,919.5,1228.0,932.25,1253.25,4600.0,179.5399932861328,21.6299991607666,7529.2001953125,4501.89013671875
2023-08-04,1932.07,23.45,914.5,1252.0,927.0,1266.0,4600.0,180.19000244140625,21.65999984741211,7564.39990234375,4478.02978515625
2023-08-07,1936.05,23.5,927.0,1269.5,935.75,1276.5,4600.0,179.77999877929688,21.209999084472656,7554.5,4518.43994140625
2023-08-08,1934.85,23.15,916.5,1225.0,923.0,1245.0,4600.0,178.63999938964844,20.899999618530273,7527.39990234375,4499.3798828125
2023-08-09,1927.95,22.83,903.5,1217.0,913.75,1242.75,4600.0,177.7899932861328,20.799999237060547,7587.2998046875,4467.7099609375
2023-08-10,1917.8,22.8,901.5,1255.5,906.5,1261.75,4600.0,177.60000610351562,20.829999923706055,7618.60009765625,4468.830078125
2023-08-11,1918.68,22.77,917.0,1309.0,923.5,1308.5,4587.5,177.60000610351562,20.799999237060547,7524.2001953125,4464.0498046875
2023-08-14,1914.35,22.75,916.0,1311.0,919.5,1305.5,4550.0,177.05999755859375,20.719999313354492,7507.2001953125,4489.72021484375
2023-08-15,1904.13,22.57,901.5,1262.0,908.0,1269.25,4550.0,176.58999633789062,20.670000076293945,7389.60009765625,4437.85986328125
2023-08-16,1905.25,22.79,897.5,1241.0,900.75,1247.25,4537.5,175.57000732421875,20.559999465942383,7356.89990234375,4404.330078125
2023-08-17,1893.38,22.64,892.0,1211.5,902.0,1231.25,4500.0,175.3000030517578,20.799999237060547,7310.2001953125,4370.35986328125
2023-08-18,1891.97,22.8,903.0,1226.0,912.75,1244.25,4500.0,175.3300018310547,20.8700008392334,7262.39990234375,4369.7099609375
2023-08-21,1888.55,22.81,910.5,1242.5,923.25,1266.0,4500.0,175.80999755859375,21.360000610351562,7257.7998046875,4399.77001953125
2023-08-22,1899.95,23.4,922.5,1255.5,929.25,1270.0,4500.0,176.10000610351562,21.459999084472656,7270.7998046875,4387.5498046875
2023-08-23,1904.1,23.78,929.0,1276.5,938.5,1284.75,4500.0,177.88999938964844,22.290000915527344,7320.5,4436.009765625
2023-08-24,1920.57,24.19,933.5,1269.0,944.75,1281.0,4500.0,177.85000610351562,22.110000610351562,7333.60009765625,4376.31005859375
2023-08-25,1915.13,24.18,945.0,1239.5,951.75,1253.5,4500.0,177.6199951171875,22.219999313354492,7338.60009765625,4405.7099609375
2023-08-28,1914.22,24.19,946.5,1222.0,958.3333,1252.0,4500.0,178.1300048828125,22.219999313354492,7338.60009765625,4433.31005859375
2023-08-29,1923.03,24.29,970.5,1247.0,979.25,1260.75,4500.0,179.8699951171875,22.709999084472656,7465.0,4497.6298828125
2023-08-30,1936.75,24.62,985.0,1236.0,988.75,1257.0,4500.0,180.32000732421875,22.56999969482422,7473.7001953125,4514.8701171875
2023-08-31,1944.72,24.58,979.25,1231.5,989.25,1249.0,4500.0,180.02000427246094,22.389999389648438,7439.10009765625,4507.66015625
2023-09-01,1943.2,24.6,980.0,1221.0,985.0,1240.25,4500.0,180.11000061035156,22.170000076293945,7464.5,4515.77001953125
2023-09-04,1944.1,24.17,963.0,1227.5,972.75,1241.0,4500.0,180.11000061035156,22.170000076293945,7452.7998046875,4515.77001953125
2023-09-05,1933.45,23.53,947.5,1210.0,960.25,1233.5,4500.0,178.63999938964844,21.59000015258789,7437.89990234375,4496.830078125
2023-09-06,1924.25,23.48,923.5,1204.5,933.25,1221.75,4500.0,177.8300018310547,21.239999771118164,7426.10009765625,4465.47998046875
2023-09-07,1919.22,23.14,911.0,1201.5,920.75,1219.25,4500.0,178.02000427246094,21.049999237060547,7441.7001953125,4451.14013671875
2023-09-08,1924.3,23.04,904.0,1215.0,918.25,1240.5,4500.0,178.0800018310547,21.010000228881836,7478.2001953125,4457.490234375
2023-09-11,1927.97,23.24,905.0,1215.0,912.0,1222.0,4500.0,178.41000366210938,21.15999984741211,7496.89990234375,4487.4599609375
2023-09-12,1919.7,23.08,901.0,1218.5,913.0,1237.25,4500.0,177.49000549316406,21.1299991607666,7527.5,4461.89990234375
2023-09-13,1912.18,22.95,906.5,1239.0,914.75,1256.75,4500.0,177.0800018310547,20.93000030517578,7526.0,4467.43994140625
2023-09-14,1906.85,22.59,907.0,1272.0,913.75,1273.25,4500.0,177.1699981689453,20.729999542236328,7673.10009765625,4505.10009765625
2023-09-15,1917.97,23.09,920.5,1266.0,927.75,1275.25,4500.0,178.33999633789062,21.110000610351562,7711.39990234375,4450.31982421875
2023-09-18,1925.72,23.14,935.0,1254.0,943.0,1264.25,4500.0,179.38999938964844,21.299999237060547,7652.89990234375,4453.52978515625
2023-09-19,1933.97,23.35,943.5,1250.5,948.5,1263.75,4500.0,179.22000122070312,21.270000457763672,7660.2001953125,4443.9501953125
2023-09-20,1929.07,23.29,948.25,1282.5,951.5,1283.75,4500.0,179.35000610351562,21.34000015258789,7731.7001953125,4402.2001953125
2023-09-21,1922.8,23.16,922.5,1258.0,934.5,1270.0,4500.0,178.0500030517578,21.440000534057617,7678.60009765625,4330.0
2023-09-22,1926.55,23.75,936.5,1280.5,939.5,1282.5,4550.0,178.6199951171875,21.579999923706055,7683.89990234375,4320.06005859375
2023-09-25,1921.95,23.46,921.5,1243.0,934.0,1260.5,4562.5,177.6999969482422,21.200000762939453,7624.0,4337.43994140625
2023-09-26,1914.43,23.08,908.5,1223.5,917.5,1236.5,4600.0,176.27999877929688,20.959999084472656,7625.7001953125,4273.52978515625
2023-09-27,1896.7,22.84,907.25,1241.0,915.25,1254.5,4650.0,174.10000610351562,20.700000762939453,7593.2001953125,4274.509765625
2023-09-28,1874.3,22.59,891.25,1227.5,904.75,1242.5,4662.5,173.22999572753906,20.739999771118164,7601.89990234375,4299.7001953125
2023-09-29,1871.43,23.07,919.5,1279.5,926.5,1290.0,4700.0,171.4499969482422,20.34000015258789,7608.10009765625,4288.0498046875
2023-10-02,1840.03,21.76,906.5,1241.5,914.0,1239.5,4700.0,169.64999389648438,19.420000076293945,7510.7001953125,4288.39013671875
2023-10-03,1826.25,21.16,882.5,1208.0,887.25,1215.5,4700.0,169.16000366210938,19.440000534057617,7470.2001953125,4229.4501953125
2023-10-04,1823.32,21.14,872.0,1165.0,880.75,1184.75,4700.0,169.13999938964844,19.309999465942383,7412.5,4263.75
2023-10-05,1819.57,21.09,865.5,1163.0,879.5,1184.25,4700.0,168.8300018310547,19.25,7451.5,4258.18994140625
2023-10-06,1821.8,21.02,861.5,1152.0,871.5,1162.25,4700.0,169.6999969482422,19.729999542236328,7494.60009765625,4308.5
2023-10-09,1850.43,21.71,890.5,1165.0,893.5,1171.5,4700.0,172.82000732421875,20.059999465942383,7492.2001953125,4335.66015625
2023-10-10,1858.32,21.8,892.0,1134.5,901.25,1158.5,4700.0,172.52999877929688,19.979999542236328,7628.2001953125,4358.240234375
2023-10-11,1869.97,22.11,890.5,1183.5,897.75,1190.75,4706.25,173.7899932861328,20.18000030517578,7620.0,4376.9501953125
2023-10-12,1879.8,22.2,892.25,1167.0,899.25,1185.25,4725.0,173.25999450683594,19.959999084472656,7644.7998046875,4349.60986328125
2023-10-13,1884.2,22.14,871.5,1143.5,886.0,1156.25,4731.25,178.8300018310547,20.780000686645508,7599.60009765625,4327.77978515625
2023-10-16,1912.15,22.55,885.5,1151.0,895.75,1165.75,4762.5,177.9600067138672,20.68000030517578,7630.60009765625,4373.6298828125
2023-10-17,1919.1,22.64,897.5,1133.5,906.0,1155.0,4837.5,178.2899932861328,20.920000076293945,7675.2001953125,4373.2001953125
2023-10-18,1938.63,23.17,911.5,1145.5,913.25,1153.0,4962.5,180.8699951171875,20.950000762939453,7588.0,4314.60009765625
2023-10-19,1949.43,22.94,881.5,1104.0,897.5,1129.25,5000.0,183.08999633789062,21.110000610351562,7499.5,4278.0
2023-10-20,1983.47,23.23,904.5,1109.5,905.75,1123.0,5000.0,183.58999633789062,21.399999618530273,7402.10009765625,4224.16015625
2023-10-23,1981.57,23.29,898.5,1089.0,905.5,1119.0,5000.0,182.97000122070312,21.049999237060547,7374.7998046875,4217.0400390625
2023-10-24,1971.8,22.96,894.5,1127.0,906.75,1138.0,5000.0,182.9499969482422,21.020000457763672,7389.7001953125,4247.68017578125
2023-10-25,1970.8,22.82,883.0,1125.0,902.25,1140.25,5000.0,183.72000122070312,20.940000534057617,7414.2998046875,4186.77001953125
2023-10-26,1992.13,23.14,911.5,1124.5,914.25,1137.5,5000.0,184.00999450683594,20.850000381469727,7354.60009765625,4137.22998046875
2023-10-27,1986.9,22.87,911.5,1141.0,918.75,1153.0,5000.0,186.14999389648438,21.18000030517578,7291.2998046875,4117.3701171875
2023-10-30,1995.9,23.21,920.5,1140.0,923.25,1147.25,5000.0,185.10000610351562,21.34000015258789,7327.39990234375,4166.81982421875
2023-10-31,1997.68,23.26,939.5,1126.5,946.25,1149.0,5000.0,184.08999633789062,20.979999542236328,7321.7001953125,4193.7998046875
2023-11-01,1983.22,22.71,927.0,1122.0,940.0,1137.5,5000.0,183.50999450683594,20.969999313354492,7342.39990234375,4237.85986328125
2023-11-02,1987.7,23.12,933.0,1106.5,938.75,1129.0,5000.0,184.1199951171875,20.8700008392334,7446.5,4317.77978515625
2023-11-03,1988.75,22.64,929.5,1114.0,939.75,1140.0,5000.0,184.7899932861328,21.219999313354492,7417.7001953125,4358.33984375
2023-11-06,1987.22,23.17,933.0,1127.5,938.25,1139.5,5000.0,183.35000610351562,21.079999923706055,7417.7998046875,4365.97998046875
2023-11-07,1966.1,22.75,899.0,1084.5,915.0,1112.25,5000.0,182.58999633789062,20.729999542236328,7410.0,4378.3798828125
2023-11-08,1964.82,22.48,882.5,1013.5,897.5,1054.5,5000.0,180.77000427246094,20.649999618530273,7401.7001953125,4382.77978515625
2023-11-09,1946.53,22.46,867.0,1033.0,880.75,1057.75,5000.0,181.49000549316406,20.690000534057617,7455.7001953125,4347.35009765625
2023-11-10,1954.15,22.61,856.5,957.0,868.25,995.0,5000.0,179.50999450683594,20.34000015258789,7360.60009765625,4415.240234375
2023-11-13,1938.1,22.09,852.5,976.0,859.75,986.0,5000.0,180.50999450683594,20.43000030517578,7425.7998046875,4411.5498046875
2023-11-14,1947.07,22.47,876.5,987.0,883.5,1010.25,5000.0,182.1199951171875,21.170000076293945,7440.5,4495.7001953125
2023-11-15,1971.7,23.36,895.0,1033.5,900.75,1037.5,5000.0,181.63999938964844,21.450000762939453,7486.89990234375,4502.8798828125
2023-11-16,1966.03,23.66,905.5,1044.5,913.25,1055.0,5000.0,183.69000244140625,21.760000228881836,7411.0,4508.240234375
2023-11-17,1991.55,24.05,904.5,1048.5,908.25,1057.0,5000.0,183.6699981689453,21.75,7504.2998046875,4514.02001953125
2023-11-20,1978.8,23.59,906.5,1062.0,912.25,1073.75,5000.0,183.3699951171875,21.479999542236328,7496.39990234375,4547.3798828125
2023-11-21,1985.6,23.55,924.5,1079.5,935.5,1091.75,5000.0,185.35000610351562,21.770000457763672,7482.0,4538.18994140625
2023-11-22,2001.65,23.91,941.0,1078.0,943.0,1079.5,5000.0,184.55999755859375,21.670000076293945,7469.5,4556.6201171875
2023-11-23,1994.57,23.71,925.5,1057.5,936.25,1073.25,5000.0,184.55999755859375,21.670000076293945,7483.60009765625,4556.6201171875
2023-11-24,1994.65,23.73,922.0,1056.5,931.5,1068.0,5000.0,185.52000427246094,22.270000457763672,7488.2001953125,4559.33984375
2023-11-27,2013.2,24.75,937.5,1078.5,941.5,1087.5,5000.0,186.77000427246094,22.559999465942383,7460.7001953125,4550.43017578125
2023-11-28,2016.2,24.7,928.5,1074.0,935.25,1080.0,5000.0,189.25999450683594,22.920000076293945,7455.2001953125,4554.89013671875
2023-11-29,2038.22,24.95,941.0,1052.0,950.25,1062.25,5000.0,189.5399932861328,22.8799991607666,7423.5,4550.580078125
2023-11-30,2039.63,25.05,932.5,1014.0,944.25,1043.0,5000.0,188.75,23.1299991607666,7453.7998046875,4567.7998046875
2023-12-01,2046.72,25.35,938.5,1012.5,942.5,1030.25,5000.0,192.00999450683594,23.329999923706055,7529.39990234375,4594.6298828125
2023-12-04,2069.9,25.17,928.5,987.0,942.25,1009.5,5000.0,187.86000061035156,22.459999084472656,7513.0,4569.77978515625
2023-12-05,2029.13,24.49,916.5,973.0,925.0,994.25,5000.0,187.14999389648438,22.1200008392334,7489.7998046875,4567.18017578125
2023-12-06,2020.4,24.11,904.5,947.0,916.25,965.5,5000.0,187.83999633789062,21.93000030517578,7515.39990234375,4549.33984375
2023-12-07,2034.2,24.04,901.5,956.5,911.0,972.25,5000.0,188.14999389648438,21.790000915527344,7513.7001953125,4585.58984375
2023-12-08,2028.38,23.81,924.75,983.0,925.5,988.5,5000.0,185.63999938964844,21.100000381469727,7554.5,4604.3701171875
2023-12-11,1993.47,22.93,923.5,945.5,933.0,965.25,5000.0,183.58999633789062,20.90999984741211,7544.89990234375,4622.43994140625
2023-12-12,1985.6,22.94,926.0,977.0,928.75,985.5,5000.0,183.49000549316406,20.84000015258789,7542.7998046875,4643.7001953125
2023-12-13,1982.32,22.7,934.25,977.0,940.0,996.5,5000.0,187.6300048828125,21.770000457763672,7548.39990234375,4707.08984375
2023-12-14,2036.68,24.11,948.0,1022.5,955.0,1036.5,5000.0,188.72999572753906,22.149999618530273,7649.0,4719.5498046875
2023-12-15,2043.15,24.25,968.5,1149.0,967.25,1133.0,5000.0,187.0,21.829999923706055,7576.39990234375,4719.18994140625
2023-12-18,2023.2,24.06,952.3,1184.28,960.25,1193.0,5000.0,187.85000610351562,21.799999237060547,7614.5,4740.56005859375
2023-12-19,2026.3,23.96,946.63,1191.18,959.5,1202.5,5000.0,189.1300048828125,22.030000686645508,7638.0,4768.3701171875
2023-12-20,2036.86,24.38,967.38,1221.9,969.75,1236.25,5000.0,188.10000610351562,22.040000915527344,7715.7001953125,4698.35009765625
2023-12-21,2034.4,24.26,963.28,1208.03,974.5,1218.5,5000.0,189.42999267578125,22.309999465942383,7694.7001953125,4746.75
2023-12-22,2053.85,24.46,967.6,1223.75,980.25,1232.25,5000.0,190.27000427246094,22.1200008392334,7697.5,4754.6298828125
2023-12-26,2061.83,24.32,974.03,1197.05,984.0,1212.0,5000.0,191.72000122070312,22.200000762939453,7697.5,4774.75
2023-12-27,2068.93,24.14,983.0,1193.93,990.25,1199.5,5000.0,192.58999633789062,22.229999542236328,7725.0,4781.580078125
2023-12-28,2076.17,24.34,1002.33,1131.38,1010.75,1165.0,5000.0,191.47000122070312,21.989999771118164,7722.7001953125,4783.35009765625
2023-12-29,2064.64,23.72,1007.73,1124.25,1013.5,1138.5,5000.0,191.1699981689453,21.780000686645508,7733.2001953125,4769.830078125
2024-01-02,2077.09,24.09,995.33,1119.53,1003.75,1117.5,5000.0,190.72000122070312,21.649999618530273,7721.5,4742.830078125
2024-01-03,2056.66,23.46,979.0,1085.18,993.0,1100.5,5000.0,189.1300048828125,21.059999465942383,7682.2998046875,4704.81005859375
2024-01-04,2048.05,23.04,976.05,1077.58,979.5,1081.25,5000.0,189.32000732421875,21.079999923706055,7723.10009765625,4688.68017578125
2024-01-05,2038.86,22.98,951.25,1029.85,967.5,1052.25,5000.0,189.35000610351562,21.209999084472656,7689.60009765625,4697.240234375
2024-01-08,2028.83,23.02,956.95,1011.98,967.5,1029.25,5000.0,187.8699951171875,21.1299991607666,7694.2001953125,4763.5400390625
2024-01-09,2035.93,23.2,950.25,991.13,960.75,1012.5,5000.0,187.92999267578125,21.0,7684.0,4756.5
2024-01-10,2035.05,23.07,940.05,998.5,942.75,998.0,5000.0,187.5,20.940000534057617,7651.7998046875,4783.4501953125
2024-01-11,2030.69,22.99,925.63,1008.6,935.25,1021.0,5000.0,187.8699951171875,20.81999969482422,7576.60009765625,4780.240234375
2024-01-12,2038.58,22.93,927.13,999.53,935.0,1010.25,5000.0,189.7100067138672,21.190000534057617,7624.89990234375,4783.830078125
2024-01-15,2055.47,23.25,917.65,980.7,926.0,994.0,5000.0,189.7100067138672,21.190000534057617,7594.89990234375,4783.830078125
2024-01-16,2041.28,23.1,905.55,956.85,919.5,975.25,5000.0,187.91000366210938,20.959999084472656,7558.2998046875,4765.97998046875
2024-01-17,2023.9,22.81,894.0,936.93,905.5,941.25,5000.0,185.83999633789062,20.649999618530273,7446.2998046875,4739.2099609375
2024-01-18,2010.37,22.59,895.8,937.48,902.25,942.0,5000.0,187.3699951171875,20.809999465942383,7459.10009765625,4780.93994140625
2024-01-19,2030.08,22.83,916.53,953.65,922.5,961.25,5000.0,187.92999267578125,20.670000076293945,7461.89990234375,4839.81005859375
2024-01-22,2021.4,22.13,896.35,920.93,910.0,948.0,5000.0,187.22000122070312,20.219999313354492,7487.7001953125,4850.43017578125
2024-01-23,2028.54,22.32,904.85,937.95,913.75,955.75,5000.0,187.9499969482422,20.530000686645508,7485.7001953125,4864.60009765625
2024-01-24,2030.84,22.77,913.93,970.93,916.75,971.0,5000.0,186.39999389648438,20.709999084472656,7527.7001953125,4868.5498046875
2024-01-25,2017.91,22.87,903.0,961.78,913.75,975.25,5000.0,187.13999938964844,20.940000534057617,7529.7001953125,4894.16015625
2024-01-26,2020.59,22.93,899.33,938.63,909.5,956.0,5000.0,187.00999450683594,20.860000610351562,7635.10009765625,4890.97021484375
2024-01-29,2028.33,22.96,913.0,949.88,925.0,970.75,5000.0,188.3300018310547,21.209999084472656,7632.7001953125,4927.93017578125
2024-01-30,2036.08,23.14,930.93,990.13,939.0,997.75,5000.0,188.58999633789062,21.190000534057617,7666.2998046875,4924.97021484375
2024-01-31,2038.28,23.11,926.93,983.5,935.75,994.5,5000.0,188.4499969482422,20.90999984741211,7630.60009765625,4845.64990234375
2024-02-01,2039.83,22.81,917.0,975.95,929.0,987.75,5000.0,190.41000366210938,21.209999084472656,7622.2001953125,4906.18994140625
2024-02-02,2052.87,23.18,921.5,974.0,924.5,977.75,5000.0,188.61000061035156,20.75,7615.5,4958.60986328125
2024-02-05,2022.01,22.44,894.9,934.0,909.25,955.5,5000.0,187.57000732421875,20.469999313354492,7612.89990234375,4942.81005859375
2024-02-06,2023.4,22.31,903.0,954.15,912.5,964.25,5000.0,188.5500030517578,20.510000228881836,7681.0,4954.22998046875
2024-02-07,2033.96,22.28,900.95,940.1,908.75,951.75,5000.0,188.5,20.329999923706055,7628.7998046875,4995.06005859375
2024-02-08,2035.19,22.39,887.0,888.6,892.0,907.75,5000.0,188.3300018310547,20.649999618530273,7595.5,4997.91015625
2024-02-09,2031.29,22.6,886.75,883.65,897.0,901.5,5000.0,187.60000610351562,20.68000030517578,7572.60009765625,5026.60986328125
2024-02-12,2020.46,22.87,877.43,875.38,889.5,893.0,5000.0,187.11000061035156,20.760000228881836,7573.7001953125,5021.83984375
2024-02-13,2026.56,22.93,902.0,920.53,898.5,904.5,5000.0,184.52999877929688,20.200000762939453,7512.2998046875,4953.169921875
2024-02-14,1991.4,22.04,883.55,875.8,891.5,899.5,5000.0,184.4199981689453,20.440000534057617,7568.39990234375,5000.6201171875
2024-02-15,1996.34,22.57,904.0,964.78,902.25,955.5,5000.0,185.66000366210938,20.940000534057617,7597.5,5029.72998046875
2024-02-16,2005.05,23.02,893.0,945.2,905.0,962.5,5000.0,186.33999633789062,21.389999389648438,7711.7001953125,5005.56982421875
2024-02-19,2020.18,23.13,911.35,966.48,917.5,970.5,5000.0,186.33999633789062,21.389999389648438,7728.5,5005.56982421875
2024-02-20,2023.91,23.04,907.85,962.05,913.25,967.75,5000.0,187.47000122070312,21.06999969482422,7719.2001953125,4975.509765625
2024-02-21,2027.33,23.09,903.0,974.3,912.0,990.5,5000.0,187.47999572753906,20.959999084472656,7662.5,4981.7998046875
2024-02-22,2030.11,23.1,894.13,967.43,901.25,972.0,5000.0,187.55999755859375,20.81999969482422,7684.5,5087.02978515625
2024-02-23,2016.64,22.59,891.45,957.98,909.0,981.75,5000.0,188.6199951171875,20.989999771118164,7706.2998046875,5088.7998046875
2024-02-26,2032.62,22.71,893.35,968.35,900.0,980.75,4987.5,188.1999969482422,20.6200008392334,7684.2998046875,5069.52978515625
2024-02-27,2036.59,22.67,892.33,967.3,892.75,971.5,4950.0,188.0,20.56999969482422,7683.0,5078.18017578125
2024-02-28,2025.04,22.29,881.28,912.75,892.5,940.75,4950.0,188.33999633789062,20.549999237060547,7625.0,5069.759765625
2024-02-29,2034.54,22.45,887.25,937.65,896.0,952.75,4950.0,189.30999755859375,20.729999542236328,7630.0,5096.27001953125
2024-03-01,2046.13,22.64,874.28,945.68,887.25,955.25,4950.0,192.88999938964844,21.170000076293945,7682.5,5137.080078125
2024-03-04,2084.77,23.15,897.0,966.55,900.5,973.75,4950.0,196.00999450683594,21.860000610351562,7640.2998046875,5130.9501953125
2024-03-05,2124.46,23.93,894.0,950.9,901.25,965.25,4950.0,197.19000244140625,21.670000076293945,7646.2001953125,5078.64990234375
2024-03-06,2128.35,23.75,891.0,964.25,897.75,983.0,4950.0,198.80999755859375,22.100000381469727,7679.2998046875,5104.759765625
2024-03-07,2157.56,24.16,919.23,1034.2,917.75,1047.75,4950.0,199.94000244140625,22.239999771118164,7692.5,5157.35986328125
2024-03-08,2168.3,24.51,925.5,1051.53,926.75,1051.25,4950.0,201.6300048828125,22.229999542236328,7659.7001953125,5123.68994140625
2024-03-11,2176.9,24.32,927.0,1034.0,930.0,1037.0,4950.0,202.0,22.350000381469727,7669.2001953125,5117.93994140625
2024-03-12,2178.0,24.48,934.0,1026.0,937.0,1041.0,4950.0,199.7899932861328,22.09000015258789,7747.7998046875,5175.27001953125
2024-03-13,2159.3,24.26,935.0,1058.0,935.5,1062.25,4950.0,201.19000244140625,22.790000915527344,7772.2001953125,5165.31005859375
2024-03-14,2169.2,25.0,939.0,1063.0,947.75,1084.75,4950.0,200.35000610351562,22.729999542236328,7743.2001953125,5150.47998046875
2024-03-15,2168.7,25.08,943.0,1098.0,945.75,1097.75,4950.0,199.7100067138672,23.030000686645508,7727.39990234375,5117.08984375
2024-03-18,2154.4,25.11,924.0,1069.0,936.5,1083.75,4950.0,200.02999877929688,22.90999984741211,7722.60009765625,5149.419921875
2024-03-19,2151.2,24.88,905.0,1004.0,917.5,1026.75,4950.0,199.8000030517578,22.790000915527344,7738.2998046875,5178.509765625
2024-03-20,2154.9,24.86,898.0,988.0,903.25,1007.75,4943.75,202.17999267578125,23.290000915527344,7737.39990234375,5224.6201171875
2024-03-21,2203.7,25.48,911.0,1025.0,921.75,1042.5,4925.0,201.97000122070312,22.649999618530273,7882.60009765625,5241.52978515625
2024-03-22,2167.7,24.6,910.0,1010.0,913.75,1017.0,4925.0,200.35000610351562,22.559999465942383,7930.89990234375,5234.18017578125
2024-03-25,2165.2,24.7,907.0,1001.0,911.0,1016.25,4918.75,200.99000549316406,22.579999923706055,7917.60009765625,5218.18994140625
2024-03-26,2185.1,24.74,907.0,1004.0,912.75,1019.25,4900.0,201.63999938964844,22.34000015258789,7931.0,5203.580078125
2024-03-27,2179.8,24.42,895.0,982.0,907.75,999.25,4900.0,203.10000610351562,22.510000228881836,7932.0,5248.490234375
2024-03-28,2196.3,24.43,896.0,994.0,909.5,1017.25,4900.0,205.72000122070312,22.75,7952.60009765625,5254.35009765625
2024-04-01,2252.85,24.43,896.0,994.0,912.0,1015.0,4900.0,207.82000732421875,22.860000610351562,7952.60009765625,5243.77001953125
2024-04-02,2263.45,25.73,915.0,1026.0,921.5,1025.0,4900.0,210.88999938964844,23.84000015258789,7935.10009765625,5205.81005859375
2024-04-03,2260.4,25.65,920.0,1026.0,932.25,1019.25,4900.0,212.74000549316406,24.729999542236328,7937.39990234375,5211.490234375
2024-04-04,2270.9,26.28,922.0,997.0,944.0,1039.5,4900.0,211.52000427246094,24.489999771118164,7975.89990234375,5147.2099609375
2024-04-05,2288.38,27.04,943.0,1012.0,933.75,1023.75,4900.0,215.13999938964844,25.030000686645508,7911.2001953125,5204.33984375
2024-04-08,2336.0,26.8,922.0,1014.0,942.75,1027.5,4893.75,216.47999572753906,25.399999618530273,7943.5,5202.39013671875
2024-04-09,2364.3,27.83,944.0,1018.0,984.25,1074.0,4875.0,217.6699981689453,25.719999313354492,7934.7998046875,5209.91015625
2024-04-10,2356.8,27.99,982.0,1091.0,983.0,1093.5,4868.75,215.61000061035156,25.450000762939453,7961.2001953125,5160.64013671875
2024-04-11,2348.0,28.11,985.0,1097.0,978.25,1066.0,4850.0,219.8000030517578,26.010000228881836,7923.7998046875,5199.06005859375
2024-04-12,2394.58,28.01,969.0,1054.0,1001.5,1076.25,4850.0,216.88999938964844,25.6299991607666,7995.60009765625,5123.41015625
2024-04-15,2348.4,29.19,965.0,1063.0,979.75,1055.5,4850.0,220.9499969482422,26.40999984741211,7965.5,5061.81982421875
2024-04-16,2367.5,28.37,972.0,1044.0,977.75,1040.0,4850.0,221.22000122070312,25.799999237060547,7820.39990234375,5051.41015625
2024-04-17,2370.0,28.57,968.0,1022.0,964.5,1037.0,4850.0,219.58999633789062,25.850000381469727,7848.0,5022.2099609375
2024-04-18,2389.5,28.47,960.0,1028.0,950.5,1047.25,4850.0,220.33999633789062,25.860000610351562,7877.10009765625,5011.1201171875
2024-04-19,2381.9,28.49,940.0,1034.0,945.5,1034.25,4850.0,221.02999877929688,26.200000762939453,7895.89990234375,4967.22998046875
2024-04-22,2381.8,28.27,936.0,1010.0,934.75,1028.0,4850.0,215.57000732421875,24.93000030517578,8023.89990234375,5010.60009765625
2024-04-23,2359.4,27.82,931.0,1018.0,919.75,1016.5,4850.0,215.0399932861328,24.989999771118164,8044.7998046875,5070.5498046875
2024-04-24,2312.5,26.87,913.0,1000.0,919.75,1035.75,4850.0,214.63999938964844,24.899999618530273,8040.39990234375,5071.6298828125
2024-04-25,2326.28,27.16,916.0,1023.0,912.25,1009.0,4850.0,215.9199981689453,25.059999465942383,8078.89990234375,5048.419921875
2024-04-26,2327.4,27.37,919.0,1006.0,928.75,997.25,4850.0,216.6199951171875,24.889999389648438,8139.7998046875,5099.9599609375
2024-04-29,2337.88,27.61,916.0,978.0,930.75,971.5,4850.0,216.17999267578125,24.829999923706055,8147.0,5116.169921875
2024-04-30,2314.3,26.6,931.0,961.0,952.0,974.0,4850.0,211.8699951171875,24.049999237060547,8144.10009765625,5035.68994140625
2024-05-01,2287.3,26.43,943.0,960.0,951.0,951.5,4850.0,213.7899932861328,24.270000457763672,8121.2001953125,5018.39013671875
2024-05-02,2301.4,26.52,947.0,943.0,962.5,962.0,4850.0,213.1300048828125,24.360000610351562,8172.2001953125,5064.2001953125
2024-05-03,2294.9,26.18,950.0,944.0,964.5,949.0,4837.5,212.9600067138672,24.219999313354492,8213.5,5127.7900390625
2024-05-06,2299.0,26.56,972.0,943.0,962.3333,969.0,4800.0,215.1999969482422,25.06999969482422,8213.5,5180.740234375
2024-05-07,2319.6,27.19,970.0,964.0,972.5,995.5,4800.0,214.2100067138672,24.920000076293945,8313.7001953125,5187.7001953125
2024-05-08,2308.78,27.24,957.0,978.0,979.5,979.75,4800.0,213.5800018310547,24.950000762939453,8354.099609375,5187.669921875
2024-05-09,2315.8,27.27,971.0,970.0,985.0,965.25,4800.0,216.9499969482422,25.860000610351562,8381.400390625,5214.080078125
2024-05-10,2371.5,27.66,983.0,953.0,995.75,991.0,4800.0,218.7100067138672,25.770000457763672,8433.7998046875,5222.68017578125
2024-05-13,2341.38,28.73,992.0,992.0,1005.0,991.25,4800.0,216.25999450683594,25.799999237060547,8415.0,5221.419921875
2024-05-14,2346.7,28.11,1000.0,987.0,1015.75,982.5,4800.0,218.08999633789062,26.1299991607666,8428.099609375,5246.68017578125
2024-05-15,2345.0,28.91,1014.0,981.0,1063.0,1019.0,4800.0,220.88999938964844,27.1200008392334,8445.7998046875,5308.14990234375
2024-05-16,2383.98,28.9,1050.0,1000.0,1075.75,1023.25,4800.0,220.02999877929688,27.059999465942383,8438.7001953125,5297.10009765625
2024-05-17,2383.0,29.53,1076.0,1018.0,1074.5,1007.25,4800.0,223.66000366210938,28.790000915527344,8420.2998046875,5303.27001953125
2024-05-20,2443.4,31.97,1086.0,990.0,1085.0,1020.25,4800.0,224.55999755859375,28.979999542236328,8424.2001953125,5308.1298828125
2024-05-21,2439.1,31.96,1084.0,1029.0,1053.5,1037.75,4800.0,224.22999572753906,29.270000457763672,8416.5,5321.41015625
2024-05-22,2414.88,31.63,1042.0,1027.0,1060.0,1035.0,4800.0,220.11000061035156,28.219999313354492,8370.2998046875,5307.009765625
2024-05-23,2361.63,31.75,1059.0,1026.0,1040.75,1005.0,4793.75,215.72000122070312,27.549999237060547,8339.2001953125,5267.83984375
2024-05-24,2340.58,30.49,1035.0,992.0,1029.0,987.25,4775.0,215.9199981689453,27.739999771118164,8317.599609375,5304.72021484375
2024-05-27,2344.3,30.6,1026.0,977.0,1044.0,993.0,4775.0,215.9199981689453,27.739999771118164,8317.599609375,5304.72021484375
2024-05-28,2344.0,30.86,1061.0,986.0,1062.0,1002.0,4775.0,218.19000244140625,29.239999771118164,8254.2001953125,5306.0400390625
2024-05-29,2344.4,31.57,1051.0,983.0,1061.25,983.5,4775.0,216.16000366210938,29.170000076293945,8183.10009765625,5266.9501953125
2024-05-30,2336.2,31.95,1053.0,968.0,1042.25,964.5,4775.0,216.57000732421875,28.420000076293945,8231.099609375,5235.47998046875
2024-05-31,2342.6,31.37,1037.0,948.0,1039.5,965.25,4775.0,215.3000030517578,27.760000228881836,8275.400390625,5277.509765625
2024-06-03,2324.55,31.22,1033.0,951.0,1043.0,928.25,4775.0,217.22000122070312,27.889999389648438,8262.7998046875,5283.39990234375
2024-06-04,2328.75,29.74,1030.0,912.0,1025.75,938.5,4775.0,215.27000427246094,27.020000457763672,8232.0,5291.33984375
2024-06-05,2333.4,29.55,1009.0,918.0,1001.0,938.25,4768.75,217.82000732421875,27.399999618530273,8247.0,5354.02978515625
2024-06-06,2332.5,29.6,991.0,930.0,1009.25,950.0,4750.0,219.42999267578125,28.530000686645508,8285.2998046875,5352.9599609375
2024-06-07,2361.0,30.3,1002.0,940.0,1007.25,939.0,4750.0,211.60000610351562,26.670000076293945,8245.400390625,5346.990234375
2024-06-10,2335.9,30.41,970.0,922.0,980.0,925.0,4750.0,213.5399932861328,27.1200008392334,8228.5,5360.7900390625
2024-06-11,2296.6,29.71,969.0,920.0,971.5,909.25,4750.0,214.14999389648438,26.709999084472656,8147.7998046875,5375.31982421875
2024-06-12,2307.7,29.22,960.0,894.0,968.5,910.75,4750.0,214.72000122070312,27.030000686645508,8215.5,5421.02978515625
2024-06-13,2316.3,29.38,953.0,891.0,964.25,913.5,4750.0,212.97000122070312,26.43000030517578,8163.7001953125,5433.740234375
2024-06-14,2317.18,29.37,950.0,900.0,962.0,903.25,4750.0,215.72999572753906,27.010000228881836,8146.89990234375,5431.60009765625
2024-06-17,2328.8,29.21,954.0,899.0,966.5,905.0,4750.0,214.61000061035156,26.920000076293945,8142.2001953125,5473.22998046875
2024-06-18,2321.6,29.25,952.0,899.0,981.5,900.25,4743.75,215.47000122070312,26.959999084472656,8191.2998046875,5487.02978515625
2024-06-19,2309.8,29.16,972.0,883.0,988.5,911.0,4725.0,215.47000122070312,26.959999084472656,8205.099609375,5487.02978515625
2024-06-20,2328.7,29.54,984.0,910.0,985.75,921.25,4725.0,218.16000366210938,28.0,8272.5,5473.169921875
2024-06-21,2336.8,30.25,991.0,915.0,991.5,958.25,4725.0,214.77999877929688,26.979999542236328,8237.7001953125,5464.6201171875
2024-06-24,2327.6,30.4,992.0,994.0,1008.5,1003.5,4725.0,215.6300048828125,27.0,8281.599609375,5447.8701171875
2024-06-25,2332.78,29.6,1003.0,990.0,1005.5,991.5,4725.0,214.55999755859375,26.399999618530273,8247.7998046875,5469.2998046875
2024-06-26,2316.8,29.64,1004.0,1013.0,1001.5,958.25,4725.0,212.5800018310547,26.309999465942383,8225.2998046875,5477.89990234375
2024-06-27,2307.8,28.88,998.0,957.0,1014.5,940.5,4725.0,214.99000549316406,26.450000762939453,8179.7001953125,5482.8701171875
2024-06-28,2314.3,28.92,1004.0,924.0,1010.5,967.0,4725.0,215.00999450683594,26.56999969482422,8164.10009765625,5460.47998046875
2024-07-01,2334.5,29.33,1013.0,967.0,1000.0,1000.0,4725.0,215.57000732421875,26.850000381469727,8166.7998046875,5475.08984375
2024-07-02,2328.7,29.2,989.0,997.0,991.5,1003.5,4725.0,215.55999755859375,26.969999313354492,8121.2001953125,5509.009765625
2024-07-03,2324.4,29.32,989.0,995.0,1010.5,1037.0,4725.0,217.99000549316406,27.84000015258789,8171.10009765625,5537.02001953125
2024-07-04,2346.5,30.15,999.0,1044.0,1017.75,1038.0,4725.0,217.99000549316406,27.84000015258789,8241.2998046875,5537.02001953125
2024-07-05,2364.3,30.41,1015.0,1035.0,1021.0,1038.5,4725.0,220.92999267578125,28.479999542236328,8203.900390625,5567.18994140625
2024-07-08,2363.9,30.58,1009.0,1042.0,1024.75,1023.5,4725.0,218.19000244140625,28.1299991607666,8193.5,5572.85009765625
2024-07-09,2372.6,31.08,1003.0,1020.0,1013.25,1025.5,4725.0,218.55999755859375,28.1200008392334,8139.7998046875,5576.97998046875
2024-07-10,2363.2,31.12,992.75,1026.0,997.75,996.0,4725.0,219.36000061035156,28.15999984741211,8193.5,5633.91015625
2024-07-11,2383.0,30.97,996.0,998.0,1006.0,1003.0,4725.0,223.25,28.68000030517578,8223.2998046875,5584.5400390625
2024-07-12,2405.0,31.02,992.0,998.0,1007.5,990.25,4725.0,223.11000061035156,28.1200008392334,8252.900390625,5615.35009765625
2024-07-15,2409.2,30.73,995.0,976.0,1002.0,972.0,4725.0,223.8300018310547,28.030000686645508,8183.0,5631.22021484375
2024-07-16,2412.6,30.75,1002.0,966.0,1002.75,964.0,4725.0,228.2899932861328,28.610000610351562,8164.89990234375,5667.2001953125
2024-07-17,2439.9,30.91,997.0,946.0,1015.75,982.5,4725.0,227.22999572753906,27.670000076293945,8187.5,5588.27001953125
2024-07-18,2465.3,31.01,1026.0,984.0,1010.0,972.0,4725.0,225.77999877929688,27.200000762939453,8204.900390625,5544.58984375
2024-07-19,2415.78,30.43,1001.0,954.0,973.25,941.5,4725.0,221.72999572753906,26.690000534057617,8155.7001953125,5505.0
2024-07-22,2413.3,29.23,964.0,923.0,967.0,929.0,4725.0,221.8000030517578,26.6299991607666,8198.7998046875,5564.41015625
2024-07-23,2405.1,29.12,959.0,908.0,957.25,919.0,4725.0,222.5800018310547,26.68000030517578,8167.39990234375,5555.740234375
2024-07-24,2407.6,29.07,959.0,912.0,960.0,944.75,4725.0,221.8000030517578,26.43000030517578,8153.7001953125,5427.1298828125
2024-07-25,2369.8,29.29,964.0,932.0,948.25,927.5,4725.0,218.3300018310547,25.40999984741211,8186.39990234375,5399.22021484375
2024-07-26,2373.5,27.86,938.0,901.0,943.0,918.25,4725.0,220.6300048828125,25.479999542236328,8285.7001953125,5459.10009765625
2024-07-29,2373.2,27.82,937.0,911.0,952.5,920.5,4725.0,220.32000732421875,25.440000534057617,8292.400390625,5463.5400390625
2024-07-30,2393.4,28.16,951.0,912.0,960.25,912.75,4725.0,222.52000427246094,25.829999923706055,8274.400390625,5436.43994140625
2024-07-31,2389.0,27.83,957.0,907.0,978.5,926.25,4725.0,226.5500030517578,26.389999389648438,8368.0,5522.2998046875
2024-08-01,2418.8,28.58,968.0,918.0,981.5,938.75,4718.75,225.77000427246094,26.030000686645508,8283.400390625,5446.68017578125
2024-08-02,2435.0,28.9,969.0,935.0,977.25,921.0,4700.0,225.33999633789062,26.040000915527344,8174.7001953125,5346.56005859375
2024-08-05,2420.2,28.91,973.0,921.0,943.0,883.25,4700.0,222.47999572753906,24.860000610351562,8008.2001953125,5186.330078125
2024-08-06,2412.4,27.37,922.0,860.0,928.0,869.75,4700.0,220.6999969482422,24.639999389648438,8026.7001953125,5240.02978515625
2024-08-07,2392.78,27.08,915.0,840.0,926.75,898.5,4700.0,220.5500030517578,24.329999923706055,8166.89990234375,5199.5
2024-08-08,2396.3,27.07,923.0,884.0,934.0,910.75,4700.0,224.00999450683594,25.010000228881836,8145.0,5319.31005859375
2024-08-09,2400.3,26.94,925.0,894.0,941.25,934.75,4700.0,224.55999755859375,25.0,8168.10009765625,5344.16015625
2024-08-12,2424.6,27.51,932.0,937.0,942.25,934.5,4700.0,228.41000366210938,25.489999771118164,8210.2998046875,5344.39013671875
2024-08-13,2459.2,27.94,940.0,924.0,946.25,940.25,4700.0,228.05999755859375,25.420000076293945,8235.2001953125,5434.43017578125
2024-08-14,2471.3,27.72,948.0,920.0,941.5,952.75,4693.75,226.1999969482422,25.1299991607666,8281.099609375,5455.2099609375
2024-08-15,2471.7,27.91,946.0,950.0,942.25,945.75,4675.0,226.91000366210938,25.860000610351562,8347.400390625,5543.22021484375
2024-08-16,2462.1,28.12,941.0,940.0,960.5,953.0,4675.0,231.99000549316406,26.43000030517578,8311.400390625,5554.25
2024-08-19,2466.3,28.2,954.0,950.0,960.25,948.0,4675.0,231.61000061035156,26.829999923706055,8356.900390625,5608.25
2024-08-20,2495.3,28.97,953.0,945.0,967.25,945.25,4675.0,232.4600067138672,26.8700008392334,8273.2998046875,5597.1201171875
2024-08-21,2508.5,29.63,966.0,937.0,962.75,946.25,4675.0,232.14999389648438,26.950000762939453,8283.400390625,5620.85009765625
2024-08-22,2503.4,29.49,962.0,955.0,971.0,962.75,4675.0,229.3699951171875,26.389999389648438,8288.0,5570.64013671875
2024-08-23,2499.2,29.46,954.5,935.0,956.75,947.25,4675.0,232.02000427246094,27.200000762939453,8327.7998046875,5634.60986328125
2024-08-26,2524.43,30.14,973.0,966.0,972.6667,971.6667,4675.0,232.75999450683594,27.31999969482422,8327.7998046875,5616.83984375
2024-08-27,2510.68,29.93,962.5,982.5,965.75,975.25,4675.0,233.38999938964844,27.360000610351562,8345.5,5625.7998046875
2024-08-28,2508.0,29.53,945.5,967.5,956.25,973.0,4668.75,231.75,26.690000534057617,8343.900390625,5592.18017578125
2024-08-29,2517.1,29.48,941.5,951.5,948.0,966.25,4650.0,232.9499969482422,26.809999465942383,8379.599609375,5591.9599609375
2024-08-30,2522.85,29.51,946.0,992.0,951.25,992.5,4650.0,231.2899932861328,26.350000381469727,8376.599609375,5648.39990234375
2024-09-02,2506.23,28.64,931.5,975.0,938.0,984.25,4650.0,231.2899932861328,26.350000381469727,8363.7998046875,5648.39990234375
2024-09-03,2504.57,28.47,924.5,973.0,928.25,979.25,4650.0,230.2899932861328,25.579999923706055,8298.5,5528.93017578125
2024-09-04,2472.15,27.8,902.5,937.0,912.25,948.75,4650.0,230.42999267578125,25.68000030517578,8269.599609375,5520.06982421875
2024-09-05,2515.38,28.72,927.25,947.5,926.25,952.25,4650.0,232.35000610351562,26.229999542236328,8241.7001953125,5503.41015625
2024-09-06,2517.82,28.76,929.5,941.0,938.5,954.5,4650.0,230.6300048828125,25.479999542236328,8181.5,5408.419921875
2024-09-09,2492.07,28.11,939.0,925.0,939.75,936.25,4650.0,231.60000610351562,25.850000381469727,8270.7998046875,5471.0498046875
2024-09-10,2501.93,28.32,944.0,957.0,951.0,966.5,4650.0,232.6199951171875,25.940000534057617,8206.0,5495.52001953125
2024-09-11,2524.48,28.81,943.5,974.0,950.5,990.75,4650.0,232.25,26.1200008392334,8193.900390625,5554.1298828125
2024-09-12,2518.18,28.81,958.5,1019.0,968.75,1038.5,4650.0,236.3300018310547,27.270000457763672,8241.0,5595.759765625
2024-09-13,2569.75,30.16,988.5,1049.0,996.25,1063.75,4650.0,238.67999267578125,28.020000457763672,8273.099609375,5626.02001953125
2024-09-16,2586.68,30.93,995.5,1076.5,1003.0,1083.75,4650.0,238.66000366210938,28.06999969482422,8278.400390625,5633.08984375
2024-09-17,2579.6,30.79,985.5,1090.5,994.25,1098.25,4650.0,237.33999633789062,27.959999084472656,8309.900390625,5634.580078125
2024-09-18,2570.32,30.63,983.0,1115.5,986.5,1113.5,4650.0,235.50999450683594,27.239999771118164,8253.7001953125,5618.259765625
2024-09-19,2585.32,31.14,993.0,1090.5,990.5,1086.5,4650.0,239.1699981689453,28.09000015258789,8328.7001953125,5713.64013671875
2024-09-20,2610.45,31.29,990.5,1081.0,993.75,1088.5,4650.0,242.2100067138672,28.40999984741211,8230.0,5702.5498046875
2024-09-23,2617.32,30.48,958.5,1047.0,973.5,1060.75,4650.0,242.67999267578125,27.979999542236328,8259.7001953125,5718.56982421875
2024-09-24,2628.35,30.92,973.0,1069.0,975.5,1063.75,4650.0,246.07000732421875,29.3799991607666,8282.7998046875,5732.93017578125
2024-09-25,2655.0,31.85,986.75,1045.5,993.75,1059.0,4650.0,245.72999572753906,29.059999465942383,8268.7001953125,5722.259765625
2024-09-26,2668.3,32.23,1012.0,1068.0,1011.25,1067.25,4650.0,246.97999572753906,29.260000228881836,8284.900390625,5745.3701171875
2024-09-27,2662.88,31.8,1009.5,1039.0,1016.25,1045.75,4650.0,245.02000427246094,28.860000610351562,8320.7998046875,5738.169921875
2024-09-30,2652.98,31.51,993.25,1016.0,1005.0,1026.25,4650.0,243.05999755859375,28.40999984741211,8237.0,5762.47998046875
2024-10-01,2646.57,31.39,987.0,1003.5,997.5,1011.0,4650.0,245.61000061035156,28.579999923706055,8276.7001953125,5708.75
2024-10-02,2652.75,31.45,996.5,1014.5,1005.75,1020.25,4650.0,245.66000366210938,29.0,8290.900390625,5709.5400390625
2024-10-03,2644.73,31.49,993.5,1000.5,1005.25,1012.5,4650.0,245.49000549316406,29.229999542236328,8282.5,5699.93994140625
2024-10-04,2658.93,32.0,1004.5,1010.5,1008.5,1021.5,4650.0,245.0,29.360000610351562,8280.599609375,5751.06982421875
2024-10-07,2652.15,31.92,989.25,1027.0,993.25,1027.75,4650.0,244.1699981689453,28.93000030517578,8303.599609375,5695.93994140625
2024-10-08,2637.98,31.21,966.5,1007.0,975.75,1022.0,4650.0,242.3699951171875,28.010000228881836,8190.60009765625,5751.1298828125
2024-10-09,2616.43,30.67,955.0,1021.0,961.5,1030.0,4650.0,241.0500030517578,27.860000610351562,8243.7001953125,5792.0400390625
2024-10-10,2614.02,30.52,956.5,1047.0,966.75,1060.75,4650.0,242.82000732421875,28.3799991607666,8237.7001953125,5780.0498046875
2024-10-11,2639.52,31.13,977.5,1080.0,986.0,1086.0,4650.0,245.47000122070312,28.799999237060547,8253.7001953125,5815.02978515625
2024-10-14,2660.02,31.46,987.5,1063.0,989.25,1063.5,4650.0,245.07000732421875,28.540000915527344,8292.7001953125,5859.85009765625
2024-10-15,2653.65,31.19,986.5,1020.5,996.0,1029.25,4650.0,245.9199981689453,28.709999084472656,8249.2998046875,5815.259765625
2024-10-16,2679.85,31.85,999.5,1023.5,1004.25,1027.5,4650.0,247.14999389648438,28.90999984741211,8329.099609375,5842.47021484375
2024-10-17,2681.85,31.63,1001.0,1027.0,1012.25,1039.75,4650.0,248.6300048828125,28.889999389648438,8385.099609375,5841.47021484375
2024-10-18,2706.9,32.06,1012.0,1065.5,1010.75,1066.25,4650.0,251.27000427246094,30.639999389648438,8358.2998046875,5864.669921875
2024-10-21,2731.7,34.03,1021.75,1079.5,1026.0,1090.25,4650.0,251.22000122070312,30.850000381469727,8318.2001953125,5853.97998046875
2024-10-22,2733.9,34.23,1024.5,1073.5,1022.25,1079.25,4650.0,253.92999267578125,31.739999771118164,8306.5,5851.2001953125
2024-10-23,2757.25,34.67,1037.5,1076.0,1041.0,1084.75,4650.0,250.8699951171875,30.709999084472656,8258.599609375,5797.419921875
2024-10-24,2736.63,34.23,1040.5,1142.5,1038.5,1124.5,4650.0,252.8000030517578,30.690000534057617,8269.400390625,5809.85986328125
2024-10-25,2719.2,33.23,1006.5,1133.25,1025.5,1164.25,4650.0,253.32000732421875,30.6299991607666,8248.7998046875,5808.1201171875
2024-10-28,2728.88,33.32,1021.5,1209.0,1032.0,1215.25,4650.0,253.3300018310547,30.729999542236328,8285.599609375,5823.52001953125
2024-10-29,2752.75,34.13,1053.0,1239.5,1051.0,1241.5,4650.0,256.0899963378906,31.389999389648438,8219.599609375,5832.919921875
2024-10-30,2784.35,34.24,1037.5,1180.0,1046.0,1195.75,4650.0,257.5,30.809999465942383,8159.60009765625,5813.669921875
2024-10-31,2777.77,33.59,1008.0,1138.0,1015.75,1151.5,4650.0,253.50999450683594,29.809999465942383,8110.10009765625,5705.4501953125
2024-11-01,2750.48,32.85,995.5,1122.0,1004.0,1131.25,4650.0,252.47000122070312,29.540000915527344,8177.2001953125,5728.7998046875
2024-11-04,2743.48,32.84,1002.5,1110.5,1005.75,1116.0,4643.75,252.8300018310547,29.6299991607666,8184.2001953125,5712.68994140625
2024-11-05,2740.13,32.64,997.5,1088.5,999.5,1092.25,4625.0,253.39999389648438,29.75,8172.39990234375,5782.759765625
2024-11-06,2724.55,32.3,992.25,1061.0,994.5,1067.0,4625.0,245.6999969482422,28.43000030517578,8166.7001953125,5929.0400390625
2024-11-07,2661.25,31.12,982.0,1037.5,991.5,1041.5,4625.0,249.64999389648438,29.110000610351562,8140.7001953125,5973.10009765625
2024-11-08,2688.9,31.5,989.5,1013.0,999.75,1027.5,4625.0,247.9600067138672,28.479999542236328,8072.39990234375,5995.5400390625
2024-11-11,2666.55,31.36,979.5,992.0,986.5,1007.5,4625.0,242.13999938964844,27.969999313354492,8125.2001953125,6001.35009765625
2024-11-12,2592.18,30.26,951.5,965.0,965.75,981.0,4625.0,240.0500030517578,28.06999969482422,8025.7998046875,5983.990234375
2024-11-13,2607.7,30.98,951.25,953.0,956.0,958.75,4618.75,237.6300048828125,27.610000610351562,8030.2998046875,5985.3798828125
2024-11-14,2543.75,29.82,936.5,922.0,946.75,946.75,4600.0,237.00999450683594,27.809999465942383,8071.2001953125,5949.169921875
2024-11-15,2564.23,30.32,949.5,961.0,953.75,963.0,4600.0,236.58999633789062,27.56999969482422,8063.60009765625,5870.6201171875
2024-11-18,2595.55,30.75,957.5,974.5,960.5,981.5,4600.0,241.08999633789062,28.3799991607666,8109.2998046875,5893.6201171875
2024-11-19,2629.75,31.39,966.5,1007.5,975.5,1020.75,4600.0,243.25,28.5,8099.0,5916.97998046875
2024-11-20,2620.63,30.86,965.5,1027.0,977.0,1041.0,4600.0,244.6199951171875,28.100000381469727,8085.10009765625,5917.10986328125
2024-11-21,2668.68,31.14,961.5,1027.0,970.0,1040.75,4600.0,246.66000366210938,28.040000915527344,8149.2998046875,5948.7099609375
2024-11-22,2702.95,31.23,963.5,1025.5,970.0,1037.0,4600.0,249.83999633789062,28.469999313354492,8262.099609375,5969.33984375
2024-11-25,2673.4,30.78,954.0,1003.0,963.75,1014.5,4593.75,242.47999572753906,27.6299991607666,8291.7001953125,5987.3701171875
2024-11-26,2626.82,30.48,934.5,984.5,941.75,987.5,4575.0,242.9499969482422,27.799999237060547,8258.599609375,6021.6298828125
2024-11-27,2648.0,30.51,933.0,990.5,937.25,992.5,4575.0,243.49000549316406,27.450000762939453,8274.7998046875,5998.740234375
2024-11-28,2645.95,30.0,938.5,986.0,941.5,992.25,4575.0,243.49000549316406,27.450000762939453,8281.2001953125,5998.740234375
2024-11-29,2664.13,30.73,947.5,988.0,948.5,994.0,4568.75,245.58999633789062,27.920000076293945,8287.2998046875,6032.3798828125
2024-12-02,2633.95,30.22,943.5,973.0,952.5,987.75,4550.0,243.44000244140625,27.790000915527344,8312.900390625,6047.14990234375
2024-12-03,2643.05,31.02,954.5,997.0,958.75,996.75,4550.0,243.92999267578125,28.280000686645508,8359.400390625,6049.8798828125
2024-12-04,2640.0,30.86,943.0,971.0,954.0,981.0,4550.0,244.6699981689453,28.530000686645508,8335.7998046875,6086.490234375
2024-12-05,2644.7,31.31,950.5,990.0,950.75,985.5,4550.0,242.86000061035156,28.559999465942383,8349.400390625,6075.10986328125
2024-12-06,2638.8,31.32,936.5,977.0,944.0,979.0,4550.0,242.9499969482422,28.25,8308.599609375,6090.27001953125
2024-12-09,2655.65,31.45,953.25,987.0,947.0,982.5,4550.0,245.36000061035156,28.979999542236328,8352.099609375,6052.85009765625
2024-12-10,2665.07,31.81,942.0,979.5,947.0,982.75,4531.25,248.58999633789062,28.989999771118164,8280.400390625,6034.91015625
2024-12-11,2695.63,31.88,939.0,970.0,944.75,977.5,4468.75,250.9600067138672,29.040000915527344,8301.599609375,6084.18994140625
2024-12-12,2712.98,32.28,948.5,991.0,953.75,998.25,4450.0,247.27999877929688,28.200000762939453,8311.7998046875,6051.25
2024-12-13,2668.9,30.72,931.5,963.0,937.25,976.5,4450.0,244.2899932861328,27.75,8300.2998046875,6051.08984375
2024-12-16,2659.73,30.66,930.5,955.0,936.0,968.25,4450.0,244.8800048828125,27.799999237060547,8262.099609375,6074.080078125
2024-12-17,2637.8,30.27,926.5,935.0,942.5,953.25,4450.0,243.94000244140625,27.809999465942383,8195.2001953125,6050.60986328125
2024-12-18,2646.35,30.41,935.25,935.0,945.75,947.0,4450.0,239.25999450683594,26.850000381469727,8199.099609375,5872.16015625
2024-12-19,2621.15,29.55,928.0,917.5,936.0,926.0,4450.0,239.60000610351562,26.520000457763672,8105.2998046875,5867.080078125
2024-12-20,2604.85,28.87,927.5,913.0,930.5,920.25,4450.0,242.10000610351562,26.920000076293945,8084.60009765625,5930.85009765625
2024-12-23,2622.85,29.73,942.0,927.5,943.75,931.5,4450.0,240.9600067138672,26.989999771118164,8102.7001953125,5974.06982421875
2024-12-24,2613.9,29.63,944.5,955.0,948.75,953.25,4450.0,241.44000244140625,27.020000457763672,8137.0,6040.0400390625
2024-12-25,2613.9,29.63,944.5,955.0,948.75,953.25,4450.0,241.44000244140625,27.020000457763672,8137.0,6040.0400390625
2024-12-26,2624.48,29.6,941.5,946.5,945.0,938.0,4450.0,243.07000732421875,27.139999389648438,8137.0,6037.58984375
2024-12-27,2619.98,29.61,936.5,921.0,945.75,934.75,4437.5,241.39999389648438,26.760000228881836,8149.7998046875,5970.83984375
2024-12-30,2610.5,29.41,922.5,915.5,930.0,922.0,4400.0,240.6300048828125,26.43000030517578,8121.0,5906.93994140625
2024-12-31,2614.3,29.02,907.0,907.5,918.75,919.0,4400.0,242.1300048828125,26.329999923706055,8173.0,5881.6298828125
2025-01-01,2614.3,29.02,907.0,907.5,918.75,919.0,4400.0,242.1300048828125,26.329999923706055,8173.0,5881.6298828125
2025-01-02,2636.52,29.3,918.5,911.0,925.0,929.0,4393.75,245.4199981689453,26.93000030517578,8260.099609375,5868.5498046875
2025-01-03,2654.25,29.73,936.0,928.0,940.0,931.25,4375.0,243.49000549316406,26.979999542236328,8224.0,5942.47021484375
2025-01-06,2633.9,29.81,950.5,926.5,946.5,933.25,4375.0,243.19000244140625,27.239999771118164,8249.7001953125,5975.3798828125
2025-01-07,2642.7,30.26,952.0,931.0,952.5,938.0,4375.0,244.55999755859375,27.329999923706055,8245.2998046875,5909.02978515625
2025-01-08,2653.27,30.2,959.5,940.0,959.75,936.0,4375.0,245.86000061035156,27.399999618530273,8251.0,5918.25
2025-01-09,2663.02,30.27,959.0,932.0,962.0,936.0,4375.0,245.86000061035156,27.399999618530273,8319.7001953125,5918.25
2025-01-10,2680.45,30.26,964.5,951.5,971.0,951.75,4375.0,248.2100067138672,27.610000610351562,8248.5,5827.0400390625
2025-01-13,2676.27,29.92,949.25,935.0,973.0,959.25,4368.75,245.74000549316406,26.959999084472656,8224.2001953125,5836.22021484375
2025-01-14,2663.65,29.66,952.5,950.5,965.0,953.5,4350.0,247.02999877929688,27.200000762939453,8201.5,5842.91015625
2025-01-15,2691.75,30.18,944.25,955.5,950.5,960.5,4350.0,248.8800048828125,27.959999084472656,8301.099609375,5949.91015625
2025-01-16,2705.6,30.89,949.0,963.5,953.5,969.0,4350.0,250.60000610351562,28.040000915527344,8391.900390625,5937.33984375
2025-01-17,2699.38,30.44,942.0,938.0,948.5,954.75,4350.0,249.27000427246094,27.610000610351562,8505.2001953125,5996.66015625
2025-01-20,2705.35,30.32,943.0,947.0,954.75,961.75,4350.0,249.27000427246094,27.610000610351562,8520.5,5996.66015625
2025-01-21,2711.5,30.34,938.0,937.5,952.75,955.5,4350.0,253.1300048828125,28.040000915527344,8548.2998046875,6049.240234375
2025-01-22,2756.9,30.89,948.75,965.5,956.75,975.75,4350.0,254.42999267578125,28.049999237060547,8545.099609375,6086.3701171875
2025-01-23,2744.38,30.52,942.25,991.0,954.75,994.75,4350.0,254.07000732421875,27.770000457763672,8565.2001953125,6118.7099609375
2025-01-24,2770.52,30.87,957.5,1003.0,961.75,1011.5,4350.0,255.64999389648438,27.90999984741211,8502.400390625,6101.240234375
2025-01-27,2764.82,30.41,942.5,970.0,953.5,984.5,4350.0,252.99000549316406,27.459999084472656,8503.7001953125,6012.27978515625
2025-01-28,2743.43,30.14,949.0,965.0,954.0,974.5,4350.0,255.17999267578125,27.6299991607666,8533.900390625,6067.7001953125
2025-01-29,2762.65,30.43,944.5,957.5,956.0,967.0,4350.0,254.1999969482422,28.0,8557.7998046875,6039.31005859375
2025-01-30,2776.3,31.24,966.0,986.0,968.0,990.5,4350.0,258.04998779296875,28.719999313354492,8646.900390625,6071.169921875
2025-01-31,2794.57,31.37,978.5,1000.0,983.0,1003.5,4350.0,258.55999755859375,28.510000228881836,8674.0,6040.52978515625
2025-02-03,2797.68,31.13,951.0,1001.0,978.5,1018.0,4325.0,259.94000244140625,28.670000076293945,8583.599609375,5994.56982421875
2025-02-04,2814.3,31.43,964.5,1007.0,979.5,1024.5,4300.0,262.5,29.219999313354492,8570.7998046875,6037.8798828125
2025-02-05,2866.6,32.45,978.5,1001.0,985.0,1008.75,4300.0,264.1300048828125,29.350000381469727,8623.2998046875,6061.47998046875
2025-02-06,2863.38,32.02,981.0,987.5,996.75,1004.75,4300.0,263.42999267578125,29.3799991607666,8727.2998046875,6083.56982421875
2025-02-07,2868.48,32.3,1000.0,990.0,1001.75,991.25,4300.0,263.8999938964844,29.030000686645508,8700.5,6025.990234375
2025-02-10,2902.82,32.36,994.5,978.0,995.0,985.75,4300.0,268.3699951171875,29.200000762939453,8767.7998046875,6066.43994140625
2025-02-11,2903.95,31.76,983.75,967.5,995.5,992.25,4300.0,267.3900146484375,29.0,8777.400390625,6068.5
2025-02-12,2884.35,31.65,980.5,976.0,996.75,988.75,4300.0,267.6700134277344,29.34000015258789,8807.400390625,6051.97021484375
2025-02-13,2913.0,32.3,1003.5,990.5,1005.0,991.75,4300.0,270.30999755859375,29.459999084472656,8764.7001953125,6115.06982421875
2025-02-14,2930.9,33.28,1005.5,1007.0,1009.0,1007.0,4287.5,266.2900085449219,29.309999465942383,8732.5,6114.6298828125
2025-02-17,2902.13,32.51,988.5,987.0,995.75,991.25,4250.0,266.2900085449219,29.309999465942383,8768.0,6114.6298828125
2025-02-18,2911.65,32.47,991.5,986.5,994.0,991.5,4250.0,270.70001220703125,29.90999984741211,8766.7001953125,6129.580078125
2025-02-19,2943.65,32.93,989.5,990.5,990.0,994.75,4250.0,270.8500061035156,29.809999465942383,8712.5,6144.14990234375
2025-02-20,2951.93,33.24,984.25,986.0,985.5,991.25,4250.0,270.989990234375,29.950000762939453,8663.0,6117.52001953125
2025-02-21,2927.73,32.87,971.5,971.5,983.75,986.75,4250.0,270.739990234375,29.59000015258789,8659.400390625,6013.1298828125
2025-02-24,2945.57,32.53,965.5,955.5,980.75,975.75,4250.0,272.2099914550781,29.440000534057617,8659.0,5983.25
2025-02-25,2937.02,32.22,969.5,939.0,975.75,953.0,4250.0,268.6199951171875,28.829999923706055,8668.7001953125,5955.25
2025-02-26,2912.73,31.77,987.0,940.5,980.25,947.75,4250.0,269.0299987792969,28.940000534057617,8731.5,5956.06005859375
2025-02-27,2886.57,31.79,971.5,929.5,975.5,938.5,4250.0,264.92999267578125,28.399999618530273,8756.2001953125,5861.56982421875
2025-02-28,2861.6,31.14,948.5,919.0,960.5,932.75,4250.0,263.2699890136719,28.309999465942383,8809.7001953125,5954.5
2025-03-03,2867.32,31.47,957.5,944.0,963.0,946.5,4250.0,266.739990234375,28.75,8871.2998046875,5849.72021484375
2025-03-04,2917.25,31.95,954.0,939.0,968.0,951.25,4250.0,269.05999755859375,29.0,8759.0,5778.14990234375
2025-03-05,2919.23,32.37,974.5,959.0,976.25,960.5,4250.0,269.6199951171875,29.770000457763672,8755.7998046875,5842.6298828125
2025-03-06,2892.5,32.3,961.5,934.5,978.5,956.0,4250.0,268.25,29.690000534057617,8682.7998046875,5738.52001953125
2025-03-07,2921.75,32.65,973.5,953.0,980.75,960.0,4250.0,268.3900146484375,29.59000015258789,8679.900390625,5770.2001953125
2025-03-10,2908.45,32.62,979.5,956.5,977.75,960.75,4250.0,266.0400085449219,29.110000610351562,8600.2001953125,5614.56005859375
2025-03-11,2912.3,32.58,973.75,955.0,976.5,956.0,4250.0,269.1600036621094,29.959999084472656,8496.0,5572.06982421875
2025-03-12,2914.13,32.95,992.5,953.5,994.0,962.5,4250.0,270.3299865722656,30.219999313354492,8541.0,5599.2998046875
2025-03-13,2948.85,33.15,974.5,953.5,989.75,965.25,4250.0,275.1300048828125,30.739999771118164,8542.599609375,5521.52001953125
2025-03-14,2998.0,34.05,996.0,967.0,1006.5,980.0,4250.0,275.239990234375,30.709999084472656,8632.2998046875,5638.93994140625
2025-03-17,2996.0,33.79,998.5,974.5,1007.0,980.25,4250.0,276.7300109863281,30.809999465942383,8680.2998046875,5675.1201171875
2025-03-18,3021.15,34.13,1010.0,985.0,1015.25,983.75,4250.0,279.9599914550781,30.850000381469727,8705.2001953125,5614.66015625
2025-03-19,3031.25,33.74,990.5,960.5,1004.25,977.0,4250.0,281.1099853515625,30.75,8706.7001953125,5675.2900390625
2025-03-20,3037.88,33.44,991.5,953.0,1004.0,968.25,4250.0,280.75,30.5,8702.0,5662.89013671875
2025-03-21,3028.7,33.02,980.5,948.5,991.75,963.75,4250.0,278.489990234375,30.020000457763672,8646.7998046875,5667.56005859375
2025-03-24,3024.9,33.07,978.5,969.0,987.5,973.5,4250.0,277.25,29.959999084472656,8638.0,5767.56982421875
2025-03-25,3023.25,33.27,982.5,962.5,988.25,969.5,4250.0,278.4700012207031,30.579999923706055,8663.7998046875,5776.64990234375
2025-03-26,3019.43,33.71,977.0,958.5,987.75,970.25,4250.0,278.239990234375,30.530000686645508,8689.599609375,5712.2001953125
2025-03-27,3045.52,33.89,979.5,978.5,984.5,979.75,4250.0,281.9700012207031,31.31999969482422,8666.099609375,5693.31005859375
2025-03-28,3069.1,34.4,987.5,986.5,996.5,992.25,4250.0,284.05999755859375,31.0,8658.900390625,5580.93994140625
2025-03-31,3121.27,34.27,1005.25,980.5,997.25,991.0,4250.0,288.1400146484375,30.989999771118164,8582.7998046875,5611.85009765625
2025-04-01,3126.35,34.09,988.25,991.0,1002.25,1002.5,4250.0,287.57000732421875,30.6299991607666,8634.7998046875,5633.06982421875
2025-04-02,3133.5,34.03,984.5,989.0,993.5,997.5,4250.0,288.1600036621094,30.760000228881836,8608.5,5670.97021484375
2025-04-03,3128.05,32.98,974.25,958.0,981.75,970.75,4250.0,286.4200134277344,28.889999389648438,8474.7001953125,5396.52001953125
2025-04-04,3084.45,31.37,943.5,925.0,946.5,933.0,4250.0,279.7200012207031,27.079999923706055,8055.0,5074.080078125
2025-04-07,3027.23,30.35,920.25,932.5,927.25,926.0,4250.0,273.7099914550781,27.139999389648438,7702.10009765625,5062.25
2025-04-08,3008.35,30.29,920.0,920.0,935.0,932.75,4250.0,275.20001220703125,27.139999389648438,7910.5,4982.77001953125
2025-04-09,3046.6,30.45,928.0,915.0,934.75,924.5,4250.0,285.3800048828125,28.059999465942383,7679.5,5456.89990234375
2025-04-10,3108.35,30.89,933.5,917.0,946.25,933.5,4250.0,292.3500061035156,28.280000686645508,7913.2998046875,5268.0498046875
2025-04-11,3215.13,31.35,946.5,926.5,951.25,931.0,4250.0,297.92999267578125,29.190000534057617,7964.2001953125,5363.35986328125
2025-04-14,3226.25,32.32,957.25,937.0,959.25,945.5,4250.0,296.2300109863281,29.3799991607666,8134.2998046875,5405.97021484375
2025-04-15,3228.2,32.33,959.0,953.0,965.75,968.5,4250.0,297.7799987792969,29.40999984741211,8249.099609375,5396.6298828125
2025-04-16,3305.18,32.94,962.5,974.0,970.75,982.75,4250.0,307.4700012207031,29.760000228881836,8275.599609375,5275.7001953125
2025-04-17,3323.5,32.47,962.5,953.0,973.75,968.25,4250.0,306.1199951171875,29.549999237060547,8275.7001953125,5282.7001953125
2025-04-21,3389.55,32.83,975.5,963.5,975.0,956.0,4250.0,315.5899963378906,29.790000915527344,8275.7001953125,5158.2001953125
2025-04-22,3449.65,32.39,973.5,946.5,978.5,955.25,4237.5,311.1099853515625,29.5,8328.599609375,5287.759765625
2025-04-23,3323.02,32.92,975.25,946.0,971.75,948.25,4200.0,303.6499938964844,30.559999465942383,8403.2001953125,5375.85986328125
2025-04-24,3340.57,33.37,979.5,945.0,984.75,956.25,4200.0,308.07000732421875,30.559999465942383,8407.400390625,5484.77001953125
2025-04-25,3303.6,33.41,968.5,941.5,978.0,953.25,4200.0,304.7300109863281,30.049999237060547,8415.2998046875,5525.2099609375
2025-04-28,3281.93,32.96,984.75,955.0,990.75,961.0,4200.0,309.07000732421875,30.190000534057617,8417.2998046875,5528.75
2025-04-29,3312.6,33.3,992.5,949.5,997.75,956.25,4200.0,306.05999755859375,29.829999923706055,8463.5,5560.830078125
2025-04-30,3285.35,32.4,970.5,938.5,984.5,947.5,4200.0,303.7699890136719,29.600000381469727,8494.900390625,5569.06005859375
2025-05-01,3235.77,32.31,969.5,950.5,972.0,955.0,4175.0,297.4599914550781,29.389999389648438,8496.7998046875,5604.14013671875
2025-05-02,3257.35,32.48,970.5,946.5,978.75,964.5,4150.0,297.9800109863281,29.1200008392334,8596.400390625,5686.669921875
2025-05-05,3284.75,32.45,967.0,965.0,974.0,958.0,4150.0,306.8800048828125,29.479999542236328,8596.400390625,5650.3798828125
2025-05-06,3375.25,32.99,981.75,954.0,985.25,965.5,4150.0,315.4800109863281,30.219999313354492,8597.400390625,5606.91015625
2025-05-07,3383.32,32.93,984.5,985.0,994.75,988.5,4150.0,310.75,29.489999771118164,8559.2998046875,5631.27978515625
2025-05-08,3338.38,32.35,977.5,962.5,990.0,981.75,4150.0,304.6300048828125,29.459999084472656,8531.599609375,5663.93994140625
2025-05-09,3325.95,32.59,992.25,983.5,995.75,993.5,4150.0,306.8399963378906,29.799999237060547,8554.7998046875,5659.91015625
2025-05-12,3230.4,32.3,982.5,971.0,999.25,985.0,4150.0,298.19000244140625,29.6299991607666,8605.0,5844.18994140625
2025-05-13,3254.9,33.18,995.5,955.0,995.5,961.75,4150.0,299.4599914550781,29.93000030517578,8602.900390625,5886.5498046875
2025-05-14,3231.88,32.83,999.0,958.0,1002.0,974.0,4150.0,293.1600036621094,29.25,8585.0,5892.580078125
2025-05-15,3163.85,31.92,981.5,951.0,990.75,967.25,4150.0,297.8399963378906,29.610000610351562,8633.7998046875,5916.93017578125
2025-05-16,3205.23,32.22,986.5,957.0,998.75,971.75,4150.0,294.239990234375,29.299999237060547,8684.599609375,5958.3798828125
2025-05-19,3245.0,32.61,998.25,971.0,1001.5,980.5,4150.0,298.0299987792969,29.420000076293945,8699.2998046875,5963.60009765625
2025-05-20,3237.52,32.42,1012.0,979.0,1019.5,993.0,4150.0,303.5799865722656,30.1299991607666,8781.099609375,5940.4599609375
2025-05-21,3307.38,33.16,1043.0,1008.0,1061.0,1027.0,4150.0,305.82000732421875,30.510000228881836,8786.5,5844.60986328125
2025-05-22,3307.2,33.32,1074.0,1015.5,1084.5,1038.0,4150.0,303.1099853515625,30.030000686645508,8739.2998046875,5842.009765625
2025-05-23,3326.2,33.27,1087.5,1013.0,1094.0,1021.75,4150.0,309.75,30.450000762939453,8718.0,5802.81982421875
2025-05-26,3334.57,33.49,1094.5,992.0,1104.0,1020.0,4150.0,309.75,30.450000762939453,8718.0,5802.81982421875
2025-05-27,3297.48,33.02,1081.5,983.5,1091.25,998.25,4150.0,304.5,30.229999542236328,8778.099609375,5921.5400390625
2025-05-28,3322.18,33.41,1099.5,984.0,1095.0,988.5,4150.0,303.80999755859375,29.979999542236328,8726.0,5888.5498046875
2025-05-29,3282.27,33.37,1083.5,976.0,1089.0,984.5,4150.0,305.6099853515625,30.299999237060547,8716.5,5912.169921875
2025-05-30,3296.2,33.23,1078.5,975.0,1085.25,985.5,4150.0,303.6000061035156,30.0,8772.400390625,5911.68994140625
2025-06-02,3352.75,33.43,1056.5,979.0,1063.25,989.5,4137.5,311.6700134277344,31.59000015258789,8774.2998046875,5935.93994140625
2025-06-03,3361.45,34.22,1058.5,994.0,1075.0,1009.25,4100.0,308.9100036621094,31.440000534057617,8787.0,5970.3701171875
2025-06-04,3362.3,34.58,1095.5,1017.5,1089.5,1018.75,4100.0,310.8999938964844,31.34000015258789,8801.2998046875,5970.81005859375
2025-06-05,3376.77,34.96,1138.0,1023.0,1119.25,1018.5,4100.0,309.3299865722656,32.45000076293945,8811.0,5939.2998046875
2025-06-06,3366.5,36.22,1168.0,1030.5,1165.25,1036.0,4100.0,305.17999267578125,32.689998626708984,8837.900390625,6000.35986328125
2025-06-09,3321.09,36.29,1208.0,1084.5,1201.0,1072.75,4100.0,306.6199951171875,33.38999938964844,8832.2998046875,6005.8798828125
2025-06-10,3329.26,36.49,1212.0,1069.0,1230.5,1087.25,4100.0,306.7099914550781,33.22999954223633,8853.099609375,6038.81005859375
2025-06-11,3344.3,36.48,1265.0,1094.0,1258.75,1084.5,4100.0,308.3699951171875,32.95000076293945,8864.400390625,6022.240234375
2025-06-12,3356.1,35.91,1268.5,1070.0,1275.0,1075.0,4100.0,312.20001220703125,33.060001373291016,8884.900390625,6045.259765625
2025-06-13,3424.75,36.34,1278.0,1069.5,1287.0,1068.25,4162.5,316.2900085449219,32.970001220703125,8850.599609375,5976.97021484375
2025-06-16,3415.86,36.42,1249.0,1055.5,1257.5,1056.25,4287.5,311.7799987792969,33.029998779296875,8875.2001953125,6033.10986328125
2025-06-17,3378.24,36.39,1250.5,1034.5,1267.0,1044.75,4325.0,311.94000244140625,33.7400016784668,8834.0,5982.72021484375
2025-06-18,3383.12,37.16,1281.5,1061.0,1288.5,1063.25,4325.0,310.260009765625,33.27000045776367,8843.5,5980.8701171875
2025-06-19,3368.96,36.39,1299.0,1042.0,1322.25,1060.75,4325.0,310.260009765625,33.27000045776367,8791.7998046875,5980.8701171875
2025-06-20,3350.47,36.01,1293.5,1062.0,1291.0,1054.5,4325.0,310.1300048828125,32.720001220703125,8774.7001953125,5967.83984375
2025-06-23,3361.6,36.19,1298.5,1078.0,1286.25,1067.0,4325.0,311.0799865722656,32.959999084472656,8758.0,6025.169921875
2025-06-24,3325.64,36.1,1316.5,1081.0,1304.0,1078.5,4325.0,306.19000244140625,32.61000061035156,8759.0,6092.18017578125
2025-06-25,3326.91,35.87,1314.0,1073.5,1326.25,1072.0,4325.0,307.1199951171875,33.0099983215332,8718.7998046875,6092.16015625
2025-06-26,3349.19,36.73,1408.0,1113.5,1389.25,1100.0,4325.0,306.7799987792969,33.34000015258789,8735.599609375,6141.02001953125
2025-06-27,3288.47,36.05,1364.25,1138.5,1391.0,1152.75,4325.0,301.2200012207031,32.619998931884766,8798.900390625,6173.06982421875
2025-06-30,3289.74,36.12,1366.5,1159.5,1367.0,1151.5,4325.0,304.8299865722656,32.810001373291016,8761.0,6204.9501953125
2025-07-01,3338.89,36.33,1336.75,1120.5,1359.5,1120.5,4325.0,307.54998779296875,32.72999954223633,8785.2998046875,6198.009765625
2025-07-02,3333.56,36.09,1361.0,1116.0,1376.0,1130.25,4325.0,309.25,33.2400016784668,8774.7001953125,6227.419921875
2025-07-03,3356.3,37.03,1410.0,1153.0,1413.0,1155.25,4325.0,307.1400146484375,33.5099983215332,8823.2001953125,6279.35009765625
2025-07-04,3343.04,36.81,1375.0,1144.0,1390.75,1143.75,4325.0,307.1400146484375,33.5099983215332,8822.900390625,6279.35009765625
2025-07-07,3308.69,36.58,1364.0,1117.5,1375.0,1126.25,4325.0,307.3699951171875,33.43000030517578,8806.5,6229.97998046875
2025-07-08,3324.46,36.73,1370.5,1124.5,1380.75,1125.5,4337.5,304.1600036621094,33.290000915527344,8854.2001953125,6225.52001953125
2025-07-09,3284.48,36.49,1351.0,1095.5,1366.25,1114.25,4381.25,305.5199890136719,33.0,8867.0,6263.259765625
2025-07-10,3329.17,36.63,1361.0,1123.0,1367.5,1126.5,4412.5,306.20001220703125,33.75,8975.7001953125,6280.4599609375
2025-07-11,3334.19,37.44,1366.0,1172.5,1374.75,1164.5,4450.0,309.1400146484375,35.029998779296875,8941.099609375,6259.75
2025-07-14,3366.55,38.96,1396.75,1240.0,1407.0,1228.75,4450.0,308.010009765625,34.630001068115234,8998.099609375,6268.56005859375
2025-07-15,3361.45,38.24,1375.5,1196.0,1389.75,1211.25,4450.0,306.7300109863281,34.2599983215332,8938.2998046875,6243.759765625
2025-07-16,3342.3,37.98,1379.0,1202.5,1395.5,1217.75,4450.0,308.260009765625,34.40999984741211,8926.599609375,6263.7001953125
2025-07-17,3328.75,37.76,1411.75,1226.0,1430.25,1247.0,4450.0,307.5899963378906,34.650001525878906,8972.599609375,6297.35986328125
2025-07-18,3348.45,38.29,1465.0,1312.5,1475.0,1309.0,4450.0,308.3900146484375,34.61000061035156,8992.099609375,6296.7900390625
2025-07-21,3365.5,38.46,1456.0,1280.0,1453.25,1278.25,4450.0,313.1300048828125,35.349998474121094,9013.0,6305.60009765625
2025-07-22,3389.35,38.85,1446.5,1262.5,1460.0,1277.25,4450.0,316.1000061035156,35.720001220703125,9023.7998046875,6309.6201171875
2025-07-23,3426.8,39.3,1449.5,1288.5,1450.5,1287.25,4450.0,312.17999267578125,35.689998626708984,9061.5,6358.91015625
2025-07-24,3369.95,39.07,1386.0,1272.0,1421.75,1280.25,4450.0,310.2699890136719,35.4900016784668,9138.400390625,6363.35009765625
2025-07-25,3364.1,39.06,1394.0,1270.0,1417.25,1249.0,4450.0,307.3999938964844,34.65999984741211,9120.2998046875,6388.64013671875
2025-07-28,3338.75,38.17,1410.75,1249.5,1420.75,1254.75,4450.0,305.4100036621094,34.63999938964844,9081.400390625,6389.77001953125
2025-07-29,3323.1,38.15,1379.0,1238.5,1405.25,1245.75,4450.0,306.25,34.65999984741211,9136.2998046875,6370.85986328125
2025-07-30,3331.85,38.07,1389.25,1262.0,1398.75,1266.5,4468.75,300.9599914550781,33.5099983215332,9136.900390625,6362.89990234375
2025-07-31,3309.1,36.89,1323.0,1223.0,1327.25,1235.75,4556.25,302.9599914550781,33.31999969482422,9132.7998046875,6339.39013671875
2025-08-01,3293.9,36.45,1276.0,1198.0,1304.25,1219.75,4650.0,309.1099853515625,33.59000015258789,9068.599609375,6238.009765625
2025-08-04,3360.85,37.35,1324.0,1213.0,1331.75,1212.5,4650.0,310.9100036621094,33.97999954223633,9128.2998046875,6329.93994140625
2025-08-05,3365.45,37.46,1317.0,1197.0,1335.25,1212.0,4650.0,311.1600036621094,34.349998474121094,9142.7001953125,6299.18994140625
2025-08-06,3365.1,37.78,1329.5,1177.5,1333.0,1175.75,4650.0,310.5,34.349998474121094,9164.2998046875,6345.06005859375
2025-08-07,3377.35,38.28,1328.5,1162.0,1345.25,1163.0,4650.0,313.1199951171875,34.7599983215332,9100.7998046875,6340.0
2025-08-08,3399.43,38.36,1329.0,1147.0,1347.0,1159.0,4662.5,313.04998779296875,34.880001068115234,9095.7001953125,6389.4501953125
2025-08-11,3362.3,37.94,1324.0,1138.5,1329.5,1139.25,4700.0,308.54998779296875,34.18000030517578,9129.7001953125,6373.4501953125
2025-08-12,3348.8,37.77,1346.5,1165.5,1341.0,1154.5,4700.0,308.2699890136719,34.40999984741211,9147.7998046875,6445.759765625
2025-08-13,3361.3,38.51,1349.25,1139.0,1350.5,1140.5,4700.0,309.2099914550781,35.0,9165.2001953125,6466.580078125
2025-08-14,3357.05,38.33,1348.0,1142.5,1353.25,1146.0,4700.0,307.25,34.5,9177.2001953125,6468.5400390625
2025-08-15,3354.5,38.31,1351.25,1141.0,1362.5,1148.0,4700.0,307.42999267578125,34.5,9138.900390625,6449.7998046875
2025-08-18,3348.95,38.09,1338.0,1129.5,1346.0,1133.5,4700.0,306.95001220703125,34.54999923706055,9157.7001953125,6449.14990234375
2025-08-19,3346.7,38.08,1332.0,1123.0,1342.75,1131.5,4700.0,305.2699890136719,33.869998931884766,9189.2001953125,6411.3701171875
2025-08-20,3325.8,37.08,1321.0,1113.5,1331.5,1126.25,4700.0,308.3599853515625,34.43000030517578,9288.099609375,6395.77978515625
2025-08-21,3338.65,37.76,1330.25,1107.0,1343.25,1120.75,4700.0,307.2900085449219,34.61000061035156,9309.2001953125,6370.169921875
2025-08-22,3329.45,38.02,1345.25,1125.5,1356.0,1130.25,4693.75,310.5799865722656,35.34000015258789,9321.400390625,6466.91015625
2025-08-25,3362.2,38.72,1355.0,1127.0,1362.3333,1132.6667,4675.0,309.8299865722656,35.02000045776367,9321.400390625,6439.31982421875
2025-08-26,3375.65,38.67,1339.0,1097.5,1353.5,1109.75,4675.0,312.0799865722656,35.02000045776367,9265.7998046875,6465.93994140625
2025-08-27,3383.5,38.34,1348.25,1103.0,1358.5,1112.75,4668.75,312.7099914550781,34.9900016784668,9255.5,6481.39990234375
2025-08-28,3400.45,38.88,1354.0,1106.0,1359.0,1112.75,4650.0,315.0299987792969,35.52000045776367,9216.7998046875,6501.85986328125
2025-08-29,3408.45,38.88,1350.5,1106.0,1364.75,1114.25,4650.0,318.07000732421875,36.189998626708984,9187.2998046875,6460.259765625
2025-09-01,3470.65,40.55,1388.5,1119.5,1400.75,1131.25,4650.0,318.07000732421875,36.189998626708984,9196.2998046875,6460.259765625
2025-09-02,3479.65,40.4,1389.5,1131.5,1416.75,1139.25,4650.0,325.5899963378906,37.150001525878906,9116.7001953125,6415.5400390625
2025-09-03,3539.3,40.81,1398.25,1143.0,1417.25,1155.5,4650.0,328.1400146484375,37.34000015258789,9178.0,6448.259765625
2025-09-04,3539.88,40.88,1401.25,1147.0,1418.5,1152.5,4650.0,326.69000244140625,36.93000030517578,9216.900390625,6502.080078125
2025-09-05,3549.05,40.77,1386.0,1128.5,1395.25,1141.75,4650.0,331.04998779296875,37.209999084472656,9208.2001953125,6481.5
2025-09-08,3611.02,41.11,1396.25,1137.0,1399.0,1134.75,4650.0,334.82000732421875,37.5099983215332,9221.400390625,6495.14990234375
2025-09-09,3655.45,41.25,1394.5,1149.0,1404.25,1155.25,4650.0,334.05999755859375,37.18000030517578,9242.5,6512.60986328125
2025-09-10,3646.8,41.11,1391.0,1158.0,1396.75,1168.5,4650.0,335.260009765625,37.40999984741211,9225.400390625,6532.0400390625
2025-09-11,3617.2,40.96,1380.5,1187.5,1400.25,1193.75,4650.0,334.760009765625,37.790000915527344,9297.599609375,6587.47021484375
2025-09-12,3644.55,42.32,1392.75,1216.0,1399.25,1216.0,4650.0,335.4200134277344,38.34000015258789,9283.2998046875,6584.2900390625
2025-09-15,3641.4,42.15,1398.25,1211.5,1410.5,1211.5,4650.0,338.9100036621094,38.7599983215332,9277.0,6615.27978515625
2025-09-16,3695.55,42.73,1409.5,1204.0,1413.0,1200.25,4650.0,339.5899963378906,38.599998474121094,9195.7001953125,6606.759765625
2025-09-17,3669.35,41.61,1376.75,1158.0,1399.25,1182.0,4650.0,336.9700012207031,37.790000915527344,9208.400390625,6600.35009765625
2025-09-18,3671.7,41.91,1394.5,1159.0,1390.75,1170.5,4650.0,335.6199951171875,37.9900016784668,9228.099609375,6631.9599609375
2025-09-19,3656.8,42.25,1391.0,1156.5,1398.75,1163.0,4643.75,339.17999267578125,39.040000915527344,9216.7001953125,6664.35986328125
2025-09-22,3725.2,43.73,1423.0,1169.5,1422.75,1174.5,4625.0,345.04998779296875,40.040000915527344,9226.7001953125,6693.75
2025-09-23,3786.4,44.17,1436.0,1201.5,1446.75,1209.25,4625.0,346.4599914550781,39.959999084472656,9223.2998046875,6656.919921875
2025-09-24,3768.2,44.08,1469.5,1226.5,1492.5,1237.5,4625.0,343.32000732421875,39.81999969482422,9250.400390625,6637.97021484375
2025-09-25,3751.3,44.77,1511.5,1234.5,1497.75,1231.5,4625.0,344.75,41.029998779296875,9214.0,6604.72021484375
2025-09-26,3749.1,45.04,1536.5,1239.0,1555.75,1270.0,4625.0,346.739990234375,41.86000061035156,9284.7998046875,6643.7001953125
2025-09-29,3816.2,46.95,1616.0,1282.5,1617.25,1291.25,4625.0,352.4599914550781,42.5,9299.7998046875,6661.2099609375
2025-09-30,3803.15,46.05,1535.5,1233.0,1601.25,1272.5,4625.0,355.4700012207031,42.369998931884766,9350.400390625,6688.4599609375
2025-10-01,3885.8,47.2,1579.5,1262.5,1593.0,1269.0,4625.0,356.0299987792969,42.90999984741211,9446.400390625,6711.2001953125
2025-10-02,3876.3,47.51,1586.5,1271.0,1581.5,1276.75,4625.0,354.7900085449219,42.529998779296875,9427.7001953125,6715.35009765625
2025-10-03,3858.9,47.27,1580.0,1261.5,1592.25,1264.25,4618.75,357.6400146484375,43.52000045776367,9491.2998046875,6715.7900390625
2025-10-06,3943.5,48.67,1617.0,1273.0,1631.5,1288.75,4593.75,364.3800048828125,44.060001373291016,9479.099609375,6740.27978515625
2025-10-07,3958.55,48.23,1614.5,1323.0,1634.5,1345.0,4575.0,366.260009765625,43.38999938964844,9483.599609375,6714.58984375
2025-10-08,4035.35,48.85,1652.0,1394.0,1661.0,1396.25,4575.0,372.29998779296875,44.560001373291016,9548.900390625,6753.72021484375
2025-10-09,4039.0,49.59,1674.0,1488.0,1675.5,1477.75,4575.0,365.42999267578125,44.709999084472656,9509.400390625,6735.10986328125
2025-10-10,3996.3,51.02,1635.5,1454.0,1633.25,1438.25,4575.0,369.1199951171875,45.43000030517578,9427.5,6552.509765625
2025-10-13,4071.8,51.35,1658.5,1449.0,1651.25,1463.25,4575.0,378.0899963378906,47.2599983215332,9442.900390625,6654.72021484375
2025-10-14,4140.8,51.68,1665.0,1510.5,1657.75,1500.0,4575.0,380.7900085449219,46.79999923706055,9452.7998046875,6644.31005859375
2025-10-15,4189.85,52.84,1657.0,1546.0,1661.75,1548.25,4575.0,387.3900146484375,48.33000183105469,9424.7998046875,6671.06005859375
2025-10-16,4223.95,52.83,1665.5,1550.0,1682.0,1564.0,4575.0,396.45001220703125,49.16999816894531,9436.099609375,6629.06982421875
2025-10-17,4335.35,54.0,1662.5,1573.0,1704.25,1600.75,4562.5,388.989990234375,46.9900016784668,9354.599609375,6664.009765625
2025-10-20,4252.95,51.93,1601.0,1460.5,1610.5,1476.25,4525.0,403.1499938964844,47.720001220703125,9403.599609375,6735.1298828125
2025-10-21,4270.75,49.84,1593.0,1444.0,1618.0,1477.5,4525.0,377.239990234375,43.790000915527344,9427.0,6735.35009765625
2025-10-22,4075.35,48.39,1553.0,1411.5,1550.5,1429.75,4525.0,377.2799987792969,43.880001068115234,9515.0,6699.39990234375
2025-10-23,4122.65,49.29,1660.5,1461.0,1631.75,1463.5,4525.0,378.7900085449219,44.18000030517578,9578.599609375,6738.43994140625
2025-10-24,4069.45,48.14,1601.0,1413.0,1640.0,1449.0,4518.75,377.5199890136719,43.9900016784668,9645.599609375,6791.68994140625
2025-10-27,4036.0,47.7,1593.0,1419.5,1614.5,1438.25,4500.0,367.010009765625,42.400001525878906,9653.7998046875,6875.16015625
2025-10-28,3906.35,46.01,1552.0,1356.5,1577.5,1400.5,4500.0,364.3800048828125,42.70000076293945,9696.7001953125,6890.89013671875
2025-10-29,4025.5,48.29,1614.0,1415.5,1623.0,1428.5,4500.0,363.0,43.22999954223633,9756.099609375,6890.58984375
2025-10-30,3986.1,47.98,1602.5,1434.5,1614.25,1433.0,4500.0,370.1300048828125,44.34000015258789,9760.099609375,6822.33984375
2025-10-31,4013.5,48.87,1599.5,1453.5,1617.75,1481.0,4500.0,368.1199951171875,44.0099983215332,9717.2998046875,6840.2001953125
2025-11-03,3998.05,48.61,1605.5,1457.5,1602.75,1456.75,4500.0,368.7799987792969,43.7599983215332,9701.400390625,6851.97021484375
2025-11-04,3992.35,47.8,1558.5,1412.0,1569.75,1435.25,4500.0,362.32000732421875,42.7400016784668,9715.0,6771.5498046875
2025-11-05,3965.1,47.72,1537.5,1401.0,1555.75,1419.0,4500.0,366.510009765625,43.650001525878906,9777.099609375,6796.2900390625
2025-11-06,4005.85,48.52,1563.5,1416.0,1572.0,1431.25,4500.0,366.07000732421875,43.54999923706055,9735.7998046875,6720.31982421875
2025-11-07,4006.8,48.74,1557.0,1391.5,1559.25,1401.5,4500.0,368.30999755859375,43.91999816894531,9682.599609375,6728.7998046875
2025-11-10,4078.9,49.88,1575.5,1407.0,1578.0,1411.0,4500.0,378.3800048828125,45.790000915527344,9787.2001953125,6832.43017578125
2025-11-11,4142.15,50.95,1596.0,1446.5,1596.25,1447.25,4500.0,379.8699951171875,46.45000076293945,9899.599609375,6846.60986328125
2025-11-12,4120.25,51.66,1583.0,1437.5,1596.25,1451.25,4500.0,385.989990234375,48.31999969482422,9911.400390625,6850.919921875
2025-11-13,4229.25,54.02,1623.5,1490.5,1630.0,1488.0,4500.0,382.8699951171875,47.41999816894531,9807.7001953125,6737.490234375
2025-11-14,4165.5,52.61,1569.0,1423.5,1587.5,1431.0,4500.0,375.9599914550781,45.959999084472656,9698.400390625,6734.10986328125
2025-11-17,4085.3,51.03,1551.0,1388.0,1554.5,1406.75,4500.0,371.6499938964844,45.470001220703125,9675.400390625,6672.41015625
2025-11-18,4039.65,50.4,1542.0,1404.0,1547.5,1404.0,4500.0,374.3500061035156,46.099998474121094,9552.2998046875,6617.31982421875
2025-11-19,4112.3,52.24,1574.5,1428.5,1555.0,1418.5,4500.0,374.9599914550781,46.45000076293945,9507.400390625,6642.16015625
2025-11-20,4062.6,50.91,1545.5,1398.5,1563.25,1411.5,4500.0,374.8500061035156,45.779998779296875,9527.7001953125,6538.759765625
2025-11-21,4034.6,48.67,1494.5,1355.5,1527.75,1388.25,4500.0,374.2699890136719,45.29999923706055,9539.7001953125,6602.990234375
2025-11-24,4070.05,50.17,1520.0,1376.0,1543.25,1395.75,4500.0,380.20001220703125,46.630001068115234,9534.900390625,6705.1201171875
2025-11-25,4130.4,51.12,1550.5,1394.5,1561.0,1407.0,4500.0,380.0799865722656,46.66999816894531,9609.5,6765.8798828125
2025-11-26,4162.1,52.34,1563.5,1406.5,1567.75,1412.75,4500.0,383.1199951171875,48.400001525878906,9691.599609375,6812.60986328125
2025-11-27,4154.2,53.2,1609.0,1425.5,1625.0,1439.25,4500.0,383.1199951171875,48.400001525878906,9693.900390625,6812.60986328125
2025-11-28,4169.85,53.76,1647.0,1433.0,1650.75,1454.25,4500.0,387.8800048828125,51.209999084472656,9720.5,6849.08984375
2025-12-01,4254.45,57.58,1698.5,1478.5,1691.5,1480.25,4500.0,389.75,52.52000045776367,9702.5,6812.6298828125
2025-12-02,4187.0,56.96,1622.0,1427.5,1662.75,1449.25,4500.0,387.239990234375,53.130001068115234,9701.7998046875,6829.3701171875
2025-12-03,4203.2,58.13,1642.5,1453.0,1653.75,1467.25,4500.0,386.8800048828125,53.06999969482422,9692.099609375,6849.72021484375
2025-12-04,4199.45,57.44,1649.5,1454.5,1661.25,1462.5,4500.0,387.1300048828125,51.7599983215332,9710.900390625,6857.1201171875
2025-12-05,4224.5,58.17,1661.5,1465.5,1660.5,1472.5,4500.0,386.44000244140625,52.95000076293945,9667.0,6870.39990234375
2025-12-08,4205.4,58.45,1661.0,1476.0,1665.25,1482.0,4500.0,385.4200134277344,52.709999084472656,9645.099609375,6846.509765625
2025-12-09,4205.05,58.6,1650.0,1471.5,1662.75,1484.5,4500.0,387.3999938964844,55.16999816894531,9642.0,6840.509765625
2025-12-10,4192.55,60.97,1668.0,1497.0,1681.0,1502.75,4500.0,389.04998779296875,56.06999969482422,9655.5,6886.68017578125
2025-12-11,4216.35,62.27,1669.0,1474.0,1679.25,1488.0,4500.0,393.239990234375,57.619998931884766,9703.2001953125,6901.0
2025-12-12,4318.4,63.95,1721.0,1519.5,1730.75,1525.25,4500.0,395.44000244140625,56.099998474121094,9649.0,6827.41015625
2025-12-15,4344.3,63.78,1773.5,1527.0,1781.5,1534.25,4500.0,395.79998779296875,58.11000061035156,9751.2998046875,6816.509765625
2025-12-16,4278.25,63.02,1807.0,1565.5,1821.75,1588.75,4500.0,395.8900146484375,57.72999954223633,9684.7998046875,6800.259765625
2025-12-17,4318.8,65.97,1924.5,1624.5,1905.75,1619.5,4500.0,399.2900085449219,60.2599983215332,9774.2998046875,6721.43017578125
2025-12-18,4323.65,65.97,1919.5,1678.0,1950.0,1692.75,4500.0,398.57000732421875,59.31999969482422,9837.7998046875,6774.759765625
2025-12-19,4327.35,66.03,1925.5,1701.0,1955.5,1711.25,4500.0,399.0199890136719,60.93000030517578,9897.400390625,6834.5
2025-12-22,4410.65,68.99,2065.5,1771.5,2053.5,1776.25,4500.0,408.2300109863281,62.470001220703125,9866.0,6878.490234375
2025-12-23,4485.45,69.62,2185.5,1808.5,2185.5,1818.5,4500.0,413.6400146484375,64.83999633789062,9889.2001953125,6909.7900390625
2025-12-24,4493.85,72.05,2288.0,1811.5,2325.25,1874.75,4500.0,411.92999267578125,65.22000122070312,9870.7001953125,6932.0498046875
2025-12-25,4493.85,72.05,2288.0,1811.5,2325.25,1874.75,4500.0,411.92999267578125,65.22000122070312,9870.7001953125,6932.0498046875
2025-12-26,4521.0,75.5,2399.5,1849.0,2429.0,1866.0,4500.0,416.739990234375,71.12000274658203,9870.7001953125,6929.93994140625
2025-12-29,4463.65,75.24,2314.0,1699.5,2308.75,1766.25,4531.25,398.6000061035156,66.01000213623047,9866.5,6905.740234375
2025-12-30,4383.6,74.46,2166.5,1616.5,2203.0,1663.0,4581.25,398.8900146484375,68.9800033569336,9940.7001953125,6896.240234375
2025-12-31,4318.45,71.95,2020.5,1577.0,2050.5,1576.25,4600.0,396.30999755859375,64.41999816894531,9931.400390625,6845.5
2026-01-01,4318.45,71.95,2020.5,1577.0,2050.5,1576.25,4600.0,396.30999755859375,64.41999816894531,9931.400390625,6845.5
2026-01-02,4386.05,74.4,2136.5,1653.0,2133.25,1657.25,4625.0,398.2799987792969,65.75,9951.099609375,6858.47021484375
2026-01-05,4434.0,76.26,2224.0,1679.5,2255.5,1704.5,4756.25,408.760009765625,69.08000183105469,10004.599609375,6902.0498046875
2026-01-06,4450.15,77.84,2299.0,1716.5,2338.0,1755.0,4968.75,413.17999267578125,73.70999908447266,10122.7001953125,6944.81982421875
2026-01-07,4460.3,79.2,2316.5,1749.0,2359.75,1789.25,5112.5,409.2300109863281,70.95999908447266,10048.2001953125,6920.93017578125
2026-01-08,4424.65,75.55,2211.0,1726.0,2262.75,1749.5,5162.5,411.489990234375,69.70999908447266,10044.7001953125,6921.4599609375
2026-01-09,4469.25,77.91,2299.0,1843.5,2284.75,1825.75,5200.0,414.4700012207031,72.37999725341797,10124.599609375,6966.27978515625
2026-01-12,4592.8,84.19,2362.5,1875.5,2374.0,1893.0,5275.0,422.2300109863281,77.2300033569336,10140.7001953125,6977.27001953125
2026-01-13,4583.95,85.45,2333.0,1829.0,2366.5,1862.5,5525.0,421.6300048828125,78.5999984741211,10137.400390625,6963.740234375
2026-01-14,4634.35,90.63,2406.0,1848.5,2407.0,1872.25,5625.0,425.94000244140625,84.55999755859375,10184.400390625,6926.60009765625
2026-01-15,4611.9,91.28,2349.5,1809.5,2373.75,1818.0,5787.5,423.3299865722656,83.31999969482422,10238.900390625,6944.47021484375
2026-01-16,4608.5,91.41,2345.0,1755.0,2368.75,1789.5,5862.5,421.2900085449219,81.0199966430664,10235.2998046875,6940.009765625
2026-01-19,4666.4,93.13,2369.5,1814.5,2369.25,1819.75,5912.5,421.2900085449219,81.0199966430664,10195.400390625,6940.009765625
2026-01-20,4728.55,95.38,2402.0,1845.5,2404.5,1859.75,5975.0,437.2300109863281,85.38999938964844,10126.7998046875,6796.85986328125
2026-01-21,4861.55,95.06,2469.5,1866.0,2487.25,1888.5,6012.5,443.6000061035156,83.95999908447266,10138.099609375,6875.6201171875
2026-01-22,4826.4,93.62,2493.0,1859.5,2482.0,1861.5,6100.0,451.7900085449219,87.12999725341797,10150.099609375,6913.35009765625
2026-01-23,4929.2,98.46,2677.0,1920.0,2682.25,1943.75,6225.0,458.0,92.91000366210938,10143.400390625,6915.60986328125
2026-01-26,5087.45,109.34,2891.0,2118.0,2843.5,2087.0,6325.0,464.70001220703125,98.33999633789062,10148.900390625,6950.22998046875
2026-01-27,5087.45,112.41,2695.5,2054.0,2681.75,1996.25,6412.5,476.1000061035156,101.58999633789062,10207.7998046875,6978.60009765625
2026-01-28,5276.6,113.09,2661.0,1958.5,2689.0,1988.25,6475.0,494.55999755859375,105.5999984741211,10154.400390625,6978.02978515625
2026-01-29,5508.1,117.38,2741.5,2063.5,2776.5,2099.75,6562.5,495.8999938964844,105.56999969482422,10171.7998046875,6969.009765625
2026-01-30,5057.4,99.12,2252.0,1813.5,2476.5,1926.0,6612.5,444.95001220703125,75.44000244140625,10223.5,6939.02978515625
2026-02-02,4681.5,81.01,2064.0,1673.0,2094.5,1696.0,6650.0,427.1300048828125,72.44000244140625,10341.599609375,6976.43994140625
2026-02-03,4918.6,86.62,2246.0,1807.0,2238.0,1800.75,6650.0,454.2900085449219,76.95999908447266,10314.599609375,6917.81005859375
2026-02-04,5049.0,89.86,2282.0,1828.5,2306.75,1814.25,6650.0,453.9700012207031,79.18000030517578,10402.2998046875,6882.72021484375
2026-02-05,4857.05,78.23,2114.0,1716.5,2133.25,1738.75,6650.0,441.8800048828125,66.69000244140625,10309.2001953125,6798.39990234375
2026-02-06,4854.5,73.5,1992.5,1656.5,2019.75,1680.25,6650.0,455.4599914550781,70.19000244140625,10369.7998046875,6932.2998046875
2026-02-09,4989.65,79.74,2054.5,1679.5,2132.75,1747.75,6650.0,467.0299987792969,76.04000091552734,10386.2001953125,6964.81982421875
2026-02-10,5048.3,82.25,2101.0,1736.5,2123.75,1748.25,6650.0,462.3999938964844,73.41000366210938,10353.7998046875,6941.81005859375
2026-02-11,5064.3,84.31,2179.5,1762.5,2151.25,1759.25,6650.0,467.6300048828125,76.55999755859375,10472.099609375,6941.47021484375
2026-02-12,5063.6,83.6,2110.5,1713.5,2140.25,1733.0,6650.0,451.3900146484375,67.7300033569336,10402.400390625,6832.759765625
2026-02-13,4977.95,78.67,2051.5,1661.5,2056.25,1667.5,6650.0,462.6199951171875,69.72000122070312,10446.400390625,6836.169921875
2026-02-16,5005.65,77.23,2033.5,1687.5,2060.75,1701.5,6650.0,462.6199951171875,69.72000122070312,10473.7001953125,6836.169921875
2026-02-17,4928.45,74.65,2003.5,1682.0,2027.0,1694.0,6650.0,448.20001220703125,66.37000274658203,10556.2001953125,6843.22021484375
2026-02-18,4918.6,75.85,2038.5,1717.0,2075.5,1741.0,6650.0,458.2799987792969,70.08999633789062,10686.2001953125,6881.31005859375
2026-02-19,4984.6,78.32,2081.0,1710.0,2095.5,1717.0,6650.0,459.55999755859375,71.01000213623047,10627.0,6861.89013671875
2026-02-20,5027.6,80.71,2115.5,1717.5,2108.0,1713.0,6650.0,468.6199951171875,76.62000274658203,10686.900390625,6909.509765625
2026-02-23,5153.65,86.84,2163.5,1782.0,2180.5,1773.25,6650.0,481.2799987792969,80.56999969482422,10684.7001953125,6837.75
2026-02-24,5173.6,88.41,2167.0,1765.0,2164.75,1759.5,6650.0,474.6099853515625,79.08000183105469,10680.599609375,6890.06982421875
2026-02-25,5175.05,90.54,2294.0,1820.5,2274.5,1828.0,6650.0,473.4200134277344,80.04000091552734,10806.400390625,6946.1298828125
2026-02-26,5179.15,87.14,2270.5,1755.5,2300.75,1805.25,6650.0,477.4800109863281,80.44999694824219,10846.7001953125,6908.85986328125
2026-02-27,5175.2,89.67,2372.5,1818.0,2369.75,1825.75,6662.5,483.75,84.98999786376953,10910.599609375,6878.8798828125
2026-03-02,5390.55,95.4,2362.0,1813.0,2381.25,1815.0,6700.0,490.0,81.56999969482422,10780.099609375,6881.6201171875
2026-03-03,5275.05,83.81,2134.0,1709.5,2222.5,1747.0,6725.0,468.1400146484375,74.68000030517578,10484.099609375,6816.6298828125
2026-03-04,5187.95,85.75,2175.5,1698.0,2162.25,1699.0,6850.0,471.79998779296875,75.33999633789062,10567.7001953125,6869.5
2026-03-05,5157.25,84.13,2178.0,1666.5,2188.5,1682.25,7025.0,466.1300048828125,74.2699966430664,10413.900390625,6830.7099609375
2026-03-06,5089.25,83.12,2144.0,1650.0,2158.5,1660.75,7125.0,473.510009765625,75.94000244140625,10284.7998046875,6740.02001953125
2026-03-09,5098.4,83.84,2117.0,1600.0,2135.0,1633.25,7162.5,472.5299987792969,78.26000213623047,10249.5,6795.990234375
2026-03-10,5174.3,88.59,2212.0,1693.0,2221.0,1707.75,7225.0,477.8599853515625,80.08999633789062,10412.2001953125,6781.47998046875
2026-03-11,5189.2,87.04,2182.5,1654.5,2210.75,1671.0,7375.0,476.239990234375,77.91000366210938,10353.7998046875,6775.7998046875
2026-03-12,5181.0,87.16,2189.5,1668.5,2192.75,1664.5,7850.0,466.8800048828125,76.4800033569336,10305.2001953125,6672.6201171875
2026-03-13,5089.5,82.88,2074.5,1608.0,2131.25,1635.5,8000.0,460.8399963378906,72.69000244140625,10261.2001953125,6632.18994140625
2026-03-16,4987.95,77.78,2043.0,1521.5,2085.5,1584.75,8000.0,460.42999267578125,73.22000122070312,10317.7001953125,6699.3798828125
2026-03-17,5004.4,80.42,2138.5,1624.0,2152.75,1629.75,8000.0,459.2699890136719,71.66000366210938,10403.599609375,6716.08984375
2026-03-18,4983.55,79.79,2108.0,1601.0,2111.25,1592.5,8000.0,444.739990234375,68.69999694824219,10305.2998046875,6624.7001953125
2026-03-19,4684.05,71.47,1939.5,1458.0,1998.5,1488.25,8000.0,426.4100036621094,65.68000030517578,10063.5,6606.490234375
2026-03-20,4657.45,71.58,1959.0,1449.0,2003.0,1474.75,8000.0,413.3800048828125,61.52000045776367,9918.2998046875,6506.47998046875
2026-03-23,4266.05,63.8,1798.5,1381.5,1870.25,1415.5,8000.0,404.0400085449219,62.470001220703125,9894.2001953125,6581.0
2026-03-24,4421.25,69.97,1912.5,1435.0,1898.25,1432.25,8000.0,404.1300048828125,62.95000076293945,9965.2001953125,6556.3701171875
2026-03-25,4556.0,72.63,1972.0,1465.0,1985.5,1467.5,8000.0,416.2900085449219,65.20999908447266,10106.7998046875,6591.89990234375
2026-03-26,4443.4,68.3,1888.5,1381.0,1916.5,1410.5,8000.0,400.6400146484375,60.77000045776367,9972.2001953125,6477.16015625
2026-03-27,4428.45,68.77,1869.0,1385.5,1873.25,1398.0,8000.0,414.70001220703125,63.439998626708984,9967.400390625,6368.85009765625
2026-03-30,4528.45,70.92,1930.0,1431.0,1919.5,1426.75,8000.0,414.5799865722656,63.52000045776367,10128.0,6343.72021484375
2026-03-31,4559.95,73.07,1928.0,1445.5,1935.5,1454.5,7975.0,430.2900085449219,68.13999938964844,10176.5,6528.52001953125
2026-04-01,4720.35,74.28,1960.5,1475.5,1981.5,1493.0,7900.0,437.82000732421875,68.13999938964844,10364.7998046875,6575.31982421875
2026-04-02,4619.55,71.31,1918.0,1467.5,1940.25,1479.0,7900.0,429.4100036621094,65.79000091552734,10436.2998046875,6582.68994140625
2026-04-06,4702.55,73.51,2006.5,1518.0,1984.0,1496.0,7900.0,427.6499938964844,66.08999633789062,10436.2998046875,6611.830078125
2026-04-07,4685.95,73.01,1986.5,1498.0,1958.0,1481.5,7900.0,431.80999755859375,65.94000244140625,10348.7998046875,6616.85009765625
2026-04-08,4800.8,76.95,2044.0,1529.0,2059.75,1566.5,7900.0,434.5299987792969,67.47000122070312,10608.900390625,6782.81005859375
2026-04-09,4729.9,74.08,2020.0,1567.0,2049.25,1569.0,7900.0,437.9100036621094,68.38999938964844,10603.5,6824.66015625
2026-04-10,4750.35,75.28,2056.5,1550.0,2086.5,1558.0,7900.0,437.1300048828125,69.08000183105469,10600.5,6816.89013671875
2026-04-13,4717.1,74.3,2041.0,1533.5,2054.75,1542.75,7900.0,435.3599853515625,68.27999877929688,10583.0,6886.240234375
2026-04-14,4778.45,77.79,2088.0,1582.0,2099.75,1590.5,7900.0,445.0899963378906,72.04000091552734,10609.099609375,6967.3798828125
2026-04-15,4800.6,78.67,2108.0,1587.0,2126.25,1600.25,7900.0,440.4599914550781,71.83999633789062,10559.599609375,7022.9501953125
2026-04-16,4811.7,79.58,2133.5,1579.5,2148.75,1600.5,7900.0,440.0799865722656,71.23999786376953,10590.0,7041.27978515625
2026-04-17,4795.85,79.72,2091.0,1554.5,2117.25,1578.0,7875.0,445.92999267578125,73.62999725341797,10667.599609375,7126.06005859375
2026-04-20,4791.45,79.39,2080.0,1538.0,2102.75,1566.5,7787.5,442.0899963378906,72.1500015258789,10609.099609375,7109.14013671875
2026-04-21,4782.85,78.83,2076.0,1563.0,2094.5,1574.0,7750.0,429.57000732421875,68.48999786376953,10498.099609375,7064.009765625
2026-04-22,4756.8,78.08,2077.0,1579.5,2089.75,1574.5,7750.0,435.260009765625,70.37000274658203,10476.5,7137.89990234375
2026-04-23,4701.4,75.5,2020.0,1503.5,2060.5,1531.75,7750.0,431.0400085449219,68.37999725341797,10457.0,7108.39990234375
2026-04-24,4683.35,74.85,1974.5,1477.5,2019.5,1492.75,7743.75,433.25,68.79000091552734,10379.099609375,7165.080078125
2026-04-27,4701.75,75.61,2025.5,1491.5,2023.75,1499.25,7718.75,429.8900146484375,68.33000183105469,10321.099609375,7173.91015625
2026-04-28,4616.0,73.2,1950.5,1445.0,1976.5,1473.25,7700.0,421.9100036621094,66.19999694824219,10332.7998046875,7138.7998046875
2026-04-29,4567.0,72.76,1920.5,1448.5,1944.25,1464.75,7693.75,417.4100036621094,64.83999633789062,10213.099609375,7135.9501953125
2026-04-30,4626.9,73.51,1938.5,1477.5,1950.0,1490.5,7668.75,423.6600036621094,66.66000366210938,10378.7998046875,7209.009765625
2026-05-01,4569.95,73.21,1963.5,1519.0,1996.0,1534.0,7650.0,423.17999267578125,68.29000091552734,10363.900390625,7230.1201171875
2026-05-04,4581.05,74.5,1967.5,1491.0,2003.3333,1524.6667,7650.0,414.7099914550781,65.94000244140625,10363.900390625,7200.75
2026-05-05,4553.8,73.66,1981.5,1506.5,1986.75,1511.75,7637.5,418.2699890136719,65.91000366210938,10219.099609375,7259.22021484375
2026-05-06,4699.5,76.88,2021.5,1536.5,2017.0,1531.5,7587.5,430.9599914550781,70.12999725341797,10438.7001953125,7365.1201171875
2026-05-07,4734.7,79.76,2087.0,1557.0,2092.75,1555.0,7537.5,431.67999267578125,71.5999984741211,10277.0,7337.10986328125
2026-05-08,4718.0,80.46,2053.0,1507.0,2060.25,1506.5,7500.0,433.7699890136719,73.01000213623047,10233.099609375,7398.93017578125
2026-05-11,4657.5,80.13,2031.5,1477.5,2066.75,1496.5,7500.0,434.6499938964844,78.0,10269.400390625,7412.83984375
2026-05-12,4701.35,84.09,2072.5,1488.0,2115.0,1506.25,7500.0,432.92999267578125,78.55000305175781,10265.2998046875,7400.9599609375
2026-05-13,4688.8,86.36,2120.5,1494.0,2141.0,1507.5,7500.0,430.5,79.3499984741211,10325.400390625,7444.25
2026-05-14,4691.45,87.02,2119.5,1485.0,2143.5,1504.0,7487.5,427.2099914550781,75.51000213623047,10372.900390625,7501.240234375
2026-05-15,4553.55,77.95,1999.5,1421.5,2030.0,1433.5,7450.0,417.2900085449219,69.04000091552734,10195.400390625,7408.5
2026-05-18,4543.85,75.84,1981.0,1411.5,1988.0,1419.25,7437.5,418.42999267578125,69.94000244140625,10323.7998046875,7403.0498046875
2026-05-19,4541.3,75.76,1967.0,1397.5,1978.75,1414.0,7400.0,411.5,66.9000015258789,10330.599609375,7353.60986328125
2026-05-20,4474.95,75.31,1935.5,1374.0,1946.25,1378.0,7400.0,417.3999938964844,68.7300033569336,10432.2998046875,7432.97021484375
2026-05-21,4539.25,75.74,1946.0,1373.5,1949.25,1376.0,7400.0,416.989990234375,69.44999694824219,10443.5,7445.72021484375
2026-05-22,4517.35,75.7,1938.0,1356.0,1967.25,1388.25,7400.0,413.82000732421875,68.36000061035156,10466.2998046875,7473.47021484375
2026-05-25,4559.05,77.85,1968.5,1389.5,1967.25,1388.25,7400.0,413.82000732421875,68.36000061035156,10466.2998046875,7473.47021484375
2026-05-26,4523.7,76.1,1951.0,1375.0,1972.25,1399.75,7400.0,414.0,69.72000122070312,10491.400390625,7519.1201171875
2026-05-27,4490.3,75.35,1933.0,1380.0,1951.0,1394.25,7400.0,408.489990234375,67.5,10505.0,7520.35986328125
2026-05-28,4395.15,73.47,1895.5,1359.0,1916.25,1383.25,7400.0,412.7699890136719,68.36000061035156,10426.0,7563.6298828125
2026-05-29,4530.3,75.68,1922.0,1378.5,1944.5,1393.25,7400.0,417.1199951171875,68.33000183105469,10409.2998046875,7580.06005859375
2026-06-01,4496.8,75.83,1945.0,1356.5,1950.25,1380.0,7400.0,411.260009765625,67.66999816894531,10339.0,7599.9599609375
2026-06-02,4526.1,76.36,1964.5,1388.0,1969.25,1393.25,7400.0,411.95001220703125,67.98999786376953,10373.5,7609.77978515625
2026-06-03,4443.05,74.16,1924.0,1355.5,1938.25,1374.75,7400.0,407.8699951171875,66.20999908447266,10332.2998046875,7553.68017578125
2026-06-04,4464.8,73.38,1886.0,1314.5,1900.5,1330.75,7400.0,411.2699890136719,66.9800033569336,10360.2998046875,7584.31005859375
2026-06-05,4462.3,72.66,1882.5,1307.5,1891.5,1320.75,7400.0,396.239990234375,61.56999969482422,10368.099609375,7383.740234375
2026-06-08,4279.7,66.78,1758.0,1215.0,1786.5,1242.25,7400.0,397.2699890136719,61.58000183105469,10373.2001953125,7405.72998046875
2026-06-09,4327.1,68.26,1762.0,1231.5,1778.0,1242.75,7400.0,390.7799987792969,59.0099983215332,10227.2998046875,7386.64990234375
2026-06-10,4167.95,63.98,1671.0,1219.5,1705.0,1234.25,7400.0,374.5799865722656,57.65999984741211,10254.7998046875,7266.990234375
2026-06-11,4079.3,64.03,1670.0,1244.0,1691.0,1259.0,7400.0,386.32000732421875,60.81999969482422,10303.900390625,7394.2998046875
2026-06-12,4221.6,67.42,1727.5,1314.5,1742.5,1306.25,7400.0,386.5400085449219,61.290000915527344,10471.7001953125,7431.4599609375
2026-06-15,4338.5,70.69,1784.5,1345.5,1798.75,1349.75,7400.0,396.54998779296875,63.470001220703125,10430.599609375,7554.2900390625
2026-06-16,4341.25,70.5,1802.5,1359.0,1797.0,1360.25,7400.0,397.6300048828125,63.38999938964844,10494.2001953125,7511.35009765625
2026-06-17,4332.45,70.04,1796.5,1354.5,1816.5,1370.5,7400.0,388.6000061035156,60.61000061035156,10508.599609375,7420.10009765625
2026-06-18,4266.55,68.23,1724.0,1295.5,1765.25,1339.25,7387.5,387.1199951171875,59.5099983215332,10399.7001953125,7500.580078125
2026-06-19,4163.35,65.05,1682.0,1271.5,1689.5,1274.0,7350.0,387.1199951171875,59.5099983215332,10363.2998046875,7500.580078125
2026-06-22,4203.45,66.36,1683.0,1279.0,1694.25,1286.0,7337.5,384.5899963378906,58.90999984741211,10437.900390625,7472.7900390625
2026-06-23,4113.15,62.38,1635.5,1247.5,1671.25,1259.25,7300.0,377.32000732421875,55.72999954223633,10428.900390625,7365.4599609375
2026-06-24,4070.4,61.16,1638.0,1218.5,1649.5,1232.0,7293.75,365.9200134277344,51.779998779296875,10461.599609375,7358.22021484375
2026-06-25,3994.2,57.61,1581.0,1185.0,1593.25,1192.75,7275.0,369.4599914550781,52.36000061035156,10529.900390625,7357.490234375
2026-06-26,4047.95,58.23,1618.0,1207.0,1615.0,1208.0,7275.0,373.6300048828125,53.279998779296875,10508.0,7354.02001953125
2026-06-29,4048.65,58.14,1604.5,1228.5,1624.75,1231.5,7275.0,368.5799865722656,52.68000030517578,10484.2001953125,7440.43017578125
2026-06-30,4017.2,58.55,1581.0,1230.0,1592.75,1243.5,7275.0,368.3800048828125,53.470001220703125,10497.099609375,7499.35986328125
2026-07-01,3978.8,57.93,1545.0,1191.5,1577.0,1208.0,7275.0,370.6000061035156,53.58000183105469,10478.2998046875,7483.22998046875
2026-07-02,4066.55,59.91,1617.5,1244.5,1624.0,1247.0,7275.0,378.1300048828125,55.02000045776367,10652.900390625,7483.240234375
2026-07-03,4171.95,62.6,1658.5,1279.5,1666.75,1291.75,7275.0,378.1300048828125,55.02000045776367,10679.0,7483.240234375
2026-07-06,4141.6,62.0,1635.0,1278.0,1656.5,1293.5,7281.25,382.1300048828125,56.11000061035156,10651.7998046875,7537.43017578125
2026-07-07,4122.55,60.82,1628.0,1270.5,1644.5,1283.75,7337.5,377.489990234375,54.459999084472656,10665.900390625,7503.85009765625
2026-07-08,4056.84,58.57,1576.0,1216.3,1639.75,1271.5,7462.5,374.45001220703125,52.83000183105469,10489.0,7482.7099609375
2026-07-09,4108.84,59.21,1621.05,1248.0,1623.0,1256.75,7537.5,378.17999267578125,54.13999938964844,10472.5,7543.64013671875
2026-07-10,4102.25,59.55,1618.0,1273.0,1636.25,1279.5,7662.5,377.010009765625,53.95000076293945,10497.2998046875,7575.39013671875
2026-07-13,4072.5,58.63,1632.0,1273.0,1633.75,1278.0,7706.25,367.1300048828125,52.15999984741211,10498.2998046875,7515.33984375
2026-07-14,4016.23,58.01,1607.15,1270.45,1629.5,1286.0,7725.0,372.1499938964844,53.16999816894531,10529.400390625,7543.58984375
2026-07-15,4027.72,58.34,1635.0,1306.0,1655.25,1324.0,7731.25,372.3500061035156,52.209999084472656,10515.900390625,7572.39990234375
2026-07-16,4033.36,57.04,1663.0,1302.0,1680.25,1313.0,7756.25,364.9599914550781,50.38999938964844,10572.2001953125,7533.77001953125
2026-07-17,3999.05,55.66,1595.55,1260.15,1606.25,1255.5,7831.25,368.4100036621094,50.779998779296875,10600.400390625,7457.68994140625
2026-07-20,4016.45,56.72,1597.0,1265.35,1612.5,1273.75,7850.0,367.6000061035156,50.97999954223633,10524.7998046875,7443.27978515625
2026-07-21,4063.86,59.16,1630.7,1284.7,1630.75,1288.5,7850.0,374.80999755859375,53.08000183105469,10585.900390625,7509.2001953125
2026-07-22,4119.64,59.51,1651.3,1308.8,1667.75,1317.0,7850.0,379.1199951171875,53.91999816894531,10717.0,7498.9599609375
2026-07-23,4091.15,58.83,1625.0,1272.2,1647.0,1297.5,7850.0,371.5199890136719,52.060001373291016,10639.2001953125,7408.2998046875
2026-07-24,4052.98,58.32,1603.0,1250.0,1605.75,1260.25,7850.0,371.8999938964844,52.59000015258789,10736.2001953125,7411.97998046875
2026-07-27,4091.7,59.24,1637.0,1284.0,1639.75,1292.5,7850.0,374.6300048828125,52.93000030517578,10781.7998046875,7413.18017578125
2026-07-28,4040.08,57.5,1610.0,1268.0,1620.75,1284.75,7850.0,369.3699951171875,51.70000076293945,10871.0,7428.77978515625
2026-07-29,4033.91,57.85,1596.0,1261.0,1614.5,1273.0,7850.0,371.0799865722656,51.77000045776367,10908.400390625,7316.14990234375
2026-07-30,4067.69,57.78,1609.45,1279.0,1623.25,1282.75,7850.0,377.1600036621094,53.5,10897.2998046875,7437.6298828125
2026-07-31,4052.18,58.01,1627.5,1290.0,1660.5,1312.75,7850.0,371.5400085449219,52.36000061035156,10868.099609375,7489.72021484375
2026-08-03,4052.76,58.2,1656.0,1281.35,1661.75,1295.0,7850.0,371.7099914550781,52.459999084472656,10857.7001953125,7600.5
2026-08-04,4050.38,58.73,1659.5,1282.5,1682.75,1306.75,7850.0,374.1600036621094,53.84000015258789,10879.400390625,7736.52001953125
2026-08-05,4157.47,61.42,1750.0,1372.0,1766.0,1381.5,7850.0,389.6400146484375,56.06999969482422,10888.2998046875,7723.5498046875
2026-08-06,4283.37,62.04,1757.0,1387.0,1764.5,1394.5,7850.0,389.6700134277344,55.849998474121094,10867.900390625,7709.9599609375
2026-08-07,4306.83,64.33,1771.3,1400.8,1763.0,1391.0,7850.0,398.4700012207031,57.5,10901.099609375,7757.64013671875
2026-08-10,4346.71,64.24,1748.2,1363.7,1767.25,1385.25,7850.0,402.5400085449219,59.40999984741211,10862.5,7753.10986328125
2026-08-11,4372.67,64.83,1764.95,1379.0,1771.25,1393.0,7850.0,400.9599914550781,58.54999923706055,10844.2001953125,7728.2001953125
2026-08-12,4413.68,66.5,1771.95,1382.0,1774.75,1387.75,7850.0,404.9200134277344,59.060001373291016,10833.2001953125,7748.5
2026-08-13,4380.37,64.55,1718.0,1344.0,1756.5,1362.5,7850.0,398.9599914550781,58.15999984741211,10772.7001953125,7798.990234375
2026-08-14,4351.55,64.7,1729.55,1317.3,1740.75,1326.75,7850.0,401.4800109863281,58.47999954223633,10750.099609375,7785.759765625
2026-08-17,4397.46,65.52,1754.0,1333.0,1775.5,1346.75,7850.0,405.489990234375,59.56999969482422,10720.2998046875,7745.06005859375
2026-08-18,4389.37,64.96,1743.0,1317.0,1776.25,1337.25,7850.0,398.54998779296875,57.439998626708984,10728.0,7691.759765625
2026-08-19,4356.76,63.14,1730.1,1290.8,1749.25,1312.75,7850.0,413.8399963378906,60.0099983215332,10743.400390625,7707.97998046875
2026-08-20,4490.09,66.69,1802.0,1330.0,1821.75,1346.5,7850.0,415.260009765625,61.65999984741211,10748.2001953125,7641.16015625
2026-08-21,4582.72,69.49,1888.4,1358.1,1887.75,1362.5,7850.0,423.3599853515625,62.720001220703125,10816.599609375,7674.3701171875
2026-08-24,4636.85,68.7,1877.4,1342.0,1901.25,1364.0,7850.0,426.69000244140625,62.20000076293945,10854.2998046875,7652.85986328125
2026-08-25,4626.3,67.8,1845.2,1325.2,1874.25,1354.0,7850.0,428.07000732421875,62.31999969482422,10886.2001953125,7677.27978515625
2026-08-26,4617.26,68.48,1856.0,1339.0,1875.0,1352.75,7850.0,421.32000732421875,61.59000015258789,10878.099609375,7675.7001953125
2026-08-27,4597.83,68.44,1830.0,1320.0,1848.0,1336.5,7850.0,422.6000061035156,62.77000045776367,10792.5,7730.990234375
2026-08-28,4602.06,70.4,1886.6,1389.0,1877.75,1399.0,7850.0,408.8900146484375,60.02000045776367,10824.2998046875,7711.759765625
2026-08-31,4439.74,67.03,1804.0,1400.85,1834.6667,1421.0,7850.0,408.4200134277344,60.130001068115234,10824.2998046875,7686.14013671875
2026-09-01,4372.17,64.7,1762.4,1326.0,1811.5,1367.5,7850.0,396.75,57.91999816894531,10789.2998046875,7631.47021484375
2026-09-02,4308.98,63.73,1724.0,1307.35,1761.0,1333.0,7850.0,402.7799987792969,59.06999969482422,10756.5,7666.60009765625
2026-09-03,4435.68,65.83,1770.8,1371.0,1793.25,1376.5,7850.0,410.2200012207031,60.54999923706055,10831.5,7747.7099609375
2026-09-04,4466.52,66.69,1806.0,1407.0,1829.75,1431.0,7850.0,406.7699890136719,59.81999969482422,10831.099609375,7718.60009765625
2026-09-07,4405.96,65.79,1820.1,1398.0,1830.5,1411.5,7850.0,406.7699890136719,59.81999969482422,10831.099609375,7718.60009765625
2026-09-08,4393.01,65.89,1827.0,1382.0,1846.75,1400.75,7850.0,399.7200012207031,59.369998931884766,10831.099609375,7718.60009765625
2026-09-09,4398.04,66.55,1852.0,1357.0,1874.25,1373.25,7850.0,403.3500061035156,60.720001220703125,10831.099609375,7718.60009765625
2026-09-10,4392.69,66.62,1863.0,1351.1,1882.75,1356.5,7850.0,396.3599853515625,57.5,10831.099609375,7718.60009765625
2026-09-11,4344.03,64.02,1798.0,1307.0,1812.0,1313.75,7850.0,398.7699890136719,58.119998931884766,10831.099609375,7718.60009765625
2026-09-14,4287.57,62.59,1754.15,1274.65,1799.25,1310.25,7850.0,392.8399963378906,56.84000015258789,10831.099609375,7718.60009765625
2026-09-15,4267.18,62.83,1748.0,1282.0,1778.0,1303.75,7850.0,394.1499938964844,57.529998779296875,10831.099609375,7718.60009765625
2026-09-16,4330.15,64.41,1781.0,1311.15,1799.75,1322.0,7850.0,391.739990234375,57.04999923706055,10831.099609375,7718.60009765625
2026-09-17,4306.34,63.91,1781.8,1292.0,1802.25,1313.75,7850.0,398.3599853515625,58.970001220703125,10831.099609375,7718.60009765625
2026-09-18,4387.86,67.15,1819.0,1330.0,1815.75,1326.5,7850.0,401.1700134277344,59.93000030517578,10831.099609375,7718.60009765625
2026-09-21,4346.75,66.13,1802.45,1303.55,1822.25,1324.25,7875.0,398.3800048828125,59.630001068115234,10831.099609375,7718.60009765625
2026-09-22,4315.23,65.24,1786.0,1290.75,1815.5,1317.5,7962.5,400.07000732421875,60.72999954223633,10831.099609375,7718.60009765625
2026-09-23,4316.69,65.46,1793.0,1287.0,1817.75,1305.0,8025.0,392.8800048828125,58.15999984741211,10831.099609375,7718.60009765625
2026-09-24,4255.9,63.54,1746.05,1262.0,1771.75,1285.75,8112.5,391.69000244140625,57.619998931884766,10831.099609375,7718.60009765625
2026-09-25,4290.98,64.52,1760.0,1255.55,1769.0,1272.25,8150.0,393.4100036621094,58.13999938964844,10831.099609375,7718.60009765625
2026-09-28,4146.18,61.17,1725.05,1225.0,1752.75,1245.75,8150.0,377.9100036621094,54.95000076293945,10831.099609375,7718.60009765625
2026-09-29,4141.21,60.6,1692.0,1225.0,1713.25,1228.5,8150.0,382.8900146484375,55.47999954223633,10831.099609375,7718.60009765625
2026-09-30,4186.27,60.91,1712.0,1224.6,1731.0,1241.25,8150.0,380.8399963378906,54.5099983215332,10831.099609375,7718.60009765625
2026-10-01,4160.41,60.43,1702.0,1187.4,1726.0,1201.5,8175.0,382.760009765625,55.02000045776367,10831.099609375,7718.60009765625
2026-10-02,4186.64,61.22,1731.8,1195.0,1744.75,1198.5,8200.0,380.1400146484375,54.7400016784668,10831.099609375,7718.60009765625
2026-10-05,4166.26,61.71,1734.0,1184.0,1737.25,1191.25,8200.0,379.54998779296875,55.130001068115234,10831.099609375,7718.60009765625
2026-10-06,4166.26,61.71,1734.0,1184.0,1741.0,1193.0,8200.0,379.54998779296875,55.130001068115234,10831.099609375,7718.60009765625
